2026-05-27 22:34:21,221 - INFO - root - Hello! This is Joey-NMT (version 2.2.0).
2026-05-27 22:34:21,221 - INFO - joeynmt.helpers -                           cfg.name : tf_bpe_2000_nl_en
2026-05-27 22:34:21,221 - INFO - joeynmt.helpers -                cfg.joeynmt_version : 2.0.0
2026-05-27 22:34:21,221 - INFO - joeynmt.helpers -                     cfg.data.train : data/tok/train.tok
2026-05-27 22:34:21,221 - INFO - joeynmt.helpers -                       cfg.data.dev : data/tok/dev.tok
2026-05-27 22:34:21,221 - INFO - joeynmt.helpers -                      cfg.data.test : data/tok/test.tok
2026-05-27 22:34:21,221 - INFO - joeynmt.helpers -              cfg.data.dataset_type : plain
2026-05-27 22:34:21,221 - INFO - joeynmt.helpers -                  cfg.data.src.lang : nl
2026-05-27 22:34:21,221 - INFO - joeynmt.helpers -                 cfg.data.src.level : bpe
2026-05-27 22:34:21,221 - INFO - joeynmt.helpers -             cfg.data.src.lowercase : False
2026-05-27 22:34:21,221 - INFO - joeynmt.helpers -       cfg.data.src.max_sent_length : 100
2026-05-27 22:34:21,221 - INFO - joeynmt.helpers -              cfg.data.src.voc_file : data/bpe_2000/joint-vocab.clean.txt
2026-05-27 22:34:21,221 - INFO - joeynmt.helpers -        cfg.data.src.tokenizer_type : subword-nmt
2026-05-27 22:34:21,221 - INFO - joeynmt.helpers - cfg.data.src.tokenizer_cfg.pretokenizer : none
2026-05-27 22:34:21,221 - INFO - joeynmt.helpers - cfg.data.src.tokenizer_cfg.num_merges : 2000
2026-05-27 22:34:21,221 - INFO - joeynmt.helpers -   cfg.data.src.tokenizer_cfg.codes : data/bpe_2000/codes_2000.bpe
2026-05-27 22:34:21,221 - INFO - joeynmt.helpers -                  cfg.data.trg.lang : en
2026-05-27 22:34:21,221 - INFO - joeynmt.helpers -                 cfg.data.trg.level : bpe
2026-05-27 22:34:21,221 - INFO - joeynmt.helpers -             cfg.data.trg.lowercase : False
2026-05-27 22:34:21,221 - INFO - joeynmt.helpers -       cfg.data.trg.max_sent_length : 100
2026-05-27 22:34:21,221 - INFO - joeynmt.helpers -              cfg.data.trg.voc_file : data/bpe_2000/joint-vocab.clean.txt
2026-05-27 22:34:21,221 - INFO - joeynmt.helpers -        cfg.data.trg.tokenizer_type : subword-nmt
2026-05-27 22:34:21,221 - INFO - joeynmt.helpers - cfg.data.trg.tokenizer_cfg.pretokenizer : none
2026-05-27 22:34:21,221 - INFO - joeynmt.helpers - cfg.data.trg.tokenizer_cfg.num_merges : 2000
2026-05-27 22:34:21,221 - INFO - joeynmt.helpers -   cfg.data.trg.tokenizer_cfg.codes : data/bpe_2000/codes_2000.bpe
2026-05-27 22:34:21,221 - INFO - joeynmt.helpers -              cfg.testing.beam_size : 5
2026-05-27 22:34:21,221 - INFO - joeynmt.helpers -                  cfg.testing.alpha : 1.0
2026-05-27 22:34:21,221 - INFO - joeynmt.helpers -           cfg.training.random_seed : 42
2026-05-27 22:34:21,221 - INFO - joeynmt.helpers -             cfg.training.optimizer : adam
2026-05-27 22:34:21,221 - INFO - joeynmt.helpers -         cfg.training.normalization : tokens
2026-05-27 22:34:21,222 - INFO - joeynmt.helpers -         cfg.training.learning_rate : 0.0003
2026-05-27 22:34:21,222 - INFO - joeynmt.helpers -            cfg.training.batch_size : 2048
2026-05-27 22:34:21,222 - INFO - joeynmt.helpers -            cfg.training.batch_type : token
2026-05-27 22:34:21,222 - INFO - joeynmt.helpers -       cfg.training.eval_batch_size : 1024
2026-05-27 22:34:21,222 - INFO - joeynmt.helpers -       cfg.training.eval_batch_type : token
2026-05-27 22:34:21,222 - INFO - joeynmt.helpers -            cfg.training.scheduling : plateau
2026-05-27 22:34:21,222 - INFO - joeynmt.helpers -              cfg.training.patience : 8
2026-05-27 22:34:21,222 - INFO - joeynmt.helpers -          cfg.training.weight_decay : 0.0
2026-05-27 22:34:21,222 - INFO - joeynmt.helpers -       cfg.training.decrease_factor : 0.7
2026-05-27 22:34:21,222 - INFO - joeynmt.helpers - cfg.training.early_stopping_metric : ppl
2026-05-27 22:34:21,222 - INFO - joeynmt.helpers -                cfg.training.epochs : 10
2026-05-27 22:34:21,222 - INFO - joeynmt.helpers -       cfg.training.validation_freq : 500
2026-05-27 22:34:21,222 - INFO - joeynmt.helpers -          cfg.training.logging_freq : 100
2026-05-27 22:34:21,222 - INFO - joeynmt.helpers -           cfg.training.eval_metric : bleu
2026-05-27 22:34:21,222 - INFO - joeynmt.helpers -             cfg.training.model_dir : models/tf_bpe_2000_nl_en
2026-05-27 22:34:21,222 - INFO - joeynmt.helpers -             cfg.training.overwrite : False
2026-05-27 22:34:21,222 - INFO - joeynmt.helpers -               cfg.training.shuffle : True
2026-05-27 22:34:21,222 - INFO - joeynmt.helpers -              cfg.training.use_cuda : False
2026-05-27 22:34:21,222 - INFO - joeynmt.helpers -     cfg.training.max_output_length : 100
2026-05-27 22:34:21,222 - INFO - joeynmt.helpers -     cfg.training.print_valid_sents : [0, 1, 2, 3, 4]
2026-05-27 22:34:21,222 - INFO - joeynmt.helpers -       cfg.training.label_smoothing : 0.3
2026-05-27 22:34:21,222 - INFO - joeynmt.helpers -              cfg.model.initializer : xavier_uniform
2026-05-27 22:34:21,222 - INFO - joeynmt.helpers -         cfg.model.bias_initializer : zeros
2026-05-27 22:34:21,222 - INFO - joeynmt.helpers -                cfg.model.init_gain : 1.0
2026-05-27 22:34:21,222 - INFO - joeynmt.helpers -        cfg.model.embed_initializer : xavier_uniform
2026-05-27 22:34:21,222 - INFO - joeynmt.helpers -          cfg.model.embed_init_gain : 1.0
2026-05-27 22:34:21,222 - INFO - joeynmt.helpers -          cfg.model.tied_embeddings : True
2026-05-27 22:34:21,222 - INFO - joeynmt.helpers -             cfg.model.tied_softmax : True
2026-05-27 22:34:21,222 - INFO - joeynmt.helpers -             cfg.model.encoder.type : transformer
2026-05-27 22:34:21,222 - INFO - joeynmt.helpers -       cfg.model.encoder.num_layers : 4
2026-05-27 22:34:21,222 - INFO - joeynmt.helpers -        cfg.model.encoder.num_heads : 2
2026-05-27 22:34:21,222 - INFO - joeynmt.helpers - cfg.model.encoder.embeddings.embedding_dim : 256
2026-05-27 22:34:21,222 - INFO - joeynmt.helpers - cfg.model.encoder.embeddings.scale : True
2026-05-27 22:34:21,222 - INFO - joeynmt.helpers - cfg.model.encoder.embeddings.dropout : 0
2026-05-27 22:34:21,222 - INFO - joeynmt.helpers -      cfg.model.encoder.hidden_size : 256
2026-05-27 22:34:21,223 - INFO - joeynmt.helpers -          cfg.model.encoder.ff_size : 512
2026-05-27 22:34:21,223 - INFO - joeynmt.helpers -          cfg.model.encoder.dropout : 0
2026-05-27 22:34:21,223 - INFO - joeynmt.helpers -             cfg.model.decoder.type : transformer
2026-05-27 22:34:21,223 - INFO - joeynmt.helpers -       cfg.model.decoder.num_layers : 1
2026-05-27 22:34:21,223 - INFO - joeynmt.helpers -        cfg.model.decoder.num_heads : 2
2026-05-27 22:34:21,223 - INFO - joeynmt.helpers - cfg.model.decoder.embeddings.embedding_dim : 256
2026-05-27 22:34:21,223 - INFO - joeynmt.helpers - cfg.model.decoder.embeddings.scale : True
2026-05-27 22:34:21,223 - INFO - joeynmt.helpers - cfg.model.decoder.embeddings.dropout : 0
2026-05-27 22:34:21,223 - INFO - joeynmt.helpers -      cfg.model.decoder.hidden_size : 256
2026-05-27 22:34:21,223 - INFO - joeynmt.helpers -          cfg.model.decoder.ff_size : 512
2026-05-27 22:34:21,223 - INFO - joeynmt.helpers -          cfg.model.decoder.dropout : 0
2026-05-27 22:34:21,224 - INFO - joeynmt.data - Building tokenizer...
2026-05-27 22:34:21,227 - INFO - joeynmt.tokenizers - nl tokenizer: SubwordNMTTokenizer(level=bpe, lowercase=False, normalize=False, filter_by_length=(-1, -1), pretokenizer=none, tokenizer=BPE, separator=@@, dropout=0.0)
2026-05-27 22:34:21,227 - INFO - joeynmt.tokenizers - en tokenizer: SubwordNMTTokenizer(level=bpe, lowercase=False, normalize=False, filter_by_length=(-1, -1), pretokenizer=none, tokenizer=BPE, separator=@@, dropout=0.0)
2026-05-27 22:34:21,227 - INFO - joeynmt.data - Loading train set...
2026-05-27 22:34:21,316 - INFO - joeynmt.data - Building vocabulary...
2026-05-27 22:34:21,346 - INFO - joeynmt.data - Loading dev set...
2026-05-27 22:34:21,348 - INFO - joeynmt.data - Loading test set...
2026-05-27 22:34:21,350 - INFO - joeynmt.data - Data loaded.
2026-05-27 22:34:21,350 - INFO - joeynmt.data - Train dataset: PlaintextDataset(split=train, len=100000, src_lang=nl, trg_lang=en, has_trg=True, random_subset=-1)
2026-05-27 22:34:21,350 - INFO - joeynmt.data - Valid dataset: PlaintextDataset(split=dev, len=1003, src_lang=nl, trg_lang=en, has_trg=True, random_subset=-1)
2026-05-27 22:34:21,350 - INFO - joeynmt.data -  Test dataset: PlaintextDataset(split=test, len=1777, src_lang=nl, trg_lang=en, has_trg=True, random_subset=-1)
2026-05-27 22:34:21,351 - INFO - joeynmt.data - First training example:
	[SRC] H@@ ar@@ tel@@ ijk bed@@ an@@ kt , Ch@@ r@@ is , het is wer@@ kelijk een e@@ er de gele@@ gen@@ heid te hebben twee keer op dit po@@ di@@ um te staan . Ik ben hier@@ voor erg dan@@ k@@ baar .
	[TRG] Thank you so much , Ch@@ r@@ is . And it &apos;s tru@@ ly a great h@@ on@@ or to have the op@@ port@@ un@@ ity to come to this sta@@ ge tw@@ ice ; I &apos;m ex@@ tre@@ m@@ ely gr@@ at@@ ef@@ u@@ l .
2026-05-27 22:34:21,351 - INFO - joeynmt.data - First 10 Src tokens: (0) <unk> (1) <pad> (2) <s> (3) </s> (4) . (5) , (6) the (7) de (8) is (9) in
2026-05-27 22:34:21,351 - INFO - joeynmt.data - First 10 Trg tokens: (0) <unk> (1) <pad> (2) <s> (3) </s> (4) . (5) , (6) the (7) de (8) is (9) in
2026-05-27 22:34:21,351 - INFO - joeynmt.data - Number of unique Src tokens (vocab_size): 1996
2026-05-27 22:34:21,351 - INFO - joeynmt.data - Number of unique Trg tokens (vocab_size): 1996
2026-05-27 22:34:21,352 - INFO - joeynmt.model - Building an encoder-decoder model...
2026-05-27 22:34:21,401 - INFO - joeynmt.model - Enc-dec model built.
2026-05-27 22:34:21,403 - INFO - joeynmt.model - Total params: 3410176
2026-05-27 22:34:21,403 - DEBUG - joeynmt.model - Trainable parameters: ['decoder.layers.0.dec_layer_norm.bias', 'decoder.layers.0.dec_layer_norm.weight', 'decoder.layers.0.feed_forward.layer_norm.bias', 'decoder.layers.0.feed_forward.layer_norm.weight', 'decoder.layers.0.feed_forward.pwff_layer.0.bias', 'decoder.layers.0.feed_forward.pwff_layer.0.weight', 'decoder.layers.0.feed_forward.pwff_layer.3.bias', 'decoder.layers.0.feed_forward.pwff_layer.3.weight', 'decoder.layers.0.src_trg_att.k_layer.bias', 'decoder.layers.0.src_trg_att.k_layer.weight', 'decoder.layers.0.src_trg_att.output_layer.bias', 'decoder.layers.0.src_trg_att.output_layer.weight', 'decoder.layers.0.src_trg_att.q_layer.bias', 'decoder.layers.0.src_trg_att.q_layer.weight', 'decoder.layers.0.src_trg_att.v_layer.bias', 'decoder.layers.0.src_trg_att.v_layer.weight', 'decoder.layers.0.trg_trg_att.k_layer.bias', 'decoder.layers.0.trg_trg_att.k_layer.weight', 'decoder.layers.0.trg_trg_att.output_layer.bias', 'decoder.layers.0.trg_trg_att.output_layer.weight', 'decoder.layers.0.trg_trg_att.q_layer.bias', 'decoder.layers.0.trg_trg_att.q_layer.weight', 'decoder.layers.0.trg_trg_att.v_layer.bias', 'decoder.layers.0.trg_trg_att.v_layer.weight', 'decoder.layers.0.x_layer_norm.bias', 'decoder.layers.0.x_layer_norm.weight', 'encoder.layers.0.feed_forward.layer_norm.bias', 'encoder.layers.0.feed_forward.layer_norm.weight', 'encoder.layers.0.feed_forward.pwff_layer.0.bias', 'encoder.layers.0.feed_forward.pwff_layer.0.weight', 'encoder.layers.0.feed_forward.pwff_layer.3.bias', 'encoder.layers.0.feed_forward.pwff_layer.3.weight', 'encoder.layers.0.layer_norm.bias', 'encoder.layers.0.layer_norm.weight', 'encoder.layers.0.src_src_att.k_layer.bias', 'encoder.layers.0.src_src_att.k_layer.weight', 'encoder.layers.0.src_src_att.output_layer.bias', 'encoder.layers.0.src_src_att.output_layer.weight', 'encoder.layers.0.src_src_att.q_layer.bias', 'encoder.layers.0.src_src_att.q_layer.weight', 'encoder.layers.0.src_src_att.v_layer.bias', 'encoder.layers.0.src_src_att.v_layer.weight', 'encoder.layers.1.feed_forward.layer_norm.bias', 'encoder.layers.1.feed_forward.layer_norm.weight', 'encoder.layers.1.feed_forward.pwff_layer.0.bias', 'encoder.layers.1.feed_forward.pwff_layer.0.weight', 'encoder.layers.1.feed_forward.pwff_layer.3.bias', 'encoder.layers.1.feed_forward.pwff_layer.3.weight', 'encoder.layers.1.layer_norm.bias', 'encoder.layers.1.layer_norm.weight', 'encoder.layers.1.src_src_att.k_layer.bias', 'encoder.layers.1.src_src_att.k_layer.weight', 'encoder.layers.1.src_src_att.output_layer.bias', 'encoder.layers.1.src_src_att.output_layer.weight', 'encoder.layers.1.src_src_att.q_layer.bias', 'encoder.layers.1.src_src_att.q_layer.weight', 'encoder.layers.1.src_src_att.v_layer.bias', 'encoder.layers.1.src_src_att.v_layer.weight', 'encoder.layers.2.feed_forward.layer_norm.bias', 'encoder.layers.2.feed_forward.layer_norm.weight', 'encoder.layers.2.feed_forward.pwff_layer.0.bias', 'encoder.layers.2.feed_forward.pwff_layer.0.weight', 'encoder.layers.2.feed_forward.pwff_layer.3.bias', 'encoder.layers.2.feed_forward.pwff_layer.3.weight', 'encoder.layers.2.layer_norm.bias', 'encoder.layers.2.layer_norm.weight', 'encoder.layers.2.src_src_att.k_layer.bias', 'encoder.layers.2.src_src_att.k_layer.weight', 'encoder.layers.2.src_src_att.output_layer.bias', 'encoder.layers.2.src_src_att.output_layer.weight', 'encoder.layers.2.src_src_att.q_layer.bias', 'encoder.layers.2.src_src_att.q_layer.weight', 'encoder.layers.2.src_src_att.v_layer.bias', 'encoder.layers.2.src_src_att.v_layer.weight', 'encoder.layers.3.feed_forward.layer_norm.bias', 'encoder.layers.3.feed_forward.layer_norm.weight', 'encoder.layers.3.feed_forward.pwff_layer.0.bias', 'encoder.layers.3.feed_forward.pwff_layer.0.weight', 'encoder.layers.3.feed_forward.pwff_layer.3.bias', 'encoder.layers.3.feed_forward.pwff_layer.3.weight', 'encoder.layers.3.layer_norm.bias', 'encoder.layers.3.layer_norm.weight', 'encoder.layers.3.src_src_att.k_layer.bias', 'encoder.layers.3.src_src_att.k_layer.weight', 'encoder.layers.3.src_src_att.output_layer.bias', 'encoder.layers.3.src_src_att.output_layer.weight', 'encoder.layers.3.src_src_att.q_layer.bias', 'encoder.layers.3.src_src_att.q_layer.weight', 'encoder.layers.3.src_src_att.v_layer.bias', 'encoder.layers.3.src_src_att.v_layer.weight', 'src_embed.lut.weight']
2026-05-27 22:34:21,403 - INFO - joeynmt.training - Model(
	encoder=TransformerEncoder(num_layers=4, num_heads=2, alpha=1.0, layer_norm="pre", activation=ReLU()),
	decoder=TransformerDecoder(num_layers=1, num_heads=2, alpha=1.0, layer_norm="post", activation=ReLU()),
	src_embed=Embeddings(embedding_dim=256, vocab_size=1996),
	trg_embed=Embeddings(embedding_dim=256, vocab_size=1996),
	loss_function=XentLoss(criterion=KLDivLoss(), smoothing=0.3))
2026-05-27 22:34:21,862 - INFO - joeynmt.builders - Adam(lr=0.0003, weight_decay=0.0, betas=(0.9, 0.999))
2026-05-27 22:34:21,863 - INFO - joeynmt.builders - ReduceLROnPlateau(mode=min, verbose=False, threshold_mode=abs, eps=0.0, factor=0.7, patience=8)
2026-05-27 22:34:21,863 - INFO - joeynmt.training - Train stats:
	device: cpu
	n_gpu: 0
	16-bits training: False
	gradient accumulation: 1
	batch size per device: 2048
	effective batch size (w. parallel & accumulation): 2048
2026-05-27 22:34:21,863 - INFO - joeynmt.training - EPOCH 1
2026-05-27 22:34:34,279 - INFO - joeynmt.training - Epoch   1, Step:      100, Batch Loss:     4.035417, Batch Acc: 0.055844, Tokens per Sec:     5963, Lr: 0.000300
2026-05-27 22:34:45,584 - INFO - joeynmt.training - Epoch   1, Step:      200, Batch Loss:     3.579326, Batch Acc: 0.095401, Tokens per Sec:     6769, Lr: 0.000300
2026-05-27 22:34:57,187 - INFO - joeynmt.training - Epoch   1, Step:      300, Batch Loss:     3.439291, Batch Acc: 0.120563, Tokens per Sec:     6564, Lr: 0.000300
2026-05-27 22:35:09,926 - INFO - joeynmt.training - Epoch   1, Step:      400, Batch Loss:     3.387922, Batch Acc: 0.139481, Tokens per Sec:     5909, Lr: 0.000300
2026-05-27 22:35:27,759 - INFO - joeynmt.training - Epoch   1, Step:      500, Batch Loss:     3.295687, Batch Acc: 0.150126, Tokens per Sec:     4238, Lr: 0.000300
2026-05-27 22:35:27,760 - WARNING - joeynmt.helpers - `alpha` option is obsolete. Please use `beam_alpha`, instead.
2026-05-27 22:35:27,760 - INFO - joeynmt.prediction - Predicting 1003 example(s)... (Greedy decoding with min_output_length=1, max_output_length=-1, return_prob='none', generate_unk=True, repetition_penalty=-1, no_repeat_ngram_size=-1)
2026-05-27 22:36:15,459 - INFO - joeynmt.prediction - Evaluation result (greedy) loss:   3.39, ppl:  29.59, acc:   0.13, generation: 47.6895[sec], evaluation: 0.0000[sec]
2026-05-27 22:36:15,462 - INFO - joeynmt.training - Hooray! New best validation result [ppl]!
2026-05-27 22:36:15,597 - INFO - joeynmt.training - Example #0
2026-05-27 22:36:15,597 - DEBUG - joeynmt.training - 	Tokenized source:     ['V@@', 'or@@', 'ig', 'jaar', 'li@@', 'et', 'ik', 'deze', 'twee', 'dia', '&apos;', 's', 'zien', 'om', 'aan', 'te', 't@@', 'onen', 'dat', 'de', 'p@@', 'oo@@', 'lij@@', 'sk@@', 'a@@', 'p', ',', 'die', 'de', 'af@@', 'gel@@', 'open', 'drie', 'miljoen', 'jaar', 'ongeveer', 'de', 'groot@@', 'te', 'had', 'van', 'het', 'va@@', 'stel@@', 'and', 'van', 'de', 'V@@', 'S', ',', 'met', '4@@', '0', '%', 'ge@@', 'k@@', 'r@@', 'om@@', 'pen', 'was', '.']
2026-05-27 22:36:15,597 - DEBUG - joeynmt.training - 	Tokenized reference:  ['La@@', 'st', 'year', 'I', 'sho@@', 'w@@', 'ed', 'these', 'two', 'sli@@', 'des', 'so', 'that', 'de@@', 'mon@@', 'str@@', 'ate', 'that', 'the', 'ar@@', 'c@@', 'ti@@', 'c', 'ice', 'ca@@', 'p', ',', 'which', 'for', 'most', 'of', 'the', 'last', 'three', 'million', 'years', 'has', 'been', 'the', 'si@@', 'ze', 'of', 'the', 'lo@@', 'wer', '4@@', '8', 'st@@', 'ates', ',', 'has', 'sh@@', 'r@@', 'un@@', 'k', 'by', '4@@', '0', 'percent', '.']
2026-05-27 22:36:15,597 - DEBUG - joeynmt.training - 	Tokenized hypothesis: ['And', 'I', '&apos;m', 'be', 'to', 'be', 'a', 'a', 'a', 'a', 'a', 'a', 'a', 'a', 'a', 'a', 'c@@', 'y', ',', 'the', 'world', ',', 'the', 'world', ',', 'the', 'world', ',', 'the', 'world', ',', 'the', 'world', '.', '</s>']
2026-05-27 22:36:15,598 - INFO - joeynmt.training - 	Source:     Vorig jaar liet ik deze twee dia &apos; s zien om aan te tonen dat de poolijskap , die de afgelopen drie miljoen jaar ongeveer de grootte had van het vasteland van de VS , met 40 % gekrompen was .
2026-05-27 22:36:15,598 - INFO - joeynmt.training - 	Reference:  Last year I showed these two slides so that demonstrate that the arctic ice cap , which for most of the last three million years has been the size of the lower 48 states , has shrunk by 40 percent .
2026-05-27 22:36:15,598 - INFO - joeynmt.training - 	Hypothesis: And I &apos;m be to be a a a a a a a a a a cy , the world , the world , the world , the world , the world .
2026-05-27 22:36:15,598 - INFO - joeynmt.training - Example #1
2026-05-27 22:36:15,598 - DEBUG - joeynmt.training - 	Tokenized source:     ['Maar', 'dit', 'onder@@', 'sch@@', 'at', 'eigenlijk', 'de', 'er@@', 'n@@', 'st', 'van', 'dit', 'speci@@', 'f@@', 'ieke', 'probleem', 'omdat', 'het', 'niet', 'de', 'di@@', 'kte', 'van', 'het', 'ij@@', 's', 'laat', 'zien', '.']
2026-05-27 22:36:15,598 - DEBUG - joeynmt.training - 	Tokenized reference:  ['But', 'this', 'under@@', 'st@@', 'ates', 'the', 'ser@@', 'i@@', 'ous@@', 'ness', 'of', 'this', 'parti@@', 'cu@@', 'lar', 'problem', 'because', 'it', 'doesn', '&apos;t', 'show', 'the', 'th@@', 'ic@@', 'k@@', 'ness', 'of', 'the', 'ice', '.']
2026-05-27 22:36:15,598 - DEBUG - joeynmt.training - 	Tokenized hypothesis: ['But', 'the', 'the', 'the', 'the', 'world', 'is', 'the', 'the', 'the', 'the', 'the', 'the', 'the', 'the', 'the', 'the', 'world', '.', '</s>']
2026-05-27 22:36:15,598 - INFO - joeynmt.training - 	Source:     Maar dit onderschat eigenlijk de ernst van dit specifieke probleem omdat het niet de dikte van het ijs laat zien .
2026-05-27 22:36:15,598 - INFO - joeynmt.training - 	Reference:  But this understates the seriousness of this particular problem because it doesn &apos;t show the thickness of the ice .
2026-05-27 22:36:15,598 - INFO - joeynmt.training - 	Hypothesis: But the the the the world is the the the the the the the the the the world .
2026-05-27 22:36:15,598 - INFO - joeynmt.training - Example #2
2026-05-27 22:36:15,598 - DEBUG - joeynmt.training - 	Tokenized source:     ['De', 'ij@@', 'sk@@', 'a@@', 'p', 'op', 'de', 'N@@', 'oor@@', 'd@@', 'p@@', 'ool', 'is', 'in', 'ze@@', 'k@@', 'ere', 'z@@', 'in', 'het', 'kl@@', 'op@@', 'p@@', 'end', 'har@@', 't', 'van', 'ons', 'glob@@', 'aal', 'k@@', 'li@@', 'ma@@', 'at@@', 'systeem', '.']
2026-05-27 22:36:15,599 - DEBUG - joeynmt.training - 	Tokenized reference:  ['The', 'ar@@', 'c@@', 'ti@@', 'c', 'ice', 'ca@@', 'p', 'is', ',', 'in', 'a', 'sense', ',', 'the', 'be@@', 'ating', 'he@@', 'art', 'of', 'the', 'glob@@', 'al', 'c@@', 'lim@@', 'ate', 'system', '.']
2026-05-27 22:36:15,599 - DEBUG - joeynmt.training - 	Tokenized hypothesis: ['The', 'c@@', 'c@@', 'c@@', 'c@@', 'c@@', 'c@@', 'c@@', 'c@@', 'c@@', 'c@@', 'c@@', 'c@@', 'c@@', 'c@@', 'c@@', 'c@@', 'c@@', 'c@@', 'c@@', 'c@@', 'c@@', 'c@@', 'c@@', 'c@@', 'c@@', 'c@@', 'c@@', 'c@@', 'c@@', 'c@@', 'c@@', 'c@@', 'c@@', 'c@@', 'c@@', 'c@@', 'c@@', 'c@@', 'y', '.', '</s>']
2026-05-27 22:36:15,599 - INFO - joeynmt.training - 	Source:     De ijskap op de Noordpool is in zekere zin het kloppend hart van ons globaal klimaatsysteem .
2026-05-27 22:36:15,599 - INFO - joeynmt.training - 	Reference:  The arctic ice cap is , in a sense , the beating heart of the global climate system .
2026-05-27 22:36:15,599 - INFO - joeynmt.training - 	Hypothesis: The ccccccccccccccccccccccccccccccccccccccy .
2026-05-27 22:36:15,599 - INFO - joeynmt.training - Example #3
2026-05-27 22:36:15,599 - DEBUG - joeynmt.training - 	Tokenized source:     ['Het', 'z@@', 'et', 'uit', 'in', 'de', 'win@@', 'ter', 'en', 'k@@', 'ri@@', 'mp@@', 't', 'in', 'de', 'z@@', 'om@@', 'er', '.']
2026-05-27 22:36:15,599 - DEBUG - joeynmt.training - 	Tokenized reference:  ['It', 'exp@@', 'and@@', 's', 'in', 'win@@', 'ter', 'and', 'con@@', 'tr@@', 'ac@@', 'ts', 'in', 'su@@', 'mm@@', 'er', '.']
2026-05-27 22:36:15,599 - DEBUG - joeynmt.training - 	Tokenized hypothesis: ['It', '&apos;s', 'a', 'c@@', 'y', 'in', 'the', 'world', '.', '</s>']
2026-05-27 22:36:15,599 - INFO - joeynmt.training - 	Source:     Het zet uit in de winter en krimpt in de zomer .
2026-05-27 22:36:15,599 - INFO - joeynmt.training - 	Reference:  It expands in winter and contracts in summer .
2026-05-27 22:36:15,599 - INFO - joeynmt.training - 	Hypothesis: It &apos;s a cy in the world .
2026-05-27 22:36:15,599 - INFO - joeynmt.training - Example #4
2026-05-27 22:36:15,599 - DEBUG - joeynmt.training - 	Tokenized source:     ['De', 'volgende', 'dia', 'die', 'ik', 'laat', 'zien', 'is', 'een', 'vers@@', 'n@@', 'el@@', 'de', 'ver@@', 'sie', 'van', 'wat', 'er', 'de', 'af@@', 'gel@@', 'open', '2@@', '5', 'jaar', 'is', 'gebeur@@', 'd', '.']
2026-05-27 22:36:15,599 - DEBUG - joeynmt.training - 	Tokenized reference:  ['The', 'next', 'sli@@', 'de', 'I', 'show', 'you', 'will', 'be', 'a', 'r@@', 'ap@@', 'id', 'fa@@', 'st@@', '-@@', 'for@@', 'ward', 'of', 'what', '&apos;s', 'happened', 'over', 'the', 'last', '2@@', '5', 'years', '.']
2026-05-27 22:36:15,599 - DEBUG - joeynmt.training - 	Tokenized hypothesis: ['And', 'I', '&apos;m', '&apos;m', '&apos;m', '&apos;m', '&apos;m', '&apos;m', '&apos;m', 'a', 'a', 'a', 'a', 'a', 'a', 'a', 'a', 'a', 'a', 'a', 'a', '.', '</s>']
2026-05-27 22:36:15,600 - INFO - joeynmt.training - 	Source:     De volgende dia die ik laat zien is een versnelde versie van wat er de afgelopen 25 jaar is gebeurd .
2026-05-27 22:36:15,600 - INFO - joeynmt.training - 	Reference:  The next slide I show you will be a rapid fast-forward of what &apos;s happened over the last 25 years .
2026-05-27 22:36:15,600 - INFO - joeynmt.training - 	Hypothesis: And I &apos;m &apos;m &apos;m &apos;m &apos;m &apos;m &apos;m a a a a a a a a a a a a .
2026-05-27 22:36:29,856 - INFO - joeynmt.training - Epoch   1, Step:      600, Batch Loss:     3.168105, Batch Acc: 0.161346, Tokens per Sec:     5177, Lr: 0.000300
2026-05-27 22:36:45,167 - INFO - joeynmt.training - Epoch   1, Step:      700, Batch Loss:     3.185342, Batch Acc: 0.169740, Tokens per Sec:     4888, Lr: 0.000300
2026-05-27 22:36:59,157 - INFO - joeynmt.training - Epoch   1, Step:      800, Batch Loss:     3.151202, Batch Acc: 0.178885, Tokens per Sec:     5480, Lr: 0.000300
2026-05-27 22:37:10,564 - INFO - joeynmt.training - Epoch   1, Step:      900, Batch Loss:     3.094499, Batch Acc: 0.193960, Tokens per Sec:     6711, Lr: 0.000300
2026-05-27 22:37:22,704 - INFO - joeynmt.training - Epoch   1, Step:     1000, Batch Loss:     2.963119, Batch Acc: 0.202633, Tokens per Sec:     6112, Lr: 0.000300
2026-05-27 22:37:22,705 - WARNING - joeynmt.helpers - `alpha` option is obsolete. Please use `beam_alpha`, instead.
2026-05-27 22:37:22,705 - INFO - joeynmt.prediction - Predicting 1003 example(s)... (Greedy decoding with min_output_length=1, max_output_length=-1, return_prob='none', generate_unk=True, repetition_penalty=-1, no_repeat_ngram_size=-1)
2026-05-27 22:38:06,316 - INFO - joeynmt.prediction - Evaluation result (greedy) loss:   3.09, ppl:  22.08, acc:   0.19, generation: 43.6000[sec], evaluation: 0.0000[sec]
2026-05-27 22:38:06,318 - INFO - joeynmt.training - Hooray! New best validation result [ppl]!
2026-05-27 22:38:06,441 - INFO - joeynmt.training - Example #0
2026-05-27 22:38:06,441 - DEBUG - joeynmt.training - 	Tokenized source:     ['V@@', 'or@@', 'ig', 'jaar', 'li@@', 'et', 'ik', 'deze', 'twee', 'dia', '&apos;', 's', 'zien', 'om', 'aan', 'te', 't@@', 'onen', 'dat', 'de', 'p@@', 'oo@@', 'lij@@', 'sk@@', 'a@@', 'p', ',', 'die', 'de', 'af@@', 'gel@@', 'open', 'drie', 'miljoen', 'jaar', 'ongeveer', 'de', 'groot@@', 'te', 'had', 'van', 'het', 'va@@', 'stel@@', 'and', 'van', 'de', 'V@@', 'S', ',', 'met', '4@@', '0', '%', 'ge@@', 'k@@', 'r@@', 'om@@', 'pen', 'was', '.']
2026-05-27 22:38:06,441 - DEBUG - joeynmt.training - 	Tokenized reference:  ['La@@', 'st', 'year', 'I', 'sho@@', 'w@@', 'ed', 'these', 'two', 'sli@@', 'des', 'so', 'that', 'de@@', 'mon@@', 'str@@', 'ate', 'that', 'the', 'ar@@', 'c@@', 'ti@@', 'c', 'ice', 'ca@@', 'p', ',', 'which', 'for', 'most', 'of', 'the', 'last', 'three', 'million', 'years', 'has', 'been', 'the', 'si@@', 'ze', 'of', 'the', 'lo@@', 'wer', '4@@', '8', 'st@@', 'ates', ',', 'has', 'sh@@', 'r@@', 'un@@', 'k', 'by', '4@@', '0', 'percent', '.']
2026-05-27 22:38:06,441 - DEBUG - joeynmt.training - 	Tokenized hypothesis: ['And', 'I', '&apos;m', 'to', 'be', 'the', 'world', ',', 'I', '&apos;m', 'to', 'the', 'world', ',', 'the', 'world', ',', 'the', 'f@@', 'f@@', 'f@@', 'f@@', 'f@@', 'f@@', 'ar', ',', 'the', 'world', ',', 'the', 'world', ',', 'the', 'world', ',', 'the', 'world', 'of', 'the', 'world', ',', 'the', 'world', ',', 'the', 'world', ',', 'the', 'first', 'first', 'first', 'first', 'first', 'first', 'first', 'first', 'first', 'f@@', 'ar', ',', 'the', 'f@@', 'ar', 'of', 'the', 'world', '.', '</s>']
2026-05-27 22:38:06,441 - INFO - joeynmt.training - 	Source:     Vorig jaar liet ik deze twee dia &apos; s zien om aan te tonen dat de poolijskap , die de afgelopen drie miljoen jaar ongeveer de grootte had van het vasteland van de VS , met 40 % gekrompen was .
2026-05-27 22:38:06,441 - INFO - joeynmt.training - 	Reference:  Last year I showed these two slides so that demonstrate that the arctic ice cap , which for most of the last three million years has been the size of the lower 48 states , has shrunk by 40 percent .
2026-05-27 22:38:06,441 - INFO - joeynmt.training - 	Hypothesis: And I &apos;m to be the world , I &apos;m to the world , the world , the ffffffar , the world , the world , the world , the world of the world , the world , the world , the first first first first first first first first first far , the far of the world .
2026-05-27 22:38:06,442 - INFO - joeynmt.training - Example #1
2026-05-27 22:38:06,442 - DEBUG - joeynmt.training - 	Tokenized source:     ['Maar', 'dit', 'onder@@', 'sch@@', 'at', 'eigenlijk', 'de', 'er@@', 'n@@', 'st', 'van', 'dit', 'speci@@', 'f@@', 'ieke', 'probleem', 'omdat', 'het', 'niet', 'de', 'di@@', 'kte', 'van', 'het', 'ij@@', 's', 'laat', 'zien', '.']
2026-05-27 22:38:06,442 - DEBUG - joeynmt.training - 	Tokenized reference:  ['But', 'this', 'under@@', 'st@@', 'ates', 'the', 'ser@@', 'i@@', 'ous@@', 'ness', 'of', 'this', 'parti@@', 'cu@@', 'lar', 'problem', 'because', 'it', 'doesn', '&apos;t', 'show', 'the', 'th@@', 'ic@@', 'k@@', 'ness', 'of', 'the', 'ice', '.']
2026-05-27 22:38:06,442 - DEBUG - joeynmt.training - 	Tokenized hypothesis: ['But', 'the', 'world', ',', 'the', 'world', ',', 'the', 'most', 'of', 'this', 'is', 'this', 'is', 'the', 'world', ',', 'it', '&apos;s', 'the', 'world', ',', 'it', '&apos;s', 'the', 'world', ',', 'the', 'world', ',', 'it', '&apos;s', 'the', 'world', ',', '</s>']
2026-05-27 22:38:06,442 - INFO - joeynmt.training - 	Source:     Maar dit onderschat eigenlijk de ernst van dit specifieke probleem omdat het niet de dikte van het ijs laat zien .
2026-05-27 22:38:06,442 - INFO - joeynmt.training - 	Reference:  But this understates the seriousness of this particular problem because it doesn &apos;t show the thickness of the ice .
2026-05-27 22:38:06,442 - INFO - joeynmt.training - 	Hypothesis: But the world , the world , the most of this is this is the world , it &apos;s the world , it &apos;s the world , the world , it &apos;s the world ,
2026-05-27 22:38:06,442 - INFO - joeynmt.training - Example #2
2026-05-27 22:38:06,442 - DEBUG - joeynmt.training - 	Tokenized source:     ['De', 'ij@@', 'sk@@', 'a@@', 'p', 'op', 'de', 'N@@', 'oor@@', 'd@@', 'p@@', 'ool', 'is', 'in', 'ze@@', 'k@@', 'ere', 'z@@', 'in', 'het', 'kl@@', 'op@@', 'p@@', 'end', 'har@@', 't', 'van', 'ons', 'glob@@', 'aal', 'k@@', 'li@@', 'ma@@', 'at@@', 'systeem', '.']
2026-05-27 22:38:06,442 - DEBUG - joeynmt.training - 	Tokenized reference:  ['The', 'ar@@', 'c@@', 'ti@@', 'c', 'ice', 'ca@@', 'p', 'is', ',', 'in', 'a', 'sense', ',', 'the', 'be@@', 'ating', 'he@@', 'art', 'of', 'the', 'glob@@', 'al', 'c@@', 'lim@@', 'ate', 'system', '.']
2026-05-27 22:38:06,442 - DEBUG - joeynmt.training - 	Tokenized hypothesis: ['The', 'S@@', 'i@@', 'i@@', 'i@@', 'i@@', 'i@@', 'i@@', 'i@@', 'i@@', 'i@@', 'i@@', 'i@@', 'i@@', 'i@@', 'i@@', 'i@@', 'i@@', 'i@@', 'i@@', 'i@@', 'i@@', 'i@@', 'i@@', 'i@@', 'i@@', 'i@@', 'i@@', 'i@@', 'i@@', 'i@@', 'i@@', 'i@@', 'i@@', 'i@@', 'i@@', 'i@@', 'i@@', 'i@@', 'i@@', 'i@@', 'i@@', 'i@@', 'i@@', 'i@@', 'i@@', 'i@@', 'i@@', 'i@@', 'i@@', 'i@@', 'i@@', 'i@@', 'i@@', 'i@@', 'i@@', 'i@@', 'i@@', 'i@@', 'i@@', 'i@@', 'i@@', 'i@@', 'i@@', 'i@@', 'i@@', 'i@@', 'i@@', 'i@@', 'i@@', 'i@@', 'i@@', 'i@@', 'i@@', 'i@@', 'i@@', 'i@@', 'i@@', 'i@@', 'i@@', 'i@@', 'i@@', 'i@@', 'i@@', 'i@@', 'i@@', 'i@@', 'i@@', 'i@@', 'i@@', 'i@@', 'i@@', 'i@@', 'i@@', 'i@@', 'i@@', 'i@@', 'i@@', 'i@@', 'i@@', 'i@@', 'i@@', 'i@@', 'i@@', 'i@@', 'i@@', 'i@@', 'i@@', 'i@@', 'i@@', 'i@@']
2026-05-27 22:38:06,442 - INFO - joeynmt.training - 	Source:     De ijskap op de Noordpool is in zekere zin het kloppend hart van ons globaal klimaatsysteem .
2026-05-27 22:38:06,442 - INFO - joeynmt.training - 	Reference:  The arctic ice cap is , in a sense , the beating heart of the global climate system .
2026-05-27 22:38:06,442 - INFO - joeynmt.training - 	Hypothesis: The Siiiiiiiiiiiiiiiiiiiiiiiiiiiiiiiiiiiiiiiiiiiiiiiiiiiiiiiiiiiiiiiiiiiiiiiiiiiiiiiiiiiiiiiiiiiiiiiiiiiiiiiiiiiii
2026-05-27 22:38:06,442 - INFO - joeynmt.training - Example #3
2026-05-27 22:38:06,442 - DEBUG - joeynmt.training - 	Tokenized source:     ['Het', 'z@@', 'et', 'uit', 'in', 'de', 'win@@', 'ter', 'en', 'k@@', 'ri@@', 'mp@@', 't', 'in', 'de', 'z@@', 'om@@', 'er', '.']
2026-05-27 22:38:06,442 - DEBUG - joeynmt.training - 	Tokenized reference:  ['It', 'exp@@', 'and@@', 's', 'in', 'win@@', 'ter', 'and', 'con@@', 'tr@@', 'ac@@', 'ts', 'in', 'su@@', 'mm@@', 'er', '.']
2026-05-27 22:38:06,442 - DEBUG - joeynmt.training - 	Tokenized hypothesis: ['It', '&apos;s', 'the', 'c@@', 'c@@', 'c@@', 'c@@', 'c@@', 'c@@', 'c@@', 'c@@', 'c@@', 'c@@', 'y', 'and', 'the', 'c@@', 'c@@', 'c@@', 'y', '.', '</s>']
2026-05-27 22:38:06,443 - INFO - joeynmt.training - 	Source:     Het zet uit in de winter en krimpt in de zomer .
2026-05-27 22:38:06,443 - INFO - joeynmt.training - 	Reference:  It expands in winter and contracts in summer .
2026-05-27 22:38:06,443 - INFO - joeynmt.training - 	Hypothesis: It &apos;s the ccccccccccy and the cccy .
2026-05-27 22:38:06,443 - INFO - joeynmt.training - Example #4
2026-05-27 22:38:06,443 - DEBUG - joeynmt.training - 	Tokenized source:     ['De', 'volgende', 'dia', 'die', 'ik', 'laat', 'zien', 'is', 'een', 'vers@@', 'n@@', 'el@@', 'de', 'ver@@', 'sie', 'van', 'wat', 'er', 'de', 'af@@', 'gel@@', 'open', '2@@', '5', 'jaar', 'is', 'gebeur@@', 'd', '.']
2026-05-27 22:38:06,443 - DEBUG - joeynmt.training - 	Tokenized reference:  ['The', 'next', 'sli@@', 'de', 'I', 'show', 'you', 'will', 'be', 'a', 'r@@', 'ap@@', 'id', 'fa@@', 'st@@', '-@@', 'for@@', 'ward', 'of', 'what', '&apos;s', 'happened', 'over', 'the', 'last', '2@@', '5', 'years', '.']
2026-05-27 22:38:06,443 - DEBUG - joeynmt.training - 	Tokenized hypothesis: ['The', 'thing', 'I', 'think', 'that', 'I', '&apos;m', 'going', 'to', 'be', 'a', 'lot', 'of', 'the', 'world', ',', 'the', 'world', ',', 'the', 'world', ',', 'the', 'world', ',', '</s>']
2026-05-27 22:38:06,443 - INFO - joeynmt.training - 	Source:     De volgende dia die ik laat zien is een versnelde versie van wat er de afgelopen 25 jaar is gebeurd .
2026-05-27 22:38:06,443 - INFO - joeynmt.training - 	Reference:  The next slide I show you will be a rapid fast-forward of what &apos;s happened over the last 25 years .
2026-05-27 22:38:06,443 - INFO - joeynmt.training - 	Hypothesis: The thing I think that I &apos;m going to be a lot of the world , the world , the world , the world ,
2026-05-27 22:38:16,813 - INFO - joeynmt.training - Epoch   1, Step:     1100, Batch Loss:     2.872616, Batch Acc: 0.217364, Tokens per Sec:     7071, Lr: 0.000300
2026-05-27 22:38:27,500 - INFO - joeynmt.training - Epoch   1, Step:     1200, Batch Loss:     2.759456, Batch Acc: 0.237247, Tokens per Sec:     7101, Lr: 0.000300
2026-05-27 22:38:40,079 - INFO - joeynmt.training - Epoch   1, Step:     1300, Batch Loss:     2.727478, Batch Acc: 0.251720, Tokens per Sec:     6056, Lr: 0.000300
2026-05-27 22:38:52,076 - INFO - joeynmt.training - Epoch   1, Step:     1400, Batch Loss:     2.579681, Batch Acc: 0.264068, Tokens per Sec:     6362, Lr: 0.000300
2026-05-27 22:39:02,549 - INFO - joeynmt.training - Epoch   1, Step:     1500, Batch Loss:     2.483631, Batch Acc: 0.277742, Tokens per Sec:     7326, Lr: 0.000300
2026-05-27 22:39:02,549 - WARNING - joeynmt.helpers - `alpha` option is obsolete. Please use `beam_alpha`, instead.
2026-05-27 22:39:02,550 - INFO - joeynmt.prediction - Predicting 1003 example(s)... (Greedy decoding with min_output_length=1, max_output_length=-1, return_prob='none', generate_unk=True, repetition_penalty=-1, no_repeat_ngram_size=-1)
2026-05-27 22:39:36,118 - INFO - joeynmt.prediction - Evaluation result (greedy) loss:   2.77, ppl:  15.92, acc:   0.24, generation: 33.5589[sec], evaluation: 0.0000[sec]
2026-05-27 22:39:36,120 - INFO - joeynmt.training - Hooray! New best validation result [ppl]!
2026-05-27 22:39:36,243 - INFO - joeynmt.training - Example #0
2026-05-27 22:39:36,244 - DEBUG - joeynmt.training - 	Tokenized source:     ['V@@', 'or@@', 'ig', 'jaar', 'li@@', 'et', 'ik', 'deze', 'twee', 'dia', '&apos;', 's', 'zien', 'om', 'aan', 'te', 't@@', 'onen', 'dat', 'de', 'p@@', 'oo@@', 'lij@@', 'sk@@', 'a@@', 'p', ',', 'die', 'de', 'af@@', 'gel@@', 'open', 'drie', 'miljoen', 'jaar', 'ongeveer', 'de', 'groot@@', 'te', 'had', 'van', 'het', 'va@@', 'stel@@', 'and', 'van', 'de', 'V@@', 'S', ',', 'met', '4@@', '0', '%', 'ge@@', 'k@@', 'r@@', 'om@@', 'pen', 'was', '.']
2026-05-27 22:39:36,244 - DEBUG - joeynmt.training - 	Tokenized reference:  ['La@@', 'st', 'year', 'I', 'sho@@', 'w@@', 'ed', 'these', 'two', 'sli@@', 'des', 'so', 'that', 'de@@', 'mon@@', 'str@@', 'ate', 'that', 'the', 'ar@@', 'c@@', 'ti@@', 'c', 'ice', 'ca@@', 'p', ',', 'which', 'for', 'most', 'of', 'the', 'last', 'three', 'million', 'years', 'has', 'been', 'the', 'si@@', 'ze', 'of', 'the', 'lo@@', 'wer', '4@@', '8', 'st@@', 'ates', ',', 'has', 'sh@@', 'r@@', 'un@@', 'k', 'by', '4@@', '0', 'percent', '.']
2026-05-27 22:39:36,244 - DEBUG - joeynmt.training - 	Tokenized hypothesis: ['And', 'then', 'I', '&apos;m', 'going', 'to', 'be', 'two', 'years', ',', 'I', '&apos;m', 'going', 'to', 'be', 'to', 'the', 're@@', 'qu@@', 'ic@@', 'ic@@', 'es', ',', 'which', 'is', 'that', 'the', 'last', 'years', ',', 'which', 'was', 'about', 'the', 'last', 'years', ',', 'the', 'last', 'year', ',', 'and', 'the', 'last', 'years', ',', 'and', 'the', 'U@@', '.@@', '.@@', '.@@', '.@@', '.@@', '.@@', '.@@', '.@@', '.@@', '.@@', '.@@', '.@@', '.@@', '.@@', '.', '</s>']
2026-05-27 22:39:36,244 - INFO - joeynmt.training - 	Source:     Vorig jaar liet ik deze twee dia &apos; s zien om aan te tonen dat de poolijskap , die de afgelopen drie miljoen jaar ongeveer de grootte had van het vasteland van de VS , met 40 % gekrompen was .
2026-05-27 22:39:36,244 - INFO - joeynmt.training - 	Reference:  Last year I showed these two slides so that demonstrate that the arctic ice cap , which for most of the last three million years has been the size of the lower 48 states , has shrunk by 40 percent .
2026-05-27 22:39:36,244 - INFO - joeynmt.training - 	Hypothesis: And then I &apos;m going to be two years , I &apos;m going to be to the requicices , which is that the last years , which was about the last years , the last year , and the last years , and the U...............
2026-05-27 22:39:36,244 - INFO - joeynmt.training - Example #1
2026-05-27 22:39:36,244 - DEBUG - joeynmt.training - 	Tokenized source:     ['Maar', 'dit', 'onder@@', 'sch@@', 'at', 'eigenlijk', 'de', 'er@@', 'n@@', 'st', 'van', 'dit', 'speci@@', 'f@@', 'ieke', 'probleem', 'omdat', 'het', 'niet', 'de', 'di@@', 'kte', 'van', 'het', 'ij@@', 's', 'laat', 'zien', '.']
2026-05-27 22:39:36,244 - DEBUG - joeynmt.training - 	Tokenized reference:  ['But', 'this', 'under@@', 'st@@', 'ates', 'the', 'ser@@', 'i@@', 'ous@@', 'ness', 'of', 'this', 'parti@@', 'cu@@', 'lar', 'problem', 'because', 'it', 'doesn', '&apos;t', 'show', 'the', 'th@@', 'ic@@', 'k@@', 'ness', 'of', 'the', 'ice', '.']
2026-05-27 22:39:36,244 - DEBUG - joeynmt.training - 	Tokenized hypothesis: ['But', 'this', 'is', 'the', 'problem', 'of', 'the', 'problem', 'of', 'the', 'problem', 'that', 'that', 'that', 'it', '&apos;s', 'not', 'the', 'problem', '.', '</s>']
2026-05-27 22:39:36,244 - INFO - joeynmt.training - 	Source:     Maar dit onderschat eigenlijk de ernst van dit specifieke probleem omdat het niet de dikte van het ijs laat zien .
2026-05-27 22:39:36,244 - INFO - joeynmt.training - 	Reference:  But this understates the seriousness of this particular problem because it doesn &apos;t show the thickness of the ice .
2026-05-27 22:39:36,244 - INFO - joeynmt.training - 	Hypothesis: But this is the problem of the problem of the problem that that that it &apos;s not the problem .
2026-05-27 22:39:36,244 - INFO - joeynmt.training - Example #2
2026-05-27 22:39:36,244 - DEBUG - joeynmt.training - 	Tokenized source:     ['De', 'ij@@', 'sk@@', 'a@@', 'p', 'op', 'de', 'N@@', 'oor@@', 'd@@', 'p@@', 'ool', 'is', 'in', 'ze@@', 'k@@', 'ere', 'z@@', 'in', 'het', 'kl@@', 'op@@', 'p@@', 'end', 'har@@', 't', 'van', 'ons', 'glob@@', 'aal', 'k@@', 'li@@', 'ma@@', 'at@@', 'systeem', '.']
2026-05-27 22:39:36,244 - DEBUG - joeynmt.training - 	Tokenized reference:  ['The', 'ar@@', 'c@@', 'ti@@', 'c', 'ice', 'ca@@', 'p', 'is', ',', 'in', 'a', 'sense', ',', 'the', 'be@@', 'ating', 'he@@', 'art', 'of', 'the', 'glob@@', 'al', 'c@@', 'lim@@', 'ate', 'system', '.']
2026-05-27 22:39:36,245 - DEBUG - joeynmt.training - 	Tokenized hypothesis: ['The', 're@@', 're@@', 'qu@@', 'al@@', 'ing', 'the', 'N@@', 'or@@', 'or@@', 'th', 'is', 'in', 'the', 'N@@', 'a@@', 'a@@', 'a@@', 'a@@', 'a@@', 'a@@', 'ma@@', 'zing', 'in', 'the', 'U@@', 'n@@', 'n@@', 'ited', '.', '</s>']
2026-05-27 22:39:36,245 - INFO - joeynmt.training - 	Source:     De ijskap op de Noordpool is in zekere zin het kloppend hart van ons globaal klimaatsysteem .
2026-05-27 22:39:36,245 - INFO - joeynmt.training - 	Reference:  The arctic ice cap is , in a sense , the beating heart of the global climate system .
2026-05-27 22:39:36,245 - INFO - joeynmt.training - 	Hypothesis: The rerequaling the Nororth is in the Naaaaaamazing in the Unnited .
2026-05-27 22:39:36,245 - INFO - joeynmt.training - Example #3
2026-05-27 22:39:36,245 - DEBUG - joeynmt.training - 	Tokenized source:     ['Het', 'z@@', 'et', 'uit', 'in', 'de', 'win@@', 'ter', 'en', 'k@@', 'ri@@', 'mp@@', 't', 'in', 'de', 'z@@', 'om@@', 'er', '.']
2026-05-27 22:39:36,245 - DEBUG - joeynmt.training - 	Tokenized reference:  ['It', 'exp@@', 'and@@', 's', 'in', 'win@@', 'ter', 'and', 'con@@', 'tr@@', 'ac@@', 'ts', 'in', 'su@@', 'mm@@', 'er', '.']
2026-05-27 22:39:36,245 - DEBUG - joeynmt.training - 	Tokenized hypothesis: ['It', '&apos;s', 'the', 'c@@', 'la@@', 'w', 'and', 'the', 'c@@', 'la@@', 'w', 'and', 'the', 'c@@', 'are', 'in', 'the', 'c@@', 'ell', '.', '</s>']
2026-05-27 22:39:36,245 - INFO - joeynmt.training - 	Source:     Het zet uit in de winter en krimpt in de zomer .
2026-05-27 22:39:36,245 - INFO - joeynmt.training - 	Reference:  It expands in winter and contracts in summer .
2026-05-27 22:39:36,245 - INFO - joeynmt.training - 	Hypothesis: It &apos;s the claw and the claw and the care in the cell .
2026-05-27 22:39:36,245 - INFO - joeynmt.training - Example #4
2026-05-27 22:39:36,245 - DEBUG - joeynmt.training - 	Tokenized source:     ['De', 'volgende', 'dia', 'die', 'ik', 'laat', 'zien', 'is', 'een', 'vers@@', 'n@@', 'el@@', 'de', 'ver@@', 'sie', 'van', 'wat', 'er', 'de', 'af@@', 'gel@@', 'open', '2@@', '5', 'jaar', 'is', 'gebeur@@', 'd', '.']
2026-05-27 22:39:36,245 - DEBUG - joeynmt.training - 	Tokenized reference:  ['The', 'next', 'sli@@', 'de', 'I', 'show', 'you', 'will', 'be', 'a', 'r@@', 'ap@@', 'id', 'fa@@', 'st@@', '-@@', 'for@@', 'ward', 'of', 'what', '&apos;s', 'happened', 'over', 'the', 'last', '2@@', '5', 'years', '.']
2026-05-27 22:39:36,245 - DEBUG - joeynmt.training - 	Tokenized hypothesis: ['The', 'first', ',', 'I', '&apos;m', 'going', 'to', 'be', 'a', 'lot', 'of', 'the', 'f@@', 'ol@@', 'ol@@', 'ds', 'of', 'the', 'last', 'years', ',', '</s>']
2026-05-27 22:39:36,245 - INFO - joeynmt.training - 	Source:     De volgende dia die ik laat zien is een versnelde versie van wat er de afgelopen 25 jaar is gebeurd .
2026-05-27 22:39:36,246 - INFO - joeynmt.training - 	Reference:  The next slide I show you will be a rapid fast-forward of what &apos;s happened over the last 25 years .
2026-05-27 22:39:36,246 - INFO - joeynmt.training - 	Hypothesis: The first , I &apos;m going to be a lot of the fololds of the last years ,
2026-05-27 22:39:48,335 - INFO - joeynmt.training - Epoch   1, Step:     1600, Batch Loss:     2.565403, Batch Acc: 0.287254, Tokens per Sec:     6266, Lr: 0.000300
2026-05-27 22:39:59,502 - INFO - joeynmt.training - Epoch   1, Step:     1700, Batch Loss:     2.621844, Batch Acc: 0.299856, Tokens per Sec:     7036, Lr: 0.000300
2026-05-27 22:40:11,795 - INFO - joeynmt.training - Epoch   1, Step:     1800, Batch Loss:     2.391596, Batch Acc: 0.315930, Tokens per Sec:     6103, Lr: 0.000300
2026-05-27 22:40:24,268 - INFO - joeynmt.training - Epoch   1, Step:     1900, Batch Loss:     2.344928, Batch Acc: 0.321912, Tokens per Sec:     5968, Lr: 0.000300
2026-05-27 22:40:34,959 - INFO - joeynmt.training - Epoch   1, Step:     2000, Batch Loss:     2.345109, Batch Acc: 0.330482, Tokens per Sec:     7164, Lr: 0.000300
2026-05-27 22:40:34,960 - WARNING - joeynmt.helpers - `alpha` option is obsolete. Please use `beam_alpha`, instead.
2026-05-27 22:40:34,960 - INFO - joeynmt.prediction - Predicting 1003 example(s)... (Greedy decoding with min_output_length=1, max_output_length=-1, return_prob='none', generate_unk=True, repetition_penalty=-1, no_repeat_ngram_size=-1)
2026-05-27 22:41:11,264 - INFO - joeynmt.prediction - Evaluation result (greedy) loss:   2.56, ppl:  12.92, acc:   0.29, generation: 36.2942[sec], evaluation: 0.0000[sec]
2026-05-27 22:41:11,266 - INFO - joeynmt.training - Hooray! New best validation result [ppl]!
2026-05-27 22:41:11,377 - INFO - joeynmt.training - Example #0
2026-05-27 22:41:11,377 - DEBUG - joeynmt.training - 	Tokenized source:     ['V@@', 'or@@', 'ig', 'jaar', 'li@@', 'et', 'ik', 'deze', 'twee', 'dia', '&apos;', 's', 'zien', 'om', 'aan', 'te', 't@@', 'onen', 'dat', 'de', 'p@@', 'oo@@', 'lij@@', 'sk@@', 'a@@', 'p', ',', 'die', 'de', 'af@@', 'gel@@', 'open', 'drie', 'miljoen', 'jaar', 'ongeveer', 'de', 'groot@@', 'te', 'had', 'van', 'het', 'va@@', 'stel@@', 'and', 'van', 'de', 'V@@', 'S', ',', 'met', '4@@', '0', '%', 'ge@@', 'k@@', 'r@@', 'om@@', 'pen', 'was', '.']
2026-05-27 22:41:11,377 - DEBUG - joeynmt.training - 	Tokenized reference:  ['La@@', 'st', 'year', 'I', 'sho@@', 'w@@', 'ed', 'these', 'two', 'sli@@', 'des', 'so', 'that', 'de@@', 'mon@@', 'str@@', 'ate', 'that', 'the', 'ar@@', 'c@@', 'ti@@', 'c', 'ice', 'ca@@', 'p', ',', 'which', 'for', 'most', 'of', 'the', 'last', 'three', 'million', 'years', 'has', 'been', 'the', 'si@@', 'ze', 'of', 'the', 'lo@@', 'wer', '4@@', '8', 'st@@', 'ates', ',', 'has', 'sh@@', 'r@@', 'un@@', 'k', 'by', '4@@', '0', 'percent', '.']
2026-05-27 22:41:11,377 - DEBUG - joeynmt.training - 	Tokenized hypothesis: ['And', 'I', '&apos;m', 'going', 'to', 'see', 'this', 'year', ',', 'I', '&apos;m', 'going', 'to', 'see', 'that', 'the', 'p@@', 'ot@@', 'e', 'of', 'the', 'p@@', 'it@@', 'it@@', 'h', ',', 'which', 'is', 'the', 'three', 'years', ',', 'which', 'is', 'about', 'three', 'years', 'of', 'the', 'three', 'three', 'million', 'of', 'the', 'U@@', '.@@', '.@@', '.@@', '.@@', '.@@', '.@@', '.@@', '.@@', '.@@', 'S@@', '.', '.', '.', '.', '</s>']
2026-05-27 22:41:11,378 - INFO - joeynmt.training - 	Source:     Vorig jaar liet ik deze twee dia &apos; s zien om aan te tonen dat de poolijskap , die de afgelopen drie miljoen jaar ongeveer de grootte had van het vasteland van de VS , met 40 % gekrompen was .
2026-05-27 22:41:11,378 - INFO - joeynmt.training - 	Reference:  Last year I showed these two slides so that demonstrate that the arctic ice cap , which for most of the last three million years has been the size of the lower 48 states , has shrunk by 40 percent .
2026-05-27 22:41:11,378 - INFO - joeynmt.training - 	Hypothesis: And I &apos;m going to see this year , I &apos;m going to see that the pote of the pitith , which is the three years , which is about three years of the three three million of the U.........S. . . .
2026-05-27 22:41:11,378 - INFO - joeynmt.training - Example #1
2026-05-27 22:41:11,378 - DEBUG - joeynmt.training - 	Tokenized source:     ['Maar', 'dit', 'onder@@', 'sch@@', 'at', 'eigenlijk', 'de', 'er@@', 'n@@', 'st', 'van', 'dit', 'speci@@', 'f@@', 'ieke', 'probleem', 'omdat', 'het', 'niet', 'de', 'di@@', 'kte', 'van', 'het', 'ij@@', 's', 'laat', 'zien', '.']
2026-05-27 22:41:11,378 - DEBUG - joeynmt.training - 	Tokenized reference:  ['But', 'this', 'under@@', 'st@@', 'ates', 'the', 'ser@@', 'i@@', 'ous@@', 'ness', 'of', 'this', 'parti@@', 'cu@@', 'lar', 'problem', 'because', 'it', 'doesn', '&apos;t', 'show', 'the', 'th@@', 'ic@@', 'k@@', 'ness', 'of', 'the', 'ice', '.']
2026-05-27 22:41:11,378 - DEBUG - joeynmt.training - 	Tokenized hypothesis: ['But', 'this', 'is', 'the', 'n@@', 'uc@@', 'k@@', 'k@@', 'k@@', 'new', 'of', 'this', 'problem', 'because', 'the', 'problem', 'because', 'the', 'di@@', 'se@@', 'se@@', 'se@@', 'ing', 'of', 'the', 'di@@', 'se@@', 'ase', '.', '</s>']
2026-05-27 22:41:11,378 - INFO - joeynmt.training - 	Source:     Maar dit onderschat eigenlijk de ernst van dit specifieke probleem omdat het niet de dikte van het ijs laat zien .
2026-05-27 22:41:11,378 - INFO - joeynmt.training - 	Reference:  But this understates the seriousness of this particular problem because it doesn &apos;t show the thickness of the ice .
2026-05-27 22:41:11,378 - INFO - joeynmt.training - 	Hypothesis: But this is the nuckkknew of this problem because the problem because the diseseseing of the disease .
2026-05-27 22:41:11,378 - INFO - joeynmt.training - Example #2
2026-05-27 22:41:11,378 - DEBUG - joeynmt.training - 	Tokenized source:     ['De', 'ij@@', 'sk@@', 'a@@', 'p', 'op', 'de', 'N@@', 'oor@@', 'd@@', 'p@@', 'ool', 'is', 'in', 'ze@@', 'k@@', 'ere', 'z@@', 'in', 'het', 'kl@@', 'op@@', 'p@@', 'end', 'har@@', 't', 'van', 'ons', 'glob@@', 'aal', 'k@@', 'li@@', 'ma@@', 'at@@', 'systeem', '.']
2026-05-27 22:41:11,378 - DEBUG - joeynmt.training - 	Tokenized reference:  ['The', 'ar@@', 'c@@', 'ti@@', 'c', 'ice', 'ca@@', 'p', 'is', ',', 'in', 'a', 'sense', ',', 'the', 'be@@', 'ating', 'he@@', 'art', 'of', 'the', 'glob@@', 'al', 'c@@', 'lim@@', 'ate', 'system', '.']
2026-05-27 22:41:11,378 - DEBUG - joeynmt.training - 	Tokenized hypothesis: ['The', 'c@@', 'ell', 'c@@', 'k', 'on', 'the', 'N@@', 'or@@', 'ig@@', 'ig@@', 'ig@@', 'ig@@', 'ig@@', 'ger', 'in', 'the', 'U@@', 'n@@', 'n@@', 'n@@', 'ited', 'St@@', 'ates', 'of', 'us', '.', '</s>']
2026-05-27 22:41:11,379 - INFO - joeynmt.training - 	Source:     De ijskap op de Noordpool is in zekere zin het kloppend hart van ons globaal klimaatsysteem .
2026-05-27 22:41:11,379 - INFO - joeynmt.training - 	Reference:  The arctic ice cap is , in a sense , the beating heart of the global climate system .
2026-05-27 22:41:11,379 - INFO - joeynmt.training - 	Hypothesis: The cell ck on the Norigigigigigger in the Unnnited States of us .
2026-05-27 22:41:11,379 - INFO - joeynmt.training - Example #3
2026-05-27 22:41:11,379 - DEBUG - joeynmt.training - 	Tokenized source:     ['Het', 'z@@', 'et', 'uit', 'in', 'de', 'win@@', 'ter', 'en', 'k@@', 'ri@@', 'mp@@', 't', 'in', 'de', 'z@@', 'om@@', 'er', '.']
2026-05-27 22:41:11,379 - DEBUG - joeynmt.training - 	Tokenized reference:  ['It', 'exp@@', 'and@@', 's', 'in', 'win@@', 'ter', 'and', 'con@@', 'tr@@', 'ac@@', 'ts', 'in', 'su@@', 'mm@@', 'er', '.']
2026-05-27 22:41:11,379 - DEBUG - joeynmt.training - 	Tokenized hypothesis: ['It', '&apos;s', 'going', 'to', 'the', 'c@@', 'le@@', 'ft', 'and', 'the', 'c@@', 'la@@', 'ge', 'in', 'the', 'c@@', 'la@@', 'w', '.', '</s>']
2026-05-27 22:41:11,379 - INFO - joeynmt.training - 	Source:     Het zet uit in de winter en krimpt in de zomer .
2026-05-27 22:41:11,379 - INFO - joeynmt.training - 	Reference:  It expands in winter and contracts in summer .
2026-05-27 22:41:11,379 - INFO - joeynmt.training - 	Hypothesis: It &apos;s going to the cleft and the clage in the claw .
2026-05-27 22:41:11,379 - INFO - joeynmt.training - Example #4
2026-05-27 22:41:11,379 - DEBUG - joeynmt.training - 	Tokenized source:     ['De', 'volgende', 'dia', 'die', 'ik', 'laat', 'zien', 'is', 'een', 'vers@@', 'n@@', 'el@@', 'de', 'ver@@', 'sie', 'van', 'wat', 'er', 'de', 'af@@', 'gel@@', 'open', '2@@', '5', 'jaar', 'is', 'gebeur@@', 'd', '.']
2026-05-27 22:41:11,379 - DEBUG - joeynmt.training - 	Tokenized reference:  ['The', 'next', 'sli@@', 'de', 'I', 'show', 'you', 'will', 'be', 'a', 'r@@', 'ap@@', 'id', 'fa@@', 'st@@', '-@@', 'for@@', 'ward', 'of', 'what', '&apos;s', 'happened', 'over', 'the', 'last', '2@@', '5', 'years', '.']
2026-05-27 22:41:11,379 - DEBUG - joeynmt.training - 	Tokenized hypothesis: ['The', 'next', 'to', 'see', 'that', 'I', '&apos;m', 'going', 'to', 'see', 'the', 'n@@', 'ight', 'of', 'the', 'n@@', 'ight', 'is', 'the', 'last', 'year', 'is', 'the', '2@@', '5', 'years', '.', '</s>']
2026-05-27 22:41:11,379 - INFO - joeynmt.training - 	Source:     De volgende dia die ik laat zien is een versnelde versie van wat er de afgelopen 25 jaar is gebeurd .
2026-05-27 22:41:11,379 - INFO - joeynmt.training - 	Reference:  The next slide I show you will be a rapid fast-forward of what &apos;s happened over the last 25 years .
2026-05-27 22:41:11,379 - INFO - joeynmt.training - 	Hypothesis: The next to see that I &apos;m going to see the night of the night is the last year is the 25 years .
2026-05-27 22:41:23,909 - INFO - joeynmt.training - Epoch   1, Step:     2100, Batch Loss:     2.478665, Batch Acc: 0.344374, Tokens per Sec:     5869, Lr: 0.000300
2026-05-27 22:41:35,320 - INFO - joeynmt.training - Epoch   1, Step:     2200, Batch Loss:     2.178789, Batch Acc: 0.360434, Tokens per Sec:     6744, Lr: 0.000300
2026-05-27 22:41:46,761 - INFO - joeynmt.training - Epoch   1, Step:     2300, Batch Loss:     2.278615, Batch Acc: 0.364664, Tokens per Sec:     6565, Lr: 0.000300
2026-05-27 22:41:59,629 - INFO - joeynmt.training - Epoch   1, Step:     2400, Batch Loss:     2.126129, Batch Acc: 0.374927, Tokens per Sec:     6000, Lr: 0.000300
2026-05-27 22:42:12,114 - INFO - joeynmt.training - Epoch   1, Step:     2500, Batch Loss:     2.207201, Batch Acc: 0.385315, Tokens per Sec:     5923, Lr: 0.000300
2026-05-27 22:42:12,116 - WARNING - joeynmt.helpers - `alpha` option is obsolete. Please use `beam_alpha`, instead.
2026-05-27 22:42:12,116 - INFO - joeynmt.prediction - Predicting 1003 example(s)... (Greedy decoding with min_output_length=1, max_output_length=-1, return_prob='none', generate_unk=True, repetition_penalty=-1, no_repeat_ngram_size=-1)
2026-05-27 22:42:42,085 - INFO - joeynmt.prediction - Evaluation result (greedy) loss:   2.42, ppl:  11.20, acc:   0.33, generation: 29.9584[sec], evaluation: 0.0000[sec]
2026-05-27 22:42:42,088 - INFO - joeynmt.training - Hooray! New best validation result [ppl]!
2026-05-27 22:42:42,227 - INFO - joeynmt.training - Example #0
2026-05-27 22:42:42,228 - DEBUG - joeynmt.training - 	Tokenized source:     ['V@@', 'or@@', 'ig', 'jaar', 'li@@', 'et', 'ik', 'deze', 'twee', 'dia', '&apos;', 's', 'zien', 'om', 'aan', 'te', 't@@', 'onen', 'dat', 'de', 'p@@', 'oo@@', 'lij@@', 'sk@@', 'a@@', 'p', ',', 'die', 'de', 'af@@', 'gel@@', 'open', 'drie', 'miljoen', 'jaar', 'ongeveer', 'de', 'groot@@', 'te', 'had', 'van', 'het', 'va@@', 'stel@@', 'and', 'van', 'de', 'V@@', 'S', ',', 'met', '4@@', '0', '%', 'ge@@', 'k@@', 'r@@', 'om@@', 'pen', 'was', '.']
2026-05-27 22:42:42,228 - DEBUG - joeynmt.training - 	Tokenized reference:  ['La@@', 'st', 'year', 'I', 'sho@@', 'w@@', 'ed', 'these', 'two', 'sli@@', 'des', 'so', 'that', 'de@@', 'mon@@', 'str@@', 'ate', 'that', 'the', 'ar@@', 'c@@', 'ti@@', 'c', 'ice', 'ca@@', 'p', ',', 'which', 'for', 'most', 'of', 'the', 'last', 'three', 'million', 'years', 'has', 'been', 'the', 'si@@', 'ze', 'of', 'the', 'lo@@', 'wer', '4@@', '8', 'st@@', 'ates', ',', 'has', 'sh@@', 'r@@', 'un@@', 'k', 'by', '4@@', '0', 'percent', '.']
2026-05-27 22:42:42,228 - DEBUG - joeynmt.training - 	Tokenized hypothesis: ['And', 'I', '&apos;m', 'going', 'to', 'see', 'this', 'two', 'years', ',', 'I', '&apos;m', 'going', 'to', 'see', 'that', 'the', 'p@@', 'oor', 'of', 'the', 'p@@', 'ul@@', 'l', 'of', 'the', 'last', 'three', 'million', 'years', ',', 'who', 'was', 'about', 'three', 'million', 'years', 'of', 'the', 'U@@', '.@@', '.', '.', '.', '</s>']
2026-05-27 22:42:42,228 - INFO - joeynmt.training - 	Source:     Vorig jaar liet ik deze twee dia &apos; s zien om aan te tonen dat de poolijskap , die de afgelopen drie miljoen jaar ongeveer de grootte had van het vasteland van de VS , met 40 % gekrompen was .
2026-05-27 22:42:42,228 - INFO - joeynmt.training - 	Reference:  Last year I showed these two slides so that demonstrate that the arctic ice cap , which for most of the last three million years has been the size of the lower 48 states , has shrunk by 40 percent .
2026-05-27 22:42:42,228 - INFO - joeynmt.training - 	Hypothesis: And I &apos;m going to see this two years , I &apos;m going to see that the poor of the pull of the last three million years , who was about three million years of the U.. . .
2026-05-27 22:42:42,228 - INFO - joeynmt.training - Example #1
2026-05-27 22:42:42,228 - DEBUG - joeynmt.training - 	Tokenized source:     ['Maar', 'dit', 'onder@@', 'sch@@', 'at', 'eigenlijk', 'de', 'er@@', 'n@@', 'st', 'van', 'dit', 'speci@@', 'f@@', 'ieke', 'probleem', 'omdat', 'het', 'niet', 'de', 'di@@', 'kte', 'van', 'het', 'ij@@', 's', 'laat', 'zien', '.']
2026-05-27 22:42:42,228 - DEBUG - joeynmt.training - 	Tokenized reference:  ['But', 'this', 'under@@', 'st@@', 'ates', 'the', 'ser@@', 'i@@', 'ous@@', 'ness', 'of', 'this', 'parti@@', 'cu@@', 'lar', 'problem', 'because', 'it', 'doesn', '&apos;t', 'show', 'the', 'th@@', 'ic@@', 'k@@', 'ness', 'of', 'the', 'ice', '.']
2026-05-27 22:42:42,228 - DEBUG - joeynmt.training - 	Tokenized hypothesis: ['But', 'this', 'is', 'the', 'le@@', 'ft', 'the', 'n@@', 'ight', 'of', 'this', 'is', 'the', 'f@@', 'er@@', 'er@@', 'ate', 'because', 'the', 'di@@', 's@@', 'uch', 'a', 'f@@', 'ul@@', 'ation', 'of', 'this', ',', '</s>']
2026-05-27 22:42:42,228 - INFO - joeynmt.training - 	Source:     Maar dit onderschat eigenlijk de ernst van dit specifieke probleem omdat het niet de dikte van het ijs laat zien .
2026-05-27 22:42:42,228 - INFO - joeynmt.training - 	Reference:  But this understates the seriousness of this particular problem because it doesn &apos;t show the thickness of the ice .
2026-05-27 22:42:42,228 - INFO - joeynmt.training - 	Hypothesis: But this is the left the night of this is the fererate because the disuch a fulation of this ,
2026-05-27 22:42:42,228 - INFO - joeynmt.training - Example #2
2026-05-27 22:42:42,229 - DEBUG - joeynmt.training - 	Tokenized source:     ['De', 'ij@@', 'sk@@', 'a@@', 'p', 'op', 'de', 'N@@', 'oor@@', 'd@@', 'p@@', 'ool', 'is', 'in', 'ze@@', 'k@@', 'ere', 'z@@', 'in', 'het', 'kl@@', 'op@@', 'p@@', 'end', 'har@@', 't', 'van', 'ons', 'glob@@', 'aal', 'k@@', 'li@@', 'ma@@', 'at@@', 'systeem', '.']
2026-05-27 22:42:42,229 - DEBUG - joeynmt.training - 	Tokenized reference:  ['The', 'ar@@', 'c@@', 'ti@@', 'c', 'ice', 'ca@@', 'p', 'is', ',', 'in', 'a', 'sense', ',', 'the', 'be@@', 'ating', 'he@@', 'art', 'of', 'the', 'glob@@', 'al', 'c@@', 'lim@@', 'ate', 'system', '.']
2026-05-27 22:42:42,229 - DEBUG - joeynmt.training - 	Tokenized hypothesis: ['The', 'c@@', 'an@@', 'ci@@', 'p@@', 'it@@', 'ing', 'the', 'N@@', 'or@@', 'd@@', 'ro@@', 'p@@', 't', 'is', 'in', 'the', 'a@@', 'a@@', 'ma@@', 'zing', 'of', 'us', ',', 'the', 'su@@', 'p@@', 'por@@', 't', 'of', 'us', '.', '</s>']
2026-05-27 22:42:42,229 - INFO - joeynmt.training - 	Source:     De ijskap op de Noordpool is in zekere zin het kloppend hart van ons globaal klimaatsysteem .
2026-05-27 22:42:42,229 - INFO - joeynmt.training - 	Reference:  The arctic ice cap is , in a sense , the beating heart of the global climate system .
2026-05-27 22:42:42,229 - INFO - joeynmt.training - 	Hypothesis: The cancipiting the Nordropt is in the aamazing of us , the support of us .
2026-05-27 22:42:42,229 - INFO - joeynmt.training - Example #3
2026-05-27 22:42:42,229 - DEBUG - joeynmt.training - 	Tokenized source:     ['Het', 'z@@', 'et', 'uit', 'in', 'de', 'win@@', 'ter', 'en', 'k@@', 'ri@@', 'mp@@', 't', 'in', 'de', 'z@@', 'om@@', 'er', '.']
2026-05-27 22:42:42,229 - DEBUG - joeynmt.training - 	Tokenized reference:  ['It', 'exp@@', 'and@@', 's', 'in', 'win@@', 'ter', 'and', 'con@@', 'tr@@', 'ac@@', 'ts', 'in', 'su@@', 'mm@@', 'er', '.']
2026-05-27 22:42:42,229 - DEBUG - joeynmt.training - 	Tokenized hypothesis: ['It', '&apos;s', 'a', 'c@@', 'at@@', 'ter', 'and', 'c@@', 'lim@@', 'b', 'in', 'the', 'w@@', 'om@@', 's', '.', '</s>']
2026-05-27 22:42:42,229 - INFO - joeynmt.training - 	Source:     Het zet uit in de winter en krimpt in de zomer .
2026-05-27 22:42:42,229 - INFO - joeynmt.training - 	Reference:  It expands in winter and contracts in summer .
2026-05-27 22:42:42,229 - INFO - joeynmt.training - 	Hypothesis: It &apos;s a catter and climb in the woms .
2026-05-27 22:42:42,229 - INFO - joeynmt.training - Example #4
2026-05-27 22:42:42,229 - DEBUG - joeynmt.training - 	Tokenized source:     ['De', 'volgende', 'dia', 'die', 'ik', 'laat', 'zien', 'is', 'een', 'vers@@', 'n@@', 'el@@', 'de', 'ver@@', 'sie', 'van', 'wat', 'er', 'de', 'af@@', 'gel@@', 'open', '2@@', '5', 'jaar', 'is', 'gebeur@@', 'd', '.']
2026-05-27 22:42:42,229 - DEBUG - joeynmt.training - 	Tokenized reference:  ['The', 'next', 'sli@@', 'de', 'I', 'show', 'you', 'will', 'be', 'a', 'r@@', 'ap@@', 'id', 'fa@@', 'st@@', '-@@', 'for@@', 'ward', 'of', 'what', '&apos;s', 'happened', 'over', 'the', 'last', '2@@', '5', 'years', '.']
2026-05-27 22:42:42,229 - DEBUG - joeynmt.training - 	Tokenized hypothesis: ['The', 'next', 'next', 'to', 'see', 'that', 'I', '&apos;m', 'going', 'to', 'see', 'a', 'vers@@', 'ation', 'of', 'what', '&apos;s', 'the', 'last', '2@@', '5', 'years', ',', '</s>']
2026-05-27 22:42:42,230 - INFO - joeynmt.training - 	Source:     De volgende dia die ik laat zien is een versnelde versie van wat er de afgelopen 25 jaar is gebeurd .
2026-05-27 22:42:42,230 - INFO - joeynmt.training - 	Reference:  The next slide I show you will be a rapid fast-forward of what &apos;s happened over the last 25 years .
2026-05-27 22:42:42,230 - INFO - joeynmt.training - 	Hypothesis: The next next to see that I &apos;m going to see a versation of what &apos;s the last 25 years ,
2026-05-27 22:42:53,416 - INFO - joeynmt.training - Epoch   1, Step:     2600, Batch Loss:     2.212875, Batch Acc: 0.396393, Tokens per Sec:     6841, Lr: 0.000300
2026-05-27 22:43:06,197 - INFO - joeynmt.training - Epoch   1, Step:     2700, Batch Loss:     2.127935, Batch Acc: 0.403343, Tokens per Sec:     6005, Lr: 0.000300
2026-05-27 22:43:17,893 - INFO - joeynmt.training - Epoch   1, Step:     2800, Batch Loss:     1.836279, Batch Acc: 0.410893, Tokens per Sec:     6391, Lr: 0.000300
2026-05-27 22:43:29,905 - INFO - joeynmt.training - Epoch   1, Step:     2900, Batch Loss:     2.168720, Batch Acc: 0.426046, Tokens per Sec:     6486, Lr: 0.000300
2026-05-27 22:43:41,437 - INFO - joeynmt.training - Epoch   1, Step:     3000, Batch Loss:     2.062970, Batch Acc: 0.433206, Tokens per Sec:     6561, Lr: 0.000300
2026-05-27 22:43:41,438 - WARNING - joeynmt.helpers - `alpha` option is obsolete. Please use `beam_alpha`, instead.
2026-05-27 22:43:41,438 - INFO - joeynmt.prediction - Predicting 1003 example(s)... (Greedy decoding with min_output_length=1, max_output_length=-1, return_prob='none', generate_unk=True, repetition_penalty=-1, no_repeat_ngram_size=-1)
2026-05-27 22:44:08,066 - INFO - joeynmt.prediction - Evaluation result (greedy) loss:   2.27, ppl:   9.65, acc:   0.37, generation: 26.6184[sec], evaluation: 0.0000[sec]
2026-05-27 22:44:08,068 - INFO - joeynmt.training - Hooray! New best validation result [ppl]!
2026-05-27 22:44:08,207 - INFO - joeynmt.helpers - delete models/tf_bpe_2000_nl_en/500.ckpt
2026-05-27 22:44:08,208 - INFO - joeynmt.training - Example #0
2026-05-27 22:44:08,208 - DEBUG - joeynmt.training - 	Tokenized source:     ['V@@', 'or@@', 'ig', 'jaar', 'li@@', 'et', 'ik', 'deze', 'twee', 'dia', '&apos;', 's', 'zien', 'om', 'aan', 'te', 't@@', 'onen', 'dat', 'de', 'p@@', 'oo@@', 'lij@@', 'sk@@', 'a@@', 'p', ',', 'die', 'de', 'af@@', 'gel@@', 'open', 'drie', 'miljoen', 'jaar', 'ongeveer', 'de', 'groot@@', 'te', 'had', 'van', 'het', 'va@@', 'stel@@', 'and', 'van', 'de', 'V@@', 'S', ',', 'met', '4@@', '0', '%', 'ge@@', 'k@@', 'r@@', 'om@@', 'pen', 'was', '.']
2026-05-27 22:44:08,208 - DEBUG - joeynmt.training - 	Tokenized reference:  ['La@@', 'st', 'year', 'I', 'sho@@', 'w@@', 'ed', 'these', 'two', 'sli@@', 'des', 'so', 'that', 'de@@', 'mon@@', 'str@@', 'ate', 'that', 'the', 'ar@@', 'c@@', 'ti@@', 'c', 'ice', 'ca@@', 'p', ',', 'which', 'for', 'most', 'of', 'the', 'last', 'three', 'million', 'years', 'has', 'been', 'the', 'si@@', 'ze', 'of', 'the', 'lo@@', 'wer', '4@@', '8', 'st@@', 'ates', ',', 'has', 'sh@@', 'r@@', 'un@@', 'k', 'by', '4@@', '0', 'percent', '.']
2026-05-27 22:44:08,208 - DEBUG - joeynmt.training - 	Tokenized hypothesis: ['And', 'so', ',', 'I', '&apos;m', 'a', 'lot', 'of', 'the', 'p@@', 'oo@@', 't', 'of', 'the', 'p@@', 'oo@@', 't', 'that', 'the', 'p@@', 'oo@@', 'p', ',', 'which', 'the', 'p@@', 'oo@@', 'p', ',', 'which', 'the', 'p@@', 'oo@@', 'p', 'of', 'the', 'b@@', 'ig@@', 'ge@@', 'st', 'of', 'the', 'U@@', '.@@', 'S@@', '.', '.', '</s>']
2026-05-27 22:44:08,208 - INFO - joeynmt.training - 	Source:     Vorig jaar liet ik deze twee dia &apos; s zien om aan te tonen dat de poolijskap , die de afgelopen drie miljoen jaar ongeveer de grootte had van het vasteland van de VS , met 40 % gekrompen was .
2026-05-27 22:44:08,208 - INFO - joeynmt.training - 	Reference:  Last year I showed these two slides so that demonstrate that the arctic ice cap , which for most of the last three million years has been the size of the lower 48 states , has shrunk by 40 percent .
2026-05-27 22:44:08,208 - INFO - joeynmt.training - 	Hypothesis: And so , I &apos;m a lot of the poot of the poot that the poop , which the poop , which the poop of the biggest of the U.S. .
2026-05-27 22:44:08,208 - INFO - joeynmt.training - Example #1
2026-05-27 22:44:08,208 - DEBUG - joeynmt.training - 	Tokenized source:     ['Maar', 'dit', 'onder@@', 'sch@@', 'at', 'eigenlijk', 'de', 'er@@', 'n@@', 'st', 'van', 'dit', 'speci@@', 'f@@', 'ieke', 'probleem', 'omdat', 'het', 'niet', 'de', 'di@@', 'kte', 'van', 'het', 'ij@@', 's', 'laat', 'zien', '.']
2026-05-27 22:44:08,208 - DEBUG - joeynmt.training - 	Tokenized reference:  ['But', 'this', 'under@@', 'st@@', 'ates', 'the', 'ser@@', 'i@@', 'ous@@', 'ness', 'of', 'this', 'parti@@', 'cu@@', 'lar', 'problem', 'because', 'it', 'doesn', '&apos;t', 'show', 'the', 'th@@', 'ic@@', 'k@@', 'ness', 'of', 'the', 'ice', '.']
2026-05-27 22:44:08,208 - DEBUG - joeynmt.training - 	Tokenized hypothesis: ['But', 'this', 'thing', 'is', 'actually', 'the', 'n@@', 'ight', 'of', 'this', 'speci@@', 'f@@', 'ic', 'problem', 'because', 'it', '&apos;s', 'not', 'the', 'di@@', 'ed', 'of', 'the', 'di@@', 's@@', 'een', '.', '</s>']
2026-05-27 22:44:08,209 - INFO - joeynmt.training - 	Source:     Maar dit onderschat eigenlijk de ernst van dit specifieke probleem omdat het niet de dikte van het ijs laat zien .
2026-05-27 22:44:08,209 - INFO - joeynmt.training - 	Reference:  But this understates the seriousness of this particular problem because it doesn &apos;t show the thickness of the ice .
2026-05-27 22:44:08,209 - INFO - joeynmt.training - 	Hypothesis: But this thing is actually the night of this specific problem because it &apos;s not the died of the diseen .
2026-05-27 22:44:08,209 - INFO - joeynmt.training - Example #2
2026-05-27 22:44:08,209 - DEBUG - joeynmt.training - 	Tokenized source:     ['De', 'ij@@', 'sk@@', 'a@@', 'p', 'op', 'de', 'N@@', 'oor@@', 'd@@', 'p@@', 'ool', 'is', 'in', 'ze@@', 'k@@', 'ere', 'z@@', 'in', 'het', 'kl@@', 'op@@', 'p@@', 'end', 'har@@', 't', 'van', 'ons', 'glob@@', 'aal', 'k@@', 'li@@', 'ma@@', 'at@@', 'systeem', '.']
2026-05-27 22:44:08,209 - DEBUG - joeynmt.training - 	Tokenized reference:  ['The', 'ar@@', 'c@@', 'ti@@', 'c', 'ice', 'ca@@', 'p', 'is', ',', 'in', 'a', 'sense', ',', 'the', 'be@@', 'ating', 'he@@', 'art', 'of', 'the', 'glob@@', 'al', 'c@@', 'lim@@', 'ate', 'system', '.']
2026-05-27 22:44:08,209 - DEBUG - joeynmt.training - 	Tokenized hypothesis: ['The', 'sk@@', 'in', 'the', 'N@@', 'or@@', 'th', 'is', 'in', 'the', 'N@@', 'or@@', 'd@@', 'ge', 'is', 'in', 'a', 's@@', 'ing@@', 'le', 'c@@', 'lim@@', 'ate', 'of', 'us', ',', 'the', 'glob@@', 'al', 'system', '.', '</s>']
2026-05-27 22:44:08,209 - INFO - joeynmt.training - 	Source:     De ijskap op de Noordpool is in zekere zin het kloppend hart van ons globaal klimaatsysteem .
2026-05-27 22:44:08,209 - INFO - joeynmt.training - 	Reference:  The arctic ice cap is , in a sense , the beating heart of the global climate system .
2026-05-27 22:44:08,209 - INFO - joeynmt.training - 	Hypothesis: The skin the North is in the Nordge is in a single climate of us , the global system .
2026-05-27 22:44:08,209 - INFO - joeynmt.training - Example #3
2026-05-27 22:44:08,209 - DEBUG - joeynmt.training - 	Tokenized source:     ['Het', 'z@@', 'et', 'uit', 'in', 'de', 'win@@', 'ter', 'en', 'k@@', 'ri@@', 'mp@@', 't', 'in', 'de', 'z@@', 'om@@', 'er', '.']
2026-05-27 22:44:08,209 - DEBUG - joeynmt.training - 	Tokenized reference:  ['It', 'exp@@', 'and@@', 's', 'in', 'win@@', 'ter', 'and', 'con@@', 'tr@@', 'ac@@', 'ts', 'in', 'su@@', 'mm@@', 'er', '.']
2026-05-27 22:44:08,209 - DEBUG - joeynmt.training - 	Tokenized hypothesis: ['It', '&apos;s', 'a', 's@@', 'ing@@', 'le', 'in', 'the', 'w@@', 'ri@@', 'mp@@', 't', ',', 'and', 'c@@', 'ri@@', 'mp@@', 'er', '.', '</s>']
2026-05-27 22:44:08,209 - INFO - joeynmt.training - 	Source:     Het zet uit in de winter en krimpt in de zomer .
2026-05-27 22:44:08,209 - INFO - joeynmt.training - 	Reference:  It expands in winter and contracts in summer .
2026-05-27 22:44:08,209 - INFO - joeynmt.training - 	Hypothesis: It &apos;s a single in the wrimpt , and crimper .
2026-05-27 22:44:08,209 - INFO - joeynmt.training - Example #4
2026-05-27 22:44:08,210 - DEBUG - joeynmt.training - 	Tokenized source:     ['De', 'volgende', 'dia', 'die', 'ik', 'laat', 'zien', 'is', 'een', 'vers@@', 'n@@', 'el@@', 'de', 'ver@@', 'sie', 'van', 'wat', 'er', 'de', 'af@@', 'gel@@', 'open', '2@@', '5', 'jaar', 'is', 'gebeur@@', 'd', '.']
2026-05-27 22:44:08,210 - DEBUG - joeynmt.training - 	Tokenized reference:  ['The', 'next', 'sli@@', 'de', 'I', 'show', 'you', 'will', 'be', 'a', 'r@@', 'ap@@', 'id', 'fa@@', 'st@@', '-@@', 'for@@', 'ward', 'of', 'what', '&apos;s', 'happened', 'over', 'the', 'last', '2@@', '5', 'years', '.']
2026-05-27 22:44:08,210 - DEBUG - joeynmt.training - 	Tokenized hypothesis: ['The', 'next', 'thing', 'I', '&apos;m', 'going', 'to', 'see', 'a', 'vers@@', 'ation', 'of', 'what', 'I', '&apos;m', 'going', 'to', 'see', 'the', 'last', '2@@', '5', 'years', '.', '</s>']
2026-05-27 22:44:08,210 - INFO - joeynmt.training - 	Source:     De volgende dia die ik laat zien is een versnelde versie van wat er de afgelopen 25 jaar is gebeurd .
2026-05-27 22:44:08,210 - INFO - joeynmt.training - 	Reference:  The next slide I show you will be a rapid fast-forward of what &apos;s happened over the last 25 years .
2026-05-27 22:44:08,210 - INFO - joeynmt.training - 	Hypothesis: The next thing I &apos;m going to see a versation of what I &apos;m going to see the last 25 years .
2026-05-27 22:44:20,897 - INFO - joeynmt.training - Epoch   1, Step:     3100, Batch Loss:     2.168368, Batch Acc: 0.429055, Tokens per Sec:     5982, Lr: 0.000300
2026-05-27 22:44:33,767 - INFO - joeynmt.training - Epoch   1, Step:     3200, Batch Loss:     2.105997, Batch Acc: 0.436594, Tokens per Sec:     5859, Lr: 0.000300
2026-05-27 22:44:46,679 - INFO - joeynmt.training - Epoch   1, Step:     3300, Batch Loss:     2.015690, Batch Acc: 0.449447, Tokens per Sec:     5818, Lr: 0.000300
2026-05-27 22:44:58,360 - INFO - joeynmt.training - Epoch   1, Step:     3400, Batch Loss:     1.895367, Batch Acc: 0.449674, Tokens per Sec:     6891, Lr: 0.000300
2026-05-27 22:45:09,836 - INFO - joeynmt.training - Epoch   1, Step:     3500, Batch Loss:     1.952438, Batch Acc: 0.451977, Tokens per Sec:     6496, Lr: 0.000300
2026-05-27 22:45:09,837 - WARNING - joeynmt.helpers - `alpha` option is obsolete. Please use `beam_alpha`, instead.
2026-05-27 22:45:09,838 - INFO - joeynmt.prediction - Predicting 1003 example(s)... (Greedy decoding with min_output_length=1, max_output_length=-1, return_prob='none', generate_unk=True, repetition_penalty=-1, no_repeat_ngram_size=-1)
2026-05-27 22:45:44,008 - INFO - joeynmt.prediction - Evaluation result (greedy) loss:   2.18, ppl:   8.86, acc:   0.40, generation: 34.1601[sec], evaluation: 0.0000[sec]
2026-05-27 22:45:44,009 - INFO - joeynmt.training - Hooray! New best validation result [ppl]!
2026-05-27 22:45:44,144 - INFO - joeynmt.helpers - delete models/tf_bpe_2000_nl_en/1000.ckpt
2026-05-27 22:45:44,145 - INFO - joeynmt.training - Example #0
2026-05-27 22:45:44,145 - DEBUG - joeynmt.training - 	Tokenized source:     ['V@@', 'or@@', 'ig', 'jaar', 'li@@', 'et', 'ik', 'deze', 'twee', 'dia', '&apos;', 's', 'zien', 'om', 'aan', 'te', 't@@', 'onen', 'dat', 'de', 'p@@', 'oo@@', 'lij@@', 'sk@@', 'a@@', 'p', ',', 'die', 'de', 'af@@', 'gel@@', 'open', 'drie', 'miljoen', 'jaar', 'ongeveer', 'de', 'groot@@', 'te', 'had', 'van', 'het', 'va@@', 'stel@@', 'and', 'van', 'de', 'V@@', 'S', ',', 'met', '4@@', '0', '%', 'ge@@', 'k@@', 'r@@', 'om@@', 'pen', 'was', '.']
2026-05-27 22:45:44,145 - DEBUG - joeynmt.training - 	Tokenized reference:  ['La@@', 'st', 'year', 'I', 'sho@@', 'w@@', 'ed', 'these', 'two', 'sli@@', 'des', 'so', 'that', 'de@@', 'mon@@', 'str@@', 'ate', 'that', 'the', 'ar@@', 'c@@', 'ti@@', 'c', 'ice', 'ca@@', 'p', ',', 'which', 'for', 'most', 'of', 'the', 'last', 'three', 'million', 'years', 'has', 'been', 'the', 'si@@', 'ze', 'of', 'the', 'lo@@', 'wer', '4@@', '8', 'st@@', 'ates', ',', 'has', 'sh@@', 'r@@', 'un@@', 'k', 'by', '4@@', '0', 'percent', '.']
2026-05-27 22:45:44,145 - DEBUG - joeynmt.training - 	Tokenized hypothesis: ['V@@', 'or@@', 'y', 'year', 'I', '&apos;m', 'going', 'to', 'show', 'these', 'two', 'dia', ',', 'to', 'show', 'you', 'to', 'show', 'that', 'the', 'p@@', 'oo@@', 'ls', ',', 'which', 'the', 'last', 'three', 'million', 'years', 'of', 'the', 'b@@', 'ir@@', 'l', 'of', 'the', 'lar@@', 'ge@@', 'st@@', '-@@', 'old', 'old', 'old', 'of', 'the', 'U@@', '.@@', '4@@', '0', 'percent', 'of', 'the', 'U@@', '.@@', '4@@', '0', 'percent', '.', '</s>']
2026-05-27 22:45:44,145 - INFO - joeynmt.training - 	Source:     Vorig jaar liet ik deze twee dia &apos; s zien om aan te tonen dat de poolijskap , die de afgelopen drie miljoen jaar ongeveer de grootte had van het vasteland van de VS , met 40 % gekrompen was .
2026-05-27 22:45:44,145 - INFO - joeynmt.training - 	Reference:  Last year I showed these two slides so that demonstrate that the arctic ice cap , which for most of the last three million years has been the size of the lower 48 states , has shrunk by 40 percent .
2026-05-27 22:45:44,145 - INFO - joeynmt.training - 	Hypothesis: Vory year I &apos;m going to show these two dia , to show you to show that the pools , which the last three million years of the birl of the largest-old old old of the U.40 percent of the U.40 percent .
2026-05-27 22:45:44,145 - INFO - joeynmt.training - Example #1
2026-05-27 22:45:44,145 - DEBUG - joeynmt.training - 	Tokenized source:     ['Maar', 'dit', 'onder@@', 'sch@@', 'at', 'eigenlijk', 'de', 'er@@', 'n@@', 'st', 'van', 'dit', 'speci@@', 'f@@', 'ieke', 'probleem', 'omdat', 'het', 'niet', 'de', 'di@@', 'kte', 'van', 'het', 'ij@@', 's', 'laat', 'zien', '.']
2026-05-27 22:45:44,145 - DEBUG - joeynmt.training - 	Tokenized reference:  ['But', 'this', 'under@@', 'st@@', 'ates', 'the', 'ser@@', 'i@@', 'ous@@', 'ness', 'of', 'this', 'parti@@', 'cu@@', 'lar', 'problem', 'because', 'it', 'doesn', '&apos;t', 'show', 'the', 'th@@', 'ic@@', 'k@@', 'ness', 'of', 'the', 'ice', '.']
2026-05-27 22:45:44,145 - DEBUG - joeynmt.training - 	Tokenized hypothesis: ['But', 'this', 'is', 'actually', ',', 'the', 'n@@', 'ight', 'of', 'this', 'speci@@', 'f@@', 'ic', 'problem', 'of', 'this', 'speci@@', 'f@@', 'ic', 'problem', '.', '</s>']
2026-05-27 22:45:44,146 - INFO - joeynmt.training - 	Source:     Maar dit onderschat eigenlijk de ernst van dit specifieke probleem omdat het niet de dikte van het ijs laat zien .
2026-05-27 22:45:44,146 - INFO - joeynmt.training - 	Reference:  But this understates the seriousness of this particular problem because it doesn &apos;t show the thickness of the ice .
2026-05-27 22:45:44,146 - INFO - joeynmt.training - 	Hypothesis: But this is actually , the night of this specific problem of this specific problem .
2026-05-27 22:45:44,146 - INFO - joeynmt.training - Example #2
2026-05-27 22:45:44,146 - DEBUG - joeynmt.training - 	Tokenized source:     ['De', 'ij@@', 'sk@@', 'a@@', 'p', 'op', 'de', 'N@@', 'oor@@', 'd@@', 'p@@', 'ool', 'is', 'in', 'ze@@', 'k@@', 'ere', 'z@@', 'in', 'het', 'kl@@', 'op@@', 'p@@', 'end', 'har@@', 't', 'van', 'ons', 'glob@@', 'aal', 'k@@', 'li@@', 'ma@@', 'at@@', 'systeem', '.']
2026-05-27 22:45:44,146 - DEBUG - joeynmt.training - 	Tokenized reference:  ['The', 'ar@@', 'c@@', 'ti@@', 'c', 'ice', 'ca@@', 'p', 'is', ',', 'in', 'a', 'sense', ',', 'the', 'be@@', 'ating', 'he@@', 'art', 'of', 'the', 'glob@@', 'al', 'c@@', 'lim@@', 'ate', 'system', '.']
2026-05-27 22:45:44,146 - DEBUG - joeynmt.training - 	Tokenized hypothesis: ['The', 'a@@', 'p', 'on', 'the', 'N@@', 'or@@', 'th', 'p@@', 'ool', 'is', 'in', 'the', 'N@@', 'or@@', 'th', 'of', 'a', 's@@', 'ing@@', 'le', 'in', 'the', 's@@', 'ou@@', 'th', 'of', 'us', ',', 'and', 'the', 'glob@@', 'al', 'system', '.', '</s>']
2026-05-27 22:45:44,146 - INFO - joeynmt.training - 	Source:     De ijskap op de Noordpool is in zekere zin het kloppend hart van ons globaal klimaatsysteem .
2026-05-27 22:45:44,146 - INFO - joeynmt.training - 	Reference:  The arctic ice cap is , in a sense , the beating heart of the global climate system .
2026-05-27 22:45:44,146 - INFO - joeynmt.training - 	Hypothesis: The ap on the North pool is in the North of a single in the south of us , and the global system .
2026-05-27 22:45:44,146 - INFO - joeynmt.training - Example #3
2026-05-27 22:45:44,146 - DEBUG - joeynmt.training - 	Tokenized source:     ['Het', 'z@@', 'et', 'uit', 'in', 'de', 'win@@', 'ter', 'en', 'k@@', 'ri@@', 'mp@@', 't', 'in', 'de', 'z@@', 'om@@', 'er', '.']
2026-05-27 22:45:44,146 - DEBUG - joeynmt.training - 	Tokenized reference:  ['It', 'exp@@', 'and@@', 's', 'in', 'win@@', 'ter', 'and', 'con@@', 'tr@@', 'ac@@', 'ts', 'in', 'su@@', 'mm@@', 'er', '.']
2026-05-27 22:45:44,146 - DEBUG - joeynmt.training - 	Tokenized hypothesis: ['It', '&apos;s', 'just', 'like', 'the', 'win@@', 'ter', 'and', 'c@@', 'ri@@', 'mp@@', 't', 'in', 'the', 's@@', 'oon', '.', '</s>']
2026-05-27 22:45:44,146 - INFO - joeynmt.training - 	Source:     Het zet uit in de winter en krimpt in de zomer .
2026-05-27 22:45:44,147 - INFO - joeynmt.training - 	Reference:  It expands in winter and contracts in summer .
2026-05-27 22:45:44,147 - INFO - joeynmt.training - 	Hypothesis: It &apos;s just like the winter and crimpt in the soon .
2026-05-27 22:45:44,147 - INFO - joeynmt.training - Example #4
2026-05-27 22:45:44,147 - DEBUG - joeynmt.training - 	Tokenized source:     ['De', 'volgende', 'dia', 'die', 'ik', 'laat', 'zien', 'is', 'een', 'vers@@', 'n@@', 'el@@', 'de', 'ver@@', 'sie', 'van', 'wat', 'er', 'de', 'af@@', 'gel@@', 'open', '2@@', '5', 'jaar', 'is', 'gebeur@@', 'd', '.']
2026-05-27 22:45:44,147 - DEBUG - joeynmt.training - 	Tokenized reference:  ['The', 'next', 'sli@@', 'de', 'I', 'show', 'you', 'will', 'be', 'a', 'r@@', 'ap@@', 'id', 'fa@@', 'st@@', '-@@', 'for@@', 'ward', 'of', 'what', '&apos;s', 'happened', 'over', 'the', 'last', '2@@', '5', 'years', '.']
2026-05-27 22:45:44,147 - DEBUG - joeynmt.training - 	Tokenized hypothesis: ['The', 'next', 'thing', 'I', '&apos;m', 'going', 'to', 'see', 'is', 'a', 'vers@@', 'us', ',', 'a', 'vers@@', 'us', 'of', 'what', 'the', 'last', '2@@', '5', 'years', '.', '</s>']
2026-05-27 22:45:44,147 - INFO - joeynmt.training - 	Source:     De volgende dia die ik laat zien is een versnelde versie van wat er de afgelopen 25 jaar is gebeurd .
2026-05-27 22:45:44,147 - INFO - joeynmt.training - 	Reference:  The next slide I show you will be a rapid fast-forward of what &apos;s happened over the last 25 years .
2026-05-27 22:45:44,147 - INFO - joeynmt.training - 	Hypothesis: The next thing I &apos;m going to see is a versus , a versus of what the last 25 years .
2026-05-27 22:45:55,478 - INFO - joeynmt.training - Epoch   1, Step:     3600, Batch Loss:     1.837722, Batch Acc: 0.459015, Tokens per Sec:     6483, Lr: 0.000300
2026-05-27 22:46:08,001 - INFO - joeynmt.training - Epoch   1, Step:     3700, Batch Loss:     2.057876, Batch Acc: 0.457623, Tokens per Sec:     6023, Lr: 0.000300
2026-05-27 22:46:21,272 - INFO - joeynmt.training - Epoch   1, Step:     3800, Batch Loss:     1.909440, Batch Acc: 0.465965, Tokens per Sec:     5713, Lr: 0.000300
2026-05-27 22:46:29,746 - INFO - joeynmt.training - Epoch   1: total training loss 9948.46
2026-05-27 22:46:29,747 - INFO - joeynmt.training - EPOCH 2
2026-05-27 22:46:33,335 - INFO - joeynmt.training - Epoch   2, Step:     3900, Batch Loss:     1.939526, Batch Acc: 0.478776, Tokens per Sec:     5595, Lr: 0.000300
2026-05-27 22:46:46,078 - INFO - joeynmt.training - Epoch   2, Step:     4000, Batch Loss:     1.649467, Batch Acc: 0.480671, Tokens per Sec:     5983, Lr: 0.000300
2026-05-27 22:46:46,079 - WARNING - joeynmt.helpers - `alpha` option is obsolete. Please use `beam_alpha`, instead.
2026-05-27 22:46:46,079 - INFO - joeynmt.prediction - Predicting 1003 example(s)... (Greedy decoding with min_output_length=1, max_output_length=-1, return_prob='none', generate_unk=True, repetition_penalty=-1, no_repeat_ngram_size=-1)
2026-05-27 22:47:12,739 - INFO - joeynmt.prediction - Evaluation result (greedy) loss:   2.12, ppl:   8.35, acc:   0.41, generation: 26.6466[sec], evaluation: 0.0000[sec]
2026-05-27 22:47:12,740 - INFO - joeynmt.training - Hooray! New best validation result [ppl]!
2026-05-27 22:47:12,884 - INFO - joeynmt.helpers - delete models/tf_bpe_2000_nl_en/1500.ckpt
2026-05-27 22:47:12,886 - INFO - joeynmt.training - Example #0
2026-05-27 22:47:12,886 - DEBUG - joeynmt.training - 	Tokenized source:     ['V@@', 'or@@', 'ig', 'jaar', 'li@@', 'et', 'ik', 'deze', 'twee', 'dia', '&apos;', 's', 'zien', 'om', 'aan', 'te', 't@@', 'onen', 'dat', 'de', 'p@@', 'oo@@', 'lij@@', 'sk@@', 'a@@', 'p', ',', 'die', 'de', 'af@@', 'gel@@', 'open', 'drie', 'miljoen', 'jaar', 'ongeveer', 'de', 'groot@@', 'te', 'had', 'van', 'het', 'va@@', 'stel@@', 'and', 'van', 'de', 'V@@', 'S', ',', 'met', '4@@', '0', '%', 'ge@@', 'k@@', 'r@@', 'om@@', 'pen', 'was', '.']
2026-05-27 22:47:12,886 - DEBUG - joeynmt.training - 	Tokenized reference:  ['La@@', 'st', 'year', 'I', 'sho@@', 'w@@', 'ed', 'these', 'two', 'sli@@', 'des', 'so', 'that', 'de@@', 'mon@@', 'str@@', 'ate', 'that', 'the', 'ar@@', 'c@@', 'ti@@', 'c', 'ice', 'ca@@', 'p', ',', 'which', 'for', 'most', 'of', 'the', 'last', 'three', 'million', 'years', 'has', 'been', 'the', 'si@@', 'ze', 'of', 'the', 'lo@@', 'wer', '4@@', '8', 'st@@', 'ates', ',', 'has', 'sh@@', 'r@@', 'un@@', 'k', 'by', '4@@', '0', 'percent', '.']
2026-05-27 22:47:12,886 - DEBUG - joeynmt.training - 	Tokenized hypothesis: ['And', 'so', 'I', '&apos;m', 'going', 'to', 'show', 'this', 'two', 'dia', 'dia', ',', 'to', 'show', 'you', 'that', 'the', 'p@@', 'oo@@', 'f', 'of', 'the', 'p@@', 'oo@@', 'p', ',', 'who', 'was', 'the', 'last', 'three', 'million', 'years', 'of', 'the', 'b@@', 'ig@@', 'ge@@', '-@@', 'three', 'million', 'years', 'of', 'the', 'U@@', 'n@@', 'ited', 'St@@', 'ates', ',', '4@@', '0', 'percent', 'of', 'the', 'U@@', '.@@', 'S@@', '.', '</s>']
2026-05-27 22:47:12,886 - INFO - joeynmt.training - 	Source:     Vorig jaar liet ik deze twee dia &apos; s zien om aan te tonen dat de poolijskap , die de afgelopen drie miljoen jaar ongeveer de grootte had van het vasteland van de VS , met 40 % gekrompen was .
2026-05-27 22:47:12,886 - INFO - joeynmt.training - 	Reference:  Last year I showed these two slides so that demonstrate that the arctic ice cap , which for most of the last three million years has been the size of the lower 48 states , has shrunk by 40 percent .
2026-05-27 22:47:12,886 - INFO - joeynmt.training - 	Hypothesis: And so I &apos;m going to show this two dia dia , to show you that the poof of the poop , who was the last three million years of the bigge-three million years of the United States , 40 percent of the U.S.
2026-05-27 22:47:12,886 - INFO - joeynmt.training - Example #1
2026-05-27 22:47:12,886 - DEBUG - joeynmt.training - 	Tokenized source:     ['Maar', 'dit', 'onder@@', 'sch@@', 'at', 'eigenlijk', 'de', 'er@@', 'n@@', 'st', 'van', 'dit', 'speci@@', 'f@@', 'ieke', 'probleem', 'omdat', 'het', 'niet', 'de', 'di@@', 'kte', 'van', 'het', 'ij@@', 's', 'laat', 'zien', '.']
2026-05-27 22:47:12,886 - DEBUG - joeynmt.training - 	Tokenized reference:  ['But', 'this', 'under@@', 'st@@', 'ates', 'the', 'ser@@', 'i@@', 'ous@@', 'ness', 'of', 'this', 'parti@@', 'cu@@', 'lar', 'problem', 'because', 'it', 'doesn', '&apos;t', 'show', 'the', 'th@@', 'ic@@', 'k@@', 'ness', 'of', 'the', 'ice', '.']
2026-05-27 22:47:12,886 - DEBUG - joeynmt.training - 	Tokenized hypothesis: ['But', 'this', 'e@@', 'qu@@', 'al', 'ex@@', 'tre@@', 'm@@', 'ely', 'the', 'er@@', 'n@@', 'st', 'of', 'this', 'speci@@', 'f@@', 'ic', 'problem', 'because', 'it', '&apos;s', 'not', 'the', 'di@@', 'st@@', 'ate', '.', '</s>']
2026-05-27 22:47:12,887 - INFO - joeynmt.training - 	Source:     Maar dit onderschat eigenlijk de ernst van dit specifieke probleem omdat het niet de dikte van het ijs laat zien .
2026-05-27 22:47:12,887 - INFO - joeynmt.training - 	Reference:  But this understates the seriousness of this particular problem because it doesn &apos;t show the thickness of the ice .
2026-05-27 22:47:12,887 - INFO - joeynmt.training - 	Hypothesis: But this equal extremely the ernst of this specific problem because it &apos;s not the distate .
2026-05-27 22:47:12,887 - INFO - joeynmt.training - Example #2
2026-05-27 22:47:12,887 - DEBUG - joeynmt.training - 	Tokenized source:     ['De', 'ij@@', 'sk@@', 'a@@', 'p', 'op', 'de', 'N@@', 'oor@@', 'd@@', 'p@@', 'ool', 'is', 'in', 'ze@@', 'k@@', 'ere', 'z@@', 'in', 'het', 'kl@@', 'op@@', 'p@@', 'end', 'har@@', 't', 'van', 'ons', 'glob@@', 'aal', 'k@@', 'li@@', 'ma@@', 'at@@', 'systeem', '.']
2026-05-27 22:47:12,887 - DEBUG - joeynmt.training - 	Tokenized reference:  ['The', 'ar@@', 'c@@', 'ti@@', 'c', 'ice', 'ca@@', 'p', 'is', ',', 'in', 'a', 'sense', ',', 'the', 'be@@', 'ating', 'he@@', 'art', 'of', 'the', 'glob@@', 'al', 'c@@', 'lim@@', 'ate', 'system', '.']
2026-05-27 22:47:12,887 - DEBUG - joeynmt.training - 	Tokenized hypothesis: ['The', 'sk@@', 'y', 'on', 'the', 'N@@', 'or@@', 'th', 'p@@', 'ool', 'is', 'in', 'the', 'N@@', 'or@@', 'th', 'p@@', 'ool', 'in', 'the', 's@@', 'cre@@', 'ated', ',', 'in', 'the', 'r@@', 'oom', 'of', 'our', 'glob@@', 'al', 'c@@', 'lim@@', 'ate', 'system', '.', '</s>']
2026-05-27 22:47:12,887 - INFO - joeynmt.training - 	Source:     De ijskap op de Noordpool is in zekere zin het kloppend hart van ons globaal klimaatsysteem .
2026-05-27 22:47:12,887 - INFO - joeynmt.training - 	Reference:  The arctic ice cap is , in a sense , the beating heart of the global climate system .
2026-05-27 22:47:12,887 - INFO - joeynmt.training - 	Hypothesis: The sky on the North pool is in the North pool in the screated , in the room of our global climate system .
2026-05-27 22:47:12,887 - INFO - joeynmt.training - Example #3
2026-05-27 22:47:12,887 - DEBUG - joeynmt.training - 	Tokenized source:     ['Het', 'z@@', 'et', 'uit', 'in', 'de', 'win@@', 'ter', 'en', 'k@@', 'ri@@', 'mp@@', 't', 'in', 'de', 'z@@', 'om@@', 'er', '.']
2026-05-27 22:47:12,887 - DEBUG - joeynmt.training - 	Tokenized reference:  ['It', 'exp@@', 'and@@', 's', 'in', 'win@@', 'ter', 'and', 'con@@', 'tr@@', 'ac@@', 'ts', 'in', 'su@@', 'mm@@', 'er', '.']
2026-05-27 22:47:12,887 - DEBUG - joeynmt.training - 	Tokenized hypothesis: ['It', '&apos;s', 'called', 'the', 'w@@', 'ind', 'and', 'c@@', 'ri@@', 'mp@@', 't', 'in', 'the', 'w@@', 'ind', 'and', 'c@@', 'ri@@', 'mp@@', 't', 'in', 'the', 's@@', 'ing@@', 'er', '.', '</s>']
2026-05-27 22:47:12,887 - INFO - joeynmt.training - 	Source:     Het zet uit in de winter en krimpt in de zomer .
2026-05-27 22:47:12,887 - INFO - joeynmt.training - 	Reference:  It expands in winter and contracts in summer .
2026-05-27 22:47:12,887 - INFO - joeynmt.training - 	Hypothesis: It &apos;s called the wind and crimpt in the wind and crimpt in the singer .
2026-05-27 22:47:12,887 - INFO - joeynmt.training - Example #4
2026-05-27 22:47:12,888 - DEBUG - joeynmt.training - 	Tokenized source:     ['De', 'volgende', 'dia', 'die', 'ik', 'laat', 'zien', 'is', 'een', 'vers@@', 'n@@', 'el@@', 'de', 'ver@@', 'sie', 'van', 'wat', 'er', 'de', 'af@@', 'gel@@', 'open', '2@@', '5', 'jaar', 'is', 'gebeur@@', 'd', '.']
2026-05-27 22:47:12,888 - DEBUG - joeynmt.training - 	Tokenized reference:  ['The', 'next', 'sli@@', 'de', 'I', 'show', 'you', 'will', 'be', 'a', 'r@@', 'ap@@', 'id', 'fa@@', 'st@@', '-@@', 'for@@', 'ward', 'of', 'what', '&apos;s', 'happened', 'over', 'the', 'last', '2@@', '5', 'years', '.']
2026-05-27 22:47:12,888 - DEBUG - joeynmt.training - 	Tokenized hypothesis: ['The', 'next', 'dia', 'I', '&apos;m', 'going', 'to', 'show', 'this', 'is', 'a', 'vers@@', 'ation', 'of', 'what', '&apos;s', 'the', 'last', '2@@', '5', 'years', '.', '</s>']
2026-05-27 22:47:12,888 - INFO - joeynmt.training - 	Source:     De volgende dia die ik laat zien is een versnelde versie van wat er de afgelopen 25 jaar is gebeurd .
2026-05-27 22:47:12,888 - INFO - joeynmt.training - 	Reference:  The next slide I show you will be a rapid fast-forward of what &apos;s happened over the last 25 years .
2026-05-27 22:47:12,888 - INFO - joeynmt.training - 	Hypothesis: The next dia I &apos;m going to show this is a versation of what &apos;s the last 25 years .
2026-05-27 22:47:24,901 - INFO - joeynmt.training - Epoch   2, Step:     4100, Batch Loss:     1.861891, Batch Acc: 0.489218, Tokens per Sec:     6238, Lr: 0.000300
2026-05-27 22:47:37,043 - INFO - joeynmt.training - Epoch   2, Step:     4200, Batch Loss:     1.900100, Batch Acc: 0.485791, Tokens per Sec:     6313, Lr: 0.000300
2026-05-27 22:47:49,494 - INFO - joeynmt.training - Epoch   2, Step:     4300, Batch Loss:     1.908176, Batch Acc: 0.490113, Tokens per Sec:     6023, Lr: 0.000300
2026-05-27 22:48:01,061 - INFO - joeynmt.training - Epoch   2, Step:     4400, Batch Loss:     1.730412, Batch Acc: 0.489975, Tokens per Sec:     6494, Lr: 0.000300
2026-05-27 22:48:13,471 - INFO - joeynmt.training - Epoch   2, Step:     4500, Batch Loss:     1.791028, Batch Acc: 0.490568, Tokens per Sec:     6207, Lr: 0.000300
2026-05-27 22:48:13,472 - WARNING - joeynmt.helpers - `alpha` option is obsolete. Please use `beam_alpha`, instead.
2026-05-27 22:48:13,473 - INFO - joeynmt.prediction - Predicting 1003 example(s)... (Greedy decoding with min_output_length=1, max_output_length=-1, return_prob='none', generate_unk=True, repetition_penalty=-1, no_repeat_ngram_size=-1)
2026-05-27 22:48:47,196 - INFO - joeynmt.prediction - Evaluation result (greedy) loss:   2.08, ppl:   8.04, acc:   0.42, generation: 33.7131[sec], evaluation: 0.0000[sec]
2026-05-27 22:48:47,200 - INFO - joeynmt.training - Hooray! New best validation result [ppl]!
2026-05-27 22:48:47,323 - INFO - joeynmt.helpers - delete models/tf_bpe_2000_nl_en/2000.ckpt
2026-05-27 22:48:47,325 - INFO - joeynmt.training - Example #0
2026-05-27 22:48:47,325 - DEBUG - joeynmt.training - 	Tokenized source:     ['V@@', 'or@@', 'ig', 'jaar', 'li@@', 'et', 'ik', 'deze', 'twee', 'dia', '&apos;', 's', 'zien', 'om', 'aan', 'te', 't@@', 'onen', 'dat', 'de', 'p@@', 'oo@@', 'lij@@', 'sk@@', 'a@@', 'p', ',', 'die', 'de', 'af@@', 'gel@@', 'open', 'drie', 'miljoen', 'jaar', 'ongeveer', 'de', 'groot@@', 'te', 'had', 'van', 'het', 'va@@', 'stel@@', 'and', 'van', 'de', 'V@@', 'S', ',', 'met', '4@@', '0', '%', 'ge@@', 'k@@', 'r@@', 'om@@', 'pen', 'was', '.']
2026-05-27 22:48:47,325 - DEBUG - joeynmt.training - 	Tokenized reference:  ['La@@', 'st', 'year', 'I', 'sho@@', 'w@@', 'ed', 'these', 'two', 'sli@@', 'des', 'so', 'that', 'de@@', 'mon@@', 'str@@', 'ate', 'that', 'the', 'ar@@', 'c@@', 'ti@@', 'c', 'ice', 'ca@@', 'p', ',', 'which', 'for', 'most', 'of', 'the', 'last', 'three', 'million', 'years', 'has', 'been', 'the', 'si@@', 'ze', 'of', 'the', 'lo@@', 'wer', '4@@', '8', 'st@@', 'ates', ',', 'has', 'sh@@', 'r@@', 'un@@', 'k', 'by', '4@@', '0', 'percent', '.']
2026-05-27 22:48:47,325 - DEBUG - joeynmt.training - 	Tokenized hypothesis: ['And', 'I', '&apos;m', 'going', 'to', 'show', 'these', 'two', 'dia', 'dia', 'dia', 'to', 'show', 'you', 'that', 'the', 'p@@', 'oo@@', 'ls', 'that', 'the', 'p@@', 'oo@@', 'ls', ',', 'which', 'the', 'last', 'three', 'million', 'years', 'of', 'the', 'b@@', 'ig@@', 'ge@@', 'st', 'of', 'the', 'U@@', 'n@@', 'ited', 'St@@', 'ates', ',', 'with', '4@@', '0', 'percent', 'of', 'the', 'U@@', 'n@@', 'ited', 'St@@', 'ates', ',', 'with', '4@@', '0', 'percent', '.', '</s>']
2026-05-27 22:48:47,326 - INFO - joeynmt.training - 	Source:     Vorig jaar liet ik deze twee dia &apos; s zien om aan te tonen dat de poolijskap , die de afgelopen drie miljoen jaar ongeveer de grootte had van het vasteland van de VS , met 40 % gekrompen was .
2026-05-27 22:48:47,326 - INFO - joeynmt.training - 	Reference:  Last year I showed these two slides so that demonstrate that the arctic ice cap , which for most of the last three million years has been the size of the lower 48 states , has shrunk by 40 percent .
2026-05-27 22:48:47,326 - INFO - joeynmt.training - 	Hypothesis: And I &apos;m going to show these two dia dia dia to show you that the pools that the pools , which the last three million years of the biggest of the United States , with 40 percent of the United States , with 40 percent .
2026-05-27 22:48:47,326 - INFO - joeynmt.training - Example #1
2026-05-27 22:48:47,326 - DEBUG - joeynmt.training - 	Tokenized source:     ['Maar', 'dit', 'onder@@', 'sch@@', 'at', 'eigenlijk', 'de', 'er@@', 'n@@', 'st', 'van', 'dit', 'speci@@', 'f@@', 'ieke', 'probleem', 'omdat', 'het', 'niet', 'de', 'di@@', 'kte', 'van', 'het', 'ij@@', 's', 'laat', 'zien', '.']
2026-05-27 22:48:47,326 - DEBUG - joeynmt.training - 	Tokenized reference:  ['But', 'this', 'under@@', 'st@@', 'ates', 'the', 'ser@@', 'i@@', 'ous@@', 'ness', 'of', 'this', 'parti@@', 'cu@@', 'lar', 'problem', 'because', 'it', 'doesn', '&apos;t', 'show', 'the', 'th@@', 'ic@@', 'k@@', 'ness', 'of', 'the', 'ice', '.']
2026-05-27 22:48:47,326 - DEBUG - joeynmt.training - 	Tokenized hypothesis: ['But', 'this', 'is', 'actually', 'actually', 'the', 'n@@', 'st', 'of', 'this', 'speci@@', 'f@@', 'ic', 'problem', 'because', 'it', '&apos;s', 'not', 'the', 'di@@', 'st@@', 'y@@', 'et', 'of', 'the', 'di@@', 'st@@', 'ate', '.', '</s>']
2026-05-27 22:48:47,326 - INFO - joeynmt.training - 	Source:     Maar dit onderschat eigenlijk de ernst van dit specifieke probleem omdat het niet de dikte van het ijs laat zien .
2026-05-27 22:48:47,326 - INFO - joeynmt.training - 	Reference:  But this understates the seriousness of this particular problem because it doesn &apos;t show the thickness of the ice .
2026-05-27 22:48:47,326 - INFO - joeynmt.training - 	Hypothesis: But this is actually actually the nst of this specific problem because it &apos;s not the distyet of the distate .
2026-05-27 22:48:47,326 - INFO - joeynmt.training - Example #2
2026-05-27 22:48:47,326 - DEBUG - joeynmt.training - 	Tokenized source:     ['De', 'ij@@', 'sk@@', 'a@@', 'p', 'op', 'de', 'N@@', 'oor@@', 'd@@', 'p@@', 'ool', 'is', 'in', 'ze@@', 'k@@', 'ere', 'z@@', 'in', 'het', 'kl@@', 'op@@', 'p@@', 'end', 'har@@', 't', 'van', 'ons', 'glob@@', 'aal', 'k@@', 'li@@', 'ma@@', 'at@@', 'systeem', '.']
2026-05-27 22:48:47,326 - DEBUG - joeynmt.training - 	Tokenized reference:  ['The', 'ar@@', 'c@@', 'ti@@', 'c', 'ice', 'ca@@', 'p', 'is', ',', 'in', 'a', 'sense', ',', 'the', 'be@@', 'ating', 'he@@', 'art', 'of', 'the', 'glob@@', 'al', 'c@@', 'lim@@', 'ate', 'system', '.']
2026-05-27 22:48:47,326 - DEBUG - joeynmt.training - 	Tokenized hypothesis: ['The', 'sk@@', 'il@@', 'la@@', 'p', 'on', 'the', 'N@@', 'or@@', 'th', 'is', 'in', 'the', 'N@@', 'or@@', 'th', 'is', 'in', 'the', 's@@', 'ou@@', 'th', 'of', 'our', 'glob@@', 'al', 'c@@', 'li@@', 'm@@', 'p', 'of', 'our', 'glob@@', 'al', 'system', '.', '</s>']
2026-05-27 22:48:47,327 - INFO - joeynmt.training - 	Source:     De ijskap op de Noordpool is in zekere zin het kloppend hart van ons globaal klimaatsysteem .
2026-05-27 22:48:47,327 - INFO - joeynmt.training - 	Reference:  The arctic ice cap is , in a sense , the beating heart of the global climate system .
2026-05-27 22:48:47,327 - INFO - joeynmt.training - 	Hypothesis: The skillap on the North is in the North is in the south of our global climp of our global system .
2026-05-27 22:48:47,327 - INFO - joeynmt.training - Example #3
2026-05-27 22:48:47,327 - DEBUG - joeynmt.training - 	Tokenized source:     ['Het', 'z@@', 'et', 'uit', 'in', 'de', 'win@@', 'ter', 'en', 'k@@', 'ri@@', 'mp@@', 't', 'in', 'de', 'z@@', 'om@@', 'er', '.']
2026-05-27 22:48:47,327 - DEBUG - joeynmt.training - 	Tokenized reference:  ['It', 'exp@@', 'and@@', 's', 'in', 'win@@', 'ter', 'and', 'con@@', 'tr@@', 'ac@@', 'ts', 'in', 'su@@', 'mm@@', 'er', '.']
2026-05-27 22:48:47,327 - DEBUG - joeynmt.training - 	Tokenized hypothesis: ['It', '&apos;s', 'like', 'the', 'win@@', 'ter', 'and', 'c@@', 'ri@@', 'mp@@', 'ed', 'in', 'the', 's@@', 'si@@', 've', '.', '</s>']
2026-05-27 22:48:47,327 - INFO - joeynmt.training - 	Source:     Het zet uit in de winter en krimpt in de zomer .
2026-05-27 22:48:47,327 - INFO - joeynmt.training - 	Reference:  It expands in winter and contracts in summer .
2026-05-27 22:48:47,327 - INFO - joeynmt.training - 	Hypothesis: It &apos;s like the winter and crimped in the ssive .
2026-05-27 22:48:47,327 - INFO - joeynmt.training - Example #4
2026-05-27 22:48:47,327 - DEBUG - joeynmt.training - 	Tokenized source:     ['De', 'volgende', 'dia', 'die', 'ik', 'laat', 'zien', 'is', 'een', 'vers@@', 'n@@', 'el@@', 'de', 'ver@@', 'sie', 'van', 'wat', 'er', 'de', 'af@@', 'gel@@', 'open', '2@@', '5', 'jaar', 'is', 'gebeur@@', 'd', '.']
2026-05-27 22:48:47,327 - DEBUG - joeynmt.training - 	Tokenized reference:  ['The', 'next', 'sli@@', 'de', 'I', 'show', 'you', 'will', 'be', 'a', 'r@@', 'ap@@', 'id', 'fa@@', 'st@@', '-@@', 'for@@', 'ward', 'of', 'what', '&apos;s', 'happened', 'over', 'the', 'last', '2@@', '5', 'years', '.']
2026-05-27 22:48:47,327 - DEBUG - joeynmt.training - 	Tokenized hypothesis: ['The', 'next', 'thing', 'I', '&apos;m', 'going', 'to', 'show', 'is', 'a', 'vers@@', 'ity', 'of', 'what', '&apos;s', 'the', 'last', '2@@', '5', 'years', '.', '</s>']
2026-05-27 22:48:47,327 - INFO - joeynmt.training - 	Source:     De volgende dia die ik laat zien is een versnelde versie van wat er de afgelopen 25 jaar is gebeurd .
2026-05-27 22:48:47,328 - INFO - joeynmt.training - 	Reference:  The next slide I show you will be a rapid fast-forward of what &apos;s happened over the last 25 years .
2026-05-27 22:48:47,328 - INFO - joeynmt.training - 	Hypothesis: The next thing I &apos;m going to show is a versity of what &apos;s the last 25 years .
2026-05-27 22:48:59,564 - INFO - joeynmt.training - Epoch   2, Step:     4600, Batch Loss:     1.815423, Batch Acc: 0.496135, Tokens per Sec:     6256, Lr: 0.000300
2026-05-27 22:49:12,591 - INFO - joeynmt.training - Epoch   2, Step:     4700, Batch Loss:     1.753785, Batch Acc: 0.498645, Tokens per Sec:     5808, Lr: 0.000300
2026-05-27 22:49:24,352 - INFO - joeynmt.training - Epoch   2, Step:     4800, Batch Loss:     1.867874, Batch Acc: 0.502670, Tokens per Sec:     6353, Lr: 0.000300
2026-05-27 22:49:37,233 - INFO - joeynmt.training - Epoch   2, Step:     4900, Batch Loss:     1.500459, Batch Acc: 0.499383, Tokens per Sec:     5727, Lr: 0.000300
2026-05-27 22:49:49,099 - INFO - joeynmt.training - Epoch   2, Step:     5000, Batch Loss:     1.921442, Batch Acc: 0.499557, Tokens per Sec:     6464, Lr: 0.000300
2026-05-27 22:49:49,100 - WARNING - joeynmt.helpers - `alpha` option is obsolete. Please use `beam_alpha`, instead.
2026-05-27 22:49:49,100 - INFO - joeynmt.prediction - Predicting 1003 example(s)... (Greedy decoding with min_output_length=1, max_output_length=-1, return_prob='none', generate_unk=True, repetition_penalty=-1, no_repeat_ngram_size=-1)
2026-05-27 22:50:12,728 - INFO - joeynmt.prediction - Evaluation result (greedy) loss:   2.04, ppl:   7.68, acc:   0.43, generation: 23.6177[sec], evaluation: 0.0000[sec]
2026-05-27 22:50:12,730 - INFO - joeynmt.training - Hooray! New best validation result [ppl]!
2026-05-27 22:50:12,842 - INFO - joeynmt.helpers - delete models/tf_bpe_2000_nl_en/2500.ckpt
2026-05-27 22:50:12,843 - INFO - joeynmt.training - Example #0
2026-05-27 22:50:12,843 - DEBUG - joeynmt.training - 	Tokenized source:     ['V@@', 'or@@', 'ig', 'jaar', 'li@@', 'et', 'ik', 'deze', 'twee', 'dia', '&apos;', 's', 'zien', 'om', 'aan', 'te', 't@@', 'onen', 'dat', 'de', 'p@@', 'oo@@', 'lij@@', 'sk@@', 'a@@', 'p', ',', 'die', 'de', 'af@@', 'gel@@', 'open', 'drie', 'miljoen', 'jaar', 'ongeveer', 'de', 'groot@@', 'te', 'had', 'van', 'het', 'va@@', 'stel@@', 'and', 'van', 'de', 'V@@', 'S', ',', 'met', '4@@', '0', '%', 'ge@@', 'k@@', 'r@@', 'om@@', 'pen', 'was', '.']
2026-05-27 22:50:12,843 - DEBUG - joeynmt.training - 	Tokenized reference:  ['La@@', 'st', 'year', 'I', 'sho@@', 'w@@', 'ed', 'these', 'two', 'sli@@', 'des', 'so', 'that', 'de@@', 'mon@@', 'str@@', 'ate', 'that', 'the', 'ar@@', 'c@@', 'ti@@', 'c', 'ice', 'ca@@', 'p', ',', 'which', 'for', 'most', 'of', 'the', 'last', 'three', 'million', 'years', 'has', 'been', 'the', 'si@@', 'ze', 'of', 'the', 'lo@@', 'wer', '4@@', '8', 'st@@', 'ates', ',', 'has', 'sh@@', 'r@@', 'un@@', 'k', 'by', '4@@', '0', 'percent', '.']
2026-05-27 22:50:12,843 - DEBUG - joeynmt.training - 	Tokenized hypothesis: ['And', 'I', '&apos;m', 'just', 'just', 'just', 'just', 'to', 'show', 'these', 'two', 'dia', 'dia', 'of', 'the', 'p@@', 'oo@@', 'ls', ',', 'which', 'the', 'p@@', 'oo@@', 'ls', ',', 'which', 'the', 'last', 'three', 'million', 'years', 'of', 'the', 'U@@', 'n@@', 'ited', 'St@@', 'ates', ',', 'with', '4@@', '0', 'percent', 'of', 'the', 'U@@', 'n@@', 'ited', 'St@@', 'ates', ',', 'with', '4@@', '0', 'percent', 'of', 'the', 'U@@', 'n@@', 'ited', 'St@@', 'ates', ',', '</s>']
2026-05-27 22:50:12,844 - INFO - joeynmt.training - 	Source:     Vorig jaar liet ik deze twee dia &apos; s zien om aan te tonen dat de poolijskap , die de afgelopen drie miljoen jaar ongeveer de grootte had van het vasteland van de VS , met 40 % gekrompen was .
2026-05-27 22:50:12,844 - INFO - joeynmt.training - 	Reference:  Last year I showed these two slides so that demonstrate that the arctic ice cap , which for most of the last three million years has been the size of the lower 48 states , has shrunk by 40 percent .
2026-05-27 22:50:12,844 - INFO - joeynmt.training - 	Hypothesis: And I &apos;m just just just just to show these two dia dia of the pools , which the pools , which the last three million years of the United States , with 40 percent of the United States , with 40 percent of the United States ,
2026-05-27 22:50:12,844 - INFO - joeynmt.training - Example #1
2026-05-27 22:50:12,844 - DEBUG - joeynmt.training - 	Tokenized source:     ['Maar', 'dit', 'onder@@', 'sch@@', 'at', 'eigenlijk', 'de', 'er@@', 'n@@', 'st', 'van', 'dit', 'speci@@', 'f@@', 'ieke', 'probleem', 'omdat', 'het', 'niet', 'de', 'di@@', 'kte', 'van', 'het', 'ij@@', 's', 'laat', 'zien', '.']
2026-05-27 22:50:12,844 - DEBUG - joeynmt.training - 	Tokenized reference:  ['But', 'this', 'under@@', 'st@@', 'ates', 'the', 'ser@@', 'i@@', 'ous@@', 'ness', 'of', 'this', 'parti@@', 'cu@@', 'lar', 'problem', 'because', 'it', 'doesn', '&apos;t', 'show', 'the', 'th@@', 'ic@@', 'k@@', 'ness', 'of', 'the', 'ice', '.']
2026-05-27 22:50:12,844 - DEBUG - joeynmt.training - 	Tokenized hypothesis: ['But', 'this', 'sub@@', 'ject', ',', 'this', 'is', 'the', 'ex@@', 't@@', 'ent', 'of', 'this', 'speci@@', 'f@@', 'ic', 'problem', 'because', 'it', 'didn', '&apos;t', 'see', 'the', 'anim@@', 'als', 'of', 'the', 'di@@', 'st@@', 'ice', '.', '</s>']
2026-05-27 22:50:12,844 - INFO - joeynmt.training - 	Source:     Maar dit onderschat eigenlijk de ernst van dit specifieke probleem omdat het niet de dikte van het ijs laat zien .
2026-05-27 22:50:12,844 - INFO - joeynmt.training - 	Reference:  But this understates the seriousness of this particular problem because it doesn &apos;t show the thickness of the ice .
2026-05-27 22:50:12,844 - INFO - joeynmt.training - 	Hypothesis: But this subject , this is the extent of this specific problem because it didn &apos;t see the animals of the distice .
2026-05-27 22:50:12,844 - INFO - joeynmt.training - Example #2
2026-05-27 22:50:12,844 - DEBUG - joeynmt.training - 	Tokenized source:     ['De', 'ij@@', 'sk@@', 'a@@', 'p', 'op', 'de', 'N@@', 'oor@@', 'd@@', 'p@@', 'ool', 'is', 'in', 'ze@@', 'k@@', 'ere', 'z@@', 'in', 'het', 'kl@@', 'op@@', 'p@@', 'end', 'har@@', 't', 'van', 'ons', 'glob@@', 'aal', 'k@@', 'li@@', 'ma@@', 'at@@', 'systeem', '.']
2026-05-27 22:50:12,844 - DEBUG - joeynmt.training - 	Tokenized reference:  ['The', 'ar@@', 'c@@', 'ti@@', 'c', 'ice', 'ca@@', 'p', 'is', ',', 'in', 'a', 'sense', ',', 'the', 'be@@', 'ating', 'he@@', 'art', 'of', 'the', 'glob@@', 'al', 'c@@', 'lim@@', 'ate', 'system', '.']
2026-05-27 22:50:12,844 - DEBUG - joeynmt.training - 	Tokenized hypothesis: ['The', 'sk@@', 'in', 'in', 'the', 'N@@', 'or@@', 'th', 'p@@', 'ool', 'is', 'in', 'a', 's@@', 'ing@@', 'le', 's@@', 'in', 'the', 'c@@', 'al@@', 'ity', 'of', 'us', 'glob@@', 'al', 'he@@', 'art', 'of', 'us', 'glob@@', 'al', 'system', '.', '</s>']
2026-05-27 22:50:12,845 - INFO - joeynmt.training - 	Source:     De ijskap op de Noordpool is in zekere zin het kloppend hart van ons globaal klimaatsysteem .
2026-05-27 22:50:12,845 - INFO - joeynmt.training - 	Reference:  The arctic ice cap is , in a sense , the beating heart of the global climate system .
2026-05-27 22:50:12,845 - INFO - joeynmt.training - 	Hypothesis: The skin in the North pool is in a single sin the cality of us global heart of us global system .
2026-05-27 22:50:12,845 - INFO - joeynmt.training - Example #3
2026-05-27 22:50:12,845 - DEBUG - joeynmt.training - 	Tokenized source:     ['Het', 'z@@', 'et', 'uit', 'in', 'de', 'win@@', 'ter', 'en', 'k@@', 'ri@@', 'mp@@', 't', 'in', 'de', 'z@@', 'om@@', 'er', '.']
2026-05-27 22:50:12,845 - DEBUG - joeynmt.training - 	Tokenized reference:  ['It', 'exp@@', 'and@@', 's', 'in', 'win@@', 'ter', 'and', 'con@@', 'tr@@', 'ac@@', 'ts', 'in', 'su@@', 'mm@@', 'er', '.']
2026-05-27 22:50:12,845 - DEBUG - joeynmt.training - 	Tokenized hypothesis: ['It', '&apos;s', 'just', 'like', 'the', 'win@@', 'ter', 'and', 'c@@', 'ri@@', 'mp@@', 't', 'in', 'the', 's@@', 'om@@', 'er', '.', '</s>']
2026-05-27 22:50:12,845 - INFO - joeynmt.training - 	Source:     Het zet uit in de winter en krimpt in de zomer .
2026-05-27 22:50:12,845 - INFO - joeynmt.training - 	Reference:  It expands in winter and contracts in summer .
2026-05-27 22:50:12,845 - INFO - joeynmt.training - 	Hypothesis: It &apos;s just like the winter and crimpt in the somer .
2026-05-27 22:50:12,845 - INFO - joeynmt.training - Example #4
2026-05-27 22:50:12,845 - DEBUG - joeynmt.training - 	Tokenized source:     ['De', 'volgende', 'dia', 'die', 'ik', 'laat', 'zien', 'is', 'een', 'vers@@', 'n@@', 'el@@', 'de', 'ver@@', 'sie', 'van', 'wat', 'er', 'de', 'af@@', 'gel@@', 'open', '2@@', '5', 'jaar', 'is', 'gebeur@@', 'd', '.']
2026-05-27 22:50:12,845 - DEBUG - joeynmt.training - 	Tokenized reference:  ['The', 'next', 'sli@@', 'de', 'I', 'show', 'you', 'will', 'be', 'a', 'r@@', 'ap@@', 'id', 'fa@@', 'st@@', '-@@', 'for@@', 'ward', 'of', 'what', '&apos;s', 'happened', 'over', 'the', 'last', '2@@', '5', 'years', '.']
2026-05-27 22:50:12,845 - DEBUG - joeynmt.training - 	Tokenized hypothesis: ['The', 'next', 'dia', 'I', '&apos;m', 'going', 'to', 'see', 'is', 'a', 'vers@@', 'ity', 'of', 'what', 'the', 'last', '2@@', '5', 'years', '.', '</s>']
2026-05-27 22:50:12,845 - INFO - joeynmt.training - 	Source:     De volgende dia die ik laat zien is een versnelde versie van wat er de afgelopen 25 jaar is gebeurd .
2026-05-27 22:50:12,846 - INFO - joeynmt.training - 	Reference:  The next slide I show you will be a rapid fast-forward of what &apos;s happened over the last 25 years .
2026-05-27 22:50:12,846 - INFO - joeynmt.training - 	Hypothesis: The next dia I &apos;m going to see is a versity of what the last 25 years .
2026-05-27 22:50:25,286 - INFO - joeynmt.training - Epoch   2, Step:     5100, Batch Loss:     2.040479, Batch Acc: 0.501575, Tokens per Sec:     5790, Lr: 0.000300
2026-05-27 22:50:37,606 - INFO - joeynmt.training - Epoch   2, Step:     5200, Batch Loss:     1.834636, Batch Acc: 0.505214, Tokens per Sec:     6290, Lr: 0.000300
2026-05-27 22:50:51,533 - INFO - joeynmt.training - Epoch   2, Step:     5300, Batch Loss:     1.800541, Batch Acc: 0.505259, Tokens per Sec:     5407, Lr: 0.000300
2026-05-27 22:51:03,288 - INFO - joeynmt.training - Epoch   2, Step:     5400, Batch Loss:     1.592152, Batch Acc: 0.505778, Tokens per Sec:     6325, Lr: 0.000300
2026-05-27 22:51:16,300 - INFO - joeynmt.training - Epoch   2, Step:     5500, Batch Loss:     2.051438, Batch Acc: 0.508429, Tokens per Sec:     5754, Lr: 0.000300
2026-05-27 22:51:16,301 - WARNING - joeynmt.helpers - `alpha` option is obsolete. Please use `beam_alpha`, instead.
2026-05-27 22:51:16,301 - INFO - joeynmt.prediction - Predicting 1003 example(s)... (Greedy decoding with min_output_length=1, max_output_length=-1, return_prob='none', generate_unk=True, repetition_penalty=-1, no_repeat_ngram_size=-1)
2026-05-27 22:51:48,384 - INFO - joeynmt.prediction - Evaluation result (greedy) loss:   2.01, ppl:   7.43, acc:   0.44, generation: 32.0728[sec], evaluation: 0.0000[sec]
2026-05-27 22:51:48,387 - INFO - joeynmt.training - Hooray! New best validation result [ppl]!
2026-05-27 22:51:48,524 - INFO - joeynmt.helpers - delete models/tf_bpe_2000_nl_en/3000.ckpt
2026-05-27 22:51:48,525 - INFO - joeynmt.training - Example #0
2026-05-27 22:51:48,525 - DEBUG - joeynmt.training - 	Tokenized source:     ['V@@', 'or@@', 'ig', 'jaar', 'li@@', 'et', 'ik', 'deze', 'twee', 'dia', '&apos;', 's', 'zien', 'om', 'aan', 'te', 't@@', 'onen', 'dat', 'de', 'p@@', 'oo@@', 'lij@@', 'sk@@', 'a@@', 'p', ',', 'die', 'de', 'af@@', 'gel@@', 'open', 'drie', 'miljoen', 'jaar', 'ongeveer', 'de', 'groot@@', 'te', 'had', 'van', 'het', 'va@@', 'stel@@', 'and', 'van', 'de', 'V@@', 'S', ',', 'met', '4@@', '0', '%', 'ge@@', 'k@@', 'r@@', 'om@@', 'pen', 'was', '.']
2026-05-27 22:51:48,525 - DEBUG - joeynmt.training - 	Tokenized reference:  ['La@@', 'st', 'year', 'I', 'sho@@', 'w@@', 'ed', 'these', 'two', 'sli@@', 'des', 'so', 'that', 'de@@', 'mon@@', 'str@@', 'ate', 'that', 'the', 'ar@@', 'c@@', 'ti@@', 'c', 'ice', 'ca@@', 'p', ',', 'which', 'for', 'most', 'of', 'the', 'last', 'three', 'million', 'years', 'has', 'been', 'the', 'si@@', 'ze', 'of', 'the', 'lo@@', 'wer', '4@@', '8', 'st@@', 'ates', ',', 'has', 'sh@@', 'r@@', 'un@@', 'k', 'by', '4@@', '0', 'percent', '.']
2026-05-27 22:51:48,525 - DEBUG - joeynmt.training - 	Tokenized hypothesis: ['F@@', 'or', 'I', 'think', 'I', '&apos;m', 'going', 'to', 'see', 'these', 'two', 'dia', 'dia', 'to', 'show', 'that', 'the', 'p@@', 'oo@@', 'ls', 'of', 'the', 'p@@', 'oo@@', 'ls', ',', 'which', 'the', 'last', 'three', 'million', 'years', 'of', 'about', 'the', 'lar@@', 'ge@@', 'ts', 'of', 'the', 'U@@', 'n@@', 'ited', 'St@@', 'ates', ',', 'with', '4@@', '0', 'percent', 'of', 'the', 'U@@', '.@@', 'S@@', '.', '</s>']
2026-05-27 22:51:48,525 - INFO - joeynmt.training - 	Source:     Vorig jaar liet ik deze twee dia &apos; s zien om aan te tonen dat de poolijskap , die de afgelopen drie miljoen jaar ongeveer de grootte had van het vasteland van de VS , met 40 % gekrompen was .
2026-05-27 22:51:48,525 - INFO - joeynmt.training - 	Reference:  Last year I showed these two slides so that demonstrate that the arctic ice cap , which for most of the last three million years has been the size of the lower 48 states , has shrunk by 40 percent .
2026-05-27 22:51:48,525 - INFO - joeynmt.training - 	Hypothesis: For I think I &apos;m going to see these two dia dia to show that the pools of the pools , which the last three million years of about the largets of the United States , with 40 percent of the U.S.
2026-05-27 22:51:48,525 - INFO - joeynmt.training - Example #1
2026-05-27 22:51:48,526 - DEBUG - joeynmt.training - 	Tokenized source:     ['Maar', 'dit', 'onder@@', 'sch@@', 'at', 'eigenlijk', 'de', 'er@@', 'n@@', 'st', 'van', 'dit', 'speci@@', 'f@@', 'ieke', 'probleem', 'omdat', 'het', 'niet', 'de', 'di@@', 'kte', 'van', 'het', 'ij@@', 's', 'laat', 'zien', '.']
2026-05-27 22:51:48,526 - DEBUG - joeynmt.training - 	Tokenized reference:  ['But', 'this', 'under@@', 'st@@', 'ates', 'the', 'ser@@', 'i@@', 'ous@@', 'ness', 'of', 'this', 'parti@@', 'cu@@', 'lar', 'problem', 'because', 'it', 'doesn', '&apos;t', 'show', 'the', 'th@@', 'ic@@', 'k@@', 'ness', 'of', 'the', 'ice', '.']
2026-05-27 22:51:48,526 - DEBUG - joeynmt.training - 	Tokenized hypothesis: ['But', 'this', 'in@@', 't@@', 'oo@@', 'ls', ',', 'the', 'fact', 'of', 'this', 'speci@@', 'f@@', 'ic', 'problem', 'because', 'it', 'doesn', '&apos;t', 'have', 'the', 'di@@', 'st@@', 'ic@@', 'ul@@', 'ture', 'because', 'it', '&apos;s', 'not', 'going', 'to', 'show', 'it', '.', '</s>']
2026-05-27 22:51:48,526 - INFO - joeynmt.training - 	Source:     Maar dit onderschat eigenlijk de ernst van dit specifieke probleem omdat het niet de dikte van het ijs laat zien .
2026-05-27 22:51:48,526 - INFO - joeynmt.training - 	Reference:  But this understates the seriousness of this particular problem because it doesn &apos;t show the thickness of the ice .
2026-05-27 22:51:48,526 - INFO - joeynmt.training - 	Hypothesis: But this intools , the fact of this specific problem because it doesn &apos;t have the disticulture because it &apos;s not going to show it .
2026-05-27 22:51:48,526 - INFO - joeynmt.training - Example #2
2026-05-27 22:51:48,526 - DEBUG - joeynmt.training - 	Tokenized source:     ['De', 'ij@@', 'sk@@', 'a@@', 'p', 'op', 'de', 'N@@', 'oor@@', 'd@@', 'p@@', 'ool', 'is', 'in', 'ze@@', 'k@@', 'ere', 'z@@', 'in', 'het', 'kl@@', 'op@@', 'p@@', 'end', 'har@@', 't', 'van', 'ons', 'glob@@', 'aal', 'k@@', 'li@@', 'ma@@', 'at@@', 'systeem', '.']
2026-05-27 22:51:48,526 - DEBUG - joeynmt.training - 	Tokenized reference:  ['The', 'ar@@', 'c@@', 'ti@@', 'c', 'ice', 'ca@@', 'p', 'is', ',', 'in', 'a', 'sense', ',', 'the', 'be@@', 'ating', 'he@@', 'art', 'of', 'the', 'glob@@', 'al', 'c@@', 'lim@@', 'ate', 'system', '.']
2026-05-27 22:51:48,526 - DEBUG - joeynmt.training - 	Tokenized hypothesis: ['The', 'ice', 'sk@@', 'il@@', 'a@@', 'p', 'on', 'the', 'N@@', 'or@@', 'th', 'p@@', 'ool', 'is', 'in', 'a', 's@@', 'ing@@', 'le', 's@@', 'it@@', 'ting', 'of', 'us', 'glob@@', 'al', 'c@@', 'li@@', 'm@@', 'ate', 'system', '.', '</s>']
2026-05-27 22:51:48,526 - INFO - joeynmt.training - 	Source:     De ijskap op de Noordpool is in zekere zin het kloppend hart van ons globaal klimaatsysteem .
2026-05-27 22:51:48,526 - INFO - joeynmt.training - 	Reference:  The arctic ice cap is , in a sense , the beating heart of the global climate system .
2026-05-27 22:51:48,526 - INFO - joeynmt.training - 	Hypothesis: The ice skilap on the North pool is in a single sitting of us global climate system .
2026-05-27 22:51:48,526 - INFO - joeynmt.training - Example #3
2026-05-27 22:51:48,526 - DEBUG - joeynmt.training - 	Tokenized source:     ['Het', 'z@@', 'et', 'uit', 'in', 'de', 'win@@', 'ter', 'en', 'k@@', 'ri@@', 'mp@@', 't', 'in', 'de', 'z@@', 'om@@', 'er', '.']
2026-05-27 22:51:48,526 - DEBUG - joeynmt.training - 	Tokenized reference:  ['It', 'exp@@', 'and@@', 's', 'in', 'win@@', 'ter', 'and', 'con@@', 'tr@@', 'ac@@', 'ts', 'in', 'su@@', 'mm@@', 'er', '.']
2026-05-27 22:51:48,526 - DEBUG - joeynmt.training - 	Tokenized hypothesis: ['It', 'was', 's@@', 'ure', 'in', 'the', 'win@@', 'ter', 'and', 'c@@', 'ri@@', 'mp@@', 't', 'in', 'the', 's@@', 'ing@@', 'le', '.', '</s>']
2026-05-27 22:51:48,527 - INFO - joeynmt.training - 	Source:     Het zet uit in de winter en krimpt in de zomer .
2026-05-27 22:51:48,527 - INFO - joeynmt.training - 	Reference:  It expands in winter and contracts in summer .
2026-05-27 22:51:48,527 - INFO - joeynmt.training - 	Hypothesis: It was sure in the winter and crimpt in the single .
2026-05-27 22:51:48,527 - INFO - joeynmt.training - Example #4
2026-05-27 22:51:48,527 - DEBUG - joeynmt.training - 	Tokenized source:     ['De', 'volgende', 'dia', 'die', 'ik', 'laat', 'zien', 'is', 'een', 'vers@@', 'n@@', 'el@@', 'de', 'ver@@', 'sie', 'van', 'wat', 'er', 'de', 'af@@', 'gel@@', 'open', '2@@', '5', 'jaar', 'is', 'gebeur@@', 'd', '.']
2026-05-27 22:51:48,527 - DEBUG - joeynmt.training - 	Tokenized reference:  ['The', 'next', 'sli@@', 'de', 'I', 'show', 'you', 'will', 'be', 'a', 'r@@', 'ap@@', 'id', 'fa@@', 'st@@', '-@@', 'for@@', 'ward', 'of', 'what', '&apos;s', 'happened', 'over', 'the', 'last', '2@@', '5', 'years', '.']
2026-05-27 22:51:48,527 - DEBUG - joeynmt.training - 	Tokenized hypothesis: ['The', 'next', 'sli@@', 'de', 'that', 'I', '&apos;m', 'going', 'to', 'show', 'is', 'a', 'vers@@', 'ity', 'of', 'what', '&apos;s', 'the', 'last', '2@@', '5', 'years', '.', '</s>']
2026-05-27 22:51:48,527 - INFO - joeynmt.training - 	Source:     De volgende dia die ik laat zien is een versnelde versie van wat er de afgelopen 25 jaar is gebeurd .
2026-05-27 22:51:48,527 - INFO - joeynmt.training - 	Reference:  The next slide I show you will be a rapid fast-forward of what &apos;s happened over the last 25 years .
2026-05-27 22:51:48,527 - INFO - joeynmt.training - 	Hypothesis: The next slide that I &apos;m going to show is a versity of what &apos;s the last 25 years .
2026-05-27 22:52:00,916 - INFO - joeynmt.training - Epoch   2, Step:     5600, Batch Loss:     1.824387, Batch Acc: 0.508675, Tokens per Sec:     6122, Lr: 0.000300
2026-05-27 22:52:12,198 - INFO - joeynmt.training - Epoch   2, Step:     5700, Batch Loss:     1.969548, Batch Acc: 0.514294, Tokens per Sec:     6692, Lr: 0.000300
2026-05-27 22:52:24,597 - INFO - joeynmt.training - Epoch   2, Step:     5800, Batch Loss:     1.603747, Batch Acc: 0.510613, Tokens per Sec:     5989, Lr: 0.000300
2026-05-27 22:52:37,333 - INFO - joeynmt.training - Epoch   2, Step:     5900, Batch Loss:     1.717865, Batch Acc: 0.520328, Tokens per Sec:     5970, Lr: 0.000300
2026-05-27 22:52:49,199 - INFO - joeynmt.training - Epoch   2, Step:     6000, Batch Loss:     1.842219, Batch Acc: 0.517307, Tokens per Sec:     6608, Lr: 0.000300
2026-05-27 22:52:49,201 - WARNING - joeynmt.helpers - `alpha` option is obsolete. Please use `beam_alpha`, instead.
2026-05-27 22:52:49,201 - INFO - joeynmt.prediction - Predicting 1003 example(s)... (Greedy decoding with min_output_length=1, max_output_length=-1, return_prob='none', generate_unk=True, repetition_penalty=-1, no_repeat_ngram_size=-1)
2026-05-27 22:53:26,781 - INFO - joeynmt.prediction - Evaluation result (greedy) loss:   1.98, ppl:   7.21, acc:   0.45, generation: 37.5701[sec], evaluation: 0.0000[sec]
2026-05-27 22:53:26,782 - INFO - joeynmt.training - Hooray! New best validation result [ppl]!
2026-05-27 22:53:26,930 - INFO - joeynmt.helpers - delete models/tf_bpe_2000_nl_en/3500.ckpt
2026-05-27 22:53:26,931 - INFO - joeynmt.training - Example #0
2026-05-27 22:53:26,931 - DEBUG - joeynmt.training - 	Tokenized source:     ['V@@', 'or@@', 'ig', 'jaar', 'li@@', 'et', 'ik', 'deze', 'twee', 'dia', '&apos;', 's', 'zien', 'om', 'aan', 'te', 't@@', 'onen', 'dat', 'de', 'p@@', 'oo@@', 'lij@@', 'sk@@', 'a@@', 'p', ',', 'die', 'de', 'af@@', 'gel@@', 'open', 'drie', 'miljoen', 'jaar', 'ongeveer', 'de', 'groot@@', 'te', 'had', 'van', 'het', 'va@@', 'stel@@', 'and', 'van', 'de', 'V@@', 'S', ',', 'met', '4@@', '0', '%', 'ge@@', 'k@@', 'r@@', 'om@@', 'pen', 'was', '.']
2026-05-27 22:53:26,931 - DEBUG - joeynmt.training - 	Tokenized reference:  ['La@@', 'st', 'year', 'I', 'sho@@', 'w@@', 'ed', 'these', 'two', 'sli@@', 'des', 'so', 'that', 'de@@', 'mon@@', 'str@@', 'ate', 'that', 'the', 'ar@@', 'c@@', 'ti@@', 'c', 'ice', 'ca@@', 'p', ',', 'which', 'for', 'most', 'of', 'the', 'last', 'three', 'million', 'years', 'has', 'been', 'the', 'si@@', 'ze', 'of', 'the', 'lo@@', 'wer', '4@@', '8', 'st@@', 'ates', ',', 'has', 'sh@@', 'r@@', 'un@@', 'k', 'by', '4@@', '0', 'percent', '.']
2026-05-27 22:53:26,931 - DEBUG - joeynmt.training - 	Tokenized hypothesis: ['And', 'I', 'think', 'I', '&apos;ve', 'got', 'these', 'two', 'sli@@', 'des', 'to', 'show', 'this', 'two', 'sli@@', 'des', 'to', 'show', 'that', 'the', 'p@@', 'oo@@', 'ls', 'of', 'the', 'p@@', 'oo@@', 'ls', ',', 'who', 'had', 'three', 'million', 'years', 'of', 'the', 'U@@', '.@@', 'S@@', '.', ',', 'with', '4@@', '0', 'percent', 'of', 'the', 'U@@', '.@@', 'S@@', '.', ',', 'with', '4@@', '0', 'percent', 'of', 'the', 'U@@', '.@@', 'S@@', '.', '</s>']
2026-05-27 22:53:26,932 - INFO - joeynmt.training - 	Source:     Vorig jaar liet ik deze twee dia &apos; s zien om aan te tonen dat de poolijskap , die de afgelopen drie miljoen jaar ongeveer de grootte had van het vasteland van de VS , met 40 % gekrompen was .
2026-05-27 22:53:26,932 - INFO - joeynmt.training - 	Reference:  Last year I showed these two slides so that demonstrate that the arctic ice cap , which for most of the last three million years has been the size of the lower 48 states , has shrunk by 40 percent .
2026-05-27 22:53:26,932 - INFO - joeynmt.training - 	Hypothesis: And I think I &apos;ve got these two slides to show this two slides to show that the pools of the pools , who had three million years of the U.S. , with 40 percent of the U.S. , with 40 percent of the U.S.
2026-05-27 22:53:26,932 - INFO - joeynmt.training - Example #1
2026-05-27 22:53:26,932 - DEBUG - joeynmt.training - 	Tokenized source:     ['Maar', 'dit', 'onder@@', 'sch@@', 'at', 'eigenlijk', 'de', 'er@@', 'n@@', 'st', 'van', 'dit', 'speci@@', 'f@@', 'ieke', 'probleem', 'omdat', 'het', 'niet', 'de', 'di@@', 'kte', 'van', 'het', 'ij@@', 's', 'laat', 'zien', '.']
2026-05-27 22:53:26,932 - DEBUG - joeynmt.training - 	Tokenized reference:  ['But', 'this', 'under@@', 'st@@', 'ates', 'the', 'ser@@', 'i@@', 'ous@@', 'ness', 'of', 'this', 'parti@@', 'cu@@', 'lar', 'problem', 'because', 'it', 'doesn', '&apos;t', 'show', 'the', 'th@@', 'ic@@', 'k@@', 'ness', 'of', 'the', 'ice', '.']
2026-05-27 22:53:26,932 - DEBUG - joeynmt.training - 	Tokenized hypothesis: ['But', 'this', 'sub@@', 'st@@', 'ate', 'is', 'actually', 'the', 're@@', 'si@@', 've', 'of', 'this', 'speci@@', 'f@@', 'ic', 'problem', 'because', 'it', 'doesn', '&apos;t', 'the', 'di@@', 'st@@', 'ed', 'of', 'the', 'ice', '.', '</s>']
2026-05-27 22:53:26,932 - INFO - joeynmt.training - 	Source:     Maar dit onderschat eigenlijk de ernst van dit specifieke probleem omdat het niet de dikte van het ijs laat zien .
2026-05-27 22:53:26,932 - INFO - joeynmt.training - 	Reference:  But this understates the seriousness of this particular problem because it doesn &apos;t show the thickness of the ice .
2026-05-27 22:53:26,932 - INFO - joeynmt.training - 	Hypothesis: But this substate is actually the resive of this specific problem because it doesn &apos;t the disted of the ice .
2026-05-27 22:53:26,932 - INFO - joeynmt.training - Example #2
2026-05-27 22:53:26,932 - DEBUG - joeynmt.training - 	Tokenized source:     ['De', 'ij@@', 'sk@@', 'a@@', 'p', 'op', 'de', 'N@@', 'oor@@', 'd@@', 'p@@', 'ool', 'is', 'in', 'ze@@', 'k@@', 'ere', 'z@@', 'in', 'het', 'kl@@', 'op@@', 'p@@', 'end', 'har@@', 't', 'van', 'ons', 'glob@@', 'aal', 'k@@', 'li@@', 'ma@@', 'at@@', 'systeem', '.']
2026-05-27 22:53:26,932 - DEBUG - joeynmt.training - 	Tokenized reference:  ['The', 'ar@@', 'c@@', 'ti@@', 'c', 'ice', 'ca@@', 'p', 'is', ',', 'in', 'a', 'sense', ',', 'the', 'be@@', 'ating', 'he@@', 'art', 'of', 'the', 'glob@@', 'al', 'c@@', 'lim@@', 'ate', 'system', '.']
2026-05-27 22:53:26,932 - DEBUG - joeynmt.training - 	Tokenized hypothesis: ['The', 'ice', 'sk@@', 'a@@', 'p', 'on', 'the', 'N@@', 'or@@', 'th', 'p@@', 'ool', 'is', 'in', 'the', 'c@@', 'lim@@', 'ate', 'is', 'in', 'the', 'c@@', 'lim@@', 'ate', 'of', 'our', 'glob@@', 'al', 'c@@', 'lim@@', 'ate', 'system', '.', '</s>']
2026-05-27 22:53:26,933 - INFO - joeynmt.training - 	Source:     De ijskap op de Noordpool is in zekere zin het kloppend hart van ons globaal klimaatsysteem .
2026-05-27 22:53:26,933 - INFO - joeynmt.training - 	Reference:  The arctic ice cap is , in a sense , the beating heart of the global climate system .
2026-05-27 22:53:26,933 - INFO - joeynmt.training - 	Hypothesis: The ice skap on the North pool is in the climate is in the climate of our global climate system .
2026-05-27 22:53:26,933 - INFO - joeynmt.training - Example #3
2026-05-27 22:53:26,933 - DEBUG - joeynmt.training - 	Tokenized source:     ['Het', 'z@@', 'et', 'uit', 'in', 'de', 'win@@', 'ter', 'en', 'k@@', 'ri@@', 'mp@@', 't', 'in', 'de', 'z@@', 'om@@', 'er', '.']
2026-05-27 22:53:26,933 - DEBUG - joeynmt.training - 	Tokenized reference:  ['It', 'exp@@', 'and@@', 's', 'in', 'win@@', 'ter', 'and', 'con@@', 'tr@@', 'ac@@', 'ts', 'in', 'su@@', 'mm@@', 'er', '.']
2026-05-27 22:53:26,933 - DEBUG - joeynmt.training - 	Tokenized hypothesis: ['It', '&apos;s', 'just', 'in', 'the', 'win@@', 'ter', 'and', 'c@@', 'ri@@', 'mp@@', 't', 'in', 'the', 's@@', 'om@@', 'er', '.', '</s>']
2026-05-27 22:53:26,933 - INFO - joeynmt.training - 	Source:     Het zet uit in de winter en krimpt in de zomer .
2026-05-27 22:53:26,933 - INFO - joeynmt.training - 	Reference:  It expands in winter and contracts in summer .
2026-05-27 22:53:26,933 - INFO - joeynmt.training - 	Hypothesis: It &apos;s just in the winter and crimpt in the somer .
2026-05-27 22:53:26,933 - INFO - joeynmt.training - Example #4
2026-05-27 22:53:26,933 - DEBUG - joeynmt.training - 	Tokenized source:     ['De', 'volgende', 'dia', 'die', 'ik', 'laat', 'zien', 'is', 'een', 'vers@@', 'n@@', 'el@@', 'de', 'ver@@', 'sie', 'van', 'wat', 'er', 'de', 'af@@', 'gel@@', 'open', '2@@', '5', 'jaar', 'is', 'gebeur@@', 'd', '.']
2026-05-27 22:53:26,933 - DEBUG - joeynmt.training - 	Tokenized reference:  ['The', 'next', 'sli@@', 'de', 'I', 'show', 'you', 'will', 'be', 'a', 'r@@', 'ap@@', 'id', 'fa@@', 'st@@', '-@@', 'for@@', 'ward', 'of', 'what', '&apos;s', 'happened', 'over', 'the', 'last', '2@@', '5', 'years', '.']
2026-05-27 22:53:26,933 - DEBUG - joeynmt.training - 	Tokenized hypothesis: ['The', 'next', 'sli@@', 'de', 'I', 'show', 'is', 'a', 'vers@@', 'al', 'ver@@', 'sion', 'of', 'what', '&apos;s', 'going', 'to', 'happ@@', 'en', 'to', 'the', 'last', '2@@', '5', 'years', '.', '</s>']
2026-05-27 22:53:26,934 - INFO - joeynmt.training - 	Source:     De volgende dia die ik laat zien is een versnelde versie van wat er de afgelopen 25 jaar is gebeurd .
2026-05-27 22:53:26,934 - INFO - joeynmt.training - 	Reference:  The next slide I show you will be a rapid fast-forward of what &apos;s happened over the last 25 years .
2026-05-27 22:53:26,934 - INFO - joeynmt.training - 	Hypothesis: The next slide I show is a versal version of what &apos;s going to happen to the last 25 years .
2026-05-27 22:53:40,301 - INFO - joeynmt.training - Epoch   2, Step:     6100, Batch Loss:     1.635586, Batch Acc: 0.514091, Tokens per Sec:     5588, Lr: 0.000300
2026-05-27 22:53:53,113 - INFO - joeynmt.training - Epoch   2, Step:     6200, Batch Loss:     1.702439, Batch Acc: 0.519256, Tokens per Sec:     5868, Lr: 0.000300
2026-05-27 22:54:06,081 - INFO - joeynmt.training - Epoch   2, Step:     6300, Batch Loss:     1.866723, Batch Acc: 0.522394, Tokens per Sec:     5941, Lr: 0.000300
2026-05-27 22:54:18,431 - INFO - joeynmt.training - Epoch   2, Step:     6400, Batch Loss:     1.750764, Batch Acc: 0.526934, Tokens per Sec:     6160, Lr: 0.000300
2026-05-27 22:54:29,976 - INFO - joeynmt.training - Epoch   2, Step:     6500, Batch Loss:     1.615378, Batch Acc: 0.527769, Tokens per Sec:     6618, Lr: 0.000300
2026-05-27 22:54:29,977 - WARNING - joeynmt.helpers - `alpha` option is obsolete. Please use `beam_alpha`, instead.
2026-05-27 22:54:29,977 - INFO - joeynmt.prediction - Predicting 1003 example(s)... (Greedy decoding with min_output_length=1, max_output_length=-1, return_prob='none', generate_unk=True, repetition_penalty=-1, no_repeat_ngram_size=-1)
2026-05-27 22:54:59,145 - INFO - joeynmt.prediction - Evaluation result (greedy) loss:   1.95, ppl:   7.05, acc:   0.45, generation: 29.1567[sec], evaluation: 0.0000[sec]
2026-05-27 22:54:59,147 - INFO - joeynmt.training - Hooray! New best validation result [ppl]!
2026-05-27 22:54:59,281 - INFO - joeynmt.helpers - delete models/tf_bpe_2000_nl_en/4000.ckpt
2026-05-27 22:54:59,282 - INFO - joeynmt.training - Example #0
2026-05-27 22:54:59,283 - DEBUG - joeynmt.training - 	Tokenized source:     ['V@@', 'or@@', 'ig', 'jaar', 'li@@', 'et', 'ik', 'deze', 'twee', 'dia', '&apos;', 's', 'zien', 'om', 'aan', 'te', 't@@', 'onen', 'dat', 'de', 'p@@', 'oo@@', 'lij@@', 'sk@@', 'a@@', 'p', ',', 'die', 'de', 'af@@', 'gel@@', 'open', 'drie', 'miljoen', 'jaar', 'ongeveer', 'de', 'groot@@', 'te', 'had', 'van', 'het', 'va@@', 'stel@@', 'and', 'van', 'de', 'V@@', 'S', ',', 'met', '4@@', '0', '%', 'ge@@', 'k@@', 'r@@', 'om@@', 'pen', 'was', '.']
2026-05-27 22:54:59,283 - DEBUG - joeynmt.training - 	Tokenized reference:  ['La@@', 'st', 'year', 'I', 'sho@@', 'w@@', 'ed', 'these', 'two', 'sli@@', 'des', 'so', 'that', 'de@@', 'mon@@', 'str@@', 'ate', 'that', 'the', 'ar@@', 'c@@', 'ti@@', 'c', 'ice', 'ca@@', 'p', ',', 'which', 'for', 'most', 'of', 'the', 'last', 'three', 'million', 'years', 'has', 'been', 'the', 'si@@', 'ze', 'of', 'the', 'lo@@', 'wer', '4@@', '8', 'st@@', 'ates', ',', 'has', 'sh@@', 'r@@', 'un@@', 'k', 'by', '4@@', '0', 'percent', '.']
2026-05-27 22:54:59,283 - DEBUG - joeynmt.training - 	Tokenized hypothesis: ['And', 'I', 'think', ',', 'I', '&apos;ve', 'got', 'these', 'two', 'sli@@', 'des', 'to', 'show', 'these', 'two', 'sli@@', 'des', 'to', 'show', 'that', 'the', 'p@@', 'oo@@', 'ls', 'the', 'p@@', 'oo@@', 'ls', 'three', 'million', 'years', ',', 'which', 'was', 'about', 'the', 'si@@', 'ze', 'of', 'the', 'U@@', '.@@', 'S@@', '.', ',', 'with', '4@@', '0', 'percent', 'of', 'the', 'U@@', '.@@', 'S@@', '.', '</s>']
2026-05-27 22:54:59,283 - INFO - joeynmt.training - 	Source:     Vorig jaar liet ik deze twee dia &apos; s zien om aan te tonen dat de poolijskap , die de afgelopen drie miljoen jaar ongeveer de grootte had van het vasteland van de VS , met 40 % gekrompen was .
2026-05-27 22:54:59,283 - INFO - joeynmt.training - 	Reference:  Last year I showed these two slides so that demonstrate that the arctic ice cap , which for most of the last three million years has been the size of the lower 48 states , has shrunk by 40 percent .
2026-05-27 22:54:59,283 - INFO - joeynmt.training - 	Hypothesis: And I think , I &apos;ve got these two slides to show these two slides to show that the pools the pools three million years , which was about the size of the U.S. , with 40 percent of the U.S.
2026-05-27 22:54:59,283 - INFO - joeynmt.training - Example #1
2026-05-27 22:54:59,283 - DEBUG - joeynmt.training - 	Tokenized source:     ['Maar', 'dit', 'onder@@', 'sch@@', 'at', 'eigenlijk', 'de', 'er@@', 'n@@', 'st', 'van', 'dit', 'speci@@', 'f@@', 'ieke', 'probleem', 'omdat', 'het', 'niet', 'de', 'di@@', 'kte', 'van', 'het', 'ij@@', 's', 'laat', 'zien', '.']
2026-05-27 22:54:59,283 - DEBUG - joeynmt.training - 	Tokenized reference:  ['But', 'this', 'under@@', 'st@@', 'ates', 'the', 'ser@@', 'i@@', 'ous@@', 'ness', 'of', 'this', 'parti@@', 'cu@@', 'lar', 'problem', 'because', 'it', 'doesn', '&apos;t', 'show', 'the', 'th@@', 'ic@@', 'k@@', 'ness', 'of', 'the', 'ice', '.']
2026-05-27 22:54:59,283 - DEBUG - joeynmt.training - 	Tokenized hypothesis: ['But', 'this', 'sub@@', 'sc@@', 'ale', 'actually', ',', 'the', 'way', 'of', 'this', 'speci@@', 'f@@', 'ically', 'because', 'it', 'doesn', '&apos;t', 'have', 'the', 'di@@', 'st@@', 'ic@@', 'ked', 'from', 'the', 'ice', 'of', 'the', 'ice', '.', '</s>']
2026-05-27 22:54:59,283 - INFO - joeynmt.training - 	Source:     Maar dit onderschat eigenlijk de ernst van dit specifieke probleem omdat het niet de dikte van het ijs laat zien .
2026-05-27 22:54:59,283 - INFO - joeynmt.training - 	Reference:  But this understates the seriousness of this particular problem because it doesn &apos;t show the thickness of the ice .
2026-05-27 22:54:59,283 - INFO - joeynmt.training - 	Hypothesis: But this subscale actually , the way of this specifically because it doesn &apos;t have the disticked from the ice of the ice .
2026-05-27 22:54:59,283 - INFO - joeynmt.training - Example #2
2026-05-27 22:54:59,284 - DEBUG - joeynmt.training - 	Tokenized source:     ['De', 'ij@@', 'sk@@', 'a@@', 'p', 'op', 'de', 'N@@', 'oor@@', 'd@@', 'p@@', 'ool', 'is', 'in', 'ze@@', 'k@@', 'ere', 'z@@', 'in', 'het', 'kl@@', 'op@@', 'p@@', 'end', 'har@@', 't', 'van', 'ons', 'glob@@', 'aal', 'k@@', 'li@@', 'ma@@', 'at@@', 'systeem', '.']
2026-05-27 22:54:59,284 - DEBUG - joeynmt.training - 	Tokenized reference:  ['The', 'ar@@', 'c@@', 'ti@@', 'c', 'ice', 'ca@@', 'p', 'is', ',', 'in', 'a', 'sense', ',', 'the', 'be@@', 'ating', 'he@@', 'art', 'of', 'the', 'glob@@', 'al', 'c@@', 'lim@@', 'ate', 'system', '.']
2026-05-27 22:54:59,284 - DEBUG - joeynmt.training - 	Tokenized hypothesis: ['The', 'ice', 'sk@@', 'sk@@', 'sk@@', 'y', 'in', 'the', 'N@@', 'or@@', 'th', 'p@@', 'ool', 'is', 'in', 'se@@', 'qu@@', 'ence', 'in', 'the', 'c@@', 'lim@@', 'ate', 'of', 'us', 'glob@@', 'al', 'c@@', 'lim@@', 'ate', 'system', '.', '</s>']
2026-05-27 22:54:59,284 - INFO - joeynmt.training - 	Source:     De ijskap op de Noordpool is in zekere zin het kloppend hart van ons globaal klimaatsysteem .
2026-05-27 22:54:59,284 - INFO - joeynmt.training - 	Reference:  The arctic ice cap is , in a sense , the beating heart of the global climate system .
2026-05-27 22:54:59,284 - INFO - joeynmt.training - 	Hypothesis: The ice sksksky in the North pool is in sequence in the climate of us global climate system .
2026-05-27 22:54:59,284 - INFO - joeynmt.training - Example #3
2026-05-27 22:54:59,284 - DEBUG - joeynmt.training - 	Tokenized source:     ['Het', 'z@@', 'et', 'uit', 'in', 'de', 'win@@', 'ter', 'en', 'k@@', 'ri@@', 'mp@@', 't', 'in', 'de', 'z@@', 'om@@', 'er', '.']
2026-05-27 22:54:59,284 - DEBUG - joeynmt.training - 	Tokenized reference:  ['It', 'exp@@', 'and@@', 's', 'in', 'win@@', 'ter', 'and', 'con@@', 'tr@@', 'ac@@', 'ts', 'in', 'su@@', 'mm@@', 'er', '.']
2026-05-27 22:54:59,284 - DEBUG - joeynmt.training - 	Tokenized hypothesis: ['It', '&apos;s', 'just', 'just', 'in', 'the', 'win@@', 'ter', 'and', 'c@@', 'ri@@', 'mp@@', 't', 'in', 'the', 's@@', 'ing@@', 'er', '.', '</s>']
2026-05-27 22:54:59,284 - INFO - joeynmt.training - 	Source:     Het zet uit in de winter en krimpt in de zomer .
2026-05-27 22:54:59,284 - INFO - joeynmt.training - 	Reference:  It expands in winter and contracts in summer .
2026-05-27 22:54:59,284 - INFO - joeynmt.training - 	Hypothesis: It &apos;s just just in the winter and crimpt in the singer .
2026-05-27 22:54:59,284 - INFO - joeynmt.training - Example #4
2026-05-27 22:54:59,284 - DEBUG - joeynmt.training - 	Tokenized source:     ['De', 'volgende', 'dia', 'die', 'ik', 'laat', 'zien', 'is', 'een', 'vers@@', 'n@@', 'el@@', 'de', 'ver@@', 'sie', 'van', 'wat', 'er', 'de', 'af@@', 'gel@@', 'open', '2@@', '5', 'jaar', 'is', 'gebeur@@', 'd', '.']
2026-05-27 22:54:59,284 - DEBUG - joeynmt.training - 	Tokenized reference:  ['The', 'next', 'sli@@', 'de', 'I', 'show', 'you', 'will', 'be', 'a', 'r@@', 'ap@@', 'id', 'fa@@', 'st@@', '-@@', 'for@@', 'ward', 'of', 'what', '&apos;s', 'happened', 'over', 'the', 'last', '2@@', '5', 'years', '.']
2026-05-27 22:54:59,284 - DEBUG - joeynmt.training - 	Tokenized hypothesis: ['The', 'next', 'sli@@', 'de', 'I', '&apos;m', 'going', 'to', 'show', 'is', 'a', 'vers@@', 'ity', 'of', 'what', '&apos;s', 'going', 'to', 'happ@@', 'en', 'for', '2@@', '5', 'years', '.', '</s>']
2026-05-27 22:54:59,285 - INFO - joeynmt.training - 	Source:     De volgende dia die ik laat zien is een versnelde versie van wat er de afgelopen 25 jaar is gebeurd .
2026-05-27 22:54:59,285 - INFO - joeynmt.training - 	Reference:  The next slide I show you will be a rapid fast-forward of what &apos;s happened over the last 25 years .
2026-05-27 22:54:59,285 - INFO - joeynmt.training - 	Hypothesis: The next slide I &apos;m going to show is a versity of what &apos;s going to happen for 25 years .
2026-05-27 22:55:12,126 - INFO - joeynmt.training - Epoch   2, Step:     6600, Batch Loss:     1.781561, Batch Acc: 0.523061, Tokens per Sec:     5858, Lr: 0.000300
2026-05-27 22:55:24,001 - INFO - joeynmt.training - Epoch   2, Step:     6700, Batch Loss:     1.502589, Batch Acc: 0.527787, Tokens per Sec:     6324, Lr: 0.000300
2026-05-27 22:55:37,043 - INFO - joeynmt.training - Epoch   2, Step:     6800, Batch Loss:     1.771402, Batch Acc: 0.529082, Tokens per Sec:     5880, Lr: 0.000300
2026-05-27 22:55:49,251 - INFO - joeynmt.training - Epoch   2, Step:     6900, Batch Loss:     1.653114, Batch Acc: 0.531016, Tokens per Sec:     6115, Lr: 0.000300
2026-05-27 22:56:01,338 - INFO - joeynmt.training - Epoch   2, Step:     7000, Batch Loss:     1.539890, Batch Acc: 0.530164, Tokens per Sec:     6133, Lr: 0.000300
2026-05-27 22:56:01,338 - WARNING - joeynmt.helpers - `alpha` option is obsolete. Please use `beam_alpha`, instead.
2026-05-27 22:56:01,339 - INFO - joeynmt.prediction - Predicting 1003 example(s)... (Greedy decoding with min_output_length=1, max_output_length=-1, return_prob='none', generate_unk=True, repetition_penalty=-1, no_repeat_ngram_size=-1)
2026-05-27 22:56:37,875 - INFO - joeynmt.prediction - Evaluation result (greedy) loss:   1.93, ppl:   6.92, acc:   0.46, generation: 36.5251[sec], evaluation: 0.0000[sec]
2026-05-27 22:56:37,878 - INFO - joeynmt.training - Hooray! New best validation result [ppl]!
2026-05-27 22:56:38,037 - INFO - joeynmt.helpers - delete models/tf_bpe_2000_nl_en/4500.ckpt
2026-05-27 22:56:38,039 - INFO - joeynmt.training - Example #0
2026-05-27 22:56:38,039 - DEBUG - joeynmt.training - 	Tokenized source:     ['V@@', 'or@@', 'ig', 'jaar', 'li@@', 'et', 'ik', 'deze', 'twee', 'dia', '&apos;', 's', 'zien', 'om', 'aan', 'te', 't@@', 'onen', 'dat', 'de', 'p@@', 'oo@@', 'lij@@', 'sk@@', 'a@@', 'p', ',', 'die', 'de', 'af@@', 'gel@@', 'open', 'drie', 'miljoen', 'jaar', 'ongeveer', 'de', 'groot@@', 'te', 'had', 'van', 'het', 'va@@', 'stel@@', 'and', 'van', 'de', 'V@@', 'S', ',', 'met', '4@@', '0', '%', 'ge@@', 'k@@', 'r@@', 'om@@', 'pen', 'was', '.']
2026-05-27 22:56:38,039 - DEBUG - joeynmt.training - 	Tokenized reference:  ['La@@', 'st', 'year', 'I', 'sho@@', 'w@@', 'ed', 'these', 'two', 'sli@@', 'des', 'so', 'that', 'de@@', 'mon@@', 'str@@', 'ate', 'that', 'the', 'ar@@', 'c@@', 'ti@@', 'c', 'ice', 'ca@@', 'p', ',', 'which', 'for', 'most', 'of', 'the', 'last', 'three', 'million', 'years', 'has', 'been', 'the', 'si@@', 'ze', 'of', 'the', 'lo@@', 'wer', '4@@', '8', 'st@@', 'ates', ',', 'has', 'sh@@', 'r@@', 'un@@', 'k', 'by', '4@@', '0', 'percent', '.']
2026-05-27 22:56:38,039 - DEBUG - joeynmt.training - 	Tokenized hypothesis: ['And', 'I', 'think', 'of', 'show', 'this', 'two', 'sli@@', 'de', ',', 'I', 'see', 'this', 'two', 'sli@@', 'des', 'to', 'show', 'that', 'the', 'p@@', 'oo@@', 'ls', 'that', 'the', 'p@@', 'oo@@', 'ls', 'was', 'about', 'three', 'million', 'years', 'about', 'the', 'lar@@', 'ge', 'of', 'the', 'U@@', 'n@@', 'ited', 'St@@', 'ates', ',', 'with', '4@@', '0', 'percent', 'of', 'the', 'U@@', 'n@@', 'ited', 'St@@', 'ates', ',', 'with', '4@@', '0', 'percent', 'c@@', 'r@@', 'om@@', 'es', '.', '</s>']
2026-05-27 22:56:38,040 - INFO - joeynmt.training - 	Source:     Vorig jaar liet ik deze twee dia &apos; s zien om aan te tonen dat de poolijskap , die de afgelopen drie miljoen jaar ongeveer de grootte had van het vasteland van de VS , met 40 % gekrompen was .
2026-05-27 22:56:38,040 - INFO - joeynmt.training - 	Reference:  Last year I showed these two slides so that demonstrate that the arctic ice cap , which for most of the last three million years has been the size of the lower 48 states , has shrunk by 40 percent .
2026-05-27 22:56:38,040 - INFO - joeynmt.training - 	Hypothesis: And I think of show this two slide , I see this two slides to show that the pools that the pools was about three million years about the large of the United States , with 40 percent of the United States , with 40 percent cromes .
2026-05-27 22:56:38,040 - INFO - joeynmt.training - Example #1
2026-05-27 22:56:38,040 - DEBUG - joeynmt.training - 	Tokenized source:     ['Maar', 'dit', 'onder@@', 'sch@@', 'at', 'eigenlijk', 'de', 'er@@', 'n@@', 'st', 'van', 'dit', 'speci@@', 'f@@', 'ieke', 'probleem', 'omdat', 'het', 'niet', 'de', 'di@@', 'kte', 'van', 'het', 'ij@@', 's', 'laat', 'zien', '.']
2026-05-27 22:56:38,040 - DEBUG - joeynmt.training - 	Tokenized reference:  ['But', 'this', 'under@@', 'st@@', 'ates', 'the', 'ser@@', 'i@@', 'ous@@', 'ness', 'of', 'this', 'parti@@', 'cu@@', 'lar', 'problem', 'because', 'it', 'doesn', '&apos;t', 'show', 'the', 'th@@', 'ic@@', 'k@@', 'ness', 'of', 'the', 'ice', '.']
2026-05-27 22:56:38,040 - DEBUG - joeynmt.training - 	Tokenized hypothesis: ['But', 'this', 'under@@', 'stand@@', 'ing', ',', 'the', 'n@@', 'st', 'of', 'this', 'speci@@', 'f@@', 'ic', 'problem', 'because', 'it', 'doesn', '&apos;t', 'see', 'the', 'di@@', 'sp@@', 'l@@', 'it', '.', '</s>']
2026-05-27 22:56:38,040 - INFO - joeynmt.training - 	Source:     Maar dit onderschat eigenlijk de ernst van dit specifieke probleem omdat het niet de dikte van het ijs laat zien .
2026-05-27 22:56:38,040 - INFO - joeynmt.training - 	Reference:  But this understates the seriousness of this particular problem because it doesn &apos;t show the thickness of the ice .
2026-05-27 22:56:38,040 - INFO - joeynmt.training - 	Hypothesis: But this understanding , the nst of this specific problem because it doesn &apos;t see the displit .
2026-05-27 22:56:38,040 - INFO - joeynmt.training - Example #2
2026-05-27 22:56:38,040 - DEBUG - joeynmt.training - 	Tokenized source:     ['De', 'ij@@', 'sk@@', 'a@@', 'p', 'op', 'de', 'N@@', 'oor@@', 'd@@', 'p@@', 'ool', 'is', 'in', 'ze@@', 'k@@', 'ere', 'z@@', 'in', 'het', 'kl@@', 'op@@', 'p@@', 'end', 'har@@', 't', 'van', 'ons', 'glob@@', 'aal', 'k@@', 'li@@', 'ma@@', 'at@@', 'systeem', '.']
2026-05-27 22:56:38,040 - DEBUG - joeynmt.training - 	Tokenized reference:  ['The', 'ar@@', 'c@@', 'ti@@', 'c', 'ice', 'ca@@', 'p', 'is', ',', 'in', 'a', 'sense', ',', 'the', 'be@@', 'ating', 'he@@', 'art', 'of', 'the', 'glob@@', 'al', 'c@@', 'lim@@', 'ate', 'system', '.']
2026-05-27 22:56:38,040 - DEBUG - joeynmt.training - 	Tokenized hypothesis: ['The', 'ice', 'sk@@', 'ill', 'on', 'the', 'N@@', 'or@@', 'th', 'p@@', 'ool', 'is', 'in', 'a', 'sense', 'of', 'our', 'glob@@', 'al', 'he@@', 'art', 'of', 'our', 'glob@@', 'al', 'c@@', 'lim@@', 'ate', 'system', '.', '</s>']
2026-05-27 22:56:38,041 - INFO - joeynmt.training - 	Source:     De ijskap op de Noordpool is in zekere zin het kloppend hart van ons globaal klimaatsysteem .
2026-05-27 22:56:38,041 - INFO - joeynmt.training - 	Reference:  The arctic ice cap is , in a sense , the beating heart of the global climate system .
2026-05-27 22:56:38,041 - INFO - joeynmt.training - 	Hypothesis: The ice skill on the North pool is in a sense of our global heart of our global climate system .
2026-05-27 22:56:38,041 - INFO - joeynmt.training - Example #3
2026-05-27 22:56:38,041 - DEBUG - joeynmt.training - 	Tokenized source:     ['Het', 'z@@', 'et', 'uit', 'in', 'de', 'win@@', 'ter', 'en', 'k@@', 'ri@@', 'mp@@', 't', 'in', 'de', 'z@@', 'om@@', 'er', '.']
2026-05-27 22:56:38,041 - DEBUG - joeynmt.training - 	Tokenized reference:  ['It', 'exp@@', 'and@@', 's', 'in', 'win@@', 'ter', 'and', 'con@@', 'tr@@', 'ac@@', 'ts', 'in', 'su@@', 'mm@@', 'er', '.']
2026-05-27 22:56:38,041 - DEBUG - joeynmt.training - 	Tokenized hypothesis: ['It', '&apos;s', 'just', 'just', 'in', 'the', 'win@@', 'ter', 'and', 'c@@', 'ri@@', 'mp@@', 't', 'in', 'the', 'si@@', 'mil@@', 'e', '.', '</s>']
2026-05-27 22:56:38,041 - INFO - joeynmt.training - 	Source:     Het zet uit in de winter en krimpt in de zomer .
2026-05-27 22:56:38,041 - INFO - joeynmt.training - 	Reference:  It expands in winter and contracts in summer .
2026-05-27 22:56:38,041 - INFO - joeynmt.training - 	Hypothesis: It &apos;s just just in the winter and crimpt in the simile .
2026-05-27 22:56:38,041 - INFO - joeynmt.training - Example #4
2026-05-27 22:56:38,041 - DEBUG - joeynmt.training - 	Tokenized source:     ['De', 'volgende', 'dia', 'die', 'ik', 'laat', 'zien', 'is', 'een', 'vers@@', 'n@@', 'el@@', 'de', 'ver@@', 'sie', 'van', 'wat', 'er', 'de', 'af@@', 'gel@@', 'open', '2@@', '5', 'jaar', 'is', 'gebeur@@', 'd', '.']
2026-05-27 22:56:38,041 - DEBUG - joeynmt.training - 	Tokenized reference:  ['The', 'next', 'sli@@', 'de', 'I', 'show', 'you', 'will', 'be', 'a', 'r@@', 'ap@@', 'id', 'fa@@', 'st@@', '-@@', 'for@@', 'ward', 'of', 'what', '&apos;s', 'happened', 'over', 'the', 'last', '2@@', '5', 'years', '.']
2026-05-27 22:56:38,041 - DEBUG - joeynmt.training - 	Tokenized hypothesis: ['The', 'next', 'sli@@', 'de', 'that', 'I', '&apos;m', 'going', 'to', 'show', 'is', 'a', 'vers@@', 'ation', 'of', 'what', '&apos;s', 'the', 'last', '2@@', '5', 'years', '.', '</s>']
2026-05-27 22:56:38,042 - INFO - joeynmt.training - 	Source:     De volgende dia die ik laat zien is een versnelde versie van wat er de afgelopen 25 jaar is gebeurd .
2026-05-27 22:56:38,042 - INFO - joeynmt.training - 	Reference:  The next slide I show you will be a rapid fast-forward of what &apos;s happened over the last 25 years .
2026-05-27 22:56:38,042 - INFO - joeynmt.training - 	Hypothesis: The next slide that I &apos;m going to show is a versation of what &apos;s the last 25 years .
2026-05-27 22:56:50,993 - INFO - joeynmt.training - Epoch   2, Step:     7100, Batch Loss:     1.640311, Batch Acc: 0.529681, Tokens per Sec:     5836, Lr: 0.000300
2026-05-27 22:57:03,342 - INFO - joeynmt.training - Epoch   2, Step:     7200, Batch Loss:     1.674243, Batch Acc: 0.534015, Tokens per Sec:     6130, Lr: 0.000300
2026-05-27 22:57:15,921 - INFO - joeynmt.training - Epoch   2, Step:     7300, Batch Loss:     1.809734, Batch Acc: 0.542437, Tokens per Sec:     5952, Lr: 0.000300
2026-05-27 22:57:27,278 - INFO - joeynmt.training - Epoch   2, Step:     7400, Batch Loss:     1.983239, Batch Acc: 0.538480, Tokens per Sec:     6825, Lr: 0.000300
2026-05-27 22:57:39,174 - INFO - joeynmt.training - Epoch   2, Step:     7500, Batch Loss:     1.702410, Batch Acc: 0.534210, Tokens per Sec:     6403, Lr: 0.000300
2026-05-27 22:57:39,174 - WARNING - joeynmt.helpers - `alpha` option is obsolete. Please use `beam_alpha`, instead.
2026-05-27 22:57:39,174 - INFO - joeynmt.prediction - Predicting 1003 example(s)... (Greedy decoding with min_output_length=1, max_output_length=-1, return_prob='none', generate_unk=True, repetition_penalty=-1, no_repeat_ngram_size=-1)
2026-05-27 22:58:11,089 - INFO - joeynmt.prediction - Evaluation result (greedy) loss:   1.92, ppl:   6.79, acc:   0.46, generation: 31.9050[sec], evaluation: 0.0000[sec]
2026-05-27 22:58:11,091 - INFO - joeynmt.training - Hooray! New best validation result [ppl]!
2026-05-27 22:58:11,218 - INFO - joeynmt.helpers - delete models/tf_bpe_2000_nl_en/5000.ckpt
2026-05-27 22:58:11,220 - INFO - joeynmt.training - Example #0
2026-05-27 22:58:11,220 - DEBUG - joeynmt.training - 	Tokenized source:     ['V@@', 'or@@', 'ig', 'jaar', 'li@@', 'et', 'ik', 'deze', 'twee', 'dia', '&apos;', 's', 'zien', 'om', 'aan', 'te', 't@@', 'onen', 'dat', 'de', 'p@@', 'oo@@', 'lij@@', 'sk@@', 'a@@', 'p', ',', 'die', 'de', 'af@@', 'gel@@', 'open', 'drie', 'miljoen', 'jaar', 'ongeveer', 'de', 'groot@@', 'te', 'had', 'van', 'het', 'va@@', 'stel@@', 'and', 'van', 'de', 'V@@', 'S', ',', 'met', '4@@', '0', '%', 'ge@@', 'k@@', 'r@@', 'om@@', 'pen', 'was', '.']
2026-05-27 22:58:11,220 - DEBUG - joeynmt.training - 	Tokenized reference:  ['La@@', 'st', 'year', 'I', 'sho@@', 'w@@', 'ed', 'these', 'two', 'sli@@', 'des', 'so', 'that', 'de@@', 'mon@@', 'str@@', 'ate', 'that', 'the', 'ar@@', 'c@@', 'ti@@', 'c', 'ice', 'ca@@', 'p', ',', 'which', 'for', 'most', 'of', 'the', 'last', 'three', 'million', 'years', 'has', 'been', 'the', 'si@@', 'ze', 'of', 'the', 'lo@@', 'wer', '4@@', '8', 'st@@', 'ates', ',', 'has', 'sh@@', 'r@@', 'un@@', 'k', 'by', '4@@', '0', 'percent', '.']
2026-05-27 22:58:11,220 - DEBUG - joeynmt.training - 	Tokenized hypothesis: ['And', 'I', 'think', ',', 'I', '&apos;ve', 'just', 'see', 'these', 'two', 'sli@@', 'des', 'to', 'show', 'you', 'that', 'the', 'p@@', 'oo@@', 'ls', 'of', 'the', 'p@@', 'oo@@', 'ls', ',', 'which', 'the', 'last', 'three', 'million', 'years', 'of', 'the', 'U@@', '.@@', 'S@@', '.', ',', 'with', '4@@', '0', 'percent', 'of', 'the', 'U@@', '.@@', 'S@@', '.', ',', 'with', '4@@', '0', 'percent', 'of', 'the', 'U@@', '.@@', 'S@@', '.', '</s>']
2026-05-27 22:58:11,220 - INFO - joeynmt.training - 	Source:     Vorig jaar liet ik deze twee dia &apos; s zien om aan te tonen dat de poolijskap , die de afgelopen drie miljoen jaar ongeveer de grootte had van het vasteland van de VS , met 40 % gekrompen was .
2026-05-27 22:58:11,220 - INFO - joeynmt.training - 	Reference:  Last year I showed these two slides so that demonstrate that the arctic ice cap , which for most of the last three million years has been the size of the lower 48 states , has shrunk by 40 percent .
2026-05-27 22:58:11,220 - INFO - joeynmt.training - 	Hypothesis: And I think , I &apos;ve just see these two slides to show you that the pools of the pools , which the last three million years of the U.S. , with 40 percent of the U.S. , with 40 percent of the U.S.
2026-05-27 22:58:11,220 - INFO - joeynmt.training - Example #1
2026-05-27 22:58:11,221 - DEBUG - joeynmt.training - 	Tokenized source:     ['Maar', 'dit', 'onder@@', 'sch@@', 'at', 'eigenlijk', 'de', 'er@@', 'n@@', 'st', 'van', 'dit', 'speci@@', 'f@@', 'ieke', 'probleem', 'omdat', 'het', 'niet', 'de', 'di@@', 'kte', 'van', 'het', 'ij@@', 's', 'laat', 'zien', '.']
2026-05-27 22:58:11,221 - DEBUG - joeynmt.training - 	Tokenized reference:  ['But', 'this', 'under@@', 'st@@', 'ates', 'the', 'ser@@', 'i@@', 'ous@@', 'ness', 'of', 'this', 'parti@@', 'cu@@', 'lar', 'problem', 'because', 'it', 'doesn', '&apos;t', 'show', 'the', 'th@@', 'ic@@', 'k@@', 'ness', 'of', 'the', 'ice', '.']
2026-05-27 22:58:11,221 - DEBUG - joeynmt.training - 	Tokenized hypothesis: ['But', 'this', 'is', 'actually', 'the', 'thing', 'of', 'this', 'is', 'actually', 'the', 'way', 'of', 'this', 'parti@@', 'cu@@', 'lar', 'problem', 'because', 'it', '&apos;s', 'not', 'going', 'to', 'show', 'the', 'di@@', 'st@@', 'ate', '.', '</s>']
2026-05-27 22:58:11,221 - INFO - joeynmt.training - 	Source:     Maar dit onderschat eigenlijk de ernst van dit specifieke probleem omdat het niet de dikte van het ijs laat zien .
2026-05-27 22:58:11,221 - INFO - joeynmt.training - 	Reference:  But this understates the seriousness of this particular problem because it doesn &apos;t show the thickness of the ice .
2026-05-27 22:58:11,221 - INFO - joeynmt.training - 	Hypothesis: But this is actually the thing of this is actually the way of this particular problem because it &apos;s not going to show the distate .
2026-05-27 22:58:11,221 - INFO - joeynmt.training - Example #2
2026-05-27 22:58:11,221 - DEBUG - joeynmt.training - 	Tokenized source:     ['De', 'ij@@', 'sk@@', 'a@@', 'p', 'op', 'de', 'N@@', 'oor@@', 'd@@', 'p@@', 'ool', 'is', 'in', 'ze@@', 'k@@', 'ere', 'z@@', 'in', 'het', 'kl@@', 'op@@', 'p@@', 'end', 'har@@', 't', 'van', 'ons', 'glob@@', 'aal', 'k@@', 'li@@', 'ma@@', 'at@@', 'systeem', '.']
2026-05-27 22:58:11,221 - DEBUG - joeynmt.training - 	Tokenized reference:  ['The', 'ar@@', 'c@@', 'ti@@', 'c', 'ice', 'ca@@', 'p', 'is', ',', 'in', 'a', 'sense', ',', 'the', 'be@@', 'ating', 'he@@', 'art', 'of', 'the', 'glob@@', 'al', 'c@@', 'lim@@', 'ate', 'system', '.']
2026-05-27 22:58:11,221 - DEBUG - joeynmt.training - 	Tokenized hypothesis: ['The', 'ice', 'sk@@', 'a@@', 'p', 'on', 'the', 'N@@', 'or@@', 'th', 'p@@', 'ool', 'is', 'in', 'cer@@', 'ta@@', 'in', 'the', 'c@@', 'li@@', 'z@@', 's', 'of', 'us', 'glob@@', 'al', 'c@@', 'li@@', 'm@@', 'ate', 'system', '.', '</s>']
2026-05-27 22:58:11,221 - INFO - joeynmt.training - 	Source:     De ijskap op de Noordpool is in zekere zin het kloppend hart van ons globaal klimaatsysteem .
2026-05-27 22:58:11,221 - INFO - joeynmt.training - 	Reference:  The arctic ice cap is , in a sense , the beating heart of the global climate system .
2026-05-27 22:58:11,221 - INFO - joeynmt.training - 	Hypothesis: The ice skap on the North pool is in certain the clizs of us global climate system .
2026-05-27 22:58:11,221 - INFO - joeynmt.training - Example #3
2026-05-27 22:58:11,221 - DEBUG - joeynmt.training - 	Tokenized source:     ['Het', 'z@@', 'et', 'uit', 'in', 'de', 'win@@', 'ter', 'en', 'k@@', 'ri@@', 'mp@@', 't', 'in', 'de', 'z@@', 'om@@', 'er', '.']
2026-05-27 22:58:11,221 - DEBUG - joeynmt.training - 	Tokenized reference:  ['It', 'exp@@', 'and@@', 's', 'in', 'win@@', 'ter', 'and', 'con@@', 'tr@@', 'ac@@', 'ts', 'in', 'su@@', 'mm@@', 'er', '.']
2026-05-27 22:58:11,221 - DEBUG - joeynmt.training - 	Tokenized hypothesis: ['It', 'was', 'just', 'out', 'in', 'the', 'win@@', 'ter', 'and', 'c@@', 'ri@@', 'mp@@', 't', 'in', 'the', 'su@@', 'mm@@', 'er', '.', '</s>']
2026-05-27 22:58:11,222 - INFO - joeynmt.training - 	Source:     Het zet uit in de winter en krimpt in de zomer .
2026-05-27 22:58:11,222 - INFO - joeynmt.training - 	Reference:  It expands in winter and contracts in summer .
2026-05-27 22:58:11,222 - INFO - joeynmt.training - 	Hypothesis: It was just out in the winter and crimpt in the summer .
2026-05-27 22:58:11,222 - INFO - joeynmt.training - Example #4
2026-05-27 22:58:11,222 - DEBUG - joeynmt.training - 	Tokenized source:     ['De', 'volgende', 'dia', 'die', 'ik', 'laat', 'zien', 'is', 'een', 'vers@@', 'n@@', 'el@@', 'de', 'ver@@', 'sie', 'van', 'wat', 'er', 'de', 'af@@', 'gel@@', 'open', '2@@', '5', 'jaar', 'is', 'gebeur@@', 'd', '.']
2026-05-27 22:58:11,222 - DEBUG - joeynmt.training - 	Tokenized reference:  ['The', 'next', 'sli@@', 'de', 'I', 'show', 'you', 'will', 'be', 'a', 'r@@', 'ap@@', 'id', 'fa@@', 'st@@', '-@@', 'for@@', 'ward', 'of', 'what', '&apos;s', 'happened', 'over', 'the', 'last', '2@@', '5', 'years', '.']
2026-05-27 22:58:11,222 - DEBUG - joeynmt.training - 	Tokenized hypothesis: ['The', 'next', 'sli@@', 'de', 'that', 'I', '&apos;m', 'going', 'to', 'show', 'is', 'a', 'vers@@', 'al', 'ver@@', 'sion', 'of', 'what', '&apos;s', 'happened', '2@@', '5', 'years', '.', '</s>']
2026-05-27 22:58:11,222 - INFO - joeynmt.training - 	Source:     De volgende dia die ik laat zien is een versnelde versie van wat er de afgelopen 25 jaar is gebeurd .
2026-05-27 22:58:11,222 - INFO - joeynmt.training - 	Reference:  The next slide I show you will be a rapid fast-forward of what &apos;s happened over the last 25 years .
2026-05-27 22:58:11,222 - INFO - joeynmt.training - 	Hypothesis: The next slide that I &apos;m going to show is a versal version of what &apos;s happened 25 years .
2026-05-27 22:58:23,066 - INFO - joeynmt.training - Epoch   2, Step:     7600, Batch Loss:     1.520157, Batch Acc: 0.534979, Tokens per Sec:     6335, Lr: 0.000300
2026-05-27 22:58:34,711 - INFO - joeynmt.training - Epoch   2, Step:     7700, Batch Loss:     1.763412, Batch Acc: 0.539670, Tokens per Sec:     6513, Lr: 0.000300
2026-05-27 22:58:40,792 - INFO - joeynmt.training - Epoch   2: total training loss 6715.01
2026-05-27 22:58:40,793 - INFO - joeynmt.training - EPOCH 3
2026-05-27 22:58:46,694 - INFO - joeynmt.training - Epoch   3, Step:     7800, Batch Loss:     1.526077, Batch Acc: 0.559303, Tokens per Sec:     6116, Lr: 0.000300
2026-05-27 22:58:59,295 - INFO - joeynmt.training - Epoch   3, Step:     7900, Batch Loss:     1.518133, Batch Acc: 0.564252, Tokens per Sec:     6087, Lr: 0.000300
2026-05-27 22:59:11,279 - INFO - joeynmt.training - Epoch   3, Step:     8000, Batch Loss:     1.492604, Batch Acc: 0.558989, Tokens per Sec:     6218, Lr: 0.000300
2026-05-27 22:59:11,279 - WARNING - joeynmt.helpers - `alpha` option is obsolete. Please use `beam_alpha`, instead.
2026-05-27 22:59:11,280 - INFO - joeynmt.prediction - Predicting 1003 example(s)... (Greedy decoding with min_output_length=1, max_output_length=-1, return_prob='none', generate_unk=True, repetition_penalty=-1, no_repeat_ngram_size=-1)
2026-05-27 22:59:37,300 - INFO - joeynmt.prediction - Evaluation result (greedy) loss:   1.89, ppl:   6.63, acc:   0.47, generation: 26.0093[sec], evaluation: 0.0000[sec]
2026-05-27 22:59:37,302 - INFO - joeynmt.training - Hooray! New best validation result [ppl]!
2026-05-27 22:59:37,416 - INFO - joeynmt.helpers - delete models/tf_bpe_2000_nl_en/5500.ckpt
2026-05-27 22:59:37,417 - INFO - joeynmt.training - Example #0
2026-05-27 22:59:37,417 - DEBUG - joeynmt.training - 	Tokenized source:     ['V@@', 'or@@', 'ig', 'jaar', 'li@@', 'et', 'ik', 'deze', 'twee', 'dia', '&apos;', 's', 'zien', 'om', 'aan', 'te', 't@@', 'onen', 'dat', 'de', 'p@@', 'oo@@', 'lij@@', 'sk@@', 'a@@', 'p', ',', 'die', 'de', 'af@@', 'gel@@', 'open', 'drie', 'miljoen', 'jaar', 'ongeveer', 'de', 'groot@@', 'te', 'had', 'van', 'het', 'va@@', 'stel@@', 'and', 'van', 'de', 'V@@', 'S', ',', 'met', '4@@', '0', '%', 'ge@@', 'k@@', 'r@@', 'om@@', 'pen', 'was', '.']
2026-05-27 22:59:37,417 - DEBUG - joeynmt.training - 	Tokenized reference:  ['La@@', 'st', 'year', 'I', 'sho@@', 'w@@', 'ed', 'these', 'two', 'sli@@', 'des', 'so', 'that', 'de@@', 'mon@@', 'str@@', 'ate', 'that', 'the', 'ar@@', 'c@@', 'ti@@', 'c', 'ice', 'ca@@', 'p', ',', 'which', 'for', 'most', 'of', 'the', 'last', 'three', 'million', 'years', 'has', 'been', 'the', 'si@@', 'ze', 'of', 'the', 'lo@@', 'wer', '4@@', '8', 'st@@', 'ates', ',', 'has', 'sh@@', 'r@@', 'un@@', 'k', 'by', '4@@', '0', 'percent', '.']
2026-05-27 22:59:37,417 - DEBUG - joeynmt.training - 	Tokenized hypothesis: ['A', 'year', ',', 'I', '&apos;ve', 'got', 'these', 'two', 'sli@@', 'des', 'to', 'show', 'these', 'two', 'sli@@', 'des', 'to', 'show', 'that', 'the', 'p@@', 'oo@@', 'ls', ',', 'which', 'the', 'pa@@', 'st', 'three', 'million', 'years', 'about', 'the', 'si@@', 'ze', 'of', 'the', 'U@@', '.@@', 'S@@', '.', ',', 'with', '4@@', '0', 'percent', 'of', 'the', 'U@@', '.@@', 'S@@', '.', ',', 'with', '4@@', '0', 'percent', '.', '</s>']
2026-05-27 22:59:37,418 - INFO - joeynmt.training - 	Source:     Vorig jaar liet ik deze twee dia &apos; s zien om aan te tonen dat de poolijskap , die de afgelopen drie miljoen jaar ongeveer de grootte had van het vasteland van de VS , met 40 % gekrompen was .
2026-05-27 22:59:37,418 - INFO - joeynmt.training - 	Reference:  Last year I showed these two slides so that demonstrate that the arctic ice cap , which for most of the last three million years has been the size of the lower 48 states , has shrunk by 40 percent .
2026-05-27 22:59:37,418 - INFO - joeynmt.training - 	Hypothesis: A year , I &apos;ve got these two slides to show these two slides to show that the pools , which the past three million years about the size of the U.S. , with 40 percent of the U.S. , with 40 percent .
2026-05-27 22:59:37,418 - INFO - joeynmt.training - Example #1
2026-05-27 22:59:37,418 - DEBUG - joeynmt.training - 	Tokenized source:     ['Maar', 'dit', 'onder@@', 'sch@@', 'at', 'eigenlijk', 'de', 'er@@', 'n@@', 'st', 'van', 'dit', 'speci@@', 'f@@', 'ieke', 'probleem', 'omdat', 'het', 'niet', 'de', 'di@@', 'kte', 'van', 'het', 'ij@@', 's', 'laat', 'zien', '.']
2026-05-27 22:59:37,418 - DEBUG - joeynmt.training - 	Tokenized reference:  ['But', 'this', 'under@@', 'st@@', 'ates', 'the', 'ser@@', 'i@@', 'ous@@', 'ness', 'of', 'this', 'parti@@', 'cu@@', 'lar', 'problem', 'because', 'it', 'doesn', '&apos;t', 'show', 'the', 'th@@', 'ic@@', 'k@@', 'ness', 'of', 'the', 'ice', '.']
2026-05-27 22:59:37,418 - DEBUG - joeynmt.training - 	Tokenized hypothesis: ['But', 'this', 'is', 'actually', 'the', 'thing', 'of', 'this', 'speci@@', 'f@@', 'ically', ',', 'the', 'way', 'of', 'this', 'speci@@', 'f@@', 'ically', ',', 'it', '&apos;s', 'not', 'the', 'anim@@', 'al', '.', '</s>']
2026-05-27 22:59:37,418 - INFO - joeynmt.training - 	Source:     Maar dit onderschat eigenlijk de ernst van dit specifieke probleem omdat het niet de dikte van het ijs laat zien .
2026-05-27 22:59:37,418 - INFO - joeynmt.training - 	Reference:  But this understates the seriousness of this particular problem because it doesn &apos;t show the thickness of the ice .
2026-05-27 22:59:37,418 - INFO - joeynmt.training - 	Hypothesis: But this is actually the thing of this specifically , the way of this specifically , it &apos;s not the animal .
2026-05-27 22:59:37,418 - INFO - joeynmt.training - Example #2
2026-05-27 22:59:37,418 - DEBUG - joeynmt.training - 	Tokenized source:     ['De', 'ij@@', 'sk@@', 'a@@', 'p', 'op', 'de', 'N@@', 'oor@@', 'd@@', 'p@@', 'ool', 'is', 'in', 'ze@@', 'k@@', 'ere', 'z@@', 'in', 'het', 'kl@@', 'op@@', 'p@@', 'end', 'har@@', 't', 'van', 'ons', 'glob@@', 'aal', 'k@@', 'li@@', 'ma@@', 'at@@', 'systeem', '.']
2026-05-27 22:59:37,418 - DEBUG - joeynmt.training - 	Tokenized reference:  ['The', 'ar@@', 'c@@', 'ti@@', 'c', 'ice', 'ca@@', 'p', 'is', ',', 'in', 'a', 'sense', ',', 'the', 'be@@', 'ating', 'he@@', 'art', 'of', 'the', 'glob@@', 'al', 'c@@', 'lim@@', 'ate', 'system', '.']
2026-05-27 22:59:37,418 - DEBUG - joeynmt.training - 	Tokenized hypothesis: ['The', 'ice', 'sk@@', 'a@@', 'p', 'on', 'the', 'N@@', 'or@@', 'th', 'p@@', 'ool', 'is', 'in', 'cer@@', 'ta@@', 'in', 'the', 'c@@', 'li@@', 'p', 'of', 'our', 'c@@', 'li@@', 'p', 'system', '.', '</s>']
2026-05-27 22:59:37,418 - INFO - joeynmt.training - 	Source:     De ijskap op de Noordpool is in zekere zin het kloppend hart van ons globaal klimaatsysteem .
2026-05-27 22:59:37,418 - INFO - joeynmt.training - 	Reference:  The arctic ice cap is , in a sense , the beating heart of the global climate system .
2026-05-27 22:59:37,418 - INFO - joeynmt.training - 	Hypothesis: The ice skap on the North pool is in certain the clip of our clip system .
2026-05-27 22:59:37,418 - INFO - joeynmt.training - Example #3
2026-05-27 22:59:37,419 - DEBUG - joeynmt.training - 	Tokenized source:     ['Het', 'z@@', 'et', 'uit', 'in', 'de', 'win@@', 'ter', 'en', 'k@@', 'ri@@', 'mp@@', 't', 'in', 'de', 'z@@', 'om@@', 'er', '.']
2026-05-27 22:59:37,419 - DEBUG - joeynmt.training - 	Tokenized reference:  ['It', 'exp@@', 'and@@', 's', 'in', 'win@@', 'ter', 'and', 'con@@', 'tr@@', 'ac@@', 'ts', 'in', 'su@@', 'mm@@', 'er', '.']
2026-05-27 22:59:37,419 - DEBUG - joeynmt.training - 	Tokenized hypothesis: ['It', '&apos;s', 'just', 'in', 'the', 'win@@', 'ter', 'and', 'c@@', 'ri@@', 'mp@@', 't', 'in', 'the', 's@@', 'om@@', 'er', '.', '</s>']
2026-05-27 22:59:37,419 - INFO - joeynmt.training - 	Source:     Het zet uit in de winter en krimpt in de zomer .
2026-05-27 22:59:37,419 - INFO - joeynmt.training - 	Reference:  It expands in winter and contracts in summer .
2026-05-27 22:59:37,419 - INFO - joeynmt.training - 	Hypothesis: It &apos;s just in the winter and crimpt in the somer .
2026-05-27 22:59:37,419 - INFO - joeynmt.training - Example #4
2026-05-27 22:59:37,419 - DEBUG - joeynmt.training - 	Tokenized source:     ['De', 'volgende', 'dia', 'die', 'ik', 'laat', 'zien', 'is', 'een', 'vers@@', 'n@@', 'el@@', 'de', 'ver@@', 'sie', 'van', 'wat', 'er', 'de', 'af@@', 'gel@@', 'open', '2@@', '5', 'jaar', 'is', 'gebeur@@', 'd', '.']
2026-05-27 22:59:37,419 - DEBUG - joeynmt.training - 	Tokenized reference:  ['The', 'next', 'sli@@', 'de', 'I', 'show', 'you', 'will', 'be', 'a', 'r@@', 'ap@@', 'id', 'fa@@', 'st@@', '-@@', 'for@@', 'ward', 'of', 'what', '&apos;s', 'happened', 'over', 'the', 'last', '2@@', '5', 'years', '.']
2026-05-27 22:59:37,419 - DEBUG - joeynmt.training - 	Tokenized hypothesis: ['The', 'next', 'sli@@', 'de', 'that', 'I', '&apos;m', 'going', 'to', 'show', 'is', 'a', 'vers@@', 'ity', 'of', 'what', '&apos;s', 'going', 'to', 'be', 'the', 'last', '2@@', '5', 'years', '.', '</s>']
2026-05-27 22:59:37,419 - INFO - joeynmt.training - 	Source:     De volgende dia die ik laat zien is een versnelde versie van wat er de afgelopen 25 jaar is gebeurd .
2026-05-27 22:59:37,419 - INFO - joeynmt.training - 	Reference:  The next slide I show you will be a rapid fast-forward of what &apos;s happened over the last 25 years .
2026-05-27 22:59:37,419 - INFO - joeynmt.training - 	Hypothesis: The next slide that I &apos;m going to show is a versity of what &apos;s going to be the last 25 years .
2026-05-27 22:59:48,785 - INFO - joeynmt.training - Epoch   3, Step:     8100, Batch Loss:     1.624553, Batch Acc: 0.552698, Tokens per Sec:     6535, Lr: 0.000300
2026-05-27 23:00:00,445 - INFO - joeynmt.training - Epoch   3, Step:     8200, Batch Loss:     1.642529, Batch Acc: 0.555559, Tokens per Sec:     6389, Lr: 0.000300
2026-05-27 23:00:11,943 - INFO - joeynmt.training - Epoch   3, Step:     8300, Batch Loss:     1.605799, Batch Acc: 0.558119, Tokens per Sec:     6669, Lr: 0.000300
2026-05-27 23:00:23,350 - INFO - joeynmt.training - Epoch   3, Step:     8400, Batch Loss:     1.577291, Batch Acc: 0.555579, Tokens per Sec:     6550, Lr: 0.000300
2026-05-27 23:00:37,897 - INFO - joeynmt.training - Epoch   3, Step:     8500, Batch Loss:     1.483543, Batch Acc: 0.556474, Tokens per Sec:     5065, Lr: 0.000300
2026-05-27 23:00:37,898 - WARNING - joeynmt.helpers - `alpha` option is obsolete. Please use `beam_alpha`, instead.
2026-05-27 23:00:37,898 - INFO - joeynmt.prediction - Predicting 1003 example(s)... (Greedy decoding with min_output_length=1, max_output_length=-1, return_prob='none', generate_unk=True, repetition_penalty=-1, no_repeat_ngram_size=-1)
2026-05-27 23:01:12,708 - INFO - joeynmt.prediction - Evaluation result (greedy) loss:   1.88, ppl:   6.54, acc:   0.47, generation: 34.7999[sec], evaluation: 0.0000[sec]
2026-05-27 23:01:12,710 - INFO - joeynmt.training - Hooray! New best validation result [ppl]!
2026-05-27 23:01:12,842 - INFO - joeynmt.helpers - delete models/tf_bpe_2000_nl_en/6000.ckpt
2026-05-27 23:01:12,844 - INFO - joeynmt.training - Example #0
2026-05-27 23:01:12,844 - DEBUG - joeynmt.training - 	Tokenized source:     ['V@@', 'or@@', 'ig', 'jaar', 'li@@', 'et', 'ik', 'deze', 'twee', 'dia', '&apos;', 's', 'zien', 'om', 'aan', 'te', 't@@', 'onen', 'dat', 'de', 'p@@', 'oo@@', 'lij@@', 'sk@@', 'a@@', 'p', ',', 'die', 'de', 'af@@', 'gel@@', 'open', 'drie', 'miljoen', 'jaar', 'ongeveer', 'de', 'groot@@', 'te', 'had', 'van', 'het', 'va@@', 'stel@@', 'and', 'van', 'de', 'V@@', 'S', ',', 'met', '4@@', '0', '%', 'ge@@', 'k@@', 'r@@', 'om@@', 'pen', 'was', '.']
2026-05-27 23:01:12,845 - DEBUG - joeynmt.training - 	Tokenized reference:  ['La@@', 'st', 'year', 'I', 'sho@@', 'w@@', 'ed', 'these', 'two', 'sli@@', 'des', 'so', 'that', 'de@@', 'mon@@', 'str@@', 'ate', 'that', 'the', 'ar@@', 'c@@', 'ti@@', 'c', 'ice', 'ca@@', 'p', ',', 'which', 'for', 'most', 'of', 'the', 'last', 'three', 'million', 'years', 'has', 'been', 'the', 'si@@', 'ze', 'of', 'the', 'lo@@', 'wer', '4@@', '8', 'st@@', 'ates', ',', 'has', 'sh@@', 'r@@', 'un@@', 'k', 'by', '4@@', '0', 'percent', '.']
2026-05-27 23:01:12,845 - DEBUG - joeynmt.training - 	Tokenized hypothesis: ['And', 'I', 'think', 'of', 'the', 'U@@', 'n@@', 'ited', ',', 'I', 'think', 'these', 'two', 'sli@@', 'des', 'to', 'show', 'you', 'that', 'the', 'p@@', 'oo@@', 'li@@', 'p', ',', 'who', 'was', 'the', 'last', 'three', 'million', 'years', 'about', 'the', 'gr@@', 'and@@', 'and@@', '-@@', 'year', ',', 'with', '4@@', '0', 'percent', 'of', 'the', 'U@@', '.@@', 'S@@', '.', ',', 'with', '4@@', '0', 'percent', 'of', 'the', 'U@@', '.@@', 'S@@', '.', '</s>']
2026-05-27 23:01:12,845 - INFO - joeynmt.training - 	Source:     Vorig jaar liet ik deze twee dia &apos; s zien om aan te tonen dat de poolijskap , die de afgelopen drie miljoen jaar ongeveer de grootte had van het vasteland van de VS , met 40 % gekrompen was .
2026-05-27 23:01:12,845 - INFO - joeynmt.training - 	Reference:  Last year I showed these two slides so that demonstrate that the arctic ice cap , which for most of the last three million years has been the size of the lower 48 states , has shrunk by 40 percent .
2026-05-27 23:01:12,845 - INFO - joeynmt.training - 	Hypothesis: And I think of the United , I think these two slides to show you that the poolip , who was the last three million years about the grandand-year , with 40 percent of the U.S. , with 40 percent of the U.S.
2026-05-27 23:01:12,845 - INFO - joeynmt.training - Example #1
2026-05-27 23:01:12,845 - DEBUG - joeynmt.training - 	Tokenized source:     ['Maar', 'dit', 'onder@@', 'sch@@', 'at', 'eigenlijk', 'de', 'er@@', 'n@@', 'st', 'van', 'dit', 'speci@@', 'f@@', 'ieke', 'probleem', 'omdat', 'het', 'niet', 'de', 'di@@', 'kte', 'van', 'het', 'ij@@', 's', 'laat', 'zien', '.']
2026-05-27 23:01:12,845 - DEBUG - joeynmt.training - 	Tokenized reference:  ['But', 'this', 'under@@', 'st@@', 'ates', 'the', 'ser@@', 'i@@', 'ous@@', 'ness', 'of', 'this', 'parti@@', 'cu@@', 'lar', 'problem', 'because', 'it', 'doesn', '&apos;t', 'show', 'the', 'th@@', 'ic@@', 'k@@', 'ness', 'of', 'the', 'ice', '.']
2026-05-27 23:01:12,845 - DEBUG - joeynmt.training - 	Tokenized hypothesis: ['But', 'this', 'under@@', 'st@@', 'ood', 'the', 'ex@@', 't@@', 'or@@', 'y', 'of', 'this', 'speci@@', 'f@@', 'ic', 'problem', 'because', 'it', 'doesn', '&apos;t', 're@@', 'me@@', 'mber', 'the', 'ice', 'of', 'the', 'ice', '.', '</s>']
2026-05-27 23:01:12,845 - INFO - joeynmt.training - 	Source:     Maar dit onderschat eigenlijk de ernst van dit specifieke probleem omdat het niet de dikte van het ijs laat zien .
2026-05-27 23:01:12,845 - INFO - joeynmt.training - 	Reference:  But this understates the seriousness of this particular problem because it doesn &apos;t show the thickness of the ice .
2026-05-27 23:01:12,845 - INFO - joeynmt.training - 	Hypothesis: But this understood the extory of this specific problem because it doesn &apos;t remember the ice of the ice .
2026-05-27 23:01:12,845 - INFO - joeynmt.training - Example #2
2026-05-27 23:01:12,845 - DEBUG - joeynmt.training - 	Tokenized source:     ['De', 'ij@@', 'sk@@', 'a@@', 'p', 'op', 'de', 'N@@', 'oor@@', 'd@@', 'p@@', 'ool', 'is', 'in', 'ze@@', 'k@@', 'ere', 'z@@', 'in', 'het', 'kl@@', 'op@@', 'p@@', 'end', 'har@@', 't', 'van', 'ons', 'glob@@', 'aal', 'k@@', 'li@@', 'ma@@', 'at@@', 'systeem', '.']
2026-05-27 23:01:12,845 - DEBUG - joeynmt.training - 	Tokenized reference:  ['The', 'ar@@', 'c@@', 'ti@@', 'c', 'ice', 'ca@@', 'p', 'is', ',', 'in', 'a', 'sense', ',', 'the', 'be@@', 'ating', 'he@@', 'art', 'of', 'the', 'glob@@', 'al', 'c@@', 'lim@@', 'ate', 'system', '.']
2026-05-27 23:01:12,845 - DEBUG - joeynmt.training - 	Tokenized hypothesis: ['The', 'ice', 'ice', 'ice', 'ice', 'is', 'in', 'a', 'cer@@', 'ta@@', 'in', 'in', ',', 'in', 'a', 'sense', ',', 'the', 'c@@', 'ra@@', 'z@@', 'y', ',', 'the', 'c@@', 'lim@@', 'ate', 'system', '.', '</s>']
2026-05-27 23:01:12,846 - INFO - joeynmt.training - 	Source:     De ijskap op de Noordpool is in zekere zin het kloppend hart van ons globaal klimaatsysteem .
2026-05-27 23:01:12,846 - INFO - joeynmt.training - 	Reference:  The arctic ice cap is , in a sense , the beating heart of the global climate system .
2026-05-27 23:01:12,846 - INFO - joeynmt.training - 	Hypothesis: The ice ice ice ice is in a certain in , in a sense , the crazy , the climate system .
2026-05-27 23:01:12,846 - INFO - joeynmt.training - Example #3
2026-05-27 23:01:12,846 - DEBUG - joeynmt.training - 	Tokenized source:     ['Het', 'z@@', 'et', 'uit', 'in', 'de', 'win@@', 'ter', 'en', 'k@@', 'ri@@', 'mp@@', 't', 'in', 'de', 'z@@', 'om@@', 'er', '.']
2026-05-27 23:01:12,846 - DEBUG - joeynmt.training - 	Tokenized reference:  ['It', 'exp@@', 'and@@', 's', 'in', 'win@@', 'ter', 'and', 'con@@', 'tr@@', 'ac@@', 'ts', 'in', 'su@@', 'mm@@', 'er', '.']
2026-05-27 23:01:12,846 - DEBUG - joeynmt.training - 	Tokenized hypothesis: ['It', '&apos;s', 'just', 'in', 'the', 'win@@', 'ter', 'and', 'c@@', 'ri@@', 'mp@@', 's', 'in', 'the', 's@@', 'om@@', 'er', '.', '</s>']
2026-05-27 23:01:12,846 - INFO - joeynmt.training - 	Source:     Het zet uit in de winter en krimpt in de zomer .
2026-05-27 23:01:12,846 - INFO - joeynmt.training - 	Reference:  It expands in winter and contracts in summer .
2026-05-27 23:01:12,846 - INFO - joeynmt.training - 	Hypothesis: It &apos;s just in the winter and crimps in the somer .
2026-05-27 23:01:12,846 - INFO - joeynmt.training - Example #4
2026-05-27 23:01:12,846 - DEBUG - joeynmt.training - 	Tokenized source:     ['De', 'volgende', 'dia', 'die', 'ik', 'laat', 'zien', 'is', 'een', 'vers@@', 'n@@', 'el@@', 'de', 'ver@@', 'sie', 'van', 'wat', 'er', 'de', 'af@@', 'gel@@', 'open', '2@@', '5', 'jaar', 'is', 'gebeur@@', 'd', '.']
2026-05-27 23:01:12,846 - DEBUG - joeynmt.training - 	Tokenized reference:  ['The', 'next', 'sli@@', 'de', 'I', 'show', 'you', 'will', 'be', 'a', 'r@@', 'ap@@', 'id', 'fa@@', 'st@@', '-@@', 'for@@', 'ward', 'of', 'what', '&apos;s', 'happened', 'over', 'the', 'last', '2@@', '5', 'years', '.']
2026-05-27 23:01:12,846 - DEBUG - joeynmt.training - 	Tokenized hypothesis: ['The', 'next', 'sli@@', 'de', 'I', 'show', 'is', 'a', 'vers@@', 'al', 'ver@@', 'sion', 'of', 'what', 'was', 'going', 'to', 'happ@@', 'en', 'to', 'the', 'last', '2@@', '5', 'years', '.', '</s>']
2026-05-27 23:01:12,847 - INFO - joeynmt.training - 	Source:     De volgende dia die ik laat zien is een versnelde versie van wat er de afgelopen 25 jaar is gebeurd .
2026-05-27 23:01:12,847 - INFO - joeynmt.training - 	Reference:  The next slide I show you will be a rapid fast-forward of what &apos;s happened over the last 25 years .
2026-05-27 23:01:12,847 - INFO - joeynmt.training - 	Hypothesis: The next slide I show is a versal version of what was going to happen to the last 25 years .
2026-05-27 23:01:25,122 - INFO - joeynmt.training - Epoch   3, Step:     8600, Batch Loss:     1.546242, Batch Acc: 0.558641, Tokens per Sec:     6104, Lr: 0.000300
2026-05-27 23:01:37,784 - INFO - joeynmt.training - Epoch   3, Step:     8700, Batch Loss:     1.475634, Batch Acc: 0.559123, Tokens per Sec:     5872, Lr: 0.000300
2026-05-27 23:01:49,366 - INFO - joeynmt.training - Epoch   3, Step:     8800, Batch Loss:     1.655314, Batch Acc: 0.554272, Tokens per Sec:     6740, Lr: 0.000300
2026-05-27 23:02:02,587 - INFO - joeynmt.training - Epoch   3, Step:     8900, Batch Loss:     1.572228, Batch Acc: 0.555825, Tokens per Sec:     5742, Lr: 0.000300
2026-05-27 23:02:15,031 - INFO - joeynmt.training - Epoch   3, Step:     9000, Batch Loss:     1.623930, Batch Acc: 0.555564, Tokens per Sec:     6233, Lr: 0.000300
2026-05-27 23:02:15,031 - WARNING - joeynmt.helpers - `alpha` option is obsolete. Please use `beam_alpha`, instead.
2026-05-27 23:02:15,032 - INFO - joeynmt.prediction - Predicting 1003 example(s)... (Greedy decoding with min_output_length=1, max_output_length=-1, return_prob='none', generate_unk=True, repetition_penalty=-1, no_repeat_ngram_size=-1)
2026-05-27 23:02:49,610 - INFO - joeynmt.prediction - Evaluation result (greedy) loss:   1.87, ppl:   6.48, acc:   0.48, generation: 34.5682[sec], evaluation: 0.0000[sec]
2026-05-27 23:02:49,612 - INFO - joeynmt.training - Hooray! New best validation result [ppl]!
2026-05-27 23:02:49,735 - INFO - joeynmt.helpers - delete models/tf_bpe_2000_nl_en/6500.ckpt
2026-05-27 23:02:49,737 - INFO - joeynmt.training - Example #0
2026-05-27 23:02:49,737 - DEBUG - joeynmt.training - 	Tokenized source:     ['V@@', 'or@@', 'ig', 'jaar', 'li@@', 'et', 'ik', 'deze', 'twee', 'dia', '&apos;', 's', 'zien', 'om', 'aan', 'te', 't@@', 'onen', 'dat', 'de', 'p@@', 'oo@@', 'lij@@', 'sk@@', 'a@@', 'p', ',', 'die', 'de', 'af@@', 'gel@@', 'open', 'drie', 'miljoen', 'jaar', 'ongeveer', 'de', 'groot@@', 'te', 'had', 'van', 'het', 'va@@', 'stel@@', 'and', 'van', 'de', 'V@@', 'S', ',', 'met', '4@@', '0', '%', 'ge@@', 'k@@', 'r@@', 'om@@', 'pen', 'was', '.']
2026-05-27 23:02:49,737 - DEBUG - joeynmt.training - 	Tokenized reference:  ['La@@', 'st', 'year', 'I', 'sho@@', 'w@@', 'ed', 'these', 'two', 'sli@@', 'des', 'so', 'that', 'de@@', 'mon@@', 'str@@', 'ate', 'that', 'the', 'ar@@', 'c@@', 'ti@@', 'c', 'ice', 'ca@@', 'p', ',', 'which', 'for', 'most', 'of', 'the', 'last', 'three', 'million', 'years', 'has', 'been', 'the', 'si@@', 'ze', 'of', 'the', 'lo@@', 'wer', '4@@', '8', 'st@@', 'ates', ',', 'has', 'sh@@', 'r@@', 'un@@', 'k', 'by', '4@@', '0', 'percent', '.']
2026-05-27 23:02:49,737 - DEBUG - joeynmt.training - 	Tokenized hypothesis: ['So', ',', 'I', '&apos;m', 'going', 'to', 'show', 'these', 'two', 'sli@@', 'des', 'of', 'two', 'sli@@', 'des', 'to', 'show', 'that', 'the', 'p@@', 'oo@@', 'ls', 'of', 'the', 'p@@', 'oo@@', 'ls', ',', 'which', 'had', 'the', 'last', 'three', 'million', 'years', 'of', 'the', 'U@@', '.@@', 'S@@', '.', ',', 'with', '4@@', '0', 'percent', 'of', 'the', 'U@@', '.@@', 'S@@', '.', '.', '</s>']
2026-05-27 23:02:49,738 - INFO - joeynmt.training - 	Source:     Vorig jaar liet ik deze twee dia &apos; s zien om aan te tonen dat de poolijskap , die de afgelopen drie miljoen jaar ongeveer de grootte had van het vasteland van de VS , met 40 % gekrompen was .
2026-05-27 23:02:49,738 - INFO - joeynmt.training - 	Reference:  Last year I showed these two slides so that demonstrate that the arctic ice cap , which for most of the last three million years has been the size of the lower 48 states , has shrunk by 40 percent .
2026-05-27 23:02:49,738 - INFO - joeynmt.training - 	Hypothesis: So , I &apos;m going to show these two slides of two slides to show that the pools of the pools , which had the last three million years of the U.S. , with 40 percent of the U.S. .
2026-05-27 23:02:49,738 - INFO - joeynmt.training - Example #1
2026-05-27 23:02:49,738 - DEBUG - joeynmt.training - 	Tokenized source:     ['Maar', 'dit', 'onder@@', 'sch@@', 'at', 'eigenlijk', 'de', 'er@@', 'n@@', 'st', 'van', 'dit', 'speci@@', 'f@@', 'ieke', 'probleem', 'omdat', 'het', 'niet', 'de', 'di@@', 'kte', 'van', 'het', 'ij@@', 's', 'laat', 'zien', '.']
2026-05-27 23:02:49,738 - DEBUG - joeynmt.training - 	Tokenized reference:  ['But', 'this', 'under@@', 'st@@', 'ates', 'the', 'ser@@', 'i@@', 'ous@@', 'ness', 'of', 'this', 'parti@@', 'cu@@', 'lar', 'problem', 'because', 'it', 'doesn', '&apos;t', 'show', 'the', 'th@@', 'ic@@', 'k@@', 'ness', 'of', 'the', 'ice', '.']
2026-05-27 23:02:49,738 - DEBUG - joeynmt.training - 	Tokenized hypothesis: ['But', 'this', 'under@@', 'st@@', 'ood', 'the', 'thing', 'of', 'this', 'speci@@', 'f@@', 'ic', 'problem', 'because', 'it', 'doesn', '&apos;t', 'de@@', 'ci@@', 'ded', 'the', 'di@@', 'sp@@', 'o@@', 't', 'of', 'the', 'ice', '.', '</s>']
2026-05-27 23:02:49,738 - INFO - joeynmt.training - 	Source:     Maar dit onderschat eigenlijk de ernst van dit specifieke probleem omdat het niet de dikte van het ijs laat zien .
2026-05-27 23:02:49,738 - INFO - joeynmt.training - 	Reference:  But this understates the seriousness of this particular problem because it doesn &apos;t show the thickness of the ice .
2026-05-27 23:02:49,738 - INFO - joeynmt.training - 	Hypothesis: But this understood the thing of this specific problem because it doesn &apos;t decided the dispot of the ice .
2026-05-27 23:02:49,738 - INFO - joeynmt.training - Example #2
2026-05-27 23:02:49,738 - DEBUG - joeynmt.training - 	Tokenized source:     ['De', 'ij@@', 'sk@@', 'a@@', 'p', 'op', 'de', 'N@@', 'oor@@', 'd@@', 'p@@', 'ool', 'is', 'in', 'ze@@', 'k@@', 'ere', 'z@@', 'in', 'het', 'kl@@', 'op@@', 'p@@', 'end', 'har@@', 't', 'van', 'ons', 'glob@@', 'aal', 'k@@', 'li@@', 'ma@@', 'at@@', 'systeem', '.']
2026-05-27 23:02:49,738 - DEBUG - joeynmt.training - 	Tokenized reference:  ['The', 'ar@@', 'c@@', 'ti@@', 'c', 'ice', 'ca@@', 'p', 'is', ',', 'in', 'a', 'sense', ',', 'the', 'be@@', 'ating', 'he@@', 'art', 'of', 'the', 'glob@@', 'al', 'c@@', 'lim@@', 'ate', 'system', '.']
2026-05-27 23:02:49,738 - DEBUG - joeynmt.training - 	Tokenized hypothesis: ['The', 'ice', 'sk@@', 'a@@', 'p', 'on', 'the', 'N@@', 'or@@', 'th', 'p@@', 'ool', 'is', 'in', 'a', 'cer@@', 'ta@@', 'in', 'the', 'c@@', 'la@@', 'ss', 'of', 'us', 'c@@', 'lim@@', 'ate', 'system', '.', '</s>']
2026-05-27 23:02:49,739 - INFO - joeynmt.training - 	Source:     De ijskap op de Noordpool is in zekere zin het kloppend hart van ons globaal klimaatsysteem .
2026-05-27 23:02:49,739 - INFO - joeynmt.training - 	Reference:  The arctic ice cap is , in a sense , the beating heart of the global climate system .
2026-05-27 23:02:49,739 - INFO - joeynmt.training - 	Hypothesis: The ice skap on the North pool is in a certain the class of us climate system .
2026-05-27 23:02:49,739 - INFO - joeynmt.training - Example #3
2026-05-27 23:02:49,739 - DEBUG - joeynmt.training - 	Tokenized source:     ['Het', 'z@@', 'et', 'uit', 'in', 'de', 'win@@', 'ter', 'en', 'k@@', 'ri@@', 'mp@@', 't', 'in', 'de', 'z@@', 'om@@', 'er', '.']
2026-05-27 23:02:49,739 - DEBUG - joeynmt.training - 	Tokenized reference:  ['It', 'exp@@', 'and@@', 's', 'in', 'win@@', 'ter', 'and', 'con@@', 'tr@@', 'ac@@', 'ts', 'in', 'su@@', 'mm@@', 'er', '.']
2026-05-27 23:02:49,739 - DEBUG - joeynmt.training - 	Tokenized hypothesis: ['It', '&apos;s', 'called', 'in', 'the', 'win@@', 'ter', 'and', 'c@@', 'ri@@', 'mp@@', 't', 'in', 'the', 's@@', 'om@@', 'er', '.', '</s>']
2026-05-27 23:02:49,739 - INFO - joeynmt.training - 	Source:     Het zet uit in de winter en krimpt in de zomer .
2026-05-27 23:02:49,739 - INFO - joeynmt.training - 	Reference:  It expands in winter and contracts in summer .
2026-05-27 23:02:49,739 - INFO - joeynmt.training - 	Hypothesis: It &apos;s called in the winter and crimpt in the somer .
2026-05-27 23:02:49,739 - INFO - joeynmt.training - Example #4
2026-05-27 23:02:49,739 - DEBUG - joeynmt.training - 	Tokenized source:     ['De', 'volgende', 'dia', 'die', 'ik', 'laat', 'zien', 'is', 'een', 'vers@@', 'n@@', 'el@@', 'de', 'ver@@', 'sie', 'van', 'wat', 'er', 'de', 'af@@', 'gel@@', 'open', '2@@', '5', 'jaar', 'is', 'gebeur@@', 'd', '.']
2026-05-27 23:02:49,739 - DEBUG - joeynmt.training - 	Tokenized reference:  ['The', 'next', 'sli@@', 'de', 'I', 'show', 'you', 'will', 'be', 'a', 'r@@', 'ap@@', 'id', 'fa@@', 'st@@', '-@@', 'for@@', 'ward', 'of', 'what', '&apos;s', 'happened', 'over', 'the', 'last', '2@@', '5', 'years', '.']
2026-05-27 23:02:49,739 - DEBUG - joeynmt.training - 	Tokenized hypothesis: ['The', 'next', 'sli@@', 'de', 'I', 'show', 'is', 'a', 'vers@@', 'ation', 'of', 'what', 'there', 'is', 'the', 'ver@@', 'sion', 'of', 'what', 'there', 'is', 'the', 'last', '2@@', '5', 'years', '.', '</s>']
2026-05-27 23:02:49,739 - INFO - joeynmt.training - 	Source:     De volgende dia die ik laat zien is een versnelde versie van wat er de afgelopen 25 jaar is gebeurd .
2026-05-27 23:02:49,739 - INFO - joeynmt.training - 	Reference:  The next slide I show you will be a rapid fast-forward of what &apos;s happened over the last 25 years .
2026-05-27 23:02:49,739 - INFO - joeynmt.training - 	Hypothesis: The next slide I show is a versation of what there is the version of what there is the last 25 years .
2026-05-27 23:03:01,815 - INFO - joeynmt.training - Epoch   3, Step:     9100, Batch Loss:     1.763680, Batch Acc: 0.552890, Tokens per Sec:     6204, Lr: 0.000300
2026-05-27 23:03:14,175 - INFO - joeynmt.training - Epoch   3, Step:     9200, Batch Loss:     1.636688, Batch Acc: 0.568655, Tokens per Sec:     6185, Lr: 0.000300
2026-05-27 23:03:26,792 - INFO - joeynmt.training - Epoch   3, Step:     9300, Batch Loss:     1.532431, Batch Acc: 0.559050, Tokens per Sec:     6188, Lr: 0.000300
2026-05-27 23:03:39,097 - INFO - joeynmt.training - Epoch   3, Step:     9400, Batch Loss:     1.828419, Batch Acc: 0.556378, Tokens per Sec:     5981, Lr: 0.000300
2026-05-27 23:03:50,468 - INFO - joeynmt.training - Epoch   3, Step:     9500, Batch Loss:     1.592462, Batch Acc: 0.557688, Tokens per Sec:     6595, Lr: 0.000300
2026-05-27 23:03:50,469 - WARNING - joeynmt.helpers - `alpha` option is obsolete. Please use `beam_alpha`, instead.
2026-05-27 23:03:50,469 - INFO - joeynmt.prediction - Predicting 1003 example(s)... (Greedy decoding with min_output_length=1, max_output_length=-1, return_prob='none', generate_unk=True, repetition_penalty=-1, no_repeat_ngram_size=-1)
2026-05-27 23:04:16,427 - INFO - joeynmt.prediction - Evaluation result (greedy) loss:   1.86, ppl:   6.40, acc:   0.48, generation: 25.9484[sec], evaluation: 0.0000[sec]
2026-05-27 23:04:16,428 - INFO - joeynmt.training - Hooray! New best validation result [ppl]!
2026-05-27 23:04:16,539 - INFO - joeynmt.helpers - delete models/tf_bpe_2000_nl_en/7000.ckpt
2026-05-27 23:04:16,540 - INFO - joeynmt.training - Example #0
2026-05-27 23:04:16,540 - DEBUG - joeynmt.training - 	Tokenized source:     ['V@@', 'or@@', 'ig', 'jaar', 'li@@', 'et', 'ik', 'deze', 'twee', 'dia', '&apos;', 's', 'zien', 'om', 'aan', 'te', 't@@', 'onen', 'dat', 'de', 'p@@', 'oo@@', 'lij@@', 'sk@@', 'a@@', 'p', ',', 'die', 'de', 'af@@', 'gel@@', 'open', 'drie', 'miljoen', 'jaar', 'ongeveer', 'de', 'groot@@', 'te', 'had', 'van', 'het', 'va@@', 'stel@@', 'and', 'van', 'de', 'V@@', 'S', ',', 'met', '4@@', '0', '%', 'ge@@', 'k@@', 'r@@', 'om@@', 'pen', 'was', '.']
2026-05-27 23:04:16,540 - DEBUG - joeynmt.training - 	Tokenized reference:  ['La@@', 'st', 'year', 'I', 'sho@@', 'w@@', 'ed', 'these', 'two', 'sli@@', 'des', 'so', 'that', 'de@@', 'mon@@', 'str@@', 'ate', 'that', 'the', 'ar@@', 'c@@', 'ti@@', 'c', 'ice', 'ca@@', 'p', ',', 'which', 'for', 'most', 'of', 'the', 'last', 'three', 'million', 'years', 'has', 'been', 'the', 'si@@', 'ze', 'of', 'the', 'lo@@', 'wer', '4@@', '8', 'st@@', 'ates', ',', 'has', 'sh@@', 'r@@', 'un@@', 'k', 'by', '4@@', '0', 'percent', '.']
2026-05-27 23:04:16,540 - DEBUG - joeynmt.training - 	Tokenized hypothesis: ['And', 'I', 'just', 'show', 'these', 'two', 'sli@@', 'des', ',', 'I', 'see', 'these', 'two', 'sli@@', 'des', 'to', 'show', 'that', 'the', 'p@@', 'us@@', 'he@@', 'a@@', 'p', ',', 'who', 'was', 'the', 'last', 'three', 'million', 'years', 'of', 'the', 'si@@', 'ze', 'of', 'the', 'U@@', '.@@', 'S@@', '.', ',', 'with', '4@@', '0', 'percent', 'of', 'the', 'U@@', '.@@', 'S@@', '.', ',', 'with', '4@@', '0', 'percent', 'of', 'the', 'U@@', '.@@', 'S@@', '.', '</s>']
2026-05-27 23:04:16,541 - INFO - joeynmt.training - 	Source:     Vorig jaar liet ik deze twee dia &apos; s zien om aan te tonen dat de poolijskap , die de afgelopen drie miljoen jaar ongeveer de grootte had van het vasteland van de VS , met 40 % gekrompen was .
2026-05-27 23:04:16,541 - INFO - joeynmt.training - 	Reference:  Last year I showed these two slides so that demonstrate that the arctic ice cap , which for most of the last three million years has been the size of the lower 48 states , has shrunk by 40 percent .
2026-05-27 23:04:16,541 - INFO - joeynmt.training - 	Hypothesis: And I just show these two slides , I see these two slides to show that the pusheap , who was the last three million years of the size of the U.S. , with 40 percent of the U.S. , with 40 percent of the U.S.
2026-05-27 23:04:16,541 - INFO - joeynmt.training - Example #1
2026-05-27 23:04:16,541 - DEBUG - joeynmt.training - 	Tokenized source:     ['Maar', 'dit', 'onder@@', 'sch@@', 'at', 'eigenlijk', 'de', 'er@@', 'n@@', 'st', 'van', 'dit', 'speci@@', 'f@@', 'ieke', 'probleem', 'omdat', 'het', 'niet', 'de', 'di@@', 'kte', 'van', 'het', 'ij@@', 's', 'laat', 'zien', '.']
2026-05-27 23:04:16,541 - DEBUG - joeynmt.training - 	Tokenized reference:  ['But', 'this', 'under@@', 'st@@', 'ates', 'the', 'ser@@', 'i@@', 'ous@@', 'ness', 'of', 'this', 'parti@@', 'cu@@', 'lar', 'problem', 'because', 'it', 'doesn', '&apos;t', 'show', 'the', 'th@@', 'ic@@', 'k@@', 'ness', 'of', 'the', 'ice', '.']
2026-05-27 23:04:16,541 - DEBUG - joeynmt.training - 	Tokenized hypothesis: ['But', 'this', 'is', 'actually', 'the', 'experi@@', 'ence', 'of', 'this', 'parti@@', 'cu@@', 'lar', 'problem', 'because', 'it', 'didn', '&apos;t', 'get', 'the', 'di@@', 'st@@', 'in@@', 'k', 'of', 'the', 'ice', '.', '</s>']
2026-05-27 23:04:16,541 - INFO - joeynmt.training - 	Source:     Maar dit onderschat eigenlijk de ernst van dit specifieke probleem omdat het niet de dikte van het ijs laat zien .
2026-05-27 23:04:16,541 - INFO - joeynmt.training - 	Reference:  But this understates the seriousness of this particular problem because it doesn &apos;t show the thickness of the ice .
2026-05-27 23:04:16,541 - INFO - joeynmt.training - 	Hypothesis: But this is actually the experience of this particular problem because it didn &apos;t get the distink of the ice .
2026-05-27 23:04:16,541 - INFO - joeynmt.training - Example #2
2026-05-27 23:04:16,541 - DEBUG - joeynmt.training - 	Tokenized source:     ['De', 'ij@@', 'sk@@', 'a@@', 'p', 'op', 'de', 'N@@', 'oor@@', 'd@@', 'p@@', 'ool', 'is', 'in', 'ze@@', 'k@@', 'ere', 'z@@', 'in', 'het', 'kl@@', 'op@@', 'p@@', 'end', 'har@@', 't', 'van', 'ons', 'glob@@', 'aal', 'k@@', 'li@@', 'ma@@', 'at@@', 'systeem', '.']
2026-05-27 23:04:16,541 - DEBUG - joeynmt.training - 	Tokenized reference:  ['The', 'ar@@', 'c@@', 'ti@@', 'c', 'ice', 'ca@@', 'p', 'is', ',', 'in', 'a', 'sense', ',', 'the', 'be@@', 'ating', 'he@@', 'art', 'of', 'the', 'glob@@', 'al', 'c@@', 'lim@@', 'ate', 'system', '.']
2026-05-27 23:04:16,541 - DEBUG - joeynmt.training - 	Tokenized hypothesis: ['The', 'ice', 'sk@@', 'a@@', 'p', 'on', 'the', 'N@@', 'or@@', 'th', 'p@@', 'ool', 'is', 'in', 'a', 'cer@@', 'ta@@', 'in', 'in', 'the', 'c@@', 'la@@', 'ss', 'of', 'us', 'c@@', 'li@@', 'at@@', 't@@', 'ch@@', 'ing', 'us', 'glob@@', 'al', 'c@@', 'li@@', 'at@@', 'system', '.', '</s>']
2026-05-27 23:04:16,542 - INFO - joeynmt.training - 	Source:     De ijskap op de Noordpool is in zekere zin het kloppend hart van ons globaal klimaatsysteem .
2026-05-27 23:04:16,542 - INFO - joeynmt.training - 	Reference:  The arctic ice cap is , in a sense , the beating heart of the global climate system .
2026-05-27 23:04:16,542 - INFO - joeynmt.training - 	Hypothesis: The ice skap on the North pool is in a certain in the class of us cliattching us global cliatsystem .
2026-05-27 23:04:16,542 - INFO - joeynmt.training - Example #3
2026-05-27 23:04:16,542 - DEBUG - joeynmt.training - 	Tokenized source:     ['Het', 'z@@', 'et', 'uit', 'in', 'de', 'win@@', 'ter', 'en', 'k@@', 'ri@@', 'mp@@', 't', 'in', 'de', 'z@@', 'om@@', 'er', '.']
2026-05-27 23:04:16,542 - DEBUG - joeynmt.training - 	Tokenized reference:  ['It', 'exp@@', 'and@@', 's', 'in', 'win@@', 'ter', 'and', 'con@@', 'tr@@', 'ac@@', 'ts', 'in', 'su@@', 'mm@@', 'er', '.']
2026-05-27 23:04:16,542 - DEBUG - joeynmt.training - 	Tokenized hypothesis: ['It', '&apos;s', 'just', 'out', 'in', 'the', 'win@@', 'ter', 'and', 'c@@', 'ri@@', 'mp@@', 't', 'in', 'the', 's@@', 'om@@', 'er', '.', '</s>']
2026-05-27 23:04:16,542 - INFO - joeynmt.training - 	Source:     Het zet uit in de winter en krimpt in de zomer .
2026-05-27 23:04:16,542 - INFO - joeynmt.training - 	Reference:  It expands in winter and contracts in summer .
2026-05-27 23:04:16,542 - INFO - joeynmt.training - 	Hypothesis: It &apos;s just out in the winter and crimpt in the somer .
2026-05-27 23:04:16,542 - INFO - joeynmt.training - Example #4
2026-05-27 23:04:16,542 - DEBUG - joeynmt.training - 	Tokenized source:     ['De', 'volgende', 'dia', 'die', 'ik', 'laat', 'zien', 'is', 'een', 'vers@@', 'n@@', 'el@@', 'de', 'ver@@', 'sie', 'van', 'wat', 'er', 'de', 'af@@', 'gel@@', 'open', '2@@', '5', 'jaar', 'is', 'gebeur@@', 'd', '.']
2026-05-27 23:04:16,542 - DEBUG - joeynmt.training - 	Tokenized reference:  ['The', 'next', 'sli@@', 'de', 'I', 'show', 'you', 'will', 'be', 'a', 'r@@', 'ap@@', 'id', 'fa@@', 'st@@', '-@@', 'for@@', 'ward', 'of', 'what', '&apos;s', 'happened', 'over', 'the', 'last', '2@@', '5', 'years', '.']
2026-05-27 23:04:16,542 - DEBUG - joeynmt.training - 	Tokenized hypothesis: ['The', 'next', 'sli@@', 'de', 'that', 'I', 'show', 'is', 'a', 'vers@@', 'al', 'ver@@', 'sion', 'of', 'what', 'happened', 'to', 'the', 'last', '2@@', '5', 'years', '.', '</s>']
2026-05-27 23:04:16,542 - INFO - joeynmt.training - 	Source:     De volgende dia die ik laat zien is een versnelde versie van wat er de afgelopen 25 jaar is gebeurd .
2026-05-27 23:04:16,542 - INFO - joeynmt.training - 	Reference:  The next slide I show you will be a rapid fast-forward of what &apos;s happened over the last 25 years .
2026-05-27 23:04:16,542 - INFO - joeynmt.training - 	Hypothesis: The next slide that I show is a versal version of what happened to the last 25 years .
2026-05-27 23:04:27,954 - INFO - joeynmt.training - Epoch   3, Step:     9600, Batch Loss:     1.680495, Batch Acc: 0.561785, Tokens per Sec:     6462, Lr: 0.000300
2026-05-27 23:04:40,169 - INFO - joeynmt.training - Epoch   3, Step:     9700, Batch Loss:     1.476903, Batch Acc: 0.562875, Tokens per Sec:     6194, Lr: 0.000300
2026-05-27 23:04:51,537 - INFO - joeynmt.training - Epoch   3, Step:     9800, Batch Loss:     1.676283, Batch Acc: 0.562471, Tokens per Sec:     6721, Lr: 0.000300
2026-05-27 23:05:03,273 - INFO - joeynmt.training - Epoch   3, Step:     9900, Batch Loss:     1.540657, Batch Acc: 0.562956, Tokens per Sec:     6580, Lr: 0.000300
2026-05-27 23:05:14,890 - INFO - joeynmt.training - Epoch   3, Step:    10000, Batch Loss:     1.695511, Batch Acc: 0.561116, Tokens per Sec:     6447, Lr: 0.000300
2026-05-27 23:05:14,890 - WARNING - joeynmt.helpers - `alpha` option is obsolete. Please use `beam_alpha`, instead.
2026-05-27 23:05:14,890 - INFO - joeynmt.prediction - Predicting 1003 example(s)... (Greedy decoding with min_output_length=1, max_output_length=-1, return_prob='none', generate_unk=True, repetition_penalty=-1, no_repeat_ngram_size=-1)
2026-05-27 23:05:41,428 - INFO - joeynmt.prediction - Evaluation result (greedy) loss:   1.85, ppl:   6.34, acc:   0.48, generation: 26.5288[sec], evaluation: 0.0000[sec]
2026-05-27 23:05:41,431 - INFO - joeynmt.training - Hooray! New best validation result [ppl]!
2026-05-27 23:05:41,545 - INFO - joeynmt.helpers - delete models/tf_bpe_2000_nl_en/7500.ckpt
2026-05-27 23:05:41,546 - INFO - joeynmt.training - Example #0
2026-05-27 23:05:41,546 - DEBUG - joeynmt.training - 	Tokenized source:     ['V@@', 'or@@', 'ig', 'jaar', 'li@@', 'et', 'ik', 'deze', 'twee', 'dia', '&apos;', 's', 'zien', 'om', 'aan', 'te', 't@@', 'onen', 'dat', 'de', 'p@@', 'oo@@', 'lij@@', 'sk@@', 'a@@', 'p', ',', 'die', 'de', 'af@@', 'gel@@', 'open', 'drie', 'miljoen', 'jaar', 'ongeveer', 'de', 'groot@@', 'te', 'had', 'van', 'het', 'va@@', 'stel@@', 'and', 'van', 'de', 'V@@', 'S', ',', 'met', '4@@', '0', '%', 'ge@@', 'k@@', 'r@@', 'om@@', 'pen', 'was', '.']
2026-05-27 23:05:41,546 - DEBUG - joeynmt.training - 	Tokenized reference:  ['La@@', 'st', 'year', 'I', 'sho@@', 'w@@', 'ed', 'these', 'two', 'sli@@', 'des', 'so', 'that', 'de@@', 'mon@@', 'str@@', 'ate', 'that', 'the', 'ar@@', 'c@@', 'ti@@', 'c', 'ice', 'ca@@', 'p', ',', 'which', 'for', 'most', 'of', 'the', 'last', 'three', 'million', 'years', 'has', 'been', 'the', 'si@@', 'ze', 'of', 'the', 'lo@@', 'wer', '4@@', '8', 'st@@', 'ates', ',', 'has', 'sh@@', 'r@@', 'un@@', 'k', 'by', '4@@', '0', 'percent', '.']
2026-05-27 23:05:41,546 - DEBUG - joeynmt.training - 	Tokenized hypothesis: ['And', 'I', '&apos;m', 'just', 'sho@@', 'w@@', 'ed', 'these', 'two', 'sli@@', 'des', 'to', 'show', 'that', 'the', 'p@@', 'oo@@', 'ls', 'of', 'the', 'p@@', 'oo@@', 'ls', ',', 'which', 'was', 'the', 'last', 'three', 'million', 'years', 'of', 'the', 'U@@', 'n@@', 'ited', 'St@@', 'ates', ',', 'with', '4@@', '0', 'percent', 'of', 'the', 'U@@', 'n@@', 'ited', 'St@@', 'ates', ',', 'with', '4@@', '0', 'percent', '.', '</s>']
2026-05-27 23:05:41,546 - INFO - joeynmt.training - 	Source:     Vorig jaar liet ik deze twee dia &apos; s zien om aan te tonen dat de poolijskap , die de afgelopen drie miljoen jaar ongeveer de grootte had van het vasteland van de VS , met 40 % gekrompen was .
2026-05-27 23:05:41,546 - INFO - joeynmt.training - 	Reference:  Last year I showed these two slides so that demonstrate that the arctic ice cap , which for most of the last three million years has been the size of the lower 48 states , has shrunk by 40 percent .
2026-05-27 23:05:41,546 - INFO - joeynmt.training - 	Hypothesis: And I &apos;m just showed these two slides to show that the pools of the pools , which was the last three million years of the United States , with 40 percent of the United States , with 40 percent .
2026-05-27 23:05:41,547 - INFO - joeynmt.training - Example #1
2026-05-27 23:05:41,547 - DEBUG - joeynmt.training - 	Tokenized source:     ['Maar', 'dit', 'onder@@', 'sch@@', 'at', 'eigenlijk', 'de', 'er@@', 'n@@', 'st', 'van', 'dit', 'speci@@', 'f@@', 'ieke', 'probleem', 'omdat', 'het', 'niet', 'de', 'di@@', 'kte', 'van', 'het', 'ij@@', 's', 'laat', 'zien', '.']
2026-05-27 23:05:41,547 - DEBUG - joeynmt.training - 	Tokenized reference:  ['But', 'this', 'under@@', 'st@@', 'ates', 'the', 'ser@@', 'i@@', 'ous@@', 'ness', 'of', 'this', 'parti@@', 'cu@@', 'lar', 'problem', 'because', 'it', 'doesn', '&apos;t', 'show', 'the', 'th@@', 'ic@@', 'k@@', 'ness', 'of', 'the', 'ice', '.']
2026-05-27 23:05:41,547 - DEBUG - joeynmt.training - 	Tokenized hypothesis: ['But', 'this', 'is', 'actually', 'the', 'n@@', 'st', 'of', 'this', 'parti@@', 'cu@@', 'lar', 'problem', 'because', 'it', 'didn', '&apos;t', 'show', 'the', 'di@@', 'st@@', 'ance', 'of', 'the', 'ice', '.', '</s>']
2026-05-27 23:05:41,547 - INFO - joeynmt.training - 	Source:     Maar dit onderschat eigenlijk de ernst van dit specifieke probleem omdat het niet de dikte van het ijs laat zien .
2026-05-27 23:05:41,547 - INFO - joeynmt.training - 	Reference:  But this understates the seriousness of this particular problem because it doesn &apos;t show the thickness of the ice .
2026-05-27 23:05:41,547 - INFO - joeynmt.training - 	Hypothesis: But this is actually the nst of this particular problem because it didn &apos;t show the distance of the ice .
2026-05-27 23:05:41,547 - INFO - joeynmt.training - Example #2
2026-05-27 23:05:41,547 - DEBUG - joeynmt.training - 	Tokenized source:     ['De', 'ij@@', 'sk@@', 'a@@', 'p', 'op', 'de', 'N@@', 'oor@@', 'd@@', 'p@@', 'ool', 'is', 'in', 'ze@@', 'k@@', 'ere', 'z@@', 'in', 'het', 'kl@@', 'op@@', 'p@@', 'end', 'har@@', 't', 'van', 'ons', 'glob@@', 'aal', 'k@@', 'li@@', 'ma@@', 'at@@', 'systeem', '.']
2026-05-27 23:05:41,547 - DEBUG - joeynmt.training - 	Tokenized reference:  ['The', 'ar@@', 'c@@', 'ti@@', 'c', 'ice', 'ca@@', 'p', 'is', ',', 'in', 'a', 'sense', ',', 'the', 'be@@', 'ating', 'he@@', 'art', 'of', 'the', 'glob@@', 'al', 'c@@', 'lim@@', 'ate', 'system', '.']
2026-05-27 23:05:41,547 - DEBUG - joeynmt.training - 	Tokenized hypothesis: ['The', 'ice', 'sk@@', 'a@@', 'p', 'on', 'the', 'N@@', 'or@@', 'th', 'p@@', 'ool', 'is', 'in', 'a', 'sense', 'of', 'our', 'glob@@', 'al', 'c@@', 'li@@', 'mb@@', 'ing', 'he@@', 'art', 'of', 'our', 'glob@@', 'al', 'c@@', 'lim@@', 'ate', 'system', '.', '</s>']
2026-05-27 23:05:41,547 - INFO - joeynmt.training - 	Source:     De ijskap op de Noordpool is in zekere zin het kloppend hart van ons globaal klimaatsysteem .
2026-05-27 23:05:41,547 - INFO - joeynmt.training - 	Reference:  The arctic ice cap is , in a sense , the beating heart of the global climate system .
2026-05-27 23:05:41,547 - INFO - joeynmt.training - 	Hypothesis: The ice skap on the North pool is in a sense of our global climbing heart of our global climate system .
2026-05-27 23:05:41,547 - INFO - joeynmt.training - Example #3
2026-05-27 23:05:41,547 - DEBUG - joeynmt.training - 	Tokenized source:     ['Het', 'z@@', 'et', 'uit', 'in', 'de', 'win@@', 'ter', 'en', 'k@@', 'ri@@', 'mp@@', 't', 'in', 'de', 'z@@', 'om@@', 'er', '.']
2026-05-27 23:05:41,547 - DEBUG - joeynmt.training - 	Tokenized reference:  ['It', 'exp@@', 'and@@', 's', 'in', 'win@@', 'ter', 'and', 'con@@', 'tr@@', 'ac@@', 'ts', 'in', 'su@@', 'mm@@', 'er', '.']
2026-05-27 23:05:41,547 - DEBUG - joeynmt.training - 	Tokenized hypothesis: ['It', '&apos;s', 's@@', 'it@@', 'ting', 'in', 'the', 'win@@', 'ter', 'and', 'c@@', 'ri@@', 'mp@@', 't', 'in', 'the', 's@@', 'om@@', 'er', '.', '</s>']
2026-05-27 23:05:41,548 - INFO - joeynmt.training - 	Source:     Het zet uit in de winter en krimpt in de zomer .
2026-05-27 23:05:41,548 - INFO - joeynmt.training - 	Reference:  It expands in winter and contracts in summer .
2026-05-27 23:05:41,548 - INFO - joeynmt.training - 	Hypothesis: It &apos;s sitting in the winter and crimpt in the somer .
2026-05-27 23:05:41,548 - INFO - joeynmt.training - Example #4
2026-05-27 23:05:41,548 - DEBUG - joeynmt.training - 	Tokenized source:     ['De', 'volgende', 'dia', 'die', 'ik', 'laat', 'zien', 'is', 'een', 'vers@@', 'n@@', 'el@@', 'de', 'ver@@', 'sie', 'van', 'wat', 'er', 'de', 'af@@', 'gel@@', 'open', '2@@', '5', 'jaar', 'is', 'gebeur@@', 'd', '.']
2026-05-27 23:05:41,548 - DEBUG - joeynmt.training - 	Tokenized reference:  ['The', 'next', 'sli@@', 'de', 'I', 'show', 'you', 'will', 'be', 'a', 'r@@', 'ap@@', 'id', 'fa@@', 'st@@', '-@@', 'for@@', 'ward', 'of', 'what', '&apos;s', 'happened', 'over', 'the', 'last', '2@@', '5', 'years', '.']
2026-05-27 23:05:41,548 - DEBUG - joeynmt.training - 	Tokenized hypothesis: ['The', 'next', 'sli@@', 'de', 'I', 'show', 'is', 'a', 'vers@@', 'y', 'ver@@', 'sion', 'of', 'what', 'happened', 'is', 'the', 'last', '2@@', '5', 'years', '.', '</s>']
2026-05-27 23:05:41,548 - INFO - joeynmt.training - 	Source:     De volgende dia die ik laat zien is een versnelde versie van wat er de afgelopen 25 jaar is gebeurd .
2026-05-27 23:05:41,548 - INFO - joeynmt.training - 	Reference:  The next slide I show you will be a rapid fast-forward of what &apos;s happened over the last 25 years .
2026-05-27 23:05:41,548 - INFO - joeynmt.training - 	Hypothesis: The next slide I show is a versy version of what happened is the last 25 years .
2026-05-27 23:05:53,028 - INFO - joeynmt.training - Epoch   3, Step:    10100, Batch Loss:     1.479068, Batch Acc: 0.562866, Tokens per Sec:     6612, Lr: 0.000300
2026-05-27 23:06:05,066 - INFO - joeynmt.training - Epoch   3, Step:    10200, Batch Loss:     1.726175, Batch Acc: 0.557867, Tokens per Sec:     6350, Lr: 0.000300
2026-05-27 23:06:16,985 - INFO - joeynmt.training - Epoch   3, Step:    10300, Batch Loss:     1.500159, Batch Acc: 0.561155, Tokens per Sec:     6636, Lr: 0.000300
2026-05-27 23:06:28,823 - INFO - joeynmt.training - Epoch   3, Step:    10400, Batch Loss:     1.494707, Batch Acc: 0.557736, Tokens per Sec:     6332, Lr: 0.000300
2026-05-27 23:06:40,842 - INFO - joeynmt.training - Epoch   3, Step:    10500, Batch Loss:     1.464634, Batch Acc: 0.564905, Tokens per Sec:     6319, Lr: 0.000300
2026-05-27 23:06:40,843 - WARNING - joeynmt.helpers - `alpha` option is obsolete. Please use `beam_alpha`, instead.
2026-05-27 23:06:40,843 - INFO - joeynmt.prediction - Predicting 1003 example(s)... (Greedy decoding with min_output_length=1, max_output_length=-1, return_prob='none', generate_unk=True, repetition_penalty=-1, no_repeat_ngram_size=-1)
2026-05-27 23:07:06,265 - INFO - joeynmt.prediction - Evaluation result (greedy) loss:   1.83, ppl:   6.25, acc:   0.49, generation: 25.4130[sec], evaluation: 0.0000[sec]
2026-05-27 23:07:06,266 - INFO - joeynmt.training - Hooray! New best validation result [ppl]!
2026-05-27 23:07:06,373 - INFO - joeynmt.helpers - delete models/tf_bpe_2000_nl_en/8000.ckpt
2026-05-27 23:07:06,373 - INFO - joeynmt.training - Example #0
2026-05-27 23:07:06,373 - DEBUG - joeynmt.training - 	Tokenized source:     ['V@@', 'or@@', 'ig', 'jaar', 'li@@', 'et', 'ik', 'deze', 'twee', 'dia', '&apos;', 's', 'zien', 'om', 'aan', 'te', 't@@', 'onen', 'dat', 'de', 'p@@', 'oo@@', 'lij@@', 'sk@@', 'a@@', 'p', ',', 'die', 'de', 'af@@', 'gel@@', 'open', 'drie', 'miljoen', 'jaar', 'ongeveer', 'de', 'groot@@', 'te', 'had', 'van', 'het', 'va@@', 'stel@@', 'and', 'van', 'de', 'V@@', 'S', ',', 'met', '4@@', '0', '%', 'ge@@', 'k@@', 'r@@', 'om@@', 'pen', 'was', '.']
2026-05-27 23:07:06,373 - DEBUG - joeynmt.training - 	Tokenized reference:  ['La@@', 'st', 'year', 'I', 'sho@@', 'w@@', 'ed', 'these', 'two', 'sli@@', 'des', 'so', 'that', 'de@@', 'mon@@', 'str@@', 'ate', 'that', 'the', 'ar@@', 'c@@', 'ti@@', 'c', 'ice', 'ca@@', 'p', ',', 'which', 'for', 'most', 'of', 'the', 'last', 'three', 'million', 'years', 'has', 'been', 'the', 'si@@', 'ze', 'of', 'the', 'lo@@', 'wer', '4@@', '8', 'st@@', 'ates', ',', 'has', 'sh@@', 'r@@', 'un@@', 'k', 'by', '4@@', '0', 'percent', '.']
2026-05-27 23:07:06,373 - DEBUG - joeynmt.training - 	Tokenized hypothesis: ['And', 'I', '&apos;m', 'just', 'sho@@', 'w@@', 'ed', 'these', 'two', 'sli@@', 'des', 'to', 'show', 'you', 'that', 'the', 'p@@', 'oo@@', 'ls', 'that', 'the', 'p@@', 'oo@@', 'ls', ',', 'who', 'have', 'the', 'last', 'three', 'million', 'of', 'the', 'U@@', '.@@', 'S@@', '.', ',', 'with', '4@@', '0', 'percent', 'of', 'the', 'U@@', '.@@', 'S@@', '.', ',', 'with', '4@@', '0', 'percent', 'ge@@', 'st@@', 'ed', '.', '</s>']
2026-05-27 23:07:06,374 - INFO - joeynmt.training - 	Source:     Vorig jaar liet ik deze twee dia &apos; s zien om aan te tonen dat de poolijskap , die de afgelopen drie miljoen jaar ongeveer de grootte had van het vasteland van de VS , met 40 % gekrompen was .
2026-05-27 23:07:06,374 - INFO - joeynmt.training - 	Reference:  Last year I showed these two slides so that demonstrate that the arctic ice cap , which for most of the last three million years has been the size of the lower 48 states , has shrunk by 40 percent .
2026-05-27 23:07:06,374 - INFO - joeynmt.training - 	Hypothesis: And I &apos;m just showed these two slides to show you that the pools that the pools , who have the last three million of the U.S. , with 40 percent of the U.S. , with 40 percent gested .
2026-05-27 23:07:06,374 - INFO - joeynmt.training - Example #1
2026-05-27 23:07:06,374 - DEBUG - joeynmt.training - 	Tokenized source:     ['Maar', 'dit', 'onder@@', 'sch@@', 'at', 'eigenlijk', 'de', 'er@@', 'n@@', 'st', 'van', 'dit', 'speci@@', 'f@@', 'ieke', 'probleem', 'omdat', 'het', 'niet', 'de', 'di@@', 'kte', 'van', 'het', 'ij@@', 's', 'laat', 'zien', '.']
2026-05-27 23:07:06,374 - DEBUG - joeynmt.training - 	Tokenized reference:  ['But', 'this', 'under@@', 'st@@', 'ates', 'the', 'ser@@', 'i@@', 'ous@@', 'ness', 'of', 'this', 'parti@@', 'cu@@', 'lar', 'problem', 'because', 'it', 'doesn', '&apos;t', 'show', 'the', 'th@@', 'ic@@', 'k@@', 'ness', 'of', 'the', 'ice', '.']
2026-05-27 23:07:06,374 - DEBUG - joeynmt.training - 	Tokenized hypothesis: ['But', 'this', 'is', 'actually', 'the', 'ex@@', 'cep@@', 't', 'of', 'this', 'speci@@', 'f@@', 'ic', 'problem', 'because', 'it', 'doesn', '&apos;t', 's@@', 'it@@', 'ting', 'the', 'di@@', 'st@@', 'ance', 'of', 'the', 'ice', '.', '</s>']
2026-05-27 23:07:06,374 - INFO - joeynmt.training - 	Source:     Maar dit onderschat eigenlijk de ernst van dit specifieke probleem omdat het niet de dikte van het ijs laat zien .
2026-05-27 23:07:06,374 - INFO - joeynmt.training - 	Reference:  But this understates the seriousness of this particular problem because it doesn &apos;t show the thickness of the ice .
2026-05-27 23:07:06,374 - INFO - joeynmt.training - 	Hypothesis: But this is actually the except of this specific problem because it doesn &apos;t sitting the distance of the ice .
2026-05-27 23:07:06,374 - INFO - joeynmt.training - Example #2
2026-05-27 23:07:06,374 - DEBUG - joeynmt.training - 	Tokenized source:     ['De', 'ij@@', 'sk@@', 'a@@', 'p', 'op', 'de', 'N@@', 'oor@@', 'd@@', 'p@@', 'ool', 'is', 'in', 'ze@@', 'k@@', 'ere', 'z@@', 'in', 'het', 'kl@@', 'op@@', 'p@@', 'end', 'har@@', 't', 'van', 'ons', 'glob@@', 'aal', 'k@@', 'li@@', 'ma@@', 'at@@', 'systeem', '.']
2026-05-27 23:07:06,374 - DEBUG - joeynmt.training - 	Tokenized reference:  ['The', 'ar@@', 'c@@', 'ti@@', 'c', 'ice', 'ca@@', 'p', 'is', ',', 'in', 'a', 'sense', ',', 'the', 'be@@', 'ating', 'he@@', 'art', 'of', 'the', 'glob@@', 'al', 'c@@', 'lim@@', 'ate', 'system', '.']
2026-05-27 23:07:06,374 - DEBUG - joeynmt.training - 	Tokenized hypothesis: ['The', 'ice', 'sk@@', 'a@@', 'p', 'on', 'the', 'N@@', 'or@@', 'th', 'p@@', 'ool', 'is', 'in', 'a', 'sense', ',', 'the', 'c@@', 'li@@', 'p', 'of', 'our', 'glob@@', 'al', 'c@@', 'li@@', 'sh', 'system', '.', '</s>']
2026-05-27 23:07:06,374 - INFO - joeynmt.training - 	Source:     De ijskap op de Noordpool is in zekere zin het kloppend hart van ons globaal klimaatsysteem .
2026-05-27 23:07:06,374 - INFO - joeynmt.training - 	Reference:  The arctic ice cap is , in a sense , the beating heart of the global climate system .
2026-05-27 23:07:06,375 - INFO - joeynmt.training - 	Hypothesis: The ice skap on the North pool is in a sense , the clip of our global clish system .
2026-05-27 23:07:06,375 - INFO - joeynmt.training - Example #3
2026-05-27 23:07:06,375 - DEBUG - joeynmt.training - 	Tokenized source:     ['Het', 'z@@', 'et', 'uit', 'in', 'de', 'win@@', 'ter', 'en', 'k@@', 'ri@@', 'mp@@', 't', 'in', 'de', 'z@@', 'om@@', 'er', '.']
2026-05-27 23:07:06,375 - DEBUG - joeynmt.training - 	Tokenized reference:  ['It', 'exp@@', 'and@@', 's', 'in', 'win@@', 'ter', 'and', 'con@@', 'tr@@', 'ac@@', 'ts', 'in', 'su@@', 'mm@@', 'er', '.']
2026-05-27 23:07:06,375 - DEBUG - joeynmt.training - 	Tokenized hypothesis: ['It', '&apos;s', 'called', 'in', 'the', 'win@@', 'ter', 'and', 'c@@', 'ri@@', 'me', 'in', 'the', 's@@', 'om@@', 'er', '.', '</s>']
2026-05-27 23:07:06,375 - INFO - joeynmt.training - 	Source:     Het zet uit in de winter en krimpt in de zomer .
2026-05-27 23:07:06,375 - INFO - joeynmt.training - 	Reference:  It expands in winter and contracts in summer .
2026-05-27 23:07:06,375 - INFO - joeynmt.training - 	Hypothesis: It &apos;s called in the winter and crime in the somer .
2026-05-27 23:07:06,375 - INFO - joeynmt.training - Example #4
2026-05-27 23:07:06,375 - DEBUG - joeynmt.training - 	Tokenized source:     ['De', 'volgende', 'dia', 'die', 'ik', 'laat', 'zien', 'is', 'een', 'vers@@', 'n@@', 'el@@', 'de', 'ver@@', 'sie', 'van', 'wat', 'er', 'de', 'af@@', 'gel@@', 'open', '2@@', '5', 'jaar', 'is', 'gebeur@@', 'd', '.']
2026-05-27 23:07:06,375 - DEBUG - joeynmt.training - 	Tokenized reference:  ['The', 'next', 'sli@@', 'de', 'I', 'show', 'you', 'will', 'be', 'a', 'r@@', 'ap@@', 'id', 'fa@@', 'st@@', '-@@', 'for@@', 'ward', 'of', 'what', '&apos;s', 'happened', 'over', 'the', 'last', '2@@', '5', 'years', '.']
2026-05-27 23:07:06,375 - DEBUG - joeynmt.training - 	Tokenized hypothesis: ['The', 'next', 'sli@@', 'de', 'I', '&apos;m', 'sho@@', 'wing', 'is', 'a', 'vers@@', 'ity', 'ver@@', 'sion', 'of', 'what', '&apos;s', 'happened', 'to', 'the', 'last', '2@@', '5', 'years', '.', '</s>']
2026-05-27 23:07:06,375 - INFO - joeynmt.training - 	Source:     De volgende dia die ik laat zien is een versnelde versie van wat er de afgelopen 25 jaar is gebeurd .
2026-05-27 23:07:06,375 - INFO - joeynmt.training - 	Reference:  The next slide I show you will be a rapid fast-forward of what &apos;s happened over the last 25 years .
2026-05-27 23:07:06,375 - INFO - joeynmt.training - 	Hypothesis: The next slide I &apos;m showing is a versity version of what &apos;s happened to the last 25 years .
2026-05-27 23:07:17,765 - INFO - joeynmt.training - Epoch   3, Step:    10600, Batch Loss:     1.454657, Batch Acc: 0.569807, Tokens per Sec:     6658, Lr: 0.000300
2026-05-27 23:07:29,490 - INFO - joeynmt.training - Epoch   3, Step:    10700, Batch Loss:     1.570488, Batch Acc: 0.566361, Tokens per Sec:     6493, Lr: 0.000300
2026-05-27 23:07:41,491 - INFO - joeynmt.training - Epoch   3, Step:    10800, Batch Loss:     1.641215, Batch Acc: 0.563447, Tokens per Sec:     6449, Lr: 0.000300
2026-05-27 23:07:52,882 - INFO - joeynmt.training - Epoch   3, Step:    10900, Batch Loss:     1.458792, Batch Acc: 0.570201, Tokens per Sec:     6582, Lr: 0.000300
2026-05-27 23:08:04,443 - INFO - joeynmt.training - Epoch   3, Step:    11000, Batch Loss:     1.419698, Batch Acc: 0.569722, Tokens per Sec:     6496, Lr: 0.000300
2026-05-27 23:08:04,444 - WARNING - joeynmt.helpers - `alpha` option is obsolete. Please use `beam_alpha`, instead.
2026-05-27 23:08:04,444 - INFO - joeynmt.prediction - Predicting 1003 example(s)... (Greedy decoding with min_output_length=1, max_output_length=-1, return_prob='none', generate_unk=True, repetition_penalty=-1, no_repeat_ngram_size=-1)
2026-05-27 23:08:31,649 - INFO - joeynmt.prediction - Evaluation result (greedy) loss:   1.82, ppl:   6.16, acc:   0.49, generation: 27.1959[sec], evaluation: 0.0000[sec]
2026-05-27 23:08:31,650 - INFO - joeynmt.training - Hooray! New best validation result [ppl]!
2026-05-27 23:08:31,756 - INFO - joeynmt.helpers - delete models/tf_bpe_2000_nl_en/8500.ckpt
2026-05-27 23:08:31,757 - INFO - joeynmt.training - Example #0
2026-05-27 23:08:31,757 - DEBUG - joeynmt.training - 	Tokenized source:     ['V@@', 'or@@', 'ig', 'jaar', 'li@@', 'et', 'ik', 'deze', 'twee', 'dia', '&apos;', 's', 'zien', 'om', 'aan', 'te', 't@@', 'onen', 'dat', 'de', 'p@@', 'oo@@', 'lij@@', 'sk@@', 'a@@', 'p', ',', 'die', 'de', 'af@@', 'gel@@', 'open', 'drie', 'miljoen', 'jaar', 'ongeveer', 'de', 'groot@@', 'te', 'had', 'van', 'het', 'va@@', 'stel@@', 'and', 'van', 'de', 'V@@', 'S', ',', 'met', '4@@', '0', '%', 'ge@@', 'k@@', 'r@@', 'om@@', 'pen', 'was', '.']
2026-05-27 23:08:31,757 - DEBUG - joeynmt.training - 	Tokenized reference:  ['La@@', 'st', 'year', 'I', 'sho@@', 'w@@', 'ed', 'these', 'two', 'sli@@', 'des', 'so', 'that', 'de@@', 'mon@@', 'str@@', 'ate', 'that', 'the', 'ar@@', 'c@@', 'ti@@', 'c', 'ice', 'ca@@', 'p', ',', 'which', 'for', 'most', 'of', 'the', 'last', 'three', 'million', 'years', 'has', 'been', 'the', 'si@@', 'ze', 'of', 'the', 'lo@@', 'wer', '4@@', '8', 'st@@', 'ates', ',', 'has', 'sh@@', 'r@@', 'un@@', 'k', 'by', '4@@', '0', 'percent', '.']
2026-05-27 23:08:31,757 - DEBUG - joeynmt.training - 	Tokenized hypothesis: ['And', 'last', 'year', ',', 'I', 'sho@@', 'w@@', 'ed', 'these', 'two', 'sli@@', 'des', 'to', 'show', 'that', 'the', 'p@@', 'oo@@', 'ls', 'the', 'p@@', 'oo@@', 'ls', ',', 'which', 'the', 'p@@', 'oo@@', 'ls', 'the', 'pa@@', 'st', 'three', 'million', 'years', 'about', 'the', 'U@@', 'n@@', 'ited', 'St@@', 'ates', ',', 'with', '4@@', '0', 'percent', 'of', 'the', 'U@@', '.@@', 'S@@', '.', ',', 'with', '4@@', '0', 'percent', 'of', 'the', 'U@@', '.@@', 'S@@', '.', '.', '</s>']
2026-05-27 23:08:31,757 - INFO - joeynmt.training - 	Source:     Vorig jaar liet ik deze twee dia &apos; s zien om aan te tonen dat de poolijskap , die de afgelopen drie miljoen jaar ongeveer de grootte had van het vasteland van de VS , met 40 % gekrompen was .
2026-05-27 23:08:31,757 - INFO - joeynmt.training - 	Reference:  Last year I showed these two slides so that demonstrate that the arctic ice cap , which for most of the last three million years has been the size of the lower 48 states , has shrunk by 40 percent .
2026-05-27 23:08:31,758 - INFO - joeynmt.training - 	Hypothesis: And last year , I showed these two slides to show that the pools the pools , which the pools the past three million years about the United States , with 40 percent of the U.S. , with 40 percent of the U.S. .
2026-05-27 23:08:31,758 - INFO - joeynmt.training - Example #1
2026-05-27 23:08:31,758 - DEBUG - joeynmt.training - 	Tokenized source:     ['Maar', 'dit', 'onder@@', 'sch@@', 'at', 'eigenlijk', 'de', 'er@@', 'n@@', 'st', 'van', 'dit', 'speci@@', 'f@@', 'ieke', 'probleem', 'omdat', 'het', 'niet', 'de', 'di@@', 'kte', 'van', 'het', 'ij@@', 's', 'laat', 'zien', '.']
2026-05-27 23:08:31,758 - DEBUG - joeynmt.training - 	Tokenized reference:  ['But', 'this', 'under@@', 'st@@', 'ates', 'the', 'ser@@', 'i@@', 'ous@@', 'ness', 'of', 'this', 'parti@@', 'cu@@', 'lar', 'problem', 'because', 'it', 'doesn', '&apos;t', 'show', 'the', 'th@@', 'ic@@', 'k@@', 'ness', 'of', 'the', 'ice', '.']
2026-05-27 23:08:31,758 - DEBUG - joeynmt.training - 	Tokenized hypothesis: ['But', 'this', 'was', 'actually', 'the', 'de@@', 'ci@@', 'ded', 'of', 'this', 'parti@@', 'cu@@', 'lar', 'problem', 'because', 'it', '&apos;s', 'not', 'the', 'de@@', 'al', 'of', 'the', 'ice', 'of', 'the', 'ice', '.', '</s>']
2026-05-27 23:08:31,758 - INFO - joeynmt.training - 	Source:     Maar dit onderschat eigenlijk de ernst van dit specifieke probleem omdat het niet de dikte van het ijs laat zien .
2026-05-27 23:08:31,758 - INFO - joeynmt.training - 	Reference:  But this understates the seriousness of this particular problem because it doesn &apos;t show the thickness of the ice .
2026-05-27 23:08:31,758 - INFO - joeynmt.training - 	Hypothesis: But this was actually the decided of this particular problem because it &apos;s not the deal of the ice of the ice .
2026-05-27 23:08:31,758 - INFO - joeynmt.training - Example #2
2026-05-27 23:08:31,758 - DEBUG - joeynmt.training - 	Tokenized source:     ['De', 'ij@@', 'sk@@', 'a@@', 'p', 'op', 'de', 'N@@', 'oor@@', 'd@@', 'p@@', 'ool', 'is', 'in', 'ze@@', 'k@@', 'ere', 'z@@', 'in', 'het', 'kl@@', 'op@@', 'p@@', 'end', 'har@@', 't', 'van', 'ons', 'glob@@', 'aal', 'k@@', 'li@@', 'ma@@', 'at@@', 'systeem', '.']
2026-05-27 23:08:31,758 - DEBUG - joeynmt.training - 	Tokenized reference:  ['The', 'ar@@', 'c@@', 'ti@@', 'c', 'ice', 'ca@@', 'p', 'is', ',', 'in', 'a', 'sense', ',', 'the', 'be@@', 'ating', 'he@@', 'art', 'of', 'the', 'glob@@', 'al', 'c@@', 'lim@@', 'ate', 'system', '.']
2026-05-27 23:08:31,758 - DEBUG - joeynmt.training - 	Tokenized hypothesis: ['The', 'ice', 'sk@@', 'ill', 'on', 'the', 'N@@', 'or@@', 'th', 'P@@', 'ole', 'is', 'in', 'a', 'cer@@', 'ta@@', 'in', 'the', 'c@@', 'la@@', 'ss', 'of', 'our', 'glob@@', 'al', 'c@@', 'lim@@', 'ate', 'system', '.', '</s>']
2026-05-27 23:08:31,758 - INFO - joeynmt.training - 	Source:     De ijskap op de Noordpool is in zekere zin het kloppend hart van ons globaal klimaatsysteem .
2026-05-27 23:08:31,758 - INFO - joeynmt.training - 	Reference:  The arctic ice cap is , in a sense , the beating heart of the global climate system .
2026-05-27 23:08:31,758 - INFO - joeynmt.training - 	Hypothesis: The ice skill on the North Pole is in a certain the class of our global climate system .
2026-05-27 23:08:31,758 - INFO - joeynmt.training - Example #3
2026-05-27 23:08:31,758 - DEBUG - joeynmt.training - 	Tokenized source:     ['Het', 'z@@', 'et', 'uit', 'in', 'de', 'win@@', 'ter', 'en', 'k@@', 'ri@@', 'mp@@', 't', 'in', 'de', 'z@@', 'om@@', 'er', '.']
2026-05-27 23:08:31,758 - DEBUG - joeynmt.training - 	Tokenized reference:  ['It', 'exp@@', 'and@@', 's', 'in', 'win@@', 'ter', 'and', 'con@@', 'tr@@', 'ac@@', 'ts', 'in', 'su@@', 'mm@@', 'er', '.']
2026-05-27 23:08:31,759 - DEBUG - joeynmt.training - 	Tokenized hypothesis: ['It', 'was', 'in', 'the', 'win@@', 'ter', 'and', 'c@@', 'ri@@', 'me', 'in', 'the', 's@@', 'om@@', 'er', '.', '</s>']
2026-05-27 23:08:31,759 - INFO - joeynmt.training - 	Source:     Het zet uit in de winter en krimpt in de zomer .
2026-05-27 23:08:31,759 - INFO - joeynmt.training - 	Reference:  It expands in winter and contracts in summer .
2026-05-27 23:08:31,759 - INFO - joeynmt.training - 	Hypothesis: It was in the winter and crime in the somer .
2026-05-27 23:08:31,759 - INFO - joeynmt.training - Example #4
2026-05-27 23:08:31,759 - DEBUG - joeynmt.training - 	Tokenized source:     ['De', 'volgende', 'dia', 'die', 'ik', 'laat', 'zien', 'is', 'een', 'vers@@', 'n@@', 'el@@', 'de', 'ver@@', 'sie', 'van', 'wat', 'er', 'de', 'af@@', 'gel@@', 'open', '2@@', '5', 'jaar', 'is', 'gebeur@@', 'd', '.']
2026-05-27 23:08:31,759 - DEBUG - joeynmt.training - 	Tokenized reference:  ['The', 'next', 'sli@@', 'de', 'I', 'show', 'you', 'will', 'be', 'a', 'r@@', 'ap@@', 'id', 'fa@@', 'st@@', '-@@', 'for@@', 'ward', 'of', 'what', '&apos;s', 'happened', 'over', 'the', 'last', '2@@', '5', 'years', '.']
2026-05-27 23:08:31,759 - DEBUG - joeynmt.training - 	Tokenized hypothesis: ['The', 'next', 'sli@@', 'de', 'I', 'sho@@', 'ws', 'a', 'is', 'a', 'vers@@', 'ity', 'of', 'what', 'happened', 'the', 'last', '2@@', '5', 'years', '.', '</s>']
2026-05-27 23:08:31,759 - INFO - joeynmt.training - 	Source:     De volgende dia die ik laat zien is een versnelde versie van wat er de afgelopen 25 jaar is gebeurd .
2026-05-27 23:08:31,759 - INFO - joeynmt.training - 	Reference:  The next slide I show you will be a rapid fast-forward of what &apos;s happened over the last 25 years .
2026-05-27 23:08:31,759 - INFO - joeynmt.training - 	Hypothesis: The next slide I shows a is a versity of what happened the last 25 years .
2026-05-27 23:08:43,687 - INFO - joeynmt.training - Epoch   3, Step:    11100, Batch Loss:     1.508322, Batch Acc: 0.567318, Tokens per Sec:     6328, Lr: 0.000300
2026-05-27 23:08:55,380 - INFO - joeynmt.training - Epoch   3, Step:    11200, Batch Loss:     1.446121, Batch Acc: 0.568660, Tokens per Sec:     6444, Lr: 0.000300
2026-05-27 23:09:07,773 - INFO - joeynmt.training - Epoch   3, Step:    11300, Batch Loss:     1.517171, Batch Acc: 0.564968, Tokens per Sec:     6081, Lr: 0.000300
2026-05-27 23:09:19,349 - INFO - joeynmt.training - Epoch   3, Step:    11400, Batch Loss:     1.548030, Batch Acc: 0.570226, Tokens per Sec:     6456, Lr: 0.000300
2026-05-27 23:09:30,459 - INFO - joeynmt.training - Epoch   3, Step:    11500, Batch Loss:     1.594649, Batch Acc: 0.569666, Tokens per Sec:     6916, Lr: 0.000300
2026-05-27 23:09:30,460 - WARNING - joeynmt.helpers - `alpha` option is obsolete. Please use `beam_alpha`, instead.
2026-05-27 23:09:30,460 - INFO - joeynmt.prediction - Predicting 1003 example(s)... (Greedy decoding with min_output_length=1, max_output_length=-1, return_prob='none', generate_unk=True, repetition_penalty=-1, no_repeat_ngram_size=-1)
2026-05-27 23:09:56,865 - INFO - joeynmt.prediction - Evaluation result (greedy) loss:   1.81, ppl:   6.09, acc:   0.49, generation: 26.3954[sec], evaluation: 0.0000[sec]
2026-05-27 23:09:56,866 - INFO - joeynmt.training - Hooray! New best validation result [ppl]!
2026-05-27 23:09:56,974 - INFO - joeynmt.helpers - delete models/tf_bpe_2000_nl_en/9000.ckpt
2026-05-27 23:09:56,975 - INFO - joeynmt.training - Example #0
2026-05-27 23:09:56,976 - DEBUG - joeynmt.training - 	Tokenized source:     ['V@@', 'or@@', 'ig', 'jaar', 'li@@', 'et', 'ik', 'deze', 'twee', 'dia', '&apos;', 's', 'zien', 'om', 'aan', 'te', 't@@', 'onen', 'dat', 'de', 'p@@', 'oo@@', 'lij@@', 'sk@@', 'a@@', 'p', ',', 'die', 'de', 'af@@', 'gel@@', 'open', 'drie', 'miljoen', 'jaar', 'ongeveer', 'de', 'groot@@', 'te', 'had', 'van', 'het', 'va@@', 'stel@@', 'and', 'van', 'de', 'V@@', 'S', ',', 'met', '4@@', '0', '%', 'ge@@', 'k@@', 'r@@', 'om@@', 'pen', 'was', '.']
2026-05-27 23:09:56,976 - DEBUG - joeynmt.training - 	Tokenized reference:  ['La@@', 'st', 'year', 'I', 'sho@@', 'w@@', 'ed', 'these', 'two', 'sli@@', 'des', 'so', 'that', 'de@@', 'mon@@', 'str@@', 'ate', 'that', 'the', 'ar@@', 'c@@', 'ti@@', 'c', 'ice', 'ca@@', 'p', ',', 'which', 'for', 'most', 'of', 'the', 'last', 'three', 'million', 'years', 'has', 'been', 'the', 'si@@', 'ze', 'of', 'the', 'lo@@', 'wer', '4@@', '8', 'st@@', 'ates', ',', 'has', 'sh@@', 'r@@', 'un@@', 'k', 'by', '4@@', '0', 'percent', '.']
2026-05-27 23:09:56,976 - DEBUG - joeynmt.training - 	Tokenized hypothesis: ['And', 'I', 'just', 'sho@@', 'w@@', 'ed', 'these', 'two', 'sli@@', 'des', ',', 'I', 'can', 'see', 'these', 'two', 'sli@@', 'des', 'to', 'show', 'that', 'the', 'p@@', 'oo@@', 'b@@', 'b@@', 'b@@', 'le@@', 'ss@@', 'on', ',', 'which', 'was', 'the', 'pa@@', 'st', 'three', 'million', 'years', 'of', 'the', 'U@@', '.@@', 'S@@', '.', ',', 'with', '4@@', '0', 'percent', 'of', 'the', 'U@@', '.@@', 'S@@', '.', '</s>']
2026-05-27 23:09:56,976 - INFO - joeynmt.training - 	Source:     Vorig jaar liet ik deze twee dia &apos; s zien om aan te tonen dat de poolijskap , die de afgelopen drie miljoen jaar ongeveer de grootte had van het vasteland van de VS , met 40 % gekrompen was .
2026-05-27 23:09:56,976 - INFO - joeynmt.training - 	Reference:  Last year I showed these two slides so that demonstrate that the arctic ice cap , which for most of the last three million years has been the size of the lower 48 states , has shrunk by 40 percent .
2026-05-27 23:09:56,976 - INFO - joeynmt.training - 	Hypothesis: And I just showed these two slides , I can see these two slides to show that the poobbblesson , which was the past three million years of the U.S. , with 40 percent of the U.S.
2026-05-27 23:09:56,976 - INFO - joeynmt.training - Example #1
2026-05-27 23:09:56,976 - DEBUG - joeynmt.training - 	Tokenized source:     ['Maar', 'dit', 'onder@@', 'sch@@', 'at', 'eigenlijk', 'de', 'er@@', 'n@@', 'st', 'van', 'dit', 'speci@@', 'f@@', 'ieke', 'probleem', 'omdat', 'het', 'niet', 'de', 'di@@', 'kte', 'van', 'het', 'ij@@', 's', 'laat', 'zien', '.']
2026-05-27 23:09:56,976 - DEBUG - joeynmt.training - 	Tokenized reference:  ['But', 'this', 'under@@', 'st@@', 'ates', 'the', 'ser@@', 'i@@', 'ous@@', 'ness', 'of', 'this', 'parti@@', 'cu@@', 'lar', 'problem', 'because', 'it', 'doesn', '&apos;t', 'show', 'the', 'th@@', 'ic@@', 'k@@', 'ness', 'of', 'the', 'ice', '.']
2026-05-27 23:09:56,976 - DEBUG - joeynmt.training - 	Tokenized hypothesis: ['But', 'this', 'was', 'actually', 'the', 'ex@@', 'cep@@', 'tion', 'of', 'this', 'parti@@', 'cu@@', 'lar', 'problem', 'because', 'it', 'doesn', '&apos;t', 'have', 'the', 'de@@', 'gre@@', 'e', 'of', 'the', 'ice', '.', '</s>']
2026-05-27 23:09:56,976 - INFO - joeynmt.training - 	Source:     Maar dit onderschat eigenlijk de ernst van dit specifieke probleem omdat het niet de dikte van het ijs laat zien .
2026-05-27 23:09:56,976 - INFO - joeynmt.training - 	Reference:  But this understates the seriousness of this particular problem because it doesn &apos;t show the thickness of the ice .
2026-05-27 23:09:56,976 - INFO - joeynmt.training - 	Hypothesis: But this was actually the exception of this particular problem because it doesn &apos;t have the degree of the ice .
2026-05-27 23:09:56,976 - INFO - joeynmt.training - Example #2
2026-05-27 23:09:56,976 - DEBUG - joeynmt.training - 	Tokenized source:     ['De', 'ij@@', 'sk@@', 'a@@', 'p', 'op', 'de', 'N@@', 'oor@@', 'd@@', 'p@@', 'ool', 'is', 'in', 'ze@@', 'k@@', 'ere', 'z@@', 'in', 'het', 'kl@@', 'op@@', 'p@@', 'end', 'har@@', 't', 'van', 'ons', 'glob@@', 'aal', 'k@@', 'li@@', 'ma@@', 'at@@', 'systeem', '.']
2026-05-27 23:09:56,976 - DEBUG - joeynmt.training - 	Tokenized reference:  ['The', 'ar@@', 'c@@', 'ti@@', 'c', 'ice', 'ca@@', 'p', 'is', ',', 'in', 'a', 'sense', ',', 'the', 'be@@', 'ating', 'he@@', 'art', 'of', 'the', 'glob@@', 'al', 'c@@', 'lim@@', 'ate', 'system', '.']
2026-05-27 23:09:56,976 - DEBUG - joeynmt.training - 	Tokenized hypothesis: ['The', 'ice', 'is', 'on', 'the', 'N@@', 'or@@', 'th', 'P@@', 'ole', 'in', 'the', 's@@', 'he@@', 'art', 'of', 'the', 'c@@', 'li@@', 'p', 'in', 'the', 'c@@', 'lim@@', 'ate', 'system', '.', '</s>']
2026-05-27 23:09:56,977 - INFO - joeynmt.training - 	Source:     De ijskap op de Noordpool is in zekere zin het kloppend hart van ons globaal klimaatsysteem .
2026-05-27 23:09:56,977 - INFO - joeynmt.training - 	Reference:  The arctic ice cap is , in a sense , the beating heart of the global climate system .
2026-05-27 23:09:56,977 - INFO - joeynmt.training - 	Hypothesis: The ice is on the North Pole in the sheart of the clip in the climate system .
2026-05-27 23:09:56,977 - INFO - joeynmt.training - Example #3
2026-05-27 23:09:56,977 - DEBUG - joeynmt.training - 	Tokenized source:     ['Het', 'z@@', 'et', 'uit', 'in', 'de', 'win@@', 'ter', 'en', 'k@@', 'ri@@', 'mp@@', 't', 'in', 'de', 'z@@', 'om@@', 'er', '.']
2026-05-27 23:09:56,977 - DEBUG - joeynmt.training - 	Tokenized reference:  ['It', 'exp@@', 'and@@', 's', 'in', 'win@@', 'ter', 'and', 'con@@', 'tr@@', 'ac@@', 'ts', 'in', 'su@@', 'mm@@', 'er', '.']
2026-05-27 23:09:56,977 - DEBUG - joeynmt.training - 	Tokenized hypothesis: ['It', 'was', 's@@', 'it@@', 'ting', 'in', 'the', 'win@@', 'ter', 'and', 'c@@', 'ri@@', 'mp@@', 't', 'in', 'the', 'su@@', 'mm@@', 'er', '.', '</s>']
2026-05-27 23:09:56,977 - INFO - joeynmt.training - 	Source:     Het zet uit in de winter en krimpt in de zomer .
2026-05-27 23:09:56,977 - INFO - joeynmt.training - 	Reference:  It expands in winter and contracts in summer .
2026-05-27 23:09:56,977 - INFO - joeynmt.training - 	Hypothesis: It was sitting in the winter and crimpt in the summer .
2026-05-27 23:09:56,977 - INFO - joeynmt.training - Example #4
2026-05-27 23:09:56,977 - DEBUG - joeynmt.training - 	Tokenized source:     ['De', 'volgende', 'dia', 'die', 'ik', 'laat', 'zien', 'is', 'een', 'vers@@', 'n@@', 'el@@', 'de', 'ver@@', 'sie', 'van', 'wat', 'er', 'de', 'af@@', 'gel@@', 'open', '2@@', '5', 'jaar', 'is', 'gebeur@@', 'd', '.']
2026-05-27 23:09:56,977 - DEBUG - joeynmt.training - 	Tokenized reference:  ['The', 'next', 'sli@@', 'de', 'I', 'show', 'you', 'will', 'be', 'a', 'r@@', 'ap@@', 'id', 'fa@@', 'st@@', '-@@', 'for@@', 'ward', 'of', 'what', '&apos;s', 'happened', 'over', 'the', 'last', '2@@', '5', 'years', '.']
2026-05-27 23:09:56,977 - DEBUG - joeynmt.training - 	Tokenized hypothesis: ['The', 'next', 'sli@@', 'de', 'that', 'I', '&apos;m', 'sho@@', 'wing', 'is', 'a', 'vers@@', 'al', 'ver@@', 'sion', 'of', 'what', 'happened', 'to', 'last', '2@@', '5', 'years', '.', '</s>']
2026-05-27 23:09:56,978 - INFO - joeynmt.training - 	Source:     De volgende dia die ik laat zien is een versnelde versie van wat er de afgelopen 25 jaar is gebeurd .
2026-05-27 23:09:56,978 - INFO - joeynmt.training - 	Reference:  The next slide I show you will be a rapid fast-forward of what &apos;s happened over the last 25 years .
2026-05-27 23:09:56,978 - INFO - joeynmt.training - 	Hypothesis: The next slide that I &apos;m showing is a versal version of what happened to last 25 years .
2026-05-27 23:10:08,856 - INFO - joeynmt.training - Epoch   3, Step:    11600, Batch Loss:     1.665854, Batch Acc: 0.568845, Tokens per Sec:     6396, Lr: 0.000300
2026-05-27 23:10:11,600 - INFO - joeynmt.training - Epoch   3: total training loss 5995.51
2026-05-27 23:10:11,600 - INFO - joeynmt.training - EPOCH 4
2026-05-27 23:10:20,020 - INFO - joeynmt.training - Epoch   4, Step:    11700, Batch Loss:     1.382047, Batch Acc: 0.587293, Tokens per Sec:     6919, Lr: 0.000300
2026-05-27 23:10:31,923 - INFO - joeynmt.training - Epoch   4, Step:    11800, Batch Loss:     1.583361, Batch Acc: 0.587092, Tokens per Sec:     6441, Lr: 0.000300
2026-05-27 23:10:43,896 - INFO - joeynmt.training - Epoch   4, Step:    11900, Batch Loss:     1.280458, Batch Acc: 0.586695, Tokens per Sec:     6519, Lr: 0.000300
2026-05-27 23:10:55,397 - INFO - joeynmt.training - Epoch   4, Step:    12000, Batch Loss:     1.320671, Batch Acc: 0.586555, Tokens per Sec:     6400, Lr: 0.000300
2026-05-27 23:10:55,398 - WARNING - joeynmt.helpers - `alpha` option is obsolete. Please use `beam_alpha`, instead.
2026-05-27 23:10:55,398 - INFO - joeynmt.prediction - Predicting 1003 example(s)... (Greedy decoding with min_output_length=1, max_output_length=-1, return_prob='none', generate_unk=True, repetition_penalty=-1, no_repeat_ngram_size=-1)
2026-05-27 23:11:25,588 - INFO - joeynmt.prediction - Evaluation result (greedy) loss:   1.80, ppl:   6.05, acc:   0.49, generation: 30.1791[sec], evaluation: 0.0000[sec]
2026-05-27 23:11:25,590 - INFO - joeynmt.training - Hooray! New best validation result [ppl]!
2026-05-27 23:11:25,719 - INFO - joeynmt.helpers - delete models/tf_bpe_2000_nl_en/9500.ckpt
2026-05-27 23:11:25,720 - INFO - joeynmt.training - Example #0
2026-05-27 23:11:25,720 - DEBUG - joeynmt.training - 	Tokenized source:     ['V@@', 'or@@', 'ig', 'jaar', 'li@@', 'et', 'ik', 'deze', 'twee', 'dia', '&apos;', 's', 'zien', 'om', 'aan', 'te', 't@@', 'onen', 'dat', 'de', 'p@@', 'oo@@', 'lij@@', 'sk@@', 'a@@', 'p', ',', 'die', 'de', 'af@@', 'gel@@', 'open', 'drie', 'miljoen', 'jaar', 'ongeveer', 'de', 'groot@@', 'te', 'had', 'van', 'het', 'va@@', 'stel@@', 'and', 'van', 'de', 'V@@', 'S', ',', 'met', '4@@', '0', '%', 'ge@@', 'k@@', 'r@@', 'om@@', 'pen', 'was', '.']
2026-05-27 23:11:25,720 - DEBUG - joeynmt.training - 	Tokenized reference:  ['La@@', 'st', 'year', 'I', 'sho@@', 'w@@', 'ed', 'these', 'two', 'sli@@', 'des', 'so', 'that', 'de@@', 'mon@@', 'str@@', 'ate', 'that', 'the', 'ar@@', 'c@@', 'ti@@', 'c', 'ice', 'ca@@', 'p', ',', 'which', 'for', 'most', 'of', 'the', 'last', 'three', 'million', 'years', 'has', 'been', 'the', 'si@@', 'ze', 'of', 'the', 'lo@@', 'wer', '4@@', '8', 'st@@', 'ates', ',', 'has', 'sh@@', 'r@@', 'un@@', 'k', 'by', '4@@', '0', 'percent', '.']
2026-05-27 23:11:25,720 - DEBUG - joeynmt.training - 	Tokenized hypothesis: ['And', 'I', '&apos;m', 'going', 'to', 'show', 'these', 'two', 'sli@@', 'des', ',', 'I', '&apos;ve', 'been', 'looking', 'at', 'the', 'p@@', 'oo@@', 'b@@', 'b@@', 'b@@', 'at@@', 'tle', ',', 'which', 'the', 'p@@', 'oo@@', 'ls', 'of', 'the', 'U@@', 'n@@', 'ited', 'St@@', 'ates', ',', 'with', '4@@', '0', 'percent', 'of', 'the', 'U@@', 'n@@', 'ited', 'St@@', 'ates', ',', 'with', '4@@', '0', 'percent', '.', '</s>']
2026-05-27 23:11:25,720 - INFO - joeynmt.training - 	Source:     Vorig jaar liet ik deze twee dia &apos; s zien om aan te tonen dat de poolijskap , die de afgelopen drie miljoen jaar ongeveer de grootte had van het vasteland van de VS , met 40 % gekrompen was .
2026-05-27 23:11:25,720 - INFO - joeynmt.training - 	Reference:  Last year I showed these two slides so that demonstrate that the arctic ice cap , which for most of the last three million years has been the size of the lower 48 states , has shrunk by 40 percent .
2026-05-27 23:11:25,720 - INFO - joeynmt.training - 	Hypothesis: And I &apos;m going to show these two slides , I &apos;ve been looking at the poobbbattle , which the pools of the United States , with 40 percent of the United States , with 40 percent .
2026-05-27 23:11:25,720 - INFO - joeynmt.training - Example #1
2026-05-27 23:11:25,720 - DEBUG - joeynmt.training - 	Tokenized source:     ['Maar', 'dit', 'onder@@', 'sch@@', 'at', 'eigenlijk', 'de', 'er@@', 'n@@', 'st', 'van', 'dit', 'speci@@', 'f@@', 'ieke', 'probleem', 'omdat', 'het', 'niet', 'de', 'di@@', 'kte', 'van', 'het', 'ij@@', 's', 'laat', 'zien', '.']
2026-05-27 23:11:25,721 - DEBUG - joeynmt.training - 	Tokenized reference:  ['But', 'this', 'under@@', 'st@@', 'ates', 'the', 'ser@@', 'i@@', 'ous@@', 'ness', 'of', 'this', 'parti@@', 'cu@@', 'lar', 'problem', 'because', 'it', 'doesn', '&apos;t', 'show', 'the', 'th@@', 'ic@@', 'k@@', 'ness', 'of', 'the', 'ice', '.']
2026-05-27 23:11:25,721 - DEBUG - joeynmt.training - 	Tokenized hypothesis: ['But', 'this', 'under@@', 'st@@', 'ood', 'the', 'experi@@', 'ence', 'of', 'this', 'speci@@', 'f@@', 'ic', 'problem', 'because', 'it', 'doesn', '&apos;t', 'have', 'the', 'di@@', 'st@@', 'ic@@', 'ks', ',', '</s>']
2026-05-27 23:11:25,721 - INFO - joeynmt.training - 	Source:     Maar dit onderschat eigenlijk de ernst van dit specifieke probleem omdat het niet de dikte van het ijs laat zien .
2026-05-27 23:11:25,721 - INFO - joeynmt.training - 	Reference:  But this understates the seriousness of this particular problem because it doesn &apos;t show the thickness of the ice .
2026-05-27 23:11:25,721 - INFO - joeynmt.training - 	Hypothesis: But this understood the experience of this specific problem because it doesn &apos;t have the disticks ,
2026-05-27 23:11:25,721 - INFO - joeynmt.training - Example #2
2026-05-27 23:11:25,721 - DEBUG - joeynmt.training - 	Tokenized source:     ['De', 'ij@@', 'sk@@', 'a@@', 'p', 'op', 'de', 'N@@', 'oor@@', 'd@@', 'p@@', 'ool', 'is', 'in', 'ze@@', 'k@@', 'ere', 'z@@', 'in', 'het', 'kl@@', 'op@@', 'p@@', 'end', 'har@@', 't', 'van', 'ons', 'glob@@', 'aal', 'k@@', 'li@@', 'ma@@', 'at@@', 'systeem', '.']
2026-05-27 23:11:25,721 - DEBUG - joeynmt.training - 	Tokenized reference:  ['The', 'ar@@', 'c@@', 'ti@@', 'c', 'ice', 'ca@@', 'p', 'is', ',', 'in', 'a', 'sense', ',', 'the', 'be@@', 'ating', 'he@@', 'art', 'of', 'the', 'glob@@', 'al', 'c@@', 'lim@@', 'ate', 'system', '.']
2026-05-27 23:11:25,721 - DEBUG - joeynmt.training - 	Tokenized hypothesis: ['The', 'ice', 'is', 'the', 'ice', 'of', 'the', 'N@@', 'or@@', 'th', 'is', 'in', 'a', 'sense', 'of', 'the', 'c@@', 'li@@', 'p', 'in', 'the', 'c@@', 'lim@@', 'ate', 'system', '.', '</s>']
2026-05-27 23:11:25,721 - INFO - joeynmt.training - 	Source:     De ijskap op de Noordpool is in zekere zin het kloppend hart van ons globaal klimaatsysteem .
2026-05-27 23:11:25,721 - INFO - joeynmt.training - 	Reference:  The arctic ice cap is , in a sense , the beating heart of the global climate system .
2026-05-27 23:11:25,721 - INFO - joeynmt.training - 	Hypothesis: The ice is the ice of the North is in a sense of the clip in the climate system .
2026-05-27 23:11:25,721 - INFO - joeynmt.training - Example #3
2026-05-27 23:11:25,721 - DEBUG - joeynmt.training - 	Tokenized source:     ['Het', 'z@@', 'et', 'uit', 'in', 'de', 'win@@', 'ter', 'en', 'k@@', 'ri@@', 'mp@@', 't', 'in', 'de', 'z@@', 'om@@', 'er', '.']
2026-05-27 23:11:25,721 - DEBUG - joeynmt.training - 	Tokenized reference:  ['It', 'exp@@', 'and@@', 's', 'in', 'win@@', 'ter', 'and', 'con@@', 'tr@@', 'ac@@', 'ts', 'in', 'su@@', 'mm@@', 'er', '.']
2026-05-27 23:11:25,721 - DEBUG - joeynmt.training - 	Tokenized hypothesis: ['It', '&apos;s', 'a', 's@@', 'ing@@', 'le', 'in', 'the', 'win@@', 'ter', 'and', 'c@@', 'ri@@', 'mp@@', 't', 'in', 'the', 'su@@', 'mm@@', 'er', '.', '</s>']
2026-05-27 23:11:25,722 - INFO - joeynmt.training - 	Source:     Het zet uit in de winter en krimpt in de zomer .
2026-05-27 23:11:25,722 - INFO - joeynmt.training - 	Reference:  It expands in winter and contracts in summer .
2026-05-27 23:11:25,722 - INFO - joeynmt.training - 	Hypothesis: It &apos;s a single in the winter and crimpt in the summer .
2026-05-27 23:11:25,722 - INFO - joeynmt.training - Example #4
2026-05-27 23:11:25,722 - DEBUG - joeynmt.training - 	Tokenized source:     ['De', 'volgende', 'dia', 'die', 'ik', 'laat', 'zien', 'is', 'een', 'vers@@', 'n@@', 'el@@', 'de', 'ver@@', 'sie', 'van', 'wat', 'er', 'de', 'af@@', 'gel@@', 'open', '2@@', '5', 'jaar', 'is', 'gebeur@@', 'd', '.']
2026-05-27 23:11:25,722 - DEBUG - joeynmt.training - 	Tokenized reference:  ['The', 'next', 'sli@@', 'de', 'I', 'show', 'you', 'will', 'be', 'a', 'r@@', 'ap@@', 'id', 'fa@@', 'st@@', '-@@', 'for@@', 'ward', 'of', 'what', '&apos;s', 'happened', 'over', 'the', 'last', '2@@', '5', 'years', '.']
2026-05-27 23:11:25,722 - DEBUG - joeynmt.training - 	Tokenized hypothesis: ['The', 'next', 'sli@@', 'de', 'I', '&apos;m', 'going', 'to', 'to', 'show', 'is', 'a', 'vers@@', 'ed', 'ver@@', 'sion', 'of', 'what', 'was', 'happened', 'to', 'the', 'last', '2@@', '5', 'years', '.', '</s>']
2026-05-27 23:11:25,722 - INFO - joeynmt.training - 	Source:     De volgende dia die ik laat zien is een versnelde versie van wat er de afgelopen 25 jaar is gebeurd .
2026-05-27 23:11:25,722 - INFO - joeynmt.training - 	Reference:  The next slide I show you will be a rapid fast-forward of what &apos;s happened over the last 25 years .
2026-05-27 23:11:25,722 - INFO - joeynmt.training - 	Hypothesis: The next slide I &apos;m going to to show is a versed version of what was happened to the last 25 years .
2026-05-27 23:11:38,391 - INFO - joeynmt.training - Epoch   4, Step:    12100, Batch Loss:     1.477681, Batch Acc: 0.589478, Tokens per Sec:     5941, Lr: 0.000300
2026-05-27 23:11:51,335 - INFO - joeynmt.training - Epoch   4, Step:    12200, Batch Loss:     1.456966, Batch Acc: 0.586306, Tokens per Sec:     5883, Lr: 0.000300
2026-05-27 23:12:02,983 - INFO - joeynmt.training - Epoch   4, Step:    12300, Batch Loss:     1.587809, Batch Acc: 0.582031, Tokens per Sec:     6499, Lr: 0.000300
2026-05-27 23:12:14,100 - INFO - joeynmt.training - Epoch   4, Step:    12400, Batch Loss:     1.572438, Batch Acc: 0.585158, Tokens per Sec:     6998, Lr: 0.000300
2026-05-27 23:12:25,973 - INFO - joeynmt.training - Epoch   4, Step:    12500, Batch Loss:     1.622655, Batch Acc: 0.585810, Tokens per Sec:     6105, Lr: 0.000300
2026-05-27 23:12:25,973 - WARNING - joeynmt.helpers - `alpha` option is obsolete. Please use `beam_alpha`, instead.
2026-05-27 23:12:25,973 - INFO - joeynmt.prediction - Predicting 1003 example(s)... (Greedy decoding with min_output_length=1, max_output_length=-1, return_prob='none', generate_unk=True, repetition_penalty=-1, no_repeat_ngram_size=-1)
2026-05-27 23:12:53,025 - INFO - joeynmt.prediction - Evaluation result (greedy) loss:   1.80, ppl:   6.05, acc:   0.50, generation: 27.0409[sec], evaluation: 0.0000[sec]
2026-05-27 23:12:53,151 - INFO - joeynmt.helpers - delete models/tf_bpe_2000_nl_en/10000.ckpt
2026-05-27 23:12:53,152 - INFO - joeynmt.training - Example #0
2026-05-27 23:12:53,152 - DEBUG - joeynmt.training - 	Tokenized source:     ['V@@', 'or@@', 'ig', 'jaar', 'li@@', 'et', 'ik', 'deze', 'twee', 'dia', '&apos;', 's', 'zien', 'om', 'aan', 'te', 't@@', 'onen', 'dat', 'de', 'p@@', 'oo@@', 'lij@@', 'sk@@', 'a@@', 'p', ',', 'die', 'de', 'af@@', 'gel@@', 'open', 'drie', 'miljoen', 'jaar', 'ongeveer', 'de', 'groot@@', 'te', 'had', 'van', 'het', 'va@@', 'stel@@', 'and', 'van', 'de', 'V@@', 'S', ',', 'met', '4@@', '0', '%', 'ge@@', 'k@@', 'r@@', 'om@@', 'pen', 'was', '.']
2026-05-27 23:12:53,152 - DEBUG - joeynmt.training - 	Tokenized reference:  ['La@@', 'st', 'year', 'I', 'sho@@', 'w@@', 'ed', 'these', 'two', 'sli@@', 'des', 'so', 'that', 'de@@', 'mon@@', 'str@@', 'ate', 'that', 'the', 'ar@@', 'c@@', 'ti@@', 'c', 'ice', 'ca@@', 'p', ',', 'which', 'for', 'most', 'of', 'the', 'last', 'three', 'million', 'years', 'has', 'been', 'the', 'si@@', 'ze', 'of', 'the', 'lo@@', 'wer', '4@@', '8', 'st@@', 'ates', ',', 'has', 'sh@@', 'r@@', 'un@@', 'k', 'by', '4@@', '0', 'percent', '.']
2026-05-27 23:12:53,152 - DEBUG - joeynmt.training - 	Tokenized hypothesis: ['F@@', 'or', 'last', 'year', 'I', 'sho@@', 'w@@', 'ed', 'these', 'two', 'sli@@', 'des', 'to', 'show', 'that', 'the', 'p@@', 'us@@', 'he@@', 's', 'the', 'p@@', 'us@@', 'he@@', 's', 'of', 'the', 'si@@', 'ze', 'of', 'the', 'U@@', '.@@', 'S@@', '.', ',', 'the', 'U@@', '.@@', 'S@@', '.', ',', 'with', '4@@', '0', 'percent', 'of', 'the', 'U@@', '.@@', 'S@@', '.', ',', 'with', '4@@', '0', 'percent', 'of', 'the', 'U@@', '.@@', 'S@@', '.', '</s>']
2026-05-27 23:12:53,152 - INFO - joeynmt.training - 	Source:     Vorig jaar liet ik deze twee dia &apos; s zien om aan te tonen dat de poolijskap , die de afgelopen drie miljoen jaar ongeveer de grootte had van het vasteland van de VS , met 40 % gekrompen was .
2026-05-27 23:12:53,152 - INFO - joeynmt.training - 	Reference:  Last year I showed these two slides so that demonstrate that the arctic ice cap , which for most of the last three million years has been the size of the lower 48 states , has shrunk by 40 percent .
2026-05-27 23:12:53,152 - INFO - joeynmt.training - 	Hypothesis: For last year I showed these two slides to show that the pushes the pushes of the size of the U.S. , the U.S. , with 40 percent of the U.S. , with 40 percent of the U.S.
2026-05-27 23:12:53,152 - INFO - joeynmt.training - Example #1
2026-05-27 23:12:53,152 - DEBUG - joeynmt.training - 	Tokenized source:     ['Maar', 'dit', 'onder@@', 'sch@@', 'at', 'eigenlijk', 'de', 'er@@', 'n@@', 'st', 'van', 'dit', 'speci@@', 'f@@', 'ieke', 'probleem', 'omdat', 'het', 'niet', 'de', 'di@@', 'kte', 'van', 'het', 'ij@@', 's', 'laat', 'zien', '.']
2026-05-27 23:12:53,152 - DEBUG - joeynmt.training - 	Tokenized reference:  ['But', 'this', 'under@@', 'st@@', 'ates', 'the', 'ser@@', 'i@@', 'ous@@', 'ness', 'of', 'this', 'parti@@', 'cu@@', 'lar', 'problem', 'because', 'it', 'doesn', '&apos;t', 'show', 'the', 'th@@', 'ic@@', 'k@@', 'ness', 'of', 'the', 'ice', '.']
2026-05-27 23:12:53,152 - DEBUG - joeynmt.training - 	Tokenized hypothesis: ['But', 'this', 'is', 'actually', 'the', 'experi@@', 'ence', 'of', 'this', 'parti@@', 'cu@@', 'lar', 'problem', 'because', 'it', 'doesn', '&apos;t', 'have', 'the', 'di@@', 'st@@', 'in@@', 'c@@', 'tion', 'of', 'the', 'ice', '.', '</s>']
2026-05-27 23:12:53,153 - INFO - joeynmt.training - 	Source:     Maar dit onderschat eigenlijk de ernst van dit specifieke probleem omdat het niet de dikte van het ijs laat zien .
2026-05-27 23:12:53,153 - INFO - joeynmt.training - 	Reference:  But this understates the seriousness of this particular problem because it doesn &apos;t show the thickness of the ice .
2026-05-27 23:12:53,153 - INFO - joeynmt.training - 	Hypothesis: But this is actually the experience of this particular problem because it doesn &apos;t have the distinction of the ice .
2026-05-27 23:12:53,153 - INFO - joeynmt.training - Example #2
2026-05-27 23:12:53,153 - DEBUG - joeynmt.training - 	Tokenized source:     ['De', 'ij@@', 'sk@@', 'a@@', 'p', 'op', 'de', 'N@@', 'oor@@', 'd@@', 'p@@', 'ool', 'is', 'in', 'ze@@', 'k@@', 'ere', 'z@@', 'in', 'het', 'kl@@', 'op@@', 'p@@', 'end', 'har@@', 't', 'van', 'ons', 'glob@@', 'aal', 'k@@', 'li@@', 'ma@@', 'at@@', 'systeem', '.']
2026-05-27 23:12:53,153 - DEBUG - joeynmt.training - 	Tokenized reference:  ['The', 'ar@@', 'c@@', 'ti@@', 'c', 'ice', 'ca@@', 'p', 'is', ',', 'in', 'a', 'sense', ',', 'the', 'be@@', 'ating', 'he@@', 'art', 'of', 'the', 'glob@@', 'al', 'c@@', 'lim@@', 'ate', 'system', '.']
2026-05-27 23:12:53,153 - DEBUG - joeynmt.training - 	Tokenized hypothesis: ['The', 'ice', 'sk@@', 'a@@', 'p', 'on', 'the', 'N@@', 'or@@', 'th', 'P@@', 'ole', 'is', 'in', 'a', 'cer@@', 'ta@@', 'in', 'sense', ',', 'the', 'c@@', 'li@@', 's@@', 'he@@', 'art', 'of', 'our', 'glob@@', 'al', 'c@@', 'li@@', 'ma@@', 'ss', 'system', '.', '</s>']
2026-05-27 23:12:53,153 - INFO - joeynmt.training - 	Source:     De ijskap op de Noordpool is in zekere zin het kloppend hart van ons globaal klimaatsysteem .
2026-05-27 23:12:53,153 - INFO - joeynmt.training - 	Reference:  The arctic ice cap is , in a sense , the beating heart of the global climate system .
2026-05-27 23:12:53,153 - INFO - joeynmt.training - 	Hypothesis: The ice skap on the North Pole is in a certain sense , the clisheart of our global climass system .
2026-05-27 23:12:53,153 - INFO - joeynmt.training - Example #3
2026-05-27 23:12:53,153 - DEBUG - joeynmt.training - 	Tokenized source:     ['Het', 'z@@', 'et', 'uit', 'in', 'de', 'win@@', 'ter', 'en', 'k@@', 'ri@@', 'mp@@', 't', 'in', 'de', 'z@@', 'om@@', 'er', '.']
2026-05-27 23:12:53,153 - DEBUG - joeynmt.training - 	Tokenized reference:  ['It', 'exp@@', 'and@@', 's', 'in', 'win@@', 'ter', 'and', 'con@@', 'tr@@', 'ac@@', 'ts', 'in', 'su@@', 'mm@@', 'er', '.']
2026-05-27 23:12:53,153 - DEBUG - joeynmt.training - 	Tokenized hypothesis: ['It', '&apos;s', 'called', 'in', 'the', 'win@@', 'ter', 'and', 'c@@', 'ri@@', 'mp@@', 't', 'in', 'the', 's@@', 'om@@', 'er', '.', '</s>']
2026-05-27 23:12:53,153 - INFO - joeynmt.training - 	Source:     Het zet uit in de winter en krimpt in de zomer .
2026-05-27 23:12:53,153 - INFO - joeynmt.training - 	Reference:  It expands in winter and contracts in summer .
2026-05-27 23:12:53,153 - INFO - joeynmt.training - 	Hypothesis: It &apos;s called in the winter and crimpt in the somer .
2026-05-27 23:12:53,153 - INFO - joeynmt.training - Example #4
2026-05-27 23:12:53,153 - DEBUG - joeynmt.training - 	Tokenized source:     ['De', 'volgende', 'dia', 'die', 'ik', 'laat', 'zien', 'is', 'een', 'vers@@', 'n@@', 'el@@', 'de', 'ver@@', 'sie', 'van', 'wat', 'er', 'de', 'af@@', 'gel@@', 'open', '2@@', '5', 'jaar', 'is', 'gebeur@@', 'd', '.']
2026-05-27 23:12:53,154 - DEBUG - joeynmt.training - 	Tokenized reference:  ['The', 'next', 'sli@@', 'de', 'I', 'show', 'you', 'will', 'be', 'a', 'r@@', 'ap@@', 'id', 'fa@@', 'st@@', '-@@', 'for@@', 'ward', 'of', 'what', '&apos;s', 'happened', 'over', 'the', 'last', '2@@', '5', 'years', '.']
2026-05-27 23:12:53,154 - DEBUG - joeynmt.training - 	Tokenized hypothesis: ['The', 'next', 'sli@@', 'de', 'I', 'sho@@', 'ws', 'is', 'a', 'vers@@', 'ity', 'ver@@', 'sion', 'of', 'what', 'was', 'the', 'last', '2@@', '5', 'years', '.', '</s>']
2026-05-27 23:12:53,154 - INFO - joeynmt.training - 	Source:     De volgende dia die ik laat zien is een versnelde versie van wat er de afgelopen 25 jaar is gebeurd .
2026-05-27 23:12:53,154 - INFO - joeynmt.training - 	Reference:  The next slide I show you will be a rapid fast-forward of what &apos;s happened over the last 25 years .
2026-05-27 23:12:53,154 - INFO - joeynmt.training - 	Hypothesis: The next slide I shows is a versity version of what was the last 25 years .
2026-05-27 23:13:04,842 - INFO - joeynmt.training - Epoch   4, Step:    12600, Batch Loss:     1.399464, Batch Acc: 0.589988, Tokens per Sec:     6313, Lr: 0.000300
2026-05-27 23:13:16,814 - INFO - joeynmt.training - Epoch   4, Step:    12700, Batch Loss:     1.607609, Batch Acc: 0.585351, Tokens per Sec:     6228, Lr: 0.000300
2026-05-27 23:13:29,330 - INFO - joeynmt.training - Epoch   4, Step:    12800, Batch Loss:     1.548376, Batch Acc: 0.587504, Tokens per Sec:     6039, Lr: 0.000300
2026-05-27 23:13:41,753 - INFO - joeynmt.training - Epoch   4, Step:    12900, Batch Loss:     1.514528, Batch Acc: 0.584310, Tokens per Sec:     5971, Lr: 0.000300
2026-05-27 23:13:54,370 - INFO - joeynmt.training - Epoch   4, Step:    13000, Batch Loss:     1.366109, Batch Acc: 0.577824, Tokens per Sec:     6010, Lr: 0.000300
2026-05-27 23:13:54,371 - WARNING - joeynmt.helpers - `alpha` option is obsolete. Please use `beam_alpha`, instead.
2026-05-27 23:13:54,371 - INFO - joeynmt.prediction - Predicting 1003 example(s)... (Greedy decoding with min_output_length=1, max_output_length=-1, return_prob='none', generate_unk=True, repetition_penalty=-1, no_repeat_ngram_size=-1)
2026-05-27 23:14:19,607 - INFO - joeynmt.prediction - Evaluation result (greedy) loss:   1.78, ppl:   5.95, acc:   0.50, generation: 25.2265[sec], evaluation: 0.0000[sec]
2026-05-27 23:14:19,608 - INFO - joeynmt.training - Hooray! New best validation result [ppl]!
2026-05-27 23:14:19,722 - INFO - joeynmt.helpers - delete models/tf_bpe_2000_nl_en/10500.ckpt
2026-05-27 23:14:19,722 - INFO - joeynmt.training - Example #0
2026-05-27 23:14:19,723 - DEBUG - joeynmt.training - 	Tokenized source:     ['V@@', 'or@@', 'ig', 'jaar', 'li@@', 'et', 'ik', 'deze', 'twee', 'dia', '&apos;', 's', 'zien', 'om', 'aan', 'te', 't@@', 'onen', 'dat', 'de', 'p@@', 'oo@@', 'lij@@', 'sk@@', 'a@@', 'p', ',', 'die', 'de', 'af@@', 'gel@@', 'open', 'drie', 'miljoen', 'jaar', 'ongeveer', 'de', 'groot@@', 'te', 'had', 'van', 'het', 'va@@', 'stel@@', 'and', 'van', 'de', 'V@@', 'S', ',', 'met', '4@@', '0', '%', 'ge@@', 'k@@', 'r@@', 'om@@', 'pen', 'was', '.']
2026-05-27 23:14:19,723 - DEBUG - joeynmt.training - 	Tokenized reference:  ['La@@', 'st', 'year', 'I', 'sho@@', 'w@@', 'ed', 'these', 'two', 'sli@@', 'des', 'so', 'that', 'de@@', 'mon@@', 'str@@', 'ate', 'that', 'the', 'ar@@', 'c@@', 'ti@@', 'c', 'ice', 'ca@@', 'p', ',', 'which', 'for', 'most', 'of', 'the', 'last', 'three', 'million', 'years', 'has', 'been', 'the', 'si@@', 'ze', 'of', 'the', 'lo@@', 'wer', '4@@', '8', 'st@@', 'ates', ',', 'has', 'sh@@', 'r@@', 'un@@', 'k', 'by', '4@@', '0', 'percent', '.']
2026-05-27 23:14:19,723 - DEBUG - joeynmt.training - 	Tokenized hypothesis: ['And', 'I', 'sho@@', 'w@@', 'ed', 'these', 'two', 'sli@@', 'des', 'to', 'see', 'the', 'two', 'sli@@', 'des', 'to', 'show', 'that', 'the', 'p@@', 'oo@@', 'ms', ',', 'that', 'the', 'pa@@', 'st', 'three', 'million', 'of', 'the', 'si@@', 'ze', 'of', 'the', 'U@@', 'n@@', 'ited', 'St@@', 'ates', ',', 'with', '4@@', '0', 'percent', 'of', 'the', 'U@@', '.@@', 'S@@', '.', ',', 'with', '4@@', '0', 'percent', '.', '</s>']
2026-05-27 23:14:19,723 - INFO - joeynmt.training - 	Source:     Vorig jaar liet ik deze twee dia &apos; s zien om aan te tonen dat de poolijskap , die de afgelopen drie miljoen jaar ongeveer de grootte had van het vasteland van de VS , met 40 % gekrompen was .
2026-05-27 23:14:19,723 - INFO - joeynmt.training - 	Reference:  Last year I showed these two slides so that demonstrate that the arctic ice cap , which for most of the last three million years has been the size of the lower 48 states , has shrunk by 40 percent .
2026-05-27 23:14:19,723 - INFO - joeynmt.training - 	Hypothesis: And I showed these two slides to see the two slides to show that the pooms , that the past three million of the size of the United States , with 40 percent of the U.S. , with 40 percent .
2026-05-27 23:14:19,723 - INFO - joeynmt.training - Example #1
2026-05-27 23:14:19,723 - DEBUG - joeynmt.training - 	Tokenized source:     ['Maar', 'dit', 'onder@@', 'sch@@', 'at', 'eigenlijk', 'de', 'er@@', 'n@@', 'st', 'van', 'dit', 'speci@@', 'f@@', 'ieke', 'probleem', 'omdat', 'het', 'niet', 'de', 'di@@', 'kte', 'van', 'het', 'ij@@', 's', 'laat', 'zien', '.']
2026-05-27 23:14:19,723 - DEBUG - joeynmt.training - 	Tokenized reference:  ['But', 'this', 'under@@', 'st@@', 'ates', 'the', 'ser@@', 'i@@', 'ous@@', 'ness', 'of', 'this', 'parti@@', 'cu@@', 'lar', 'problem', 'because', 'it', 'doesn', '&apos;t', 'show', 'the', 'th@@', 'ic@@', 'k@@', 'ness', 'of', 'the', 'ice', '.']
2026-05-27 23:14:19,723 - DEBUG - joeynmt.training - 	Tokenized hypothesis: ['But', 'this', 'is', 'actually', 'the', 'n@@', 'st', 'of', 'this', 'speci@@', 'f@@', 'ic', 'problem', 'because', 'it', 'didn', '&apos;t', 'get', 'the', 'di@@', 'sp@@', 'la@@', 'y', 'of', 'the', 'ice', '.', '</s>']
2026-05-27 23:14:19,723 - INFO - joeynmt.training - 	Source:     Maar dit onderschat eigenlijk de ernst van dit specifieke probleem omdat het niet de dikte van het ijs laat zien .
2026-05-27 23:14:19,723 - INFO - joeynmt.training - 	Reference:  But this understates the seriousness of this particular problem because it doesn &apos;t show the thickness of the ice .
2026-05-27 23:14:19,723 - INFO - joeynmt.training - 	Hypothesis: But this is actually the nst of this specific problem because it didn &apos;t get the display of the ice .
2026-05-27 23:14:19,723 - INFO - joeynmt.training - Example #2
2026-05-27 23:14:19,724 - DEBUG - joeynmt.training - 	Tokenized source:     ['De', 'ij@@', 'sk@@', 'a@@', 'p', 'op', 'de', 'N@@', 'oor@@', 'd@@', 'p@@', 'ool', 'is', 'in', 'ze@@', 'k@@', 'ere', 'z@@', 'in', 'het', 'kl@@', 'op@@', 'p@@', 'end', 'har@@', 't', 'van', 'ons', 'glob@@', 'aal', 'k@@', 'li@@', 'ma@@', 'at@@', 'systeem', '.']
2026-05-27 23:14:19,724 - DEBUG - joeynmt.training - 	Tokenized reference:  ['The', 'ar@@', 'c@@', 'ti@@', 'c', 'ice', 'ca@@', 'p', 'is', ',', 'in', 'a', 'sense', ',', 'the', 'be@@', 'ating', 'he@@', 'art', 'of', 'the', 'glob@@', 'al', 'c@@', 'lim@@', 'ate', 'system', '.']
2026-05-27 23:14:19,724 - DEBUG - joeynmt.training - 	Tokenized hypothesis: ['The', 'ice', 'sk@@', 'a@@', 'p', 'on', 'the', 'N@@', 'or@@', 'th', 'P@@', 'ole', 'is', 'in', 'a', 'cer@@', 'ta@@', 'in', 'the', 'c@@', 'lim@@', 'ate', 'system', '.', '</s>']
2026-05-27 23:14:19,724 - INFO - joeynmt.training - 	Source:     De ijskap op de Noordpool is in zekere zin het kloppend hart van ons globaal klimaatsysteem .
2026-05-27 23:14:19,724 - INFO - joeynmt.training - 	Reference:  The arctic ice cap is , in a sense , the beating heart of the global climate system .
2026-05-27 23:14:19,724 - INFO - joeynmt.training - 	Hypothesis: The ice skap on the North Pole is in a certain the climate system .
2026-05-27 23:14:19,724 - INFO - joeynmt.training - Example #3
2026-05-27 23:14:19,724 - DEBUG - joeynmt.training - 	Tokenized source:     ['Het', 'z@@', 'et', 'uit', 'in', 'de', 'win@@', 'ter', 'en', 'k@@', 'ri@@', 'mp@@', 't', 'in', 'de', 'z@@', 'om@@', 'er', '.']
2026-05-27 23:14:19,724 - DEBUG - joeynmt.training - 	Tokenized reference:  ['It', 'exp@@', 'and@@', 's', 'in', 'win@@', 'ter', 'and', 'con@@', 'tr@@', 'ac@@', 'ts', 'in', 'su@@', 'mm@@', 'er', '.']
2026-05-27 23:14:19,724 - DEBUG - joeynmt.training - 	Tokenized hypothesis: ['It', 'was', 'in', 'the', 'win@@', 'ter', 'and', 'c@@', 'ri@@', 'me', 'in', 'the', 'su@@', 'mm@@', 'er', '.', '</s>']
2026-05-27 23:14:19,724 - INFO - joeynmt.training - 	Source:     Het zet uit in de winter en krimpt in de zomer .
2026-05-27 23:14:19,724 - INFO - joeynmt.training - 	Reference:  It expands in winter and contracts in summer .
2026-05-27 23:14:19,724 - INFO - joeynmt.training - 	Hypothesis: It was in the winter and crime in the summer .
2026-05-27 23:14:19,724 - INFO - joeynmt.training - Example #4
2026-05-27 23:14:19,724 - DEBUG - joeynmt.training - 	Tokenized source:     ['De', 'volgende', 'dia', 'die', 'ik', 'laat', 'zien', 'is', 'een', 'vers@@', 'n@@', 'el@@', 'de', 'ver@@', 'sie', 'van', 'wat', 'er', 'de', 'af@@', 'gel@@', 'open', '2@@', '5', 'jaar', 'is', 'gebeur@@', 'd', '.']
2026-05-27 23:14:19,724 - DEBUG - joeynmt.training - 	Tokenized reference:  ['The', 'next', 'sli@@', 'de', 'I', 'show', 'you', 'will', 'be', 'a', 'r@@', 'ap@@', 'id', 'fa@@', 'st@@', '-@@', 'for@@', 'ward', 'of', 'what', '&apos;s', 'happened', 'over', 'the', 'last', '2@@', '5', 'years', '.']
2026-05-27 23:14:19,724 - DEBUG - joeynmt.training - 	Tokenized hypothesis: ['The', 'next', 'sli@@', 'de', 'that', 'I', '&apos;m', 'sho@@', 'wing', 'is', 'a', 'vers@@', 'ity', 'ver@@', 'sion', 'of', 'what', 'happened', 'to', '2@@', '5', 'years', '.', '</s>']
2026-05-27 23:14:19,725 - INFO - joeynmt.training - 	Source:     De volgende dia die ik laat zien is een versnelde versie van wat er de afgelopen 25 jaar is gebeurd .
2026-05-27 23:14:19,725 - INFO - joeynmt.training - 	Reference:  The next slide I show you will be a rapid fast-forward of what &apos;s happened over the last 25 years .
2026-05-27 23:14:19,725 - INFO - joeynmt.training - 	Hypothesis: The next slide that I &apos;m showing is a versity version of what happened to 25 years .
2026-05-27 23:14:31,728 - INFO - joeynmt.training - Epoch   4, Step:    13100, Batch Loss:     1.419529, Batch Acc: 0.583536, Tokens per Sec:     6282, Lr: 0.000300
2026-05-27 23:14:43,496 - INFO - joeynmt.training - Epoch   4, Step:    13200, Batch Loss:     1.482454, Batch Acc: 0.589207, Tokens per Sec:     6434, Lr: 0.000300
2026-05-27 23:14:55,352 - INFO - joeynmt.training - Epoch   4, Step:    13300, Batch Loss:     1.373727, Batch Acc: 0.581362, Tokens per Sec:     6350, Lr: 0.000300
2026-05-27 23:15:07,413 - INFO - joeynmt.training - Epoch   4, Step:    13400, Batch Loss:     1.511658, Batch Acc: 0.591175, Tokens per Sec:     6156, Lr: 0.000300
2026-05-27 23:15:19,426 - INFO - joeynmt.training - Epoch   4, Step:    13500, Batch Loss:     1.338612, Batch Acc: 0.591276, Tokens per Sec:     6237, Lr: 0.000300
2026-05-27 23:15:19,427 - WARNING - joeynmt.helpers - `alpha` option is obsolete. Please use `beam_alpha`, instead.
2026-05-27 23:15:19,427 - INFO - joeynmt.prediction - Predicting 1003 example(s)... (Greedy decoding with min_output_length=1, max_output_length=-1, return_prob='none', generate_unk=True, repetition_penalty=-1, no_repeat_ngram_size=-1)
2026-05-27 23:15:44,626 - INFO - joeynmt.prediction - Evaluation result (greedy) loss:   1.77, ppl:   5.89, acc:   0.50, generation: 25.1893[sec], evaluation: 0.0000[sec]
2026-05-27 23:15:44,627 - INFO - joeynmt.training - Hooray! New best validation result [ppl]!
2026-05-27 23:15:44,755 - INFO - joeynmt.helpers - delete models/tf_bpe_2000_nl_en/11000.ckpt
2026-05-27 23:15:44,756 - INFO - joeynmt.training - Example #0
2026-05-27 23:15:44,756 - DEBUG - joeynmt.training - 	Tokenized source:     ['V@@', 'or@@', 'ig', 'jaar', 'li@@', 'et', 'ik', 'deze', 'twee', 'dia', '&apos;', 's', 'zien', 'om', 'aan', 'te', 't@@', 'onen', 'dat', 'de', 'p@@', 'oo@@', 'lij@@', 'sk@@', 'a@@', 'p', ',', 'die', 'de', 'af@@', 'gel@@', 'open', 'drie', 'miljoen', 'jaar', 'ongeveer', 'de', 'groot@@', 'te', 'had', 'van', 'het', 'va@@', 'stel@@', 'and', 'van', 'de', 'V@@', 'S', ',', 'met', '4@@', '0', '%', 'ge@@', 'k@@', 'r@@', 'om@@', 'pen', 'was', '.']
2026-05-27 23:15:44,757 - DEBUG - joeynmt.training - 	Tokenized reference:  ['La@@', 'st', 'year', 'I', 'sho@@', 'w@@', 'ed', 'these', 'two', 'sli@@', 'des', 'so', 'that', 'de@@', 'mon@@', 'str@@', 'ate', 'that', 'the', 'ar@@', 'c@@', 'ti@@', 'c', 'ice', 'ca@@', 'p', ',', 'which', 'for', 'most', 'of', 'the', 'last', 'three', 'million', 'years', 'has', 'been', 'the', 'si@@', 'ze', 'of', 'the', 'lo@@', 'wer', '4@@', '8', 'st@@', 'ates', ',', 'has', 'sh@@', 'r@@', 'un@@', 'k', 'by', '4@@', '0', 'percent', '.']
2026-05-27 23:15:44,757 - DEBUG - joeynmt.training - 	Tokenized hypothesis: ['And', 'I', 'sho@@', 'w@@', 'ed', 'these', 'two', 'sli@@', 'des', 'to', 'see', 'these', 'two', 'sli@@', 'des', 'to', 'show', 'that', 'the', 'p@@', 'oo@@', 'ls', ',', 'that', 'the', 'last', 'three', 'million', 'years', 'about', 'the', 'si@@', 'ze', 'of', 'the', 'si@@', 'ze', 'of', 'the', 'U@@', '.@@', 'S@@', '.', ',', 'with', '4@@', '0', 'percent', 'of', 'the', 'U@@', '.@@', 'S@@', '.', ',', 'with', '4@@', '0', 'percent', '.', '</s>']
2026-05-27 23:15:44,757 - INFO - joeynmt.training - 	Source:     Vorig jaar liet ik deze twee dia &apos; s zien om aan te tonen dat de poolijskap , die de afgelopen drie miljoen jaar ongeveer de grootte had van het vasteland van de VS , met 40 % gekrompen was .
2026-05-27 23:15:44,757 - INFO - joeynmt.training - 	Reference:  Last year I showed these two slides so that demonstrate that the arctic ice cap , which for most of the last three million years has been the size of the lower 48 states , has shrunk by 40 percent .
2026-05-27 23:15:44,757 - INFO - joeynmt.training - 	Hypothesis: And I showed these two slides to see these two slides to show that the pools , that the last three million years about the size of the size of the U.S. , with 40 percent of the U.S. , with 40 percent .
2026-05-27 23:15:44,757 - INFO - joeynmt.training - Example #1
2026-05-27 23:15:44,757 - DEBUG - joeynmt.training - 	Tokenized source:     ['Maar', 'dit', 'onder@@', 'sch@@', 'at', 'eigenlijk', 'de', 'er@@', 'n@@', 'st', 'van', 'dit', 'speci@@', 'f@@', 'ieke', 'probleem', 'omdat', 'het', 'niet', 'de', 'di@@', 'kte', 'van', 'het', 'ij@@', 's', 'laat', 'zien', '.']
2026-05-27 23:15:44,757 - DEBUG - joeynmt.training - 	Tokenized reference:  ['But', 'this', 'under@@', 'st@@', 'ates', 'the', 'ser@@', 'i@@', 'ous@@', 'ness', 'of', 'this', 'parti@@', 'cu@@', 'lar', 'problem', 'because', 'it', 'doesn', '&apos;t', 'show', 'the', 'th@@', 'ic@@', 'k@@', 'ness', 'of', 'the', 'ice', '.']
2026-05-27 23:15:44,757 - DEBUG - joeynmt.training - 	Tokenized hypothesis: ['But', 'this', 'under@@', 'st@@', 'ood', ',', 'actually', 'the', 'n@@', 'one', 'of', 'this', 'speci@@', 'f@@', 'ic', 'problem', 'because', 'it', 'doesn', '&apos;t', 'get', 'the', 'di@@', 'st@@', 'in@@', 'c@@', 'tion', 'of', 'the', 'ice', '.', '</s>']
2026-05-27 23:15:44,757 - INFO - joeynmt.training - 	Source:     Maar dit onderschat eigenlijk de ernst van dit specifieke probleem omdat het niet de dikte van het ijs laat zien .
2026-05-27 23:15:44,757 - INFO - joeynmt.training - 	Reference:  But this understates the seriousness of this particular problem because it doesn &apos;t show the thickness of the ice .
2026-05-27 23:15:44,757 - INFO - joeynmt.training - 	Hypothesis: But this understood , actually the none of this specific problem because it doesn &apos;t get the distinction of the ice .
2026-05-27 23:15:44,757 - INFO - joeynmt.training - Example #2
2026-05-27 23:15:44,757 - DEBUG - joeynmt.training - 	Tokenized source:     ['De', 'ij@@', 'sk@@', 'a@@', 'p', 'op', 'de', 'N@@', 'oor@@', 'd@@', 'p@@', 'ool', 'is', 'in', 'ze@@', 'k@@', 'ere', 'z@@', 'in', 'het', 'kl@@', 'op@@', 'p@@', 'end', 'har@@', 't', 'van', 'ons', 'glob@@', 'aal', 'k@@', 'li@@', 'ma@@', 'at@@', 'systeem', '.']
2026-05-27 23:15:44,757 - DEBUG - joeynmt.training - 	Tokenized reference:  ['The', 'ar@@', 'c@@', 'ti@@', 'c', 'ice', 'ca@@', 'p', 'is', ',', 'in', 'a', 'sense', ',', 'the', 'be@@', 'ating', 'he@@', 'art', 'of', 'the', 'glob@@', 'al', 'c@@', 'lim@@', 'ate', 'system', '.']
2026-05-27 23:15:44,757 - DEBUG - joeynmt.training - 	Tokenized hypothesis: ['The', 'ice', 'sk@@', 'a@@', 'p', 'on', 'the', 'N@@', 'or@@', 'th', 'P@@', 'ole', 'is', 'in', 'a', 'sense', 'of', 'the', 'c@@', 'li@@', 'sh', 'is', 'c@@', 'li@@', 'ma@@', 'kes', 'our', 'glob@@', 'al', 'c@@', 'lim@@', 'ate', 'system', '.', '</s>']
2026-05-27 23:15:44,758 - INFO - joeynmt.training - 	Source:     De ijskap op de Noordpool is in zekere zin het kloppend hart van ons globaal klimaatsysteem .
2026-05-27 23:15:44,758 - INFO - joeynmt.training - 	Reference:  The arctic ice cap is , in a sense , the beating heart of the global climate system .
2026-05-27 23:15:44,758 - INFO - joeynmt.training - 	Hypothesis: The ice skap on the North Pole is in a sense of the clish is climakes our global climate system .
2026-05-27 23:15:44,758 - INFO - joeynmt.training - Example #3
2026-05-27 23:15:44,758 - DEBUG - joeynmt.training - 	Tokenized source:     ['Het', 'z@@', 'et', 'uit', 'in', 'de', 'win@@', 'ter', 'en', 'k@@', 'ri@@', 'mp@@', 't', 'in', 'de', 'z@@', 'om@@', 'er', '.']
2026-05-27 23:15:44,758 - DEBUG - joeynmt.training - 	Tokenized reference:  ['It', 'exp@@', 'and@@', 's', 'in', 'win@@', 'ter', 'and', 'con@@', 'tr@@', 'ac@@', 'ts', 'in', 'su@@', 'mm@@', 'er', '.']
2026-05-27 23:15:44,758 - DEBUG - joeynmt.training - 	Tokenized hypothesis: ['It', '&apos;s', 'called', 'in', 'the', 'win@@', 'ter', 'and', 'c@@', 'ri@@', 'me', 'in', 'the', 'su@@', 'mm@@', 'er', '.', '</s>']
2026-05-27 23:15:44,758 - INFO - joeynmt.training - 	Source:     Het zet uit in de winter en krimpt in de zomer .
2026-05-27 23:15:44,758 - INFO - joeynmt.training - 	Reference:  It expands in winter and contracts in summer .
2026-05-27 23:15:44,758 - INFO - joeynmt.training - 	Hypothesis: It &apos;s called in the winter and crime in the summer .
2026-05-27 23:15:44,758 - INFO - joeynmt.training - Example #4
2026-05-27 23:15:44,758 - DEBUG - joeynmt.training - 	Tokenized source:     ['De', 'volgende', 'dia', 'die', 'ik', 'laat', 'zien', 'is', 'een', 'vers@@', 'n@@', 'el@@', 'de', 'ver@@', 'sie', 'van', 'wat', 'er', 'de', 'af@@', 'gel@@', 'open', '2@@', '5', 'jaar', 'is', 'gebeur@@', 'd', '.']
2026-05-27 23:15:44,758 - DEBUG - joeynmt.training - 	Tokenized reference:  ['The', 'next', 'sli@@', 'de', 'I', 'show', 'you', 'will', 'be', 'a', 'r@@', 'ap@@', 'id', 'fa@@', 'st@@', '-@@', 'for@@', 'ward', 'of', 'what', '&apos;s', 'happened', 'over', 'the', 'last', '2@@', '5', 'years', '.']
2026-05-27 23:15:44,758 - DEBUG - joeynmt.training - 	Tokenized hypothesis: ['The', 'next', 'sli@@', 'de', 'I', 'show', 'is', 'a', 'vers@@', 'ity', 'ver@@', 'sion', 'of', 'what', 'happened', 'to', 'the', 'last', '2@@', '5', 'years', '.', '</s>']
2026-05-27 23:15:44,759 - INFO - joeynmt.training - 	Source:     De volgende dia die ik laat zien is een versnelde versie van wat er de afgelopen 25 jaar is gebeurd .
2026-05-27 23:15:44,759 - INFO - joeynmt.training - 	Reference:  The next slide I show you will be a rapid fast-forward of what &apos;s happened over the last 25 years .
2026-05-27 23:15:44,759 - INFO - joeynmt.training - 	Hypothesis: The next slide I show is a versity version of what happened to the last 25 years .
2026-05-27 23:15:56,369 - INFO - joeynmt.training - Epoch   4, Step:    13600, Batch Loss:     1.457829, Batch Acc: 0.589793, Tokens per Sec:     6472, Lr: 0.000300
2026-05-27 23:16:08,603 - INFO - joeynmt.training - Epoch   4, Step:    13700, Batch Loss:     1.321276, Batch Acc: 0.584123, Tokens per Sec:     6032, Lr: 0.000300
2026-05-27 23:16:20,578 - INFO - joeynmt.training - Epoch   4, Step:    13800, Batch Loss:     1.569697, Batch Acc: 0.590790, Tokens per Sec:     6418, Lr: 0.000300
2026-05-27 23:16:32,963 - INFO - joeynmt.training - Epoch   4, Step:    13900, Batch Loss:     1.592583, Batch Acc: 0.592113, Tokens per Sec:     6004, Lr: 0.000300
2026-05-27 23:16:46,301 - INFO - joeynmt.training - Epoch   4, Step:    14000, Batch Loss:     1.427388, Batch Acc: 0.586823, Tokens per Sec:     5926, Lr: 0.000300
2026-05-27 23:16:46,302 - WARNING - joeynmt.helpers - `alpha` option is obsolete. Please use `beam_alpha`, instead.
2026-05-27 23:16:46,302 - INFO - joeynmt.prediction - Predicting 1003 example(s)... (Greedy decoding with min_output_length=1, max_output_length=-1, return_prob='none', generate_unk=True, repetition_penalty=-1, no_repeat_ngram_size=-1)
2026-05-27 23:17:17,057 - INFO - joeynmt.prediction - Evaluation result (greedy) loss:   1.77, ppl:   5.84, acc:   0.50, generation: 30.7439[sec], evaluation: 0.0000[sec]
2026-05-27 23:17:17,059 - INFO - joeynmt.training - Hooray! New best validation result [ppl]!
2026-05-27 23:17:17,202 - INFO - joeynmt.helpers - delete models/tf_bpe_2000_nl_en/11500.ckpt
2026-05-27 23:17:17,205 - INFO - joeynmt.training - Example #0
2026-05-27 23:17:17,205 - DEBUG - joeynmt.training - 	Tokenized source:     ['V@@', 'or@@', 'ig', 'jaar', 'li@@', 'et', 'ik', 'deze', 'twee', 'dia', '&apos;', 's', 'zien', 'om', 'aan', 'te', 't@@', 'onen', 'dat', 'de', 'p@@', 'oo@@', 'lij@@', 'sk@@', 'a@@', 'p', ',', 'die', 'de', 'af@@', 'gel@@', 'open', 'drie', 'miljoen', 'jaar', 'ongeveer', 'de', 'groot@@', 'te', 'had', 'van', 'het', 'va@@', 'stel@@', 'and', 'van', 'de', 'V@@', 'S', ',', 'met', '4@@', '0', '%', 'ge@@', 'k@@', 'r@@', 'om@@', 'pen', 'was', '.']
2026-05-27 23:17:17,205 - DEBUG - joeynmt.training - 	Tokenized reference:  ['La@@', 'st', 'year', 'I', 'sho@@', 'w@@', 'ed', 'these', 'two', 'sli@@', 'des', 'so', 'that', 'de@@', 'mon@@', 'str@@', 'ate', 'that', 'the', 'ar@@', 'c@@', 'ti@@', 'c', 'ice', 'ca@@', 'p', ',', 'which', 'for', 'most', 'of', 'the', 'last', 'three', 'million', 'years', 'has', 'been', 'the', 'si@@', 'ze', 'of', 'the', 'lo@@', 'wer', '4@@', '8', 'st@@', 'ates', ',', 'has', 'sh@@', 'r@@', 'un@@', 'k', 'by', '4@@', '0', 'percent', '.']
2026-05-27 23:17:17,205 - DEBUG - joeynmt.training - 	Tokenized hypothesis: ['F@@', 'or@@', 'y', 'year', ',', 'I', 'sho@@', 'w@@', 'ed', 'these', 'two', 'sli@@', 'des', 'to', 'show', 'that', 'the', 'p@@', 'oo@@', 'ls', 'to', 'show', 'that', 'the', 'p@@', 'oo@@', 'ls', 'of', 'the', 'U@@', '.@@', 'S@@', '.', ',', 'with', '4@@', '0', 'years', 'of', 'the', 'U@@', '.@@', 'S@@', '.', ',', 'with', '4@@', '0', 'percent', 'of', 'the', 'U@@', '.@@', 'S@@', '.', '.', '</s>']
2026-05-27 23:17:17,205 - INFO - joeynmt.training - 	Source:     Vorig jaar liet ik deze twee dia &apos; s zien om aan te tonen dat de poolijskap , die de afgelopen drie miljoen jaar ongeveer de grootte had van het vasteland van de VS , met 40 % gekrompen was .
2026-05-27 23:17:17,205 - INFO - joeynmt.training - 	Reference:  Last year I showed these two slides so that demonstrate that the arctic ice cap , which for most of the last three million years has been the size of the lower 48 states , has shrunk by 40 percent .
2026-05-27 23:17:17,205 - INFO - joeynmt.training - 	Hypothesis: Fory year , I showed these two slides to show that the pools to show that the pools of the U.S. , with 40 years of the U.S. , with 40 percent of the U.S. .
2026-05-27 23:17:17,205 - INFO - joeynmt.training - Example #1
2026-05-27 23:17:17,205 - DEBUG - joeynmt.training - 	Tokenized source:     ['Maar', 'dit', 'onder@@', 'sch@@', 'at', 'eigenlijk', 'de', 'er@@', 'n@@', 'st', 'van', 'dit', 'speci@@', 'f@@', 'ieke', 'probleem', 'omdat', 'het', 'niet', 'de', 'di@@', 'kte', 'van', 'het', 'ij@@', 's', 'laat', 'zien', '.']
2026-05-27 23:17:17,205 - DEBUG - joeynmt.training - 	Tokenized reference:  ['But', 'this', 'under@@', 'st@@', 'ates', 'the', 'ser@@', 'i@@', 'ous@@', 'ness', 'of', 'this', 'parti@@', 'cu@@', 'lar', 'problem', 'because', 'it', 'doesn', '&apos;t', 'show', 'the', 'th@@', 'ic@@', 'k@@', 'ness', 'of', 'the', 'ice', '.']
2026-05-27 23:17:17,205 - DEBUG - joeynmt.training - 	Tokenized hypothesis: ['But', 'this', 'is', 'actually', 'the', 'ex@@', 't@@', 'in@@', 'c@@', 'tion', 'of', 'this', 'speci@@', 'f@@', 'ic', 'problem', 'because', 'it', 'doesn', '&apos;t', 'show', 'the', 'di@@', 'se@@', 'ase', 'of', 'the', 'ice', '.', '</s>']
2026-05-27 23:17:17,206 - INFO - joeynmt.training - 	Source:     Maar dit onderschat eigenlijk de ernst van dit specifieke probleem omdat het niet de dikte van het ijs laat zien .
2026-05-27 23:17:17,206 - INFO - joeynmt.training - 	Reference:  But this understates the seriousness of this particular problem because it doesn &apos;t show the thickness of the ice .
2026-05-27 23:17:17,206 - INFO - joeynmt.training - 	Hypothesis: But this is actually the extinction of this specific problem because it doesn &apos;t show the disease of the ice .
2026-05-27 23:17:17,206 - INFO - joeynmt.training - Example #2
2026-05-27 23:17:17,206 - DEBUG - joeynmt.training - 	Tokenized source:     ['De', 'ij@@', 'sk@@', 'a@@', 'p', 'op', 'de', 'N@@', 'oor@@', 'd@@', 'p@@', 'ool', 'is', 'in', 'ze@@', 'k@@', 'ere', 'z@@', 'in', 'het', 'kl@@', 'op@@', 'p@@', 'end', 'har@@', 't', 'van', 'ons', 'glob@@', 'aal', 'k@@', 'li@@', 'ma@@', 'at@@', 'systeem', '.']
2026-05-27 23:17:17,206 - DEBUG - joeynmt.training - 	Tokenized reference:  ['The', 'ar@@', 'c@@', 'ti@@', 'c', 'ice', 'ca@@', 'p', 'is', ',', 'in', 'a', 'sense', ',', 'the', 'be@@', 'ating', 'he@@', 'art', 'of', 'the', 'glob@@', 'al', 'c@@', 'lim@@', 'ate', 'system', '.']
2026-05-27 23:17:17,206 - DEBUG - joeynmt.training - 	Tokenized hypothesis: ['The', 'ice', 'sk@@', 'a@@', 'p', 'on', 'the', 'N@@', 'or@@', 'th', 'P@@', 'ole', 'is', 'in', 'a', 'cer@@', 'ta@@', 'in', 'sense', ',', 'the', 'c@@', 'li@@', 'sh', 'he@@', 'art', 'of', 'our', 'glob@@', 'al', 'c@@', 'lim@@', 'ate', 'system', '.', '</s>']
2026-05-27 23:17:17,206 - INFO - joeynmt.training - 	Source:     De ijskap op de Noordpool is in zekere zin het kloppend hart van ons globaal klimaatsysteem .
2026-05-27 23:17:17,206 - INFO - joeynmt.training - 	Reference:  The arctic ice cap is , in a sense , the beating heart of the global climate system .
2026-05-27 23:17:17,206 - INFO - joeynmt.training - 	Hypothesis: The ice skap on the North Pole is in a certain sense , the clish heart of our global climate system .
2026-05-27 23:17:17,206 - INFO - joeynmt.training - Example #3
2026-05-27 23:17:17,206 - DEBUG - joeynmt.training - 	Tokenized source:     ['Het', 'z@@', 'et', 'uit', 'in', 'de', 'win@@', 'ter', 'en', 'k@@', 'ri@@', 'mp@@', 't', 'in', 'de', 'z@@', 'om@@', 'er', '.']
2026-05-27 23:17:17,206 - DEBUG - joeynmt.training - 	Tokenized reference:  ['It', 'exp@@', 'and@@', 's', 'in', 'win@@', 'ter', 'and', 'con@@', 'tr@@', 'ac@@', 'ts', 'in', 'su@@', 'mm@@', 'er', '.']
2026-05-27 23:17:17,206 - DEBUG - joeynmt.training - 	Tokenized hypothesis: ['It', 'was', 'in', 'the', 'win@@', 'ter', 'and', 'c@@', 'ri@@', 'me', 'in', 'the', 'su@@', 'mm@@', 'er', '.', '</s>']
2026-05-27 23:17:17,206 - INFO - joeynmt.training - 	Source:     Het zet uit in de winter en krimpt in de zomer .
2026-05-27 23:17:17,206 - INFO - joeynmt.training - 	Reference:  It expands in winter and contracts in summer .
2026-05-27 23:17:17,207 - INFO - joeynmt.training - 	Hypothesis: It was in the winter and crime in the summer .
2026-05-27 23:17:17,207 - INFO - joeynmt.training - Example #4
2026-05-27 23:17:17,207 - DEBUG - joeynmt.training - 	Tokenized source:     ['De', 'volgende', 'dia', 'die', 'ik', 'laat', 'zien', 'is', 'een', 'vers@@', 'n@@', 'el@@', 'de', 'ver@@', 'sie', 'van', 'wat', 'er', 'de', 'af@@', 'gel@@', 'open', '2@@', '5', 'jaar', 'is', 'gebeur@@', 'd', '.']
2026-05-27 23:17:17,207 - DEBUG - joeynmt.training - 	Tokenized reference:  ['The', 'next', 'sli@@', 'de', 'I', 'show', 'you', 'will', 'be', 'a', 'r@@', 'ap@@', 'id', 'fa@@', 'st@@', '-@@', 'for@@', 'ward', 'of', 'what', '&apos;s', 'happened', 'over', 'the', 'last', '2@@', '5', 'years', '.']
2026-05-27 23:17:17,207 - DEBUG - joeynmt.training - 	Tokenized hypothesis: ['The', 'next', 'sli@@', 'de', 'I', 'show', 'is', 'a', 'vers@@', 'al', 'ver@@', 'sion', 'of', 'what', '&apos;s', 'going', 'to', 'do', 'the', 'last', '2@@', '5', 'years', '.', '</s>']
2026-05-27 23:17:17,207 - INFO - joeynmt.training - 	Source:     De volgende dia die ik laat zien is een versnelde versie van wat er de afgelopen 25 jaar is gebeurd .
2026-05-27 23:17:17,207 - INFO - joeynmt.training - 	Reference:  The next slide I show you will be a rapid fast-forward of what &apos;s happened over the last 25 years .
2026-05-27 23:17:17,207 - INFO - joeynmt.training - 	Hypothesis: The next slide I show is a versal version of what &apos;s going to do the last 25 years .
2026-05-27 23:17:29,851 - INFO - joeynmt.training - Epoch   4, Step:    14100, Batch Loss:     1.353192, Batch Acc: 0.593641, Tokens per Sec:     6105, Lr: 0.000300
2026-05-27 23:17:43,361 - INFO - joeynmt.training - Epoch   4, Step:    14200, Batch Loss:     1.248584, Batch Acc: 0.586342, Tokens per Sec:     5435, Lr: 0.000300
2026-05-27 23:17:55,558 - INFO - joeynmt.training - Epoch   4, Step:    14300, Batch Loss:     1.359120, Batch Acc: 0.589853, Tokens per Sec:     5961, Lr: 0.000300
2026-05-27 23:18:09,651 - INFO - joeynmt.training - Epoch   4, Step:    14400, Batch Loss:     1.415163, Batch Acc: 0.591911, Tokens per Sec:     5351, Lr: 0.000300
2026-05-27 23:18:22,256 - INFO - joeynmt.training - Epoch   4, Step:    14500, Batch Loss:     1.476401, Batch Acc: 0.588464, Tokens per Sec:     6012, Lr: 0.000300
2026-05-27 23:18:22,256 - WARNING - joeynmt.helpers - `alpha` option is obsolete. Please use `beam_alpha`, instead.
2026-05-27 23:18:22,256 - INFO - joeynmt.prediction - Predicting 1003 example(s)... (Greedy decoding with min_output_length=1, max_output_length=-1, return_prob='none', generate_unk=True, repetition_penalty=-1, no_repeat_ngram_size=-1)
2026-05-27 23:18:52,111 - INFO - joeynmt.prediction - Evaluation result (greedy) loss:   1.76, ppl:   5.83, acc:   0.50, generation: 29.8446[sec], evaluation: 0.0000[sec]
2026-05-27 23:18:52,112 - INFO - joeynmt.training - Hooray! New best validation result [ppl]!
2026-05-27 23:18:52,231 - INFO - joeynmt.helpers - delete models/tf_bpe_2000_nl_en/12500.ckpt
2026-05-27 23:18:52,232 - INFO - joeynmt.training - Example #0
2026-05-27 23:18:52,233 - DEBUG - joeynmt.training - 	Tokenized source:     ['V@@', 'or@@', 'ig', 'jaar', 'li@@', 'et', 'ik', 'deze', 'twee', 'dia', '&apos;', 's', 'zien', 'om', 'aan', 'te', 't@@', 'onen', 'dat', 'de', 'p@@', 'oo@@', 'lij@@', 'sk@@', 'a@@', 'p', ',', 'die', 'de', 'af@@', 'gel@@', 'open', 'drie', 'miljoen', 'jaar', 'ongeveer', 'de', 'groot@@', 'te', 'had', 'van', 'het', 'va@@', 'stel@@', 'and', 'van', 'de', 'V@@', 'S', ',', 'met', '4@@', '0', '%', 'ge@@', 'k@@', 'r@@', 'om@@', 'pen', 'was', '.']
2026-05-27 23:18:52,233 - DEBUG - joeynmt.training - 	Tokenized reference:  ['La@@', 'st', 'year', 'I', 'sho@@', 'w@@', 'ed', 'these', 'two', 'sli@@', 'des', 'so', 'that', 'de@@', 'mon@@', 'str@@', 'ate', 'that', 'the', 'ar@@', 'c@@', 'ti@@', 'c', 'ice', 'ca@@', 'p', ',', 'which', 'for', 'most', 'of', 'the', 'last', 'three', 'million', 'years', 'has', 'been', 'the', 'si@@', 'ze', 'of', 'the', 'lo@@', 'wer', '4@@', '8', 'st@@', 'ates', ',', 'has', 'sh@@', 'r@@', 'un@@', 'k', 'by', '4@@', '0', 'percent', '.']
2026-05-27 23:18:52,233 - DEBUG - joeynmt.training - 	Tokenized hypothesis: ['F@@', 'or@@', 'y', 'year', ',', 'I', 'sho@@', 'w@@', 'ed', 'these', 'two', 'sli@@', 'des', 'to', 'show', 'that', 'the', 'p@@', 'us@@', 'h', ',', 'which', 'the', 'p@@', 'low', 'three', 'million', 'years', 'of', 'the', 'U@@', 'n@@', 'ited', 'St@@', 'ates', ',', 'with', '4@@', '0', 'percent', 'of', 'the', 'U@@', 'n@@', 'ited', 'St@@', 'ates', ',', 'with', '4@@', '0', 'percent', 'of', 'the', 'U@@', 'n@@', 'ited', 'St@@', 'ates', ',', 'with', '4@@', '0', 'percent', 'of', 'the', 'U@@', 'n@@', 'ited', 'St@@', 'ates', ',', 'with', '4@@', '0', 'percent', 'of', 'the', 'U@@', 'n@@', 'ited', 'St@@', 'ates', ',', 'with', '4@@', '0', 'percent', 'of', 'the', 'U@@', 'n@@', 'ited', 'St@@', 'ates', ',', 'with', '4@@', '0@@', 's', '.', '</s>']
2026-05-27 23:18:52,233 - INFO - joeynmt.training - 	Source:     Vorig jaar liet ik deze twee dia &apos; s zien om aan te tonen dat de poolijskap , die de afgelopen drie miljoen jaar ongeveer de grootte had van het vasteland van de VS , met 40 % gekrompen was .
2026-05-27 23:18:52,233 - INFO - joeynmt.training - 	Reference:  Last year I showed these two slides so that demonstrate that the arctic ice cap , which for most of the last three million years has been the size of the lower 48 states , has shrunk by 40 percent .
2026-05-27 23:18:52,233 - INFO - joeynmt.training - 	Hypothesis: Fory year , I showed these two slides to show that the push , which the plow three million years of the United States , with 40 percent of the United States , with 40 percent of the United States , with 40 percent of the United States , with 40 percent of the United States , with 40 percent of the United States , with 40s .
2026-05-27 23:18:52,233 - INFO - joeynmt.training - Example #1
2026-05-27 23:18:52,233 - DEBUG - joeynmt.training - 	Tokenized source:     ['Maar', 'dit', 'onder@@', 'sch@@', 'at', 'eigenlijk', 'de', 'er@@', 'n@@', 'st', 'van', 'dit', 'speci@@', 'f@@', 'ieke', 'probleem', 'omdat', 'het', 'niet', 'de', 'di@@', 'kte', 'van', 'het', 'ij@@', 's', 'laat', 'zien', '.']
2026-05-27 23:18:52,233 - DEBUG - joeynmt.training - 	Tokenized reference:  ['But', 'this', 'under@@', 'st@@', 'ates', 'the', 'ser@@', 'i@@', 'ous@@', 'ness', 'of', 'this', 'parti@@', 'cu@@', 'lar', 'problem', 'because', 'it', 'doesn', '&apos;t', 'show', 'the', 'th@@', 'ic@@', 'k@@', 'ness', 'of', 'the', 'ice', '.']
2026-05-27 23:18:52,233 - DEBUG - joeynmt.training - 	Tokenized hypothesis: ['But', 'this', 'under@@', 'st@@', 'ood', 'of', 'this', 'speci@@', 'f@@', 'ically', 'because', 'it', 'doesn', '&apos;t', 'show', 'the', 'di@@', 'se@@', 'ase', 'of', 'the', 'ice', 'of', 'the', 'ice', '.', '</s>']
2026-05-27 23:18:52,233 - INFO - joeynmt.training - 	Source:     Maar dit onderschat eigenlijk de ernst van dit specifieke probleem omdat het niet de dikte van het ijs laat zien .
2026-05-27 23:18:52,233 - INFO - joeynmt.training - 	Reference:  But this understates the seriousness of this particular problem because it doesn &apos;t show the thickness of the ice .
2026-05-27 23:18:52,233 - INFO - joeynmt.training - 	Hypothesis: But this understood of this specifically because it doesn &apos;t show the disease of the ice of the ice .
2026-05-27 23:18:52,233 - INFO - joeynmt.training - Example #2
2026-05-27 23:18:52,234 - DEBUG - joeynmt.training - 	Tokenized source:     ['De', 'ij@@', 'sk@@', 'a@@', 'p', 'op', 'de', 'N@@', 'oor@@', 'd@@', 'p@@', 'ool', 'is', 'in', 'ze@@', 'k@@', 'ere', 'z@@', 'in', 'het', 'kl@@', 'op@@', 'p@@', 'end', 'har@@', 't', 'van', 'ons', 'glob@@', 'aal', 'k@@', 'li@@', 'ma@@', 'at@@', 'systeem', '.']
2026-05-27 23:18:52,234 - DEBUG - joeynmt.training - 	Tokenized reference:  ['The', 'ar@@', 'c@@', 'ti@@', 'c', 'ice', 'ca@@', 'p', 'is', ',', 'in', 'a', 'sense', ',', 'the', 'be@@', 'ating', 'he@@', 'art', 'of', 'the', 'glob@@', 'al', 'c@@', 'lim@@', 'ate', 'system', '.']
2026-05-27 23:18:52,234 - DEBUG - joeynmt.training - 	Tokenized hypothesis: ['The', 'ice', 'sk@@', 'a@@', 'p', 'on', 'the', 'N@@', 'or@@', 'th', 'P@@', 'ole', 'is', 'in', 'a', 'sense', 'of', 'the', 'c@@', 'lim@@', 'ate', 'system', 'of', 'our', 'glob@@', 'al', 'c@@', 'lim@@', 'ate', 'system', '.', '</s>']
2026-05-27 23:18:52,234 - INFO - joeynmt.training - 	Source:     De ijskap op de Noordpool is in zekere zin het kloppend hart van ons globaal klimaatsysteem .
2026-05-27 23:18:52,234 - INFO - joeynmt.training - 	Reference:  The arctic ice cap is , in a sense , the beating heart of the global climate system .
2026-05-27 23:18:52,234 - INFO - joeynmt.training - 	Hypothesis: The ice skap on the North Pole is in a sense of the climate system of our global climate system .
2026-05-27 23:18:52,234 - INFO - joeynmt.training - Example #3
2026-05-27 23:18:52,234 - DEBUG - joeynmt.training - 	Tokenized source:     ['Het', 'z@@', 'et', 'uit', 'in', 'de', 'win@@', 'ter', 'en', 'k@@', 'ri@@', 'mp@@', 't', 'in', 'de', 'z@@', 'om@@', 'er', '.']
2026-05-27 23:18:52,234 - DEBUG - joeynmt.training - 	Tokenized reference:  ['It', 'exp@@', 'and@@', 's', 'in', 'win@@', 'ter', 'and', 'con@@', 'tr@@', 'ac@@', 'ts', 'in', 'su@@', 'mm@@', 'er', '.']
2026-05-27 23:18:52,234 - DEBUG - joeynmt.training - 	Tokenized hypothesis: ['It', '&apos;s', 'put', 'out', 'of', 'the', 'win@@', 'ter', 'and', 'c@@', 'ri@@', 'b@@', 's', 'in', 'the', 'su@@', 'mm@@', 'er', '.', '</s>']
2026-05-27 23:18:52,234 - INFO - joeynmt.training - 	Source:     Het zet uit in de winter en krimpt in de zomer .
2026-05-27 23:18:52,234 - INFO - joeynmt.training - 	Reference:  It expands in winter and contracts in summer .
2026-05-27 23:18:52,234 - INFO - joeynmt.training - 	Hypothesis: It &apos;s put out of the winter and cribs in the summer .
2026-05-27 23:18:52,234 - INFO - joeynmt.training - Example #4
2026-05-27 23:18:52,234 - DEBUG - joeynmt.training - 	Tokenized source:     ['De', 'volgende', 'dia', 'die', 'ik', 'laat', 'zien', 'is', 'een', 'vers@@', 'n@@', 'el@@', 'de', 'ver@@', 'sie', 'van', 'wat', 'er', 'de', 'af@@', 'gel@@', 'open', '2@@', '5', 'jaar', 'is', 'gebeur@@', 'd', '.']
2026-05-27 23:18:52,234 - DEBUG - joeynmt.training - 	Tokenized reference:  ['The', 'next', 'sli@@', 'de', 'I', 'show', 'you', 'will', 'be', 'a', 'r@@', 'ap@@', 'id', 'fa@@', 'st@@', '-@@', 'for@@', 'ward', 'of', 'what', '&apos;s', 'happened', 'over', 'the', 'last', '2@@', '5', 'years', '.']
2026-05-27 23:18:52,235 - DEBUG - joeynmt.training - 	Tokenized hypothesis: ['The', 'next', 'sli@@', 'de', 'I', 'show', 'is', 'a', 'vers@@', 'al', 'ver@@', 'sion', 'of', 'what', '&apos;s', 'going', 'to', 'be', 'happen@@', 'ing', 'is', 'the', 'last', '2@@', '5', 'years', '.', '</s>']
2026-05-27 23:18:52,235 - INFO - joeynmt.training - 	Source:     De volgende dia die ik laat zien is een versnelde versie van wat er de afgelopen 25 jaar is gebeurd .
2026-05-27 23:18:52,235 - INFO - joeynmt.training - 	Reference:  The next slide I show you will be a rapid fast-forward of what &apos;s happened over the last 25 years .
2026-05-27 23:18:52,235 - INFO - joeynmt.training - 	Hypothesis: The next slide I show is a versal version of what &apos;s going to be happening is the last 25 years .
2026-05-27 23:19:05,094 - INFO - joeynmt.training - Epoch   4, Step:    14600, Batch Loss:     1.546783, Batch Acc: 0.589067, Tokens per Sec:     5877, Lr: 0.000300
2026-05-27 23:19:20,886 - INFO - joeynmt.training - Epoch   4, Step:    14700, Batch Loss:     1.386862, Batch Acc: 0.592578, Tokens per Sec:     4836, Lr: 0.000300
2026-05-27 23:19:37,001 - INFO - joeynmt.training - Epoch   4, Step:    14800, Batch Loss:     1.340618, Batch Acc: 0.594607, Tokens per Sec:     4790, Lr: 0.000300
2026-05-27 23:19:50,562 - INFO - joeynmt.training - Epoch   4, Step:    14900, Batch Loss:     1.470523, Batch Acc: 0.590896, Tokens per Sec:     5448, Lr: 0.000300
2026-05-27 23:20:03,768 - INFO - joeynmt.training - Epoch   4, Step:    15000, Batch Loss:     1.512233, Batch Acc: 0.590973, Tokens per Sec:     5671, Lr: 0.000300
2026-05-27 23:20:03,769 - WARNING - joeynmt.helpers - `alpha` option is obsolete. Please use `beam_alpha`, instead.
2026-05-27 23:20:03,769 - INFO - joeynmt.prediction - Predicting 1003 example(s)... (Greedy decoding with min_output_length=1, max_output_length=-1, return_prob='none', generate_unk=True, repetition_penalty=-1, no_repeat_ngram_size=-1)
2026-05-27 23:20:43,567 - INFO - joeynmt.prediction - Evaluation result (greedy) loss:   1.76, ppl:   5.81, acc:   0.50, generation: 39.7863[sec], evaluation: 0.0000[sec]
2026-05-27 23:20:43,569 - INFO - joeynmt.training - Hooray! New best validation result [ppl]!
2026-05-27 23:20:43,711 - INFO - joeynmt.helpers - delete models/tf_bpe_2000_nl_en/12000.ckpt
2026-05-27 23:20:43,711 - INFO - joeynmt.training - Example #0
2026-05-27 23:20:43,712 - DEBUG - joeynmt.training - 	Tokenized source:     ['V@@', 'or@@', 'ig', 'jaar', 'li@@', 'et', 'ik', 'deze', 'twee', 'dia', '&apos;', 's', 'zien', 'om', 'aan', 'te', 't@@', 'onen', 'dat', 'de', 'p@@', 'oo@@', 'lij@@', 'sk@@', 'a@@', 'p', ',', 'die', 'de', 'af@@', 'gel@@', 'open', 'drie', 'miljoen', 'jaar', 'ongeveer', 'de', 'groot@@', 'te', 'had', 'van', 'het', 'va@@', 'stel@@', 'and', 'van', 'de', 'V@@', 'S', ',', 'met', '4@@', '0', '%', 'ge@@', 'k@@', 'r@@', 'om@@', 'pen', 'was', '.']
2026-05-27 23:20:43,712 - DEBUG - joeynmt.training - 	Tokenized reference:  ['La@@', 'st', 'year', 'I', 'sho@@', 'w@@', 'ed', 'these', 'two', 'sli@@', 'des', 'so', 'that', 'de@@', 'mon@@', 'str@@', 'ate', 'that', 'the', 'ar@@', 'c@@', 'ti@@', 'c', 'ice', 'ca@@', 'p', ',', 'which', 'for', 'most', 'of', 'the', 'last', 'three', 'million', 'years', 'has', 'been', 'the', 'si@@', 'ze', 'of', 'the', 'lo@@', 'wer', '4@@', '8', 'st@@', 'ates', ',', 'has', 'sh@@', 'r@@', 'un@@', 'k', 'by', '4@@', '0', 'percent', '.']
2026-05-27 23:20:43,712 - DEBUG - joeynmt.training - 	Tokenized hypothesis: ['And', 'last', 'year', ',', 'I', 'sho@@', 'w@@', 'ed', 'these', 'two', 'sli@@', 'des', 'to', 'show', 'that', 'the', 'p@@', 'oo@@', 'ls', 'to', 'show', 'that', 'the', 'p@@', 'oo@@', 'ls', ',', 'which', 'the', 'last', 'three', 'million', 'years', 'of', 'the', 'U@@', '.@@', 'S@@', '.', ',', 'with', '4@@', '0', 'percent', 'of', 'the', 'U@@', '.@@', 'S@@', '.', ',', 'with', '4@@', '0', 'percent', 'of', 'c@@', 'ro@@', 'w@@', 'ds', '.', '</s>']
2026-05-27 23:20:43,712 - INFO - joeynmt.training - 	Source:     Vorig jaar liet ik deze twee dia &apos; s zien om aan te tonen dat de poolijskap , die de afgelopen drie miljoen jaar ongeveer de grootte had van het vasteland van de VS , met 40 % gekrompen was .
2026-05-27 23:20:43,712 - INFO - joeynmt.training - 	Reference:  Last year I showed these two slides so that demonstrate that the arctic ice cap , which for most of the last three million years has been the size of the lower 48 states , has shrunk by 40 percent .
2026-05-27 23:20:43,712 - INFO - joeynmt.training - 	Hypothesis: And last year , I showed these two slides to show that the pools to show that the pools , which the last three million years of the U.S. , with 40 percent of the U.S. , with 40 percent of crowds .
2026-05-27 23:20:43,712 - INFO - joeynmt.training - Example #1
2026-05-27 23:20:43,712 - DEBUG - joeynmt.training - 	Tokenized source:     ['Maar', 'dit', 'onder@@', 'sch@@', 'at', 'eigenlijk', 'de', 'er@@', 'n@@', 'st', 'van', 'dit', 'speci@@', 'f@@', 'ieke', 'probleem', 'omdat', 'het', 'niet', 'de', 'di@@', 'kte', 'van', 'het', 'ij@@', 's', 'laat', 'zien', '.']
2026-05-27 23:20:43,712 - DEBUG - joeynmt.training - 	Tokenized reference:  ['But', 'this', 'under@@', 'st@@', 'ates', 'the', 'ser@@', 'i@@', 'ous@@', 'ness', 'of', 'this', 'parti@@', 'cu@@', 'lar', 'problem', 'because', 'it', 'doesn', '&apos;t', 'show', 'the', 'th@@', 'ic@@', 'k@@', 'ness', 'of', 'the', 'ice', '.']
2026-05-27 23:20:43,712 - DEBUG - joeynmt.training - 	Tokenized hypothesis: ['But', 'this', 'is', 'actually', 'the', 'n@@', 'one', 'of', 'this', 'speci@@', 'f@@', 'ically', 'problem', 'because', 'it', 'doesn', '&apos;t', 'sho@@', 'ws', 'the', 'de@@', 'al', 'of', 'the', 'ice', '.', '</s>']
2026-05-27 23:20:43,713 - INFO - joeynmt.training - 	Source:     Maar dit onderschat eigenlijk de ernst van dit specifieke probleem omdat het niet de dikte van het ijs laat zien .
2026-05-27 23:20:43,713 - INFO - joeynmt.training - 	Reference:  But this understates the seriousness of this particular problem because it doesn &apos;t show the thickness of the ice .
2026-05-27 23:20:43,713 - INFO - joeynmt.training - 	Hypothesis: But this is actually the none of this specifically problem because it doesn &apos;t shows the deal of the ice .
2026-05-27 23:20:43,713 - INFO - joeynmt.training - Example #2
2026-05-27 23:20:43,713 - DEBUG - joeynmt.training - 	Tokenized source:     ['De', 'ij@@', 'sk@@', 'a@@', 'p', 'op', 'de', 'N@@', 'oor@@', 'd@@', 'p@@', 'ool', 'is', 'in', 'ze@@', 'k@@', 'ere', 'z@@', 'in', 'het', 'kl@@', 'op@@', 'p@@', 'end', 'har@@', 't', 'van', 'ons', 'glob@@', 'aal', 'k@@', 'li@@', 'ma@@', 'at@@', 'systeem', '.']
2026-05-27 23:20:43,713 - DEBUG - joeynmt.training - 	Tokenized reference:  ['The', 'ar@@', 'c@@', 'ti@@', 'c', 'ice', 'ca@@', 'p', 'is', ',', 'in', 'a', 'sense', ',', 'the', 'be@@', 'ating', 'he@@', 'art', 'of', 'the', 'glob@@', 'al', 'c@@', 'lim@@', 'ate', 'system', '.']
2026-05-27 23:20:43,713 - DEBUG - joeynmt.training - 	Tokenized hypothesis: ['The', 'ice', 'sk@@', 'a@@', 'p', 'on', 'the', 'N@@', 'or@@', 'th', 'P@@', 'ole', 'is', 'in', 'a', 'sense', 'of', 'the', 'c@@', 'lim@@', 'ate', 'system', 'is', 'c@@', 'li@@', 'ma@@', 'kes', 'us', 'glob@@', 'al', 'c@@', 'lim@@', 'ate', 'system', '.', '</s>']
2026-05-27 23:20:43,713 - INFO - joeynmt.training - 	Source:     De ijskap op de Noordpool is in zekere zin het kloppend hart van ons globaal klimaatsysteem .
2026-05-27 23:20:43,713 - INFO - joeynmt.training - 	Reference:  The arctic ice cap is , in a sense , the beating heart of the global climate system .
2026-05-27 23:20:43,713 - INFO - joeynmt.training - 	Hypothesis: The ice skap on the North Pole is in a sense of the climate system is climakes us global climate system .
2026-05-27 23:20:43,713 - INFO - joeynmt.training - Example #3
2026-05-27 23:20:43,713 - DEBUG - joeynmt.training - 	Tokenized source:     ['Het', 'z@@', 'et', 'uit', 'in', 'de', 'win@@', 'ter', 'en', 'k@@', 'ri@@', 'mp@@', 't', 'in', 'de', 'z@@', 'om@@', 'er', '.']
2026-05-27 23:20:43,713 - DEBUG - joeynmt.training - 	Tokenized reference:  ['It', 'exp@@', 'and@@', 's', 'in', 'win@@', 'ter', 'and', 'con@@', 'tr@@', 'ac@@', 'ts', 'in', 'su@@', 'mm@@', 'er', '.']
2026-05-27 23:20:43,713 - DEBUG - joeynmt.training - 	Tokenized hypothesis: ['It', 'was', 'in', 'the', 'win@@', 'ter', 'and', 'c@@', 'ri@@', 'me', 'in', 'the', 'su@@', 'mm@@', 'er', '.', '</s>']
2026-05-27 23:20:43,714 - INFO - joeynmt.training - 	Source:     Het zet uit in de winter en krimpt in de zomer .
2026-05-27 23:20:43,714 - INFO - joeynmt.training - 	Reference:  It expands in winter and contracts in summer .
2026-05-27 23:20:43,714 - INFO - joeynmt.training - 	Hypothesis: It was in the winter and crime in the summer .
2026-05-27 23:20:43,714 - INFO - joeynmt.training - Example #4
2026-05-27 23:20:43,714 - DEBUG - joeynmt.training - 	Tokenized source:     ['De', 'volgende', 'dia', 'die', 'ik', 'laat', 'zien', 'is', 'een', 'vers@@', 'n@@', 'el@@', 'de', 'ver@@', 'sie', 'van', 'wat', 'er', 'de', 'af@@', 'gel@@', 'open', '2@@', '5', 'jaar', 'is', 'gebeur@@', 'd', '.']
2026-05-27 23:20:43,714 - DEBUG - joeynmt.training - 	Tokenized reference:  ['The', 'next', 'sli@@', 'de', 'I', 'show', 'you', 'will', 'be', 'a', 'r@@', 'ap@@', 'id', 'fa@@', 'st@@', '-@@', 'for@@', 'ward', 'of', 'what', '&apos;s', 'happened', 'over', 'the', 'last', '2@@', '5', 'years', '.']
2026-05-27 23:20:43,714 - DEBUG - joeynmt.training - 	Tokenized hypothesis: ['The', 'next', 'sli@@', 'de', 'I', 'sho@@', 'ws', 'is', 'a', 'vers@@', 'ity', 'ver@@', 'sion', 'of', 'what', '&apos;s', 'happened', 'the', 'last', '2@@', '5', 'years', '.', '</s>']
2026-05-27 23:20:43,714 - INFO - joeynmt.training - 	Source:     De volgende dia die ik laat zien is een versnelde versie van wat er de afgelopen 25 jaar is gebeurd .
2026-05-27 23:20:43,714 - INFO - joeynmt.training - 	Reference:  The next slide I show you will be a rapid fast-forward of what &apos;s happened over the last 25 years .
2026-05-27 23:20:43,714 - INFO - joeynmt.training - 	Hypothesis: The next slide I shows is a versity version of what &apos;s happened the last 25 years .
2026-05-27 23:20:56,701 - INFO - joeynmt.training - Epoch   4, Step:    15100, Batch Loss:     1.424221, Batch Acc: 0.585762, Tokens per Sec:     5818, Lr: 0.000300
2026-05-27 23:21:09,197 - INFO - joeynmt.training - Epoch   4, Step:    15200, Batch Loss:     1.524208, Batch Acc: 0.590282, Tokens per Sec:     6025, Lr: 0.000300
2026-05-27 23:21:22,571 - INFO - joeynmt.training - Epoch   4, Step:    15300, Batch Loss:     1.378030, Batch Acc: 0.597226, Tokens per Sec:     5624, Lr: 0.000300
2026-05-27 23:21:35,541 - INFO - joeynmt.training - Epoch   4, Step:    15400, Batch Loss:     1.526519, Batch Acc: 0.594001, Tokens per Sec:     5946, Lr: 0.000300
2026-05-27 23:21:53,237 - INFO - joeynmt.training - Epoch   4, Step:    15500, Batch Loss:     1.327610, Batch Acc: 0.590893, Tokens per Sec:     4366, Lr: 0.000300
2026-05-27 23:21:53,238 - WARNING - joeynmt.helpers - `alpha` option is obsolete. Please use `beam_alpha`, instead.
2026-05-27 23:21:53,238 - INFO - joeynmt.prediction - Predicting 1003 example(s)... (Greedy decoding with min_output_length=1, max_output_length=-1, return_prob='none', generate_unk=True, repetition_penalty=-1, no_repeat_ngram_size=-1)
2026-05-27 23:22:26,788 - INFO - joeynmt.prediction - Evaluation result (greedy) loss:   1.74, ppl:   5.71, acc:   0.51, generation: 33.5381[sec], evaluation: 0.0000[sec]
2026-05-27 23:22:26,790 - INFO - joeynmt.training - Hooray! New best validation result [ppl]!
2026-05-27 23:22:26,991 - INFO - joeynmt.helpers - delete models/tf_bpe_2000_nl_en/13000.ckpt
2026-05-27 23:22:26,991 - INFO - joeynmt.training - Example #0
2026-05-27 23:22:26,992 - DEBUG - joeynmt.training - 	Tokenized source:     ['V@@', 'or@@', 'ig', 'jaar', 'li@@', 'et', 'ik', 'deze', 'twee', 'dia', '&apos;', 's', 'zien', 'om', 'aan', 'te', 't@@', 'onen', 'dat', 'de', 'p@@', 'oo@@', 'lij@@', 'sk@@', 'a@@', 'p', ',', 'die', 'de', 'af@@', 'gel@@', 'open', 'drie', 'miljoen', 'jaar', 'ongeveer', 'de', 'groot@@', 'te', 'had', 'van', 'het', 'va@@', 'stel@@', 'and', 'van', 'de', 'V@@', 'S', ',', 'met', '4@@', '0', '%', 'ge@@', 'k@@', 'r@@', 'om@@', 'pen', 'was', '.']
2026-05-27 23:22:26,992 - DEBUG - joeynmt.training - 	Tokenized reference:  ['La@@', 'st', 'year', 'I', 'sho@@', 'w@@', 'ed', 'these', 'two', 'sli@@', 'des', 'so', 'that', 'de@@', 'mon@@', 'str@@', 'ate', 'that', 'the', 'ar@@', 'c@@', 'ti@@', 'c', 'ice', 'ca@@', 'p', ',', 'which', 'for', 'most', 'of', 'the', 'last', 'three', 'million', 'years', 'has', 'been', 'the', 'si@@', 'ze', 'of', 'the', 'lo@@', 'wer', '4@@', '8', 'st@@', 'ates', ',', 'has', 'sh@@', 'r@@', 'un@@', 'k', 'by', '4@@', '0', 'percent', '.']
2026-05-27 23:22:26,992 - DEBUG - joeynmt.training - 	Tokenized hypothesis: ['And', 'I', 'sho@@', 'w@@', 'ed', 'these', 'two', 'sli@@', 'des', 'to', 'see', 'these', 'two', 'sli@@', 'des', 'to', 'show', 'that', 'the', 'p@@', 'oo@@', 'ms', 'of', 'the', 'p@@', 'oo@@', 'ms', ',', 'which', 'was', 'about', 'three', 'million', 'years', 'of', 'the', 'U@@', '.@@', 'S@@', '.', ',', 'with', '4@@', '0', 'percent', 'of', 'the', 'U@@', '.@@', 'S@@', '.', ',', 'with', '4@@', '0', 'percent', 'of', 'the', 'U@@', '.@@', 'S@@', '.', '</s>']
2026-05-27 23:22:26,992 - INFO - joeynmt.training - 	Source:     Vorig jaar liet ik deze twee dia &apos; s zien om aan te tonen dat de poolijskap , die de afgelopen drie miljoen jaar ongeveer de grootte had van het vasteland van de VS , met 40 % gekrompen was .
2026-05-27 23:22:26,992 - INFO - joeynmt.training - 	Reference:  Last year I showed these two slides so that demonstrate that the arctic ice cap , which for most of the last three million years has been the size of the lower 48 states , has shrunk by 40 percent .
2026-05-27 23:22:26,992 - INFO - joeynmt.training - 	Hypothesis: And I showed these two slides to see these two slides to show that the pooms of the pooms , which was about three million years of the U.S. , with 40 percent of the U.S. , with 40 percent of the U.S.
2026-05-27 23:22:26,992 - INFO - joeynmt.training - Example #1
2026-05-27 23:22:26,992 - DEBUG - joeynmt.training - 	Tokenized source:     ['Maar', 'dit', 'onder@@', 'sch@@', 'at', 'eigenlijk', 'de', 'er@@', 'n@@', 'st', 'van', 'dit', 'speci@@', 'f@@', 'ieke', 'probleem', 'omdat', 'het', 'niet', 'de', 'di@@', 'kte', 'van', 'het', 'ij@@', 's', 'laat', 'zien', '.']
2026-05-27 23:22:26,992 - DEBUG - joeynmt.training - 	Tokenized reference:  ['But', 'this', 'under@@', 'st@@', 'ates', 'the', 'ser@@', 'i@@', 'ous@@', 'ness', 'of', 'this', 'parti@@', 'cu@@', 'lar', 'problem', 'because', 'it', 'doesn', '&apos;t', 'show', 'the', 'th@@', 'ic@@', 'k@@', 'ness', 'of', 'the', 'ice', '.']
2026-05-27 23:22:26,992 - DEBUG - joeynmt.training - 	Tokenized hypothesis: ['But', 'this', 'is', 'actually', 'the', 'ex@@', 't@@', 'in@@', 'c@@', 'tion', 'of', 'this', 'parti@@', 'cu@@', 'lar', 'problem', 'because', 'it', 'doesn', '&apos;t', 'show', 'the', 'di@@', 'sp@@', 'er@@', 's@@', 'ed', 'of', 'the', 'ice', '.', '</s>']
2026-05-27 23:22:26,992 - INFO - joeynmt.training - 	Source:     Maar dit onderschat eigenlijk de ernst van dit specifieke probleem omdat het niet de dikte van het ijs laat zien .
2026-05-27 23:22:26,992 - INFO - joeynmt.training - 	Reference:  But this understates the seriousness of this particular problem because it doesn &apos;t show the thickness of the ice .
2026-05-27 23:22:26,992 - INFO - joeynmt.training - 	Hypothesis: But this is actually the extinction of this particular problem because it doesn &apos;t show the dispersed of the ice .
2026-05-27 23:22:26,992 - INFO - joeynmt.training - Example #2
2026-05-27 23:22:26,993 - DEBUG - joeynmt.training - 	Tokenized source:     ['De', 'ij@@', 'sk@@', 'a@@', 'p', 'op', 'de', 'N@@', 'oor@@', 'd@@', 'p@@', 'ool', 'is', 'in', 'ze@@', 'k@@', 'ere', 'z@@', 'in', 'het', 'kl@@', 'op@@', 'p@@', 'end', 'har@@', 't', 'van', 'ons', 'glob@@', 'aal', 'k@@', 'li@@', 'ma@@', 'at@@', 'systeem', '.']
2026-05-27 23:22:26,993 - DEBUG - joeynmt.training - 	Tokenized reference:  ['The', 'ar@@', 'c@@', 'ti@@', 'c', 'ice', 'ca@@', 'p', 'is', ',', 'in', 'a', 'sense', ',', 'the', 'be@@', 'ating', 'he@@', 'art', 'of', 'the', 'glob@@', 'al', 'c@@', 'lim@@', 'ate', 'system', '.']
2026-05-27 23:22:26,993 - DEBUG - joeynmt.training - 	Tokenized hypothesis: ['The', 'ice', 'sk@@', 'a@@', 'p', 'on', 'the', 'N@@', 'or@@', 'th', 'P@@', 'ole', 'is', 'in', 'a', 'cer@@', 'ta@@', 'in', 's@@', 'he@@', 'd', 'sense', ',', 'in', 'the', 'cl@@', 'op@@', 'p@@', 'end', 'of', 'our', 'glob@@', 'al', 'c@@', 'lim@@', 'ate', 'system', '.', '</s>']
2026-05-27 23:22:26,993 - INFO - joeynmt.training - 	Source:     De ijskap op de Noordpool is in zekere zin het kloppend hart van ons globaal klimaatsysteem .
2026-05-27 23:22:26,993 - INFO - joeynmt.training - 	Reference:  The arctic ice cap is , in a sense , the beating heart of the global climate system .
2026-05-27 23:22:26,993 - INFO - joeynmt.training - 	Hypothesis: The ice skap on the North Pole is in a certain shed sense , in the cloppend of our global climate system .
2026-05-27 23:22:26,993 - INFO - joeynmt.training - Example #3
2026-05-27 23:22:26,993 - DEBUG - joeynmt.training - 	Tokenized source:     ['Het', 'z@@', 'et', 'uit', 'in', 'de', 'win@@', 'ter', 'en', 'k@@', 'ri@@', 'mp@@', 't', 'in', 'de', 'z@@', 'om@@', 'er', '.']
2026-05-27 23:22:26,993 - DEBUG - joeynmt.training - 	Tokenized reference:  ['It', 'exp@@', 'and@@', 's', 'in', 'win@@', 'ter', 'and', 'con@@', 'tr@@', 'ac@@', 'ts', 'in', 'su@@', 'mm@@', 'er', '.']
2026-05-27 23:22:26,993 - DEBUG - joeynmt.training - 	Tokenized hypothesis: ['It', '&apos;s', 'put', 'in', 'the', 'win@@', 'ter', 'and', 'c@@', 'ri@@', 'mp@@', 't', 'in', 'the', 'su@@', 'mm@@', 'er', '.', '</s>']
2026-05-27 23:22:26,993 - INFO - joeynmt.training - 	Source:     Het zet uit in de winter en krimpt in de zomer .
2026-05-27 23:22:26,993 - INFO - joeynmt.training - 	Reference:  It expands in winter and contracts in summer .
2026-05-27 23:22:26,993 - INFO - joeynmt.training - 	Hypothesis: It &apos;s put in the winter and crimpt in the summer .
2026-05-27 23:22:26,993 - INFO - joeynmt.training - Example #4
2026-05-27 23:22:26,993 - DEBUG - joeynmt.training - 	Tokenized source:     ['De', 'volgende', 'dia', 'die', 'ik', 'laat', 'zien', 'is', 'een', 'vers@@', 'n@@', 'el@@', 'de', 'ver@@', 'sie', 'van', 'wat', 'er', 'de', 'af@@', 'gel@@', 'open', '2@@', '5', 'jaar', 'is', 'gebeur@@', 'd', '.']
2026-05-27 23:22:26,994 - DEBUG - joeynmt.training - 	Tokenized reference:  ['The', 'next', 'sli@@', 'de', 'I', 'show', 'you', 'will', 'be', 'a', 'r@@', 'ap@@', 'id', 'fa@@', 'st@@', '-@@', 'for@@', 'ward', 'of', 'what', '&apos;s', 'happened', 'over', 'the', 'last', '2@@', '5', 'years', '.']
2026-05-27 23:22:26,994 - DEBUG - joeynmt.training - 	Tokenized hypothesis: ['The', 'next', 'sli@@', 'de', 'I', '&apos;m', 'sho@@', 'wing', 'is', 'a', 'vers@@', 'us', 'a', 'ver@@', 'sion', 'of', 'what', '&apos;s', 'going', 'to', 'be', 'the', 'last', '2@@', '5', 'years', '.', '</s>']
2026-05-27 23:22:26,994 - INFO - joeynmt.training - 	Source:     De volgende dia die ik laat zien is een versnelde versie van wat er de afgelopen 25 jaar is gebeurd .
2026-05-27 23:22:26,994 - INFO - joeynmt.training - 	Reference:  The next slide I show you will be a rapid fast-forward of what &apos;s happened over the last 25 years .
2026-05-27 23:22:26,994 - INFO - joeynmt.training - 	Hypothesis: The next slide I &apos;m showing is a versus a version of what &apos;s going to be the last 25 years .
2026-05-27 23:22:28,561 - INFO - joeynmt.training - Epoch   4: total training loss 5624.56
2026-05-27 23:22:28,562 - INFO - joeynmt.training - EPOCH 5
2026-05-27 23:22:42,838 - INFO - joeynmt.training - Epoch   5, Step:    15600, Batch Loss:     1.280828, Batch Acc: 0.616839, Tokens per Sec:     4854, Lr: 0.000300
2026-05-27 23:22:58,208 - INFO - joeynmt.training - Epoch   5, Step:    15700, Batch Loss:     1.461139, Batch Acc: 0.612036, Tokens per Sec:     4877, Lr: 0.000300
2026-05-27 23:23:13,525 - INFO - joeynmt.training - Epoch   5, Step:    15800, Batch Loss:     1.140122, Batch Acc: 0.612008, Tokens per Sec:     4972, Lr: 0.000300
2026-05-27 23:23:30,654 - INFO - joeynmt.training - Epoch   5, Step:    15900, Batch Loss:     1.449594, Batch Acc: 0.608062, Tokens per Sec:     4402, Lr: 0.000300
2026-05-27 23:23:48,043 - INFO - joeynmt.training - Epoch   5, Step:    16000, Batch Loss:     1.373069, Batch Acc: 0.606408, Tokens per Sec:     4414, Lr: 0.000300
2026-05-27 23:23:48,044 - WARNING - joeynmt.helpers - `alpha` option is obsolete. Please use `beam_alpha`, instead.
2026-05-27 23:23:48,044 - INFO - joeynmt.prediction - Predicting 1003 example(s)... (Greedy decoding with min_output_length=1, max_output_length=-1, return_prob='none', generate_unk=True, repetition_penalty=-1, no_repeat_ngram_size=-1)
2026-05-27 23:24:19,996 - INFO - joeynmt.prediction - Evaluation result (greedy) loss:   1.75, ppl:   5.77, acc:   0.51, generation: 31.9350[sec], evaluation: 0.0000[sec]
2026-05-27 23:24:20,261 - INFO - joeynmt.helpers - delete models/tf_bpe_2000_nl_en/13500.ckpt
2026-05-27 23:24:20,262 - INFO - joeynmt.training - Example #0
2026-05-27 23:24:20,262 - DEBUG - joeynmt.training - 	Tokenized source:     ['V@@', 'or@@', 'ig', 'jaar', 'li@@', 'et', 'ik', 'deze', 'twee', 'dia', '&apos;', 's', 'zien', 'om', 'aan', 'te', 't@@', 'onen', 'dat', 'de', 'p@@', 'oo@@', 'lij@@', 'sk@@', 'a@@', 'p', ',', 'die', 'de', 'af@@', 'gel@@', 'open', 'drie', 'miljoen', 'jaar', 'ongeveer', 'de', 'groot@@', 'te', 'had', 'van', 'het', 'va@@', 'stel@@', 'and', 'van', 'de', 'V@@', 'S', ',', 'met', '4@@', '0', '%', 'ge@@', 'k@@', 'r@@', 'om@@', 'pen', 'was', '.']
2026-05-27 23:24:20,262 - DEBUG - joeynmt.training - 	Tokenized reference:  ['La@@', 'st', 'year', 'I', 'sho@@', 'w@@', 'ed', 'these', 'two', 'sli@@', 'des', 'so', 'that', 'de@@', 'mon@@', 'str@@', 'ate', 'that', 'the', 'ar@@', 'c@@', 'ti@@', 'c', 'ice', 'ca@@', 'p', ',', 'which', 'for', 'most', 'of', 'the', 'last', 'three', 'million', 'years', 'has', 'been', 'the', 'si@@', 'ze', 'of', 'the', 'lo@@', 'wer', '4@@', '8', 'st@@', 'ates', ',', 'has', 'sh@@', 'r@@', 'un@@', 'k', 'by', '4@@', '0', 'percent', '.']
2026-05-27 23:24:20,262 - DEBUG - joeynmt.training - 	Tokenized hypothesis: ['And', 'I', 'sho@@', 'w@@', 'ed', 'these', 'two', 'sli@@', 'des', 'to', 'see', 'that', 'the', 'p@@', 'e', 'of', 'the', 'p@@', 'oo@@', 'b@@', 'b@@', 'b@@', 'b@@', 'ig@@', 'ger', ',', 'which', 'the', 'last', 'three', 'million', 'years', ',', 'the', 'si@@', 'ze', 'of', 'the', 'U@@', 'n@@', 'ited', 'St@@', 'ates', ',', 'with', '4@@', '0', 'percent', 'of', 'the', 'U@@', 'n@@', 'ited', 'St@@', 'ates', ',', 'with', '4@@', '0', 'percent', '.', '</s>']
2026-05-27 23:24:20,263 - INFO - joeynmt.training - 	Source:     Vorig jaar liet ik deze twee dia &apos; s zien om aan te tonen dat de poolijskap , die de afgelopen drie miljoen jaar ongeveer de grootte had van het vasteland van de VS , met 40 % gekrompen was .
2026-05-27 23:24:20,263 - INFO - joeynmt.training - 	Reference:  Last year I showed these two slides so that demonstrate that the arctic ice cap , which for most of the last three million years has been the size of the lower 48 states , has shrunk by 40 percent .
2026-05-27 23:24:20,263 - INFO - joeynmt.training - 	Hypothesis: And I showed these two slides to see that the pe of the poobbbbigger , which the last three million years , the size of the United States , with 40 percent of the United States , with 40 percent .
2026-05-27 23:24:20,263 - INFO - joeynmt.training - Example #1
2026-05-27 23:24:20,263 - DEBUG - joeynmt.training - 	Tokenized source:     ['Maar', 'dit', 'onder@@', 'sch@@', 'at', 'eigenlijk', 'de', 'er@@', 'n@@', 'st', 'van', 'dit', 'speci@@', 'f@@', 'ieke', 'probleem', 'omdat', 'het', 'niet', 'de', 'di@@', 'kte', 'van', 'het', 'ij@@', 's', 'laat', 'zien', '.']
2026-05-27 23:24:20,263 - DEBUG - joeynmt.training - 	Tokenized reference:  ['But', 'this', 'under@@', 'st@@', 'ates', 'the', 'ser@@', 'i@@', 'ous@@', 'ness', 'of', 'this', 'parti@@', 'cu@@', 'lar', 'problem', 'because', 'it', 'doesn', '&apos;t', 'show', 'the', 'th@@', 'ic@@', 'k@@', 'ness', 'of', 'the', 'ice', '.']
2026-05-27 23:24:20,263 - DEBUG - joeynmt.training - 	Tokenized hypothesis: ['But', 'this', 'is', 'actually', 'the', 'way', 'the', 'experi@@', 'ence', 'of', 'this', 'parti@@', 'cu@@', 'lar', 'problem', 'because', 'it', 'didn', '&apos;t', 'show', 'the', 'di@@', 'ed', 'of', 'the', 'ice', '.', '</s>']
2026-05-27 23:24:20,263 - INFO - joeynmt.training - 	Source:     Maar dit onderschat eigenlijk de ernst van dit specifieke probleem omdat het niet de dikte van het ijs laat zien .
2026-05-27 23:24:20,263 - INFO - joeynmt.training - 	Reference:  But this understates the seriousness of this particular problem because it doesn &apos;t show the thickness of the ice .
2026-05-27 23:24:20,263 - INFO - joeynmt.training - 	Hypothesis: But this is actually the way the experience of this particular problem because it didn &apos;t show the died of the ice .
2026-05-27 23:24:20,263 - INFO - joeynmt.training - Example #2
2026-05-27 23:24:20,263 - DEBUG - joeynmt.training - 	Tokenized source:     ['De', 'ij@@', 'sk@@', 'a@@', 'p', 'op', 'de', 'N@@', 'oor@@', 'd@@', 'p@@', 'ool', 'is', 'in', 'ze@@', 'k@@', 'ere', 'z@@', 'in', 'het', 'kl@@', 'op@@', 'p@@', 'end', 'har@@', 't', 'van', 'ons', 'glob@@', 'aal', 'k@@', 'li@@', 'ma@@', 'at@@', 'systeem', '.']
2026-05-27 23:24:20,263 - DEBUG - joeynmt.training - 	Tokenized reference:  ['The', 'ar@@', 'c@@', 'ti@@', 'c', 'ice', 'ca@@', 'p', 'is', ',', 'in', 'a', 'sense', ',', 'the', 'be@@', 'ating', 'he@@', 'art', 'of', 'the', 'glob@@', 'al', 'c@@', 'lim@@', 'ate', 'system', '.']
2026-05-27 23:24:20,263 - DEBUG - joeynmt.training - 	Tokenized hypothesis: ['The', 'ice', 'c@@', 'la@@', 'p', 'on', 'the', 'N@@', 'or@@', 'th', 'P@@', 'ole', 'is', 'in', 'a', 'cer@@', 'ta@@', 'in', 'sense', ',', 'the', 'c@@', 'li@@', 'ma@@', 'kes', 'of', 'us', 'glob@@', 'al', 'c@@', 'lim@@', 'ate', 'system', '.', '</s>']
2026-05-27 23:24:20,264 - INFO - joeynmt.training - 	Source:     De ijskap op de Noordpool is in zekere zin het kloppend hart van ons globaal klimaatsysteem .
2026-05-27 23:24:20,264 - INFO - joeynmt.training - 	Reference:  The arctic ice cap is , in a sense , the beating heart of the global climate system .
2026-05-27 23:24:20,264 - INFO - joeynmt.training - 	Hypothesis: The ice clap on the North Pole is in a certain sense , the climakes of us global climate system .
2026-05-27 23:24:20,264 - INFO - joeynmt.training - Example #3
2026-05-27 23:24:20,264 - DEBUG - joeynmt.training - 	Tokenized source:     ['Het', 'z@@', 'et', 'uit', 'in', 'de', 'win@@', 'ter', 'en', 'k@@', 'ri@@', 'mp@@', 't', 'in', 'de', 'z@@', 'om@@', 'er', '.']
2026-05-27 23:24:20,264 - DEBUG - joeynmt.training - 	Tokenized reference:  ['It', 'exp@@', 'and@@', 's', 'in', 'win@@', 'ter', 'and', 'con@@', 'tr@@', 'ac@@', 'ts', 'in', 'su@@', 'mm@@', 'er', '.']
2026-05-27 23:24:20,264 - DEBUG - joeynmt.training - 	Tokenized hypothesis: ['It', '&apos;s', 'a', 'little', 'bit', 'in', 'the', 'win@@', 'ter', 'and', 'c@@', 'ri@@', 'me', 'in', 'the', 'su@@', 'mm@@', 'er', '.', '</s>']
2026-05-27 23:24:20,264 - INFO - joeynmt.training - 	Source:     Het zet uit in de winter en krimpt in de zomer .
2026-05-27 23:24:20,264 - INFO - joeynmt.training - 	Reference:  It expands in winter and contracts in summer .
2026-05-27 23:24:20,264 - INFO - joeynmt.training - 	Hypothesis: It &apos;s a little bit in the winter and crime in the summer .
2026-05-27 23:24:20,264 - INFO - joeynmt.training - Example #4
2026-05-27 23:24:20,264 - DEBUG - joeynmt.training - 	Tokenized source:     ['De', 'volgende', 'dia', 'die', 'ik', 'laat', 'zien', 'is', 'een', 'vers@@', 'n@@', 'el@@', 'de', 'ver@@', 'sie', 'van', 'wat', 'er', 'de', 'af@@', 'gel@@', 'open', '2@@', '5', 'jaar', 'is', 'gebeur@@', 'd', '.']
2026-05-27 23:24:20,264 - DEBUG - joeynmt.training - 	Tokenized reference:  ['The', 'next', 'sli@@', 'de', 'I', 'show', 'you', 'will', 'be', 'a', 'r@@', 'ap@@', 'id', 'fa@@', 'st@@', '-@@', 'for@@', 'ward', 'of', 'what', '&apos;s', 'happened', 'over', 'the', 'last', '2@@', '5', 'years', '.']
2026-05-27 23:24:20,264 - DEBUG - joeynmt.training - 	Tokenized hypothesis: ['The', 'next', 'sli@@', 'de', 'I', 'sho@@', 'ws', 'is', 'a', 'vers@@', 'y', 'ver@@', 'sion', 'of', 'what', '&apos;s', 'going', 'on', 'to', 'the', 'last', '2@@', '5', 'years', '.', '</s>']
2026-05-27 23:24:20,264 - INFO - joeynmt.training - 	Source:     De volgende dia die ik laat zien is een versnelde versie van wat er de afgelopen 25 jaar is gebeurd .
2026-05-27 23:24:20,264 - INFO - joeynmt.training - 	Reference:  The next slide I show you will be a rapid fast-forward of what &apos;s happened over the last 25 years .
2026-05-27 23:24:20,264 - INFO - joeynmt.training - 	Hypothesis: The next slide I shows is a versy version of what &apos;s going on to the last 25 years .
2026-05-27 23:24:36,435 - INFO - joeynmt.training - Epoch   5, Step:    16100, Batch Loss:     1.354853, Batch Acc: 0.610971, Tokens per Sec:     4595, Lr: 0.000300
2026-05-27 23:24:51,279 - INFO - joeynmt.training - Epoch   5, Step:    16200, Batch Loss:     1.466110, Batch Acc: 0.605246, Tokens per Sec:     5029, Lr: 0.000300
2026-05-27 23:25:07,138 - INFO - joeynmt.training - Epoch   5, Step:    16300, Batch Loss:     1.361151, Batch Acc: 0.605379, Tokens per Sec:     4778, Lr: 0.000300
2026-05-27 23:25:22,860 - INFO - joeynmt.training - Epoch   5, Step:    16400, Batch Loss:     1.474416, Batch Acc: 0.608023, Tokens per Sec:     4814, Lr: 0.000300
2026-05-27 23:25:38,197 - INFO - joeynmt.training - Epoch   5, Step:    16500, Batch Loss:     1.475884, Batch Acc: 0.604542, Tokens per Sec:     4766, Lr: 0.000300
2026-05-27 23:25:38,198 - WARNING - joeynmt.helpers - `alpha` option is obsolete. Please use `beam_alpha`, instead.
2026-05-27 23:25:38,198 - INFO - joeynmt.prediction - Predicting 1003 example(s)... (Greedy decoding with min_output_length=1, max_output_length=-1, return_prob='none', generate_unk=True, repetition_penalty=-1, no_repeat_ngram_size=-1)
2026-05-27 23:26:13,209 - INFO - joeynmt.prediction - Evaluation result (greedy) loss:   1.75, ppl:   5.74, acc:   0.51, generation: 34.9986[sec], evaluation: 0.0000[sec]
2026-05-27 23:26:13,402 - INFO - joeynmt.helpers - delete models/tf_bpe_2000_nl_en/14000.ckpt
2026-05-27 23:26:13,403 - INFO - joeynmt.training - Example #0
2026-05-27 23:26:13,403 - DEBUG - joeynmt.training - 	Tokenized source:     ['V@@', 'or@@', 'ig', 'jaar', 'li@@', 'et', 'ik', 'deze', 'twee', 'dia', '&apos;', 's', 'zien', 'om', 'aan', 'te', 't@@', 'onen', 'dat', 'de', 'p@@', 'oo@@', 'lij@@', 'sk@@', 'a@@', 'p', ',', 'die', 'de', 'af@@', 'gel@@', 'open', 'drie', 'miljoen', 'jaar', 'ongeveer', 'de', 'groot@@', 'te', 'had', 'van', 'het', 'va@@', 'stel@@', 'and', 'van', 'de', 'V@@', 'S', ',', 'met', '4@@', '0', '%', 'ge@@', 'k@@', 'r@@', 'om@@', 'pen', 'was', '.']
2026-05-27 23:26:13,403 - DEBUG - joeynmt.training - 	Tokenized reference:  ['La@@', 'st', 'year', 'I', 'sho@@', 'w@@', 'ed', 'these', 'two', 'sli@@', 'des', 'so', 'that', 'de@@', 'mon@@', 'str@@', 'ate', 'that', 'the', 'ar@@', 'c@@', 'ti@@', 'c', 'ice', 'ca@@', 'p', ',', 'which', 'for', 'most', 'of', 'the', 'last', 'three', 'million', 'years', 'has', 'been', 'the', 'si@@', 'ze', 'of', 'the', 'lo@@', 'wer', '4@@', '8', 'st@@', 'ates', ',', 'has', 'sh@@', 'r@@', 'un@@', 'k', 'by', '4@@', '0', 'percent', '.']
2026-05-27 23:26:13,404 - DEBUG - joeynmt.training - 	Tokenized hypothesis: ['And', 'last', 'year', ',', 'I', 'sho@@', 'w@@', 'ed', 'these', 'two', 'sli@@', 'des', 'to', 'show', 'that', 'the', 'p@@', 'oo@@', 'b@@', 'b@@', 'b@@', 'b@@', 'b@@', 'an', ',', 'which', 'the', 'last', 'three', 'million', 'years', ',', 'the', 'si@@', 'ze', 'of', 'the', 'U@@', 'n@@', 'ited', 'St@@', 'ates', ',', 'with', '4@@', '0', 'percent', 'of', 'the', 'U@@', 'n@@', 'ited', 'St@@', 'ates', ',', 'with', '4@@', '0', 'percent', 'percent', '.', '</s>']
2026-05-27 23:26:13,404 - INFO - joeynmt.training - 	Source:     Vorig jaar liet ik deze twee dia &apos; s zien om aan te tonen dat de poolijskap , die de afgelopen drie miljoen jaar ongeveer de grootte had van het vasteland van de VS , met 40 % gekrompen was .
2026-05-27 23:26:13,404 - INFO - joeynmt.training - 	Reference:  Last year I showed these two slides so that demonstrate that the arctic ice cap , which for most of the last three million years has been the size of the lower 48 states , has shrunk by 40 percent .
2026-05-27 23:26:13,404 - INFO - joeynmt.training - 	Hypothesis: And last year , I showed these two slides to show that the poobbbbban , which the last three million years , the size of the United States , with 40 percent of the United States , with 40 percent percent .
2026-05-27 23:26:13,404 - INFO - joeynmt.training - Example #1
2026-05-27 23:26:13,404 - DEBUG - joeynmt.training - 	Tokenized source:     ['Maar', 'dit', 'onder@@', 'sch@@', 'at', 'eigenlijk', 'de', 'er@@', 'n@@', 'st', 'van', 'dit', 'speci@@', 'f@@', 'ieke', 'probleem', 'omdat', 'het', 'niet', 'de', 'di@@', 'kte', 'van', 'het', 'ij@@', 's', 'laat', 'zien', '.']
2026-05-27 23:26:13,404 - DEBUG - joeynmt.training - 	Tokenized reference:  ['But', 'this', 'under@@', 'st@@', 'ates', 'the', 'ser@@', 'i@@', 'ous@@', 'ness', 'of', 'this', 'parti@@', 'cu@@', 'lar', 'problem', 'because', 'it', 'doesn', '&apos;t', 'show', 'the', 'th@@', 'ic@@', 'k@@', 'ness', 'of', 'the', 'ice', '.']
2026-05-27 23:26:13,404 - DEBUG - joeynmt.training - 	Tokenized hypothesis: ['But', 'this', 'under@@', 'st@@', 'ood', 'this', 'parti@@', 'cu@@', 'lar', 'problem', 'because', 'it', 'doesn', '&apos;t', 'have', 'the', 'di@@', 's@@', 'ap@@', 'pe@@', 'ar', 'of', 'this', 'parti@@', 'cu@@', 'lar', 'problem', 'because', 'it', 'doesn', '&apos;t', 'show', 'the', 'ice', '.', '</s>']
2026-05-27 23:26:13,404 - INFO - joeynmt.training - 	Source:     Maar dit onderschat eigenlijk de ernst van dit specifieke probleem omdat het niet de dikte van het ijs laat zien .
2026-05-27 23:26:13,404 - INFO - joeynmt.training - 	Reference:  But this understates the seriousness of this particular problem because it doesn &apos;t show the thickness of the ice .
2026-05-27 23:26:13,404 - INFO - joeynmt.training - 	Hypothesis: But this understood this particular problem because it doesn &apos;t have the disappear of this particular problem because it doesn &apos;t show the ice .
2026-05-27 23:26:13,404 - INFO - joeynmt.training - Example #2
2026-05-27 23:26:13,405 - DEBUG - joeynmt.training - 	Tokenized source:     ['De', 'ij@@', 'sk@@', 'a@@', 'p', 'op', 'de', 'N@@', 'oor@@', 'd@@', 'p@@', 'ool', 'is', 'in', 'ze@@', 'k@@', 'ere', 'z@@', 'in', 'het', 'kl@@', 'op@@', 'p@@', 'end', 'har@@', 't', 'van', 'ons', 'glob@@', 'aal', 'k@@', 'li@@', 'ma@@', 'at@@', 'systeem', '.']
2026-05-27 23:26:13,405 - DEBUG - joeynmt.training - 	Tokenized reference:  ['The', 'ar@@', 'c@@', 'ti@@', 'c', 'ice', 'ca@@', 'p', 'is', ',', 'in', 'a', 'sense', ',', 'the', 'be@@', 'ating', 'he@@', 'art', 'of', 'the', 'glob@@', 'al', 'c@@', 'lim@@', 'ate', 'system', '.']
2026-05-27 23:26:13,405 - DEBUG - joeynmt.training - 	Tokenized hypothesis: ['The', 'ice', 'p@@', 'ool', 'is', 'in', 'the', 'N@@', 'or@@', 'th', 'P@@', 'ole', 'is', 'in', 'a', 'sense', ',', 'in', 'a', 'sense', ',', 'it', '&apos;s', 'c@@', 'li@@', 'ma@@', 'at@@', 'system', '.', '</s>']
2026-05-27 23:26:13,405 - INFO - joeynmt.training - 	Source:     De ijskap op de Noordpool is in zekere zin het kloppend hart van ons globaal klimaatsysteem .
2026-05-27 23:26:13,405 - INFO - joeynmt.training - 	Reference:  The arctic ice cap is , in a sense , the beating heart of the global climate system .
2026-05-27 23:26:13,405 - INFO - joeynmt.training - 	Hypothesis: The ice pool is in the North Pole is in a sense , in a sense , it &apos;s climaatsystem .
2026-05-27 23:26:13,405 - INFO - joeynmt.training - Example #3
2026-05-27 23:26:13,405 - DEBUG - joeynmt.training - 	Tokenized source:     ['Het', 'z@@', 'et', 'uit', 'in', 'de', 'win@@', 'ter', 'en', 'k@@', 'ri@@', 'mp@@', 't', 'in', 'de', 'z@@', 'om@@', 'er', '.']
2026-05-27 23:26:13,405 - DEBUG - joeynmt.training - 	Tokenized reference:  ['It', 'exp@@', 'and@@', 's', 'in', 'win@@', 'ter', 'and', 'con@@', 'tr@@', 'ac@@', 'ts', 'in', 'su@@', 'mm@@', 'er', '.']
2026-05-27 23:26:13,405 - DEBUG - joeynmt.training - 	Tokenized hypothesis: ['It', 'was', 'in', 'the', 'win@@', 'ter', 'and', 'c@@', 'ri@@', 'm', 'in', 'the', 'su@@', 'mm@@', 'er', '.', '</s>']
2026-05-27 23:26:13,405 - INFO - joeynmt.training - 	Source:     Het zet uit in de winter en krimpt in de zomer .
2026-05-27 23:26:13,405 - INFO - joeynmt.training - 	Reference:  It expands in winter and contracts in summer .
2026-05-27 23:26:13,405 - INFO - joeynmt.training - 	Hypothesis: It was in the winter and crim in the summer .
2026-05-27 23:26:13,405 - INFO - joeynmt.training - Example #4
2026-05-27 23:26:13,406 - DEBUG - joeynmt.training - 	Tokenized source:     ['De', 'volgende', 'dia', 'die', 'ik', 'laat', 'zien', 'is', 'een', 'vers@@', 'n@@', 'el@@', 'de', 'ver@@', 'sie', 'van', 'wat', 'er', 'de', 'af@@', 'gel@@', 'open', '2@@', '5', 'jaar', 'is', 'gebeur@@', 'd', '.']
2026-05-27 23:26:13,406 - DEBUG - joeynmt.training - 	Tokenized reference:  ['The', 'next', 'sli@@', 'de', 'I', 'show', 'you', 'will', 'be', 'a', 'r@@', 'ap@@', 'id', 'fa@@', 'st@@', '-@@', 'for@@', 'ward', 'of', 'what', '&apos;s', 'happened', 'over', 'the', 'last', '2@@', '5', 'years', '.']
2026-05-27 23:26:13,406 - DEBUG - joeynmt.training - 	Tokenized hypothesis: ['The', 'next', 'sli@@', 'de', 'I', 'sho@@', 'ws', 'is', 'a', 'vers@@', 'y', 'ver@@', 'sion', 'of', 'what', '&apos;s', 'going', 'on', 'is', 'the', 'last', '2@@', '5', 'years', '.', '</s>']
2026-05-27 23:26:13,406 - INFO - joeynmt.training - 	Source:     De volgende dia die ik laat zien is een versnelde versie van wat er de afgelopen 25 jaar is gebeurd .
2026-05-27 23:26:13,406 - INFO - joeynmt.training - 	Reference:  The next slide I show you will be a rapid fast-forward of what &apos;s happened over the last 25 years .
2026-05-27 23:26:13,406 - INFO - joeynmt.training - 	Hypothesis: The next slide I shows is a versy version of what &apos;s going on is the last 25 years .
2026-05-27 23:26:31,130 - INFO - joeynmt.training - Epoch   5, Step:    16600, Batch Loss:     1.526916, Batch Acc: 0.605342, Tokens per Sec:     4212, Lr: 0.000300
2026-05-27 23:26:46,084 - INFO - joeynmt.training - Epoch   5, Step:    16700, Batch Loss:     1.266666, Batch Acc: 0.604109, Tokens per Sec:     5042, Lr: 0.000300
2026-05-27 23:27:02,176 - INFO - joeynmt.training - Epoch   5, Step:    16800, Batch Loss:     1.437642, Batch Acc: 0.612049, Tokens per Sec:     4745, Lr: 0.000300
2026-05-27 23:27:18,938 - INFO - joeynmt.training - Epoch   5, Step:    16900, Batch Loss:     1.386393, Batch Acc: 0.610094, Tokens per Sec:     4610, Lr: 0.000300
2026-05-27 23:27:33,558 - INFO - joeynmt.training - Epoch   5, Step:    17000, Batch Loss:     1.310442, Batch Acc: 0.600659, Tokens per Sec:     5355, Lr: 0.000300
2026-05-27 23:27:33,559 - WARNING - joeynmt.helpers - `alpha` option is obsolete. Please use `beam_alpha`, instead.
2026-05-27 23:27:33,559 - INFO - joeynmt.prediction - Predicting 1003 example(s)... (Greedy decoding with min_output_length=1, max_output_length=-1, return_prob='none', generate_unk=True, repetition_penalty=-1, no_repeat_ngram_size=-1)
2026-05-27 23:28:05,195 - INFO - joeynmt.prediction - Evaluation result (greedy) loss:   1.73, ppl:   5.65, acc:   0.51, generation: 31.6240[sec], evaluation: 0.0000[sec]
2026-05-27 23:28:05,197 - INFO - joeynmt.training - Hooray! New best validation result [ppl]!
2026-05-27 23:28:05,333 - INFO - joeynmt.helpers - delete models/tf_bpe_2000_nl_en/14500.ckpt
2026-05-27 23:28:05,335 - INFO - joeynmt.training - Example #0
2026-05-27 23:28:05,335 - DEBUG - joeynmt.training - 	Tokenized source:     ['V@@', 'or@@', 'ig', 'jaar', 'li@@', 'et', 'ik', 'deze', 'twee', 'dia', '&apos;', 's', 'zien', 'om', 'aan', 'te', 't@@', 'onen', 'dat', 'de', 'p@@', 'oo@@', 'lij@@', 'sk@@', 'a@@', 'p', ',', 'die', 'de', 'af@@', 'gel@@', 'open', 'drie', 'miljoen', 'jaar', 'ongeveer', 'de', 'groot@@', 'te', 'had', 'van', 'het', 'va@@', 'stel@@', 'and', 'van', 'de', 'V@@', 'S', ',', 'met', '4@@', '0', '%', 'ge@@', 'k@@', 'r@@', 'om@@', 'pen', 'was', '.']
2026-05-27 23:28:05,335 - DEBUG - joeynmt.training - 	Tokenized reference:  ['La@@', 'st', 'year', 'I', 'sho@@', 'w@@', 'ed', 'these', 'two', 'sli@@', 'des', 'so', 'that', 'de@@', 'mon@@', 'str@@', 'ate', 'that', 'the', 'ar@@', 'c@@', 'ti@@', 'c', 'ice', 'ca@@', 'p', ',', 'which', 'for', 'most', 'of', 'the', 'last', 'three', 'million', 'years', 'has', 'been', 'the', 'si@@', 'ze', 'of', 'the', 'lo@@', 'wer', '4@@', '8', 'st@@', 'ates', ',', 'has', 'sh@@', 'r@@', 'un@@', 'k', 'by', '4@@', '0', 'percent', '.']
2026-05-27 23:28:05,335 - DEBUG - joeynmt.training - 	Tokenized hypothesis: ['And', 'I', 'sho@@', 'w@@', 'ed', 'these', 'two', 'sli@@', 'des', 'to', 'see', 'these', 'two', 'sli@@', 'des', 'to', 'show', 'that', 'the', 'p@@', 'oo@@', 'ms', 'of', 'the', 'p@@', 'oo@@', 'ms', ',', 'which', 'was', 'the', 'last', 'three', 'million', 'years', 'of', 'the', 'U@@', '.@@', 'S@@', '.', ',', 'with', '4@@', '0', 'percent', 'of', 'the', 'U@@', '.@@', 'S@@', '.', ',', 'with', '4@@', '0', 'percent', '.', '</s>']
2026-05-27 23:28:05,335 - INFO - joeynmt.training - 	Source:     Vorig jaar liet ik deze twee dia &apos; s zien om aan te tonen dat de poolijskap , die de afgelopen drie miljoen jaar ongeveer de grootte had van het vasteland van de VS , met 40 % gekrompen was .
2026-05-27 23:28:05,335 - INFO - joeynmt.training - 	Reference:  Last year I showed these two slides so that demonstrate that the arctic ice cap , which for most of the last three million years has been the size of the lower 48 states , has shrunk by 40 percent .
2026-05-27 23:28:05,336 - INFO - joeynmt.training - 	Hypothesis: And I showed these two slides to see these two slides to show that the pooms of the pooms , which was the last three million years of the U.S. , with 40 percent of the U.S. , with 40 percent .
2026-05-27 23:28:05,336 - INFO - joeynmt.training - Example #1
2026-05-27 23:28:05,336 - DEBUG - joeynmt.training - 	Tokenized source:     ['Maar', 'dit', 'onder@@', 'sch@@', 'at', 'eigenlijk', 'de', 'er@@', 'n@@', 'st', 'van', 'dit', 'speci@@', 'f@@', 'ieke', 'probleem', 'omdat', 'het', 'niet', 'de', 'di@@', 'kte', 'van', 'het', 'ij@@', 's', 'laat', 'zien', '.']
2026-05-27 23:28:05,336 - DEBUG - joeynmt.training - 	Tokenized reference:  ['But', 'this', 'under@@', 'st@@', 'ates', 'the', 'ser@@', 'i@@', 'ous@@', 'ness', 'of', 'this', 'parti@@', 'cu@@', 'lar', 'problem', 'because', 'it', 'doesn', '&apos;t', 'show', 'the', 'th@@', 'ic@@', 'k@@', 'ness', 'of', 'the', 'ice', '.']
2026-05-27 23:28:05,336 - DEBUG - joeynmt.training - 	Tokenized hypothesis: ['But', 'this', 'under@@', 'st@@', 'ood', ',', 'the', 'ex@@', 't@@', 'ent', 'of', 'this', 'parti@@', 'cu@@', 'lar', 'problem', 'because', 'it', 'doesn', '&apos;t', 'show', 'the', 'di@@', 'st@@', 'in@@', 'c@@', 'tion', 'of', 'the', 'ice', '.', '</s>']
2026-05-27 23:28:05,336 - INFO - joeynmt.training - 	Source:     Maar dit onderschat eigenlijk de ernst van dit specifieke probleem omdat het niet de dikte van het ijs laat zien .
2026-05-27 23:28:05,336 - INFO - joeynmt.training - 	Reference:  But this understates the seriousness of this particular problem because it doesn &apos;t show the thickness of the ice .
2026-05-27 23:28:05,336 - INFO - joeynmt.training - 	Hypothesis: But this understood , the extent of this particular problem because it doesn &apos;t show the distinction of the ice .
2026-05-27 23:28:05,336 - INFO - joeynmt.training - Example #2
2026-05-27 23:28:05,336 - DEBUG - joeynmt.training - 	Tokenized source:     ['De', 'ij@@', 'sk@@', 'a@@', 'p', 'op', 'de', 'N@@', 'oor@@', 'd@@', 'p@@', 'ool', 'is', 'in', 'ze@@', 'k@@', 'ere', 'z@@', 'in', 'het', 'kl@@', 'op@@', 'p@@', 'end', 'har@@', 't', 'van', 'ons', 'glob@@', 'aal', 'k@@', 'li@@', 'ma@@', 'at@@', 'systeem', '.']
2026-05-27 23:28:05,336 - DEBUG - joeynmt.training - 	Tokenized reference:  ['The', 'ar@@', 'c@@', 'ti@@', 'c', 'ice', 'ca@@', 'p', 'is', ',', 'in', 'a', 'sense', ',', 'the', 'be@@', 'ating', 'he@@', 'art', 'of', 'the', 'glob@@', 'al', 'c@@', 'lim@@', 'ate', 'system', '.']
2026-05-27 23:28:05,336 - DEBUG - joeynmt.training - 	Tokenized hypothesis: ['The', 'ice', 'sk@@', 'a@@', 'p', 'on', 'the', 'N@@', 'or@@', 'th', 'P@@', 'ole', 'is', 'in', 'a', 'sense', ',', 'in', 'a', 'sense', ',', 'the', 'c@@', 'li@@', 'ma@@', 'kes', 'of', 'our', 'glob@@', 'al', 'c@@', 'lim@@', 'ate', 'system', '.', '</s>']
2026-05-27 23:28:05,336 - INFO - joeynmt.training - 	Source:     De ijskap op de Noordpool is in zekere zin het kloppend hart van ons globaal klimaatsysteem .
2026-05-27 23:28:05,336 - INFO - joeynmt.training - 	Reference:  The arctic ice cap is , in a sense , the beating heart of the global climate system .
2026-05-27 23:28:05,336 - INFO - joeynmt.training - 	Hypothesis: The ice skap on the North Pole is in a sense , in a sense , the climakes of our global climate system .
2026-05-27 23:28:05,336 - INFO - joeynmt.training - Example #3
2026-05-27 23:28:05,337 - DEBUG - joeynmt.training - 	Tokenized source:     ['Het', 'z@@', 'et', 'uit', 'in', 'de', 'win@@', 'ter', 'en', 'k@@', 'ri@@', 'mp@@', 't', 'in', 'de', 'z@@', 'om@@', 'er', '.']
2026-05-27 23:28:05,337 - DEBUG - joeynmt.training - 	Tokenized reference:  ['It', 'exp@@', 'and@@', 's', 'in', 'win@@', 'ter', 'and', 'con@@', 'tr@@', 'ac@@', 'ts', 'in', 'su@@', 'mm@@', 'er', '.']
2026-05-27 23:28:05,337 - DEBUG - joeynmt.training - 	Tokenized hypothesis: ['It', '&apos;s', 'a', 's@@', 'ing@@', 'le', 'in', 'the', 'win@@', 'ter', 'and', 'c@@', 'ri@@', 'me', 'in', 'the', 'su@@', 'mm@@', 'er', '.', '</s>']
2026-05-27 23:28:05,337 - INFO - joeynmt.training - 	Source:     Het zet uit in de winter en krimpt in de zomer .
2026-05-27 23:28:05,337 - INFO - joeynmt.training - 	Reference:  It expands in winter and contracts in summer .
2026-05-27 23:28:05,337 - INFO - joeynmt.training - 	Hypothesis: It &apos;s a single in the winter and crime in the summer .
2026-05-27 23:28:05,337 - INFO - joeynmt.training - Example #4
2026-05-27 23:28:05,337 - DEBUG - joeynmt.training - 	Tokenized source:     ['De', 'volgende', 'dia', 'die', 'ik', 'laat', 'zien', 'is', 'een', 'vers@@', 'n@@', 'el@@', 'de', 'ver@@', 'sie', 'van', 'wat', 'er', 'de', 'af@@', 'gel@@', 'open', '2@@', '5', 'jaar', 'is', 'gebeur@@', 'd', '.']
2026-05-27 23:28:05,337 - DEBUG - joeynmt.training - 	Tokenized reference:  ['The', 'next', 'sli@@', 'de', 'I', 'show', 'you', 'will', 'be', 'a', 'r@@', 'ap@@', 'id', 'fa@@', 'st@@', '-@@', 'for@@', 'ward', 'of', 'what', '&apos;s', 'happened', 'over', 'the', 'last', '2@@', '5', 'years', '.']
2026-05-27 23:28:05,337 - DEBUG - joeynmt.training - 	Tokenized hypothesis: ['The', 'next', 'sli@@', 'de', 'I', 'sho@@', 'ws', 'is', 'a', 'ac@@', 'cel@@', 'er@@', 'ated', 'ver@@', 'sion', 'of', 'what', '&apos;s', 'going', 'to', 'have', 'the', 'last', '2@@', '5', 'years', '.', '</s>']
2026-05-27 23:28:05,337 - INFO - joeynmt.training - 	Source:     De volgende dia die ik laat zien is een versnelde versie van wat er de afgelopen 25 jaar is gebeurd .
2026-05-27 23:28:05,337 - INFO - joeynmt.training - 	Reference:  The next slide I show you will be a rapid fast-forward of what &apos;s happened over the last 25 years .
2026-05-27 23:28:05,337 - INFO - joeynmt.training - 	Hypothesis: The next slide I shows is a accelerated version of what &apos;s going to have the last 25 years .
2026-05-27 23:28:17,132 - INFO - joeynmt.training - Epoch   5, Step:    17100, Batch Loss:     1.670555, Batch Acc: 0.604189, Tokens per Sec:     6300, Lr: 0.000300
2026-05-27 23:28:29,506 - INFO - joeynmt.training - Epoch   5, Step:    17200, Batch Loss:     1.357514, Batch Acc: 0.608536, Tokens per Sec:     6155, Lr: 0.000300
2026-05-27 23:28:42,222 - INFO - joeynmt.training - Epoch   5, Step:    17300, Batch Loss:     1.369997, Batch Acc: 0.605072, Tokens per Sec:     6014, Lr: 0.000300
2026-05-27 23:28:54,237 - INFO - joeynmt.training - Epoch   5, Step:    17400, Batch Loss:     1.429496, Batch Acc: 0.603880, Tokens per Sec:     6290, Lr: 0.000300
2026-05-27 23:29:06,601 - INFO - joeynmt.training - Epoch   5, Step:    17500, Batch Loss:     1.341718, Batch Acc: 0.607240, Tokens per Sec:     6205, Lr: 0.000300
2026-05-27 23:29:06,602 - WARNING - joeynmt.helpers - `alpha` option is obsolete. Please use `beam_alpha`, instead.
2026-05-27 23:29:06,602 - INFO - joeynmt.prediction - Predicting 1003 example(s)... (Greedy decoding with min_output_length=1, max_output_length=-1, return_prob='none', generate_unk=True, repetition_penalty=-1, no_repeat_ngram_size=-1)
2026-05-27 23:29:30,842 - INFO - joeynmt.prediction - Evaluation result (greedy) loss:   1.73, ppl:   5.64, acc:   0.51, generation: 24.2294[sec], evaluation: 0.0000[sec]
2026-05-27 23:29:30,842 - INFO - joeynmt.training - Hooray! New best validation result [ppl]!
2026-05-27 23:29:30,966 - INFO - joeynmt.helpers - delete models/tf_bpe_2000_nl_en/15000.ckpt
2026-05-27 23:29:30,967 - INFO - joeynmt.training - Example #0
2026-05-27 23:29:30,967 - DEBUG - joeynmt.training - 	Tokenized source:     ['V@@', 'or@@', 'ig', 'jaar', 'li@@', 'et', 'ik', 'deze', 'twee', 'dia', '&apos;', 's', 'zien', 'om', 'aan', 'te', 't@@', 'onen', 'dat', 'de', 'p@@', 'oo@@', 'lij@@', 'sk@@', 'a@@', 'p', ',', 'die', 'de', 'af@@', 'gel@@', 'open', 'drie', 'miljoen', 'jaar', 'ongeveer', 'de', 'groot@@', 'te', 'had', 'van', 'het', 'va@@', 'stel@@', 'and', 'van', 'de', 'V@@', 'S', ',', 'met', '4@@', '0', '%', 'ge@@', 'k@@', 'r@@', 'om@@', 'pen', 'was', '.']
2026-05-27 23:29:30,967 - DEBUG - joeynmt.training - 	Tokenized reference:  ['La@@', 'st', 'year', 'I', 'sho@@', 'w@@', 'ed', 'these', 'two', 'sli@@', 'des', 'so', 'that', 'de@@', 'mon@@', 'str@@', 'ate', 'that', 'the', 'ar@@', 'c@@', 'ti@@', 'c', 'ice', 'ca@@', 'p', ',', 'which', 'for', 'most', 'of', 'the', 'last', 'three', 'million', 'years', 'has', 'been', 'the', 'si@@', 'ze', 'of', 'the', 'lo@@', 'wer', '4@@', '8', 'st@@', 'ates', ',', 'has', 'sh@@', 'r@@', 'un@@', 'k', 'by', '4@@', '0', 'percent', '.']
2026-05-27 23:29:30,967 - DEBUG - joeynmt.training - 	Tokenized hypothesis: ['And', 'last', 'year', ',', 'I', 'sho@@', 'w@@', 'ed', 'these', 'two', 'sli@@', 'des', 'to', 'show', 'that', 'the', 'p@@', 'el@@', 'se', 'se', 'the', 'pa@@', 'st', 'three', 'million', 'years', ',', 'the', 'pa@@', 'st', 'three', 'million', 'years', 'of', 'the', 'U@@', '.@@', 'S@@', '.', ',', 'with', '4@@', '0', 'percent', 'of', 'the', 'U@@', '.@@', 'S@@', '.', ',', 'with', '4@@', '0', 'percent', 'of', 'the', 'U@@', '.@@', 'S@@', '.', '</s>']
2026-05-27 23:29:30,967 - INFO - joeynmt.training - 	Source:     Vorig jaar liet ik deze twee dia &apos; s zien om aan te tonen dat de poolijskap , die de afgelopen drie miljoen jaar ongeveer de grootte had van het vasteland van de VS , met 40 % gekrompen was .
2026-05-27 23:29:30,968 - INFO - joeynmt.training - 	Reference:  Last year I showed these two slides so that demonstrate that the arctic ice cap , which for most of the last three million years has been the size of the lower 48 states , has shrunk by 40 percent .
2026-05-27 23:29:30,968 - INFO - joeynmt.training - 	Hypothesis: And last year , I showed these two slides to show that the pelse se the past three million years , the past three million years of the U.S. , with 40 percent of the U.S. , with 40 percent of the U.S.
2026-05-27 23:29:30,968 - INFO - joeynmt.training - Example #1
2026-05-27 23:29:30,968 - DEBUG - joeynmt.training - 	Tokenized source:     ['Maar', 'dit', 'onder@@', 'sch@@', 'at', 'eigenlijk', 'de', 'er@@', 'n@@', 'st', 'van', 'dit', 'speci@@', 'f@@', 'ieke', 'probleem', 'omdat', 'het', 'niet', 'de', 'di@@', 'kte', 'van', 'het', 'ij@@', 's', 'laat', 'zien', '.']
2026-05-27 23:29:30,968 - DEBUG - joeynmt.training - 	Tokenized reference:  ['But', 'this', 'under@@', 'st@@', 'ates', 'the', 'ser@@', 'i@@', 'ous@@', 'ness', 'of', 'this', 'parti@@', 'cu@@', 'lar', 'problem', 'because', 'it', 'doesn', '&apos;t', 'show', 'the', 'th@@', 'ic@@', 'k@@', 'ness', 'of', 'the', 'ice', '.']
2026-05-27 23:29:30,968 - DEBUG - joeynmt.training - 	Tokenized hypothesis: ['But', 'this', 'under@@', 'est@@', 'im@@', 'ate', 'actually', ',', 'the', 'experi@@', 'ence', 'of', 'this', 'parti@@', 'cu@@', 'lar', 'problem', 'because', 'it', 'doesn', '&apos;t', 'show', 'the', 'ice', 'of', 'the', 'ice', '.', '</s>']
2026-05-27 23:29:30,968 - INFO - joeynmt.training - 	Source:     Maar dit onderschat eigenlijk de ernst van dit specifieke probleem omdat het niet de dikte van het ijs laat zien .
2026-05-27 23:29:30,968 - INFO - joeynmt.training - 	Reference:  But this understates the seriousness of this particular problem because it doesn &apos;t show the thickness of the ice .
2026-05-27 23:29:30,968 - INFO - joeynmt.training - 	Hypothesis: But this underestimate actually , the experience of this particular problem because it doesn &apos;t show the ice of the ice .
2026-05-27 23:29:30,968 - INFO - joeynmt.training - Example #2
2026-05-27 23:29:30,968 - DEBUG - joeynmt.training - 	Tokenized source:     ['De', 'ij@@', 'sk@@', 'a@@', 'p', 'op', 'de', 'N@@', 'oor@@', 'd@@', 'p@@', 'ool', 'is', 'in', 'ze@@', 'k@@', 'ere', 'z@@', 'in', 'het', 'kl@@', 'op@@', 'p@@', 'end', 'har@@', 't', 'van', 'ons', 'glob@@', 'aal', 'k@@', 'li@@', 'ma@@', 'at@@', 'systeem', '.']
2026-05-27 23:29:30,968 - DEBUG - joeynmt.training - 	Tokenized reference:  ['The', 'ar@@', 'c@@', 'ti@@', 'c', 'ice', 'ca@@', 'p', 'is', ',', 'in', 'a', 'sense', ',', 'the', 'be@@', 'ating', 'he@@', 'art', 'of', 'the', 'glob@@', 'al', 'c@@', 'lim@@', 'ate', 'system', '.']
2026-05-27 23:29:30,968 - DEBUG - joeynmt.training - 	Tokenized hypothesis: ['The', 'ice', 'sk@@', 'a@@', 'p', 'on', 'the', 'N@@', 'or@@', 'th', 'P@@', 'ole', 'is', 'in', 'a', 'cer@@', 'ta@@', 'in', 'sense', ',', 'the', 'c@@', 'li@@', 'm@@', 'p', 'of', 'our', 'glob@@', 'al', 'c@@', 'li@@', 'ma@@', 'kes', 'us', 'glob@@', 'al', 'c@@', 'lim@@', 'ate', 'system', '.', '</s>']
2026-05-27 23:29:30,968 - INFO - joeynmt.training - 	Source:     De ijskap op de Noordpool is in zekere zin het kloppend hart van ons globaal klimaatsysteem .
2026-05-27 23:29:30,968 - INFO - joeynmt.training - 	Reference:  The arctic ice cap is , in a sense , the beating heart of the global climate system .
2026-05-27 23:29:30,968 - INFO - joeynmt.training - 	Hypothesis: The ice skap on the North Pole is in a certain sense , the climp of our global climakes us global climate system .
2026-05-27 23:29:30,968 - INFO - joeynmt.training - Example #3
2026-05-27 23:29:30,969 - DEBUG - joeynmt.training - 	Tokenized source:     ['Het', 'z@@', 'et', 'uit', 'in', 'de', 'win@@', 'ter', 'en', 'k@@', 'ri@@', 'mp@@', 't', 'in', 'de', 'z@@', 'om@@', 'er', '.']
2026-05-27 23:29:30,969 - DEBUG - joeynmt.training - 	Tokenized reference:  ['It', 'exp@@', 'and@@', 's', 'in', 'win@@', 'ter', 'and', 'con@@', 'tr@@', 'ac@@', 'ts', 'in', 'su@@', 'mm@@', 'er', '.']
2026-05-27 23:29:30,969 - DEBUG - joeynmt.training - 	Tokenized hypothesis: ['It', '&apos;s', 'in', 'the', 'win@@', 'ter', 'and', 'the', 'su@@', 'mm@@', 'er', '.', '</s>']
2026-05-27 23:29:30,969 - INFO - joeynmt.training - 	Source:     Het zet uit in de winter en krimpt in de zomer .
2026-05-27 23:29:30,969 - INFO - joeynmt.training - 	Reference:  It expands in winter and contracts in summer .
2026-05-27 23:29:30,969 - INFO - joeynmt.training - 	Hypothesis: It &apos;s in the winter and the summer .
2026-05-27 23:29:30,969 - INFO - joeynmt.training - Example #4
2026-05-27 23:29:30,969 - DEBUG - joeynmt.training - 	Tokenized source:     ['De', 'volgende', 'dia', 'die', 'ik', 'laat', 'zien', 'is', 'een', 'vers@@', 'n@@', 'el@@', 'de', 'ver@@', 'sie', 'van', 'wat', 'er', 'de', 'af@@', 'gel@@', 'open', '2@@', '5', 'jaar', 'is', 'gebeur@@', 'd', '.']
2026-05-27 23:29:30,969 - DEBUG - joeynmt.training - 	Tokenized reference:  ['The', 'next', 'sli@@', 'de', 'I', 'show', 'you', 'will', 'be', 'a', 'r@@', 'ap@@', 'id', 'fa@@', 'st@@', '-@@', 'for@@', 'ward', 'of', 'what', '&apos;s', 'happened', 'over', 'the', 'last', '2@@', '5', 'years', '.']
2026-05-27 23:29:30,969 - DEBUG - joeynmt.training - 	Tokenized hypothesis: ['The', 'next', 'sli@@', 'de', 'I', '&apos;m', 'sho@@', 'wing', 'is', 'a', 'ac@@', 'cel@@', 'er@@', 'ated', 'ver@@', 'sion', 'of', 'what', '&apos;s', 'going', 'to', 'happ@@', 'en', 'to', 'the', 'last', '2@@', '5', 'years', '.', '</s>']
2026-05-27 23:29:30,969 - INFO - joeynmt.training - 	Source:     De volgende dia die ik laat zien is een versnelde versie van wat er de afgelopen 25 jaar is gebeurd .
2026-05-27 23:29:30,969 - INFO - joeynmt.training - 	Reference:  The next slide I show you will be a rapid fast-forward of what &apos;s happened over the last 25 years .
2026-05-27 23:29:30,969 - INFO - joeynmt.training - 	Hypothesis: The next slide I &apos;m showing is a accelerated version of what &apos;s going to happen to the last 25 years .
2026-05-27 23:29:44,634 - INFO - joeynmt.training - Epoch   5, Step:    17600, Batch Loss:     1.203944, Batch Acc: 0.607074, Tokens per Sec:     5506, Lr: 0.000300
2026-05-27 23:29:56,961 - INFO - joeynmt.training - Epoch   5, Step:    17700, Batch Loss:     1.354680, Batch Acc: 0.610115, Tokens per Sec:     6061, Lr: 0.000300
2026-05-27 23:30:09,524 - INFO - joeynmt.training - Epoch   5, Step:    17800, Batch Loss:     1.367508, Batch Acc: 0.607677, Tokens per Sec:     5939, Lr: 0.000300
2026-05-27 23:30:22,346 - INFO - joeynmt.training - Epoch   5, Step:    17900, Batch Loss:     1.546029, Batch Acc: 0.609040, Tokens per Sec:     5769, Lr: 0.000300
2026-05-27 23:30:34,259 - INFO - joeynmt.training - Epoch   5, Step:    18000, Batch Loss:     1.394672, Batch Acc: 0.606138, Tokens per Sec:     6204, Lr: 0.000300
2026-05-27 23:30:34,260 - WARNING - joeynmt.helpers - `alpha` option is obsolete. Please use `beam_alpha`, instead.
2026-05-27 23:30:34,260 - INFO - joeynmt.prediction - Predicting 1003 example(s)... (Greedy decoding with min_output_length=1, max_output_length=-1, return_prob='none', generate_unk=True, repetition_penalty=-1, no_repeat_ngram_size=-1)
2026-05-27 23:30:59,896 - INFO - joeynmt.prediction - Evaluation result (greedy) loss:   1.72, ppl:   5.60, acc:   0.51, generation: 25.6270[sec], evaluation: 0.0000[sec]
2026-05-27 23:30:59,898 - INFO - joeynmt.training - Hooray! New best validation result [ppl]!
2026-05-27 23:31:00,019 - INFO - joeynmt.helpers - delete models/tf_bpe_2000_nl_en/16000.ckpt
2026-05-27 23:31:00,021 - INFO - joeynmt.training - Example #0
2026-05-27 23:31:00,021 - DEBUG - joeynmt.training - 	Tokenized source:     ['V@@', 'or@@', 'ig', 'jaar', 'li@@', 'et', 'ik', 'deze', 'twee', 'dia', '&apos;', 's', 'zien', 'om', 'aan', 'te', 't@@', 'onen', 'dat', 'de', 'p@@', 'oo@@', 'lij@@', 'sk@@', 'a@@', 'p', ',', 'die', 'de', 'af@@', 'gel@@', 'open', 'drie', 'miljoen', 'jaar', 'ongeveer', 'de', 'groot@@', 'te', 'had', 'van', 'het', 'va@@', 'stel@@', 'and', 'van', 'de', 'V@@', 'S', ',', 'met', '4@@', '0', '%', 'ge@@', 'k@@', 'r@@', 'om@@', 'pen', 'was', '.']
2026-05-27 23:31:00,021 - DEBUG - joeynmt.training - 	Tokenized reference:  ['La@@', 'st', 'year', 'I', 'sho@@', 'w@@', 'ed', 'these', 'two', 'sli@@', 'des', 'so', 'that', 'de@@', 'mon@@', 'str@@', 'ate', 'that', 'the', 'ar@@', 'c@@', 'ti@@', 'c', 'ice', 'ca@@', 'p', ',', 'which', 'for', 'most', 'of', 'the', 'last', 'three', 'million', 'years', 'has', 'been', 'the', 'si@@', 'ze', 'of', 'the', 'lo@@', 'wer', '4@@', '8', 'st@@', 'ates', ',', 'has', 'sh@@', 'r@@', 'un@@', 'k', 'by', '4@@', '0', 'percent', '.']
2026-05-27 23:31:00,021 - DEBUG - joeynmt.training - 	Tokenized hypothesis: ['And', 'last', 'year', ',', 'I', 'sho@@', 'w@@', 'ed', 'these', 'two', 'sli@@', 'des', 'to', 'show', 'that', 'the', 'p@@', 'oo@@', 'b@@', 'b@@', 'b@@', 'y@@', 'a@@', 'p', ',', 'which', 'the', 'last', 'three', 'million', 'years', 'of', 'the', 'U@@', 'n@@', 'ited', 'St@@', 'ates', ',', 'with', '4@@', '0', 'percent', 'of', 'the', 'U@@', 'n@@', 'ited', 'St@@', 'ates', ',', 'with', '4@@', '0', 'percent', '.', '</s>']
2026-05-27 23:31:00,021 - INFO - joeynmt.training - 	Source:     Vorig jaar liet ik deze twee dia &apos; s zien om aan te tonen dat de poolijskap , die de afgelopen drie miljoen jaar ongeveer de grootte had van het vasteland van de VS , met 40 % gekrompen was .
2026-05-27 23:31:00,021 - INFO - joeynmt.training - 	Reference:  Last year I showed these two slides so that demonstrate that the arctic ice cap , which for most of the last three million years has been the size of the lower 48 states , has shrunk by 40 percent .
2026-05-27 23:31:00,021 - INFO - joeynmt.training - 	Hypothesis: And last year , I showed these two slides to show that the poobbbyap , which the last three million years of the United States , with 40 percent of the United States , with 40 percent .
2026-05-27 23:31:00,021 - INFO - joeynmt.training - Example #1
2026-05-27 23:31:00,021 - DEBUG - joeynmt.training - 	Tokenized source:     ['Maar', 'dit', 'onder@@', 'sch@@', 'at', 'eigenlijk', 'de', 'er@@', 'n@@', 'st', 'van', 'dit', 'speci@@', 'f@@', 'ieke', 'probleem', 'omdat', 'het', 'niet', 'de', 'di@@', 'kte', 'van', 'het', 'ij@@', 's', 'laat', 'zien', '.']
2026-05-27 23:31:00,021 - DEBUG - joeynmt.training - 	Tokenized reference:  ['But', 'this', 'under@@', 'st@@', 'ates', 'the', 'ser@@', 'i@@', 'ous@@', 'ness', 'of', 'this', 'parti@@', 'cu@@', 'lar', 'problem', 'because', 'it', 'doesn', '&apos;t', 'show', 'the', 'th@@', 'ic@@', 'k@@', 'ness', 'of', 'the', 'ice', '.']
2026-05-27 23:31:00,021 - DEBUG - joeynmt.training - 	Tokenized hypothesis: ['But', 'this', 'under@@', 'est@@', 'im@@', 'ated', 'the', 'experi@@', 'ence', 'of', 'this', 'parti@@', 'cu@@', 'lar', 'problem', 'because', 'it', 'doesn', '&apos;t', 'show', 'the', 'di@@', 'se@@', 'ase', 'of', 'the', 'ice', '.', '</s>']
2026-05-27 23:31:00,022 - INFO - joeynmt.training - 	Source:     Maar dit onderschat eigenlijk de ernst van dit specifieke probleem omdat het niet de dikte van het ijs laat zien .
2026-05-27 23:31:00,022 - INFO - joeynmt.training - 	Reference:  But this understates the seriousness of this particular problem because it doesn &apos;t show the thickness of the ice .
2026-05-27 23:31:00,022 - INFO - joeynmt.training - 	Hypothesis: But this underestimated the experience of this particular problem because it doesn &apos;t show the disease of the ice .
2026-05-27 23:31:00,022 - INFO - joeynmt.training - Example #2
2026-05-27 23:31:00,022 - DEBUG - joeynmt.training - 	Tokenized source:     ['De', 'ij@@', 'sk@@', 'a@@', 'p', 'op', 'de', 'N@@', 'oor@@', 'd@@', 'p@@', 'ool', 'is', 'in', 'ze@@', 'k@@', 'ere', 'z@@', 'in', 'het', 'kl@@', 'op@@', 'p@@', 'end', 'har@@', 't', 'van', 'ons', 'glob@@', 'aal', 'k@@', 'li@@', 'ma@@', 'at@@', 'systeem', '.']
2026-05-27 23:31:00,022 - DEBUG - joeynmt.training - 	Tokenized reference:  ['The', 'ar@@', 'c@@', 'ti@@', 'c', 'ice', 'ca@@', 'p', 'is', ',', 'in', 'a', 'sense', ',', 'the', 'be@@', 'ating', 'he@@', 'art', 'of', 'the', 'glob@@', 'al', 'c@@', 'lim@@', 'ate', 'system', '.']
2026-05-27 23:31:00,022 - DEBUG - joeynmt.training - 	Tokenized hypothesis: ['The', 'ice', 'sk@@', 'a@@', 'p', 'on', 'the', 'N@@', 'or@@', 'th', 'P@@', 'ole', 'in', 'a', 'sense', ',', 'in', 'a', 'sense', ',', 'the', 'c@@', 'lim@@', 'ate', 'system', '.', '</s>']
2026-05-27 23:31:00,022 - INFO - joeynmt.training - 	Source:     De ijskap op de Noordpool is in zekere zin het kloppend hart van ons globaal klimaatsysteem .
2026-05-27 23:31:00,022 - INFO - joeynmt.training - 	Reference:  The arctic ice cap is , in a sense , the beating heart of the global climate system .
2026-05-27 23:31:00,022 - INFO - joeynmt.training - 	Hypothesis: The ice skap on the North Pole in a sense , in a sense , the climate system .
2026-05-27 23:31:00,022 - INFO - joeynmt.training - Example #3
2026-05-27 23:31:00,022 - DEBUG - joeynmt.training - 	Tokenized source:     ['Het', 'z@@', 'et', 'uit', 'in', 'de', 'win@@', 'ter', 'en', 'k@@', 'ri@@', 'mp@@', 't', 'in', 'de', 'z@@', 'om@@', 'er', '.']
2026-05-27 23:31:00,022 - DEBUG - joeynmt.training - 	Tokenized reference:  ['It', 'exp@@', 'and@@', 's', 'in', 'win@@', 'ter', 'and', 'con@@', 'tr@@', 'ac@@', 'ts', 'in', 'su@@', 'mm@@', 'er', '.']
2026-05-27 23:31:00,022 - DEBUG - joeynmt.training - 	Tokenized hypothesis: ['It', 'was', 'in', 'the', 'win@@', 'ter', 'and', 'c@@', 'ri@@', 'm', 'in', 'the', 'su@@', 'mm@@', 'er', '.', '</s>']
2026-05-27 23:31:00,023 - INFO - joeynmt.training - 	Source:     Het zet uit in de winter en krimpt in de zomer .
2026-05-27 23:31:00,023 - INFO - joeynmt.training - 	Reference:  It expands in winter and contracts in summer .
2026-05-27 23:31:00,023 - INFO - joeynmt.training - 	Hypothesis: It was in the winter and crim in the summer .
2026-05-27 23:31:00,023 - INFO - joeynmt.training - Example #4
2026-05-27 23:31:00,023 - DEBUG - joeynmt.training - 	Tokenized source:     ['De', 'volgende', 'dia', 'die', 'ik', 'laat', 'zien', 'is', 'een', 'vers@@', 'n@@', 'el@@', 'de', 'ver@@', 'sie', 'van', 'wat', 'er', 'de', 'af@@', 'gel@@', 'open', '2@@', '5', 'jaar', 'is', 'gebeur@@', 'd', '.']
2026-05-27 23:31:00,023 - DEBUG - joeynmt.training - 	Tokenized reference:  ['The', 'next', 'sli@@', 'de', 'I', 'show', 'you', 'will', 'be', 'a', 'r@@', 'ap@@', 'id', 'fa@@', 'st@@', '-@@', 'for@@', 'ward', 'of', 'what', '&apos;s', 'happened', 'over', 'the', 'last', '2@@', '5', 'years', '.']
2026-05-27 23:31:00,023 - DEBUG - joeynmt.training - 	Tokenized hypothesis: ['The', 'next', 'sli@@', 'de', 'I', '&apos;m', 'sho@@', 'wing', 'is', 'a', 'vers@@', 'ar@@', 'ri@@', 'd', 'ver@@', 'sion', 'of', 'what', 'happened', 'to', 'the', 'last', '2@@', '5', 'years', '.', '</s>']
2026-05-27 23:31:00,023 - INFO - joeynmt.training - 	Source:     De volgende dia die ik laat zien is een versnelde versie van wat er de afgelopen 25 jaar is gebeurd .
2026-05-27 23:31:00,023 - INFO - joeynmt.training - 	Reference:  The next slide I show you will be a rapid fast-forward of what &apos;s happened over the last 25 years .
2026-05-27 23:31:00,023 - INFO - joeynmt.training - 	Hypothesis: The next slide I &apos;m showing is a versarrid version of what happened to the last 25 years .
2026-05-27 23:31:11,922 - INFO - joeynmt.training - Epoch   5, Step:    18100, Batch Loss:     1.402733, Batch Acc: 0.606682, Tokens per Sec:     6238, Lr: 0.000300
2026-05-27 23:31:24,531 - INFO - joeynmt.training - Epoch   5, Step:    18200, Batch Loss:     1.389668, Batch Acc: 0.602469, Tokens per Sec:     6000, Lr: 0.000300
2026-05-27 23:31:36,555 - INFO - joeynmt.training - Epoch   5, Step:    18300, Batch Loss:     1.492862, Batch Acc: 0.603901, Tokens per Sec:     6298, Lr: 0.000300
2026-05-27 23:31:48,676 - INFO - joeynmt.training - Epoch   5, Step:    18400, Batch Loss:     1.380137, Batch Acc: 0.600426, Tokens per Sec:     6352, Lr: 0.000300
2026-05-27 23:32:00,297 - INFO - joeynmt.training - Epoch   5, Step:    18500, Batch Loss:     1.242635, Batch Acc: 0.606118, Tokens per Sec:     6409, Lr: 0.000300
2026-05-27 23:32:00,298 - WARNING - joeynmt.helpers - `alpha` option is obsolete. Please use `beam_alpha`, instead.
2026-05-27 23:32:00,298 - INFO - joeynmt.prediction - Predicting 1003 example(s)... (Greedy decoding with min_output_length=1, max_output_length=-1, return_prob='none', generate_unk=True, repetition_penalty=-1, no_repeat_ngram_size=-1)
2026-05-27 23:32:32,250 - INFO - joeynmt.prediction - Evaluation result (greedy) loss:   1.72, ppl:   5.57, acc:   0.51, generation: 31.9410[sec], evaluation: 0.0000[sec]
2026-05-27 23:32:32,252 - INFO - joeynmt.training - Hooray! New best validation result [ppl]!
2026-05-27 23:32:32,416 - INFO - joeynmt.helpers - delete models/tf_bpe_2000_nl_en/16500.ckpt
2026-05-27 23:32:32,418 - INFO - joeynmt.training - Example #0
2026-05-27 23:32:32,418 - DEBUG - joeynmt.training - 	Tokenized source:     ['V@@', 'or@@', 'ig', 'jaar', 'li@@', 'et', 'ik', 'deze', 'twee', 'dia', '&apos;', 's', 'zien', 'om', 'aan', 'te', 't@@', 'onen', 'dat', 'de', 'p@@', 'oo@@', 'lij@@', 'sk@@', 'a@@', 'p', ',', 'die', 'de', 'af@@', 'gel@@', 'open', 'drie', 'miljoen', 'jaar', 'ongeveer', 'de', 'groot@@', 'te', 'had', 'van', 'het', 'va@@', 'stel@@', 'and', 'van', 'de', 'V@@', 'S', ',', 'met', '4@@', '0', '%', 'ge@@', 'k@@', 'r@@', 'om@@', 'pen', 'was', '.']
2026-05-27 23:32:32,418 - DEBUG - joeynmt.training - 	Tokenized reference:  ['La@@', 'st', 'year', 'I', 'sho@@', 'w@@', 'ed', 'these', 'two', 'sli@@', 'des', 'so', 'that', 'de@@', 'mon@@', 'str@@', 'ate', 'that', 'the', 'ar@@', 'c@@', 'ti@@', 'c', 'ice', 'ca@@', 'p', ',', 'which', 'for', 'most', 'of', 'the', 'last', 'three', 'million', 'years', 'has', 'been', 'the', 'si@@', 'ze', 'of', 'the', 'lo@@', 'wer', '4@@', '8', 'st@@', 'ates', ',', 'has', 'sh@@', 'r@@', 'un@@', 'k', 'by', '4@@', '0', 'percent', '.']
2026-05-27 23:32:32,418 - DEBUG - joeynmt.training - 	Tokenized hypothesis: ['And', 'I', 'le@@', 'ft', 'this', 'two', 'sli@@', 'des', 'to', 'see', 'that', 'the', 'p@@', 'oo@@', 'ls', 'to', 'show', 'that', 'the', 'p@@', 'oo@@', 'ls', 'that', 'the', 'p@@', 'oo@@', 'ls', ',', 'which', 'was', 'about', 'three', 'million', 'years', 'of', 'the', 'U@@', '.@@', 'S@@', '.', ',', 'with', '4@@', '0', 'percent', 'of', 'the', 'U@@', 'n@@', 'ited', 'St@@', 'ates', ',', 'with', '4@@', '0', 'percent', 'of', 'the', 'U@@', 'n@@', 'ited', 'St@@', 'ates', ',', 'with', '4@@', '0', 'percent', 'of', 'the', 'U@@', 'n@@', 'ited', 'St@@', 'ates', ',', 'with', '4@@', '0', 'percent', 'of', 'the', 'U@@', '.@@', 'S@@', '.', ',', 'I', 'sho@@', 'w@@', 'ed', 'these', 'two', 'sli@@', 'des', 'of', 'the', 'U@@', '.@@', 'S@@', '.', ',', 'I', 'I', 'let', 'let', '&apos;s', 'show', 'you', 'that']
2026-05-27 23:32:32,418 - INFO - joeynmt.training - 	Source:     Vorig jaar liet ik deze twee dia &apos; s zien om aan te tonen dat de poolijskap , die de afgelopen drie miljoen jaar ongeveer de grootte had van het vasteland van de VS , met 40 % gekrompen was .
2026-05-27 23:32:32,418 - INFO - joeynmt.training - 	Reference:  Last year I showed these two slides so that demonstrate that the arctic ice cap , which for most of the last three million years has been the size of the lower 48 states , has shrunk by 40 percent .
2026-05-27 23:32:32,418 - INFO - joeynmt.training - 	Hypothesis: And I left this two slides to see that the pools to show that the pools that the pools , which was about three million years of the U.S. , with 40 percent of the United States , with 40 percent of the United States , with 40 percent of the United States , with 40 percent of the U.S. , I showed these two slides of the U.S. , I I let let &apos;s show you that
2026-05-27 23:32:32,419 - INFO - joeynmt.training - Example #1
2026-05-27 23:32:32,419 - DEBUG - joeynmt.training - 	Tokenized source:     ['Maar', 'dit', 'onder@@', 'sch@@', 'at', 'eigenlijk', 'de', 'er@@', 'n@@', 'st', 'van', 'dit', 'speci@@', 'f@@', 'ieke', 'probleem', 'omdat', 'het', 'niet', 'de', 'di@@', 'kte', 'van', 'het', 'ij@@', 's', 'laat', 'zien', '.']
2026-05-27 23:32:32,419 - DEBUG - joeynmt.training - 	Tokenized reference:  ['But', 'this', 'under@@', 'st@@', 'ates', 'the', 'ser@@', 'i@@', 'ous@@', 'ness', 'of', 'this', 'parti@@', 'cu@@', 'lar', 'problem', 'because', 'it', 'doesn', '&apos;t', 'show', 'the', 'th@@', 'ic@@', 'k@@', 'ness', 'of', 'the', 'ice', '.']
2026-05-27 23:32:32,419 - DEBUG - joeynmt.training - 	Tokenized hypothesis: ['But', 'this', 'under@@', 'st@@', 'ood', 'of', 'this', 'parti@@', 'cu@@', 'lar', 'problem', 'because', 'it', 'didn', '&apos;t', 'have', 'the', 'di@@', 'se@@', 'ase', 'of', 'the', 'ice', 'of', 'the', 'ice', '.', '</s>']
2026-05-27 23:32:32,419 - INFO - joeynmt.training - 	Source:     Maar dit onderschat eigenlijk de ernst van dit specifieke probleem omdat het niet de dikte van het ijs laat zien .
2026-05-27 23:32:32,419 - INFO - joeynmt.training - 	Reference:  But this understates the seriousness of this particular problem because it doesn &apos;t show the thickness of the ice .
2026-05-27 23:32:32,419 - INFO - joeynmt.training - 	Hypothesis: But this understood of this particular problem because it didn &apos;t have the disease of the ice of the ice .
2026-05-27 23:32:32,419 - INFO - joeynmt.training - Example #2
2026-05-27 23:32:32,419 - DEBUG - joeynmt.training - 	Tokenized source:     ['De', 'ij@@', 'sk@@', 'a@@', 'p', 'op', 'de', 'N@@', 'oor@@', 'd@@', 'p@@', 'ool', 'is', 'in', 'ze@@', 'k@@', 'ere', 'z@@', 'in', 'het', 'kl@@', 'op@@', 'p@@', 'end', 'har@@', 't', 'van', 'ons', 'glob@@', 'aal', 'k@@', 'li@@', 'ma@@', 'at@@', 'systeem', '.']
2026-05-27 23:32:32,419 - DEBUG - joeynmt.training - 	Tokenized reference:  ['The', 'ar@@', 'c@@', 'ti@@', 'c', 'ice', 'ca@@', 'p', 'is', ',', 'in', 'a', 'sense', ',', 'the', 'be@@', 'ating', 'he@@', 'art', 'of', 'the', 'glob@@', 'al', 'c@@', 'lim@@', 'ate', 'system', '.']
2026-05-27 23:32:32,419 - DEBUG - joeynmt.training - 	Tokenized hypothesis: ['The', 'ice', 'sk@@', 'a@@', 'p', 'on', 'the', 'N@@', 'or@@', 'th', 'P@@', 'ole', 'is', 'in', 'a', 'sense', ',', 'in', 'the', 'c@@', 'la@@', 'p', 'of', 'our', 'glob@@', 'al', 'c@@', 'lim@@', 'ate', 'system', '.', '</s>']
2026-05-27 23:32:32,419 - INFO - joeynmt.training - 	Source:     De ijskap op de Noordpool is in zekere zin het kloppend hart van ons globaal klimaatsysteem .
2026-05-27 23:32:32,419 - INFO - joeynmt.training - 	Reference:  The arctic ice cap is , in a sense , the beating heart of the global climate system .
2026-05-27 23:32:32,419 - INFO - joeynmt.training - 	Hypothesis: The ice skap on the North Pole is in a sense , in the clap of our global climate system .
2026-05-27 23:32:32,420 - INFO - joeynmt.training - Example #3
2026-05-27 23:32:32,420 - DEBUG - joeynmt.training - 	Tokenized source:     ['Het', 'z@@', 'et', 'uit', 'in', 'de', 'win@@', 'ter', 'en', 'k@@', 'ri@@', 'mp@@', 't', 'in', 'de', 'z@@', 'om@@', 'er', '.']
2026-05-27 23:32:32,420 - DEBUG - joeynmt.training - 	Tokenized reference:  ['It', 'exp@@', 'and@@', 's', 'in', 'win@@', 'ter', 'and', 'con@@', 'tr@@', 'ac@@', 'ts', 'in', 'su@@', 'mm@@', 'er', '.']
2026-05-27 23:32:32,420 - DEBUG - joeynmt.training - 	Tokenized hypothesis: ['It', 'was', 'in', 'the', 'win@@', 'ter', 'and', 'c@@', 'ri@@', 'm', 'in', 'the', 'su@@', 'mm@@', 'er', '.', '</s>']
2026-05-27 23:32:32,420 - INFO - joeynmt.training - 	Source:     Het zet uit in de winter en krimpt in de zomer .
2026-05-27 23:32:32,420 - INFO - joeynmt.training - 	Reference:  It expands in winter and contracts in summer .
2026-05-27 23:32:32,420 - INFO - joeynmt.training - 	Hypothesis: It was in the winter and crim in the summer .
2026-05-27 23:32:32,420 - INFO - joeynmt.training - Example #4
2026-05-27 23:32:32,420 - DEBUG - joeynmt.training - 	Tokenized source:     ['De', 'volgende', 'dia', 'die', 'ik', 'laat', 'zien', 'is', 'een', 'vers@@', 'n@@', 'el@@', 'de', 'ver@@', 'sie', 'van', 'wat', 'er', 'de', 'af@@', 'gel@@', 'open', '2@@', '5', 'jaar', 'is', 'gebeur@@', 'd', '.']
2026-05-27 23:32:32,420 - DEBUG - joeynmt.training - 	Tokenized reference:  ['The', 'next', 'sli@@', 'de', 'I', 'show', 'you', 'will', 'be', 'a', 'r@@', 'ap@@', 'id', 'fa@@', 'st@@', '-@@', 'for@@', 'ward', 'of', 'what', '&apos;s', 'happened', 'over', 'the', 'last', '2@@', '5', 'years', '.']
2026-05-27 23:32:32,420 - DEBUG - joeynmt.training - 	Tokenized hypothesis: ['The', 'next', 'sli@@', 'de', 'I', '&apos;m', 'sho@@', 'wing', 'is', 'a', 'ac@@', 'cel@@', 'er@@', 'ated', 'ver@@', 'sion', 'of', 'what', 'happened', 'to', 'happ@@', 'en', 'is', 'the', 'last', '2@@', '5', 'years', '.', '</s>']
2026-05-27 23:32:32,420 - INFO - joeynmt.training - 	Source:     De volgende dia die ik laat zien is een versnelde versie van wat er de afgelopen 25 jaar is gebeurd .
2026-05-27 23:32:32,420 - INFO - joeynmt.training - 	Reference:  The next slide I show you will be a rapid fast-forward of what &apos;s happened over the last 25 years .
2026-05-27 23:32:32,420 - INFO - joeynmt.training - 	Hypothesis: The next slide I &apos;m showing is a accelerated version of what happened to happen is the last 25 years .
2026-05-27 23:32:45,755 - INFO - joeynmt.training - Epoch   5, Step:    18600, Batch Loss:     1.475043, Batch Acc: 0.605825, Tokens per Sec:     5720, Lr: 0.000300
2026-05-27 23:32:58,248 - INFO - joeynmt.training - Epoch   5, Step:    18700, Batch Loss:     1.454158, Batch Acc: 0.609455, Tokens per Sec:     5790, Lr: 0.000300
2026-05-27 23:33:10,876 - INFO - joeynmt.training - Epoch   5, Step:    18800, Batch Loss:     1.417920, Batch Acc: 0.602823, Tokens per Sec:     5958, Lr: 0.000300
2026-05-27 23:33:23,752 - INFO - joeynmt.training - Epoch   5, Step:    18900, Batch Loss:     1.228433, Batch Acc: 0.606763, Tokens per Sec:     5878, Lr: 0.000300
2026-05-27 23:33:37,255 - INFO - joeynmt.training - Epoch   5, Step:    19000, Batch Loss:     1.164531, Batch Acc: 0.604059, Tokens per Sec:     5518, Lr: 0.000300
2026-05-27 23:33:37,256 - WARNING - joeynmt.helpers - `alpha` option is obsolete. Please use `beam_alpha`, instead.
2026-05-27 23:33:37,256 - INFO - joeynmt.prediction - Predicting 1003 example(s)... (Greedy decoding with min_output_length=1, max_output_length=-1, return_prob='none', generate_unk=True, repetition_penalty=-1, no_repeat_ngram_size=-1)
2026-05-27 23:34:02,844 - INFO - joeynmt.prediction - Evaluation result (greedy) loss:   1.71, ppl:   5.55, acc:   0.52, generation: 25.5747[sec], evaluation: 0.0000[sec]
2026-05-27 23:34:02,845 - INFO - joeynmt.training - Hooray! New best validation result [ppl]!
2026-05-27 23:34:03,008 - INFO - joeynmt.helpers - delete models/tf_bpe_2000_nl_en/15500.ckpt
2026-05-27 23:34:03,010 - INFO - joeynmt.training - Example #0
2026-05-27 23:34:03,010 - DEBUG - joeynmt.training - 	Tokenized source:     ['V@@', 'or@@', 'ig', 'jaar', 'li@@', 'et', 'ik', 'deze', 'twee', 'dia', '&apos;', 's', 'zien', 'om', 'aan', 'te', 't@@', 'onen', 'dat', 'de', 'p@@', 'oo@@', 'lij@@', 'sk@@', 'a@@', 'p', ',', 'die', 'de', 'af@@', 'gel@@', 'open', 'drie', 'miljoen', 'jaar', 'ongeveer', 'de', 'groot@@', 'te', 'had', 'van', 'het', 'va@@', 'stel@@', 'and', 'van', 'de', 'V@@', 'S', ',', 'met', '4@@', '0', '%', 'ge@@', 'k@@', 'r@@', 'om@@', 'pen', 'was', '.']
2026-05-27 23:34:03,010 - DEBUG - joeynmt.training - 	Tokenized reference:  ['La@@', 'st', 'year', 'I', 'sho@@', 'w@@', 'ed', 'these', 'two', 'sli@@', 'des', 'so', 'that', 'de@@', 'mon@@', 'str@@', 'ate', 'that', 'the', 'ar@@', 'c@@', 'ti@@', 'c', 'ice', 'ca@@', 'p', ',', 'which', 'for', 'most', 'of', 'the', 'last', 'three', 'million', 'years', 'has', 'been', 'the', 'si@@', 'ze', 'of', 'the', 'lo@@', 'wer', '4@@', '8', 'st@@', 'ates', ',', 'has', 'sh@@', 'r@@', 'un@@', 'k', 'by', '4@@', '0', 'percent', '.']
2026-05-27 23:34:03,010 - DEBUG - joeynmt.training - 	Tokenized hypothesis: ['And', 'last', 'year', 'I', 'sho@@', 'w@@', 'ed', 'these', 'two', 'sli@@', 'des', 'to', 'see', 'that', 'the', 'p@@', 'oo@@', 'ls', 'that', 'the', 'p@@', 'oo@@', 'ls', ',', 'which', 'was', 'the', 'last', 'three', 'million', 'years', 'of', 'the', 'va@@', 'st', 'three', 'million', 'years', 'of', 'the', 'va@@', 'st@@', 'able', 'of', 'the', 'U@@', 'n@@', 'ited', 'St@@', 'ates', ',', 'with', '4@@', '0', 'percent', 'of', 'the', 'U@@', 'n@@', 'ited', 'St@@', 'ates', ',', '</s>']
2026-05-27 23:34:03,010 - INFO - joeynmt.training - 	Source:     Vorig jaar liet ik deze twee dia &apos; s zien om aan te tonen dat de poolijskap , die de afgelopen drie miljoen jaar ongeveer de grootte had van het vasteland van de VS , met 40 % gekrompen was .
2026-05-27 23:34:03,011 - INFO - joeynmt.training - 	Reference:  Last year I showed these two slides so that demonstrate that the arctic ice cap , which for most of the last three million years has been the size of the lower 48 states , has shrunk by 40 percent .
2026-05-27 23:34:03,011 - INFO - joeynmt.training - 	Hypothesis: And last year I showed these two slides to see that the pools that the pools , which was the last three million years of the vast three million years of the vastable of the United States , with 40 percent of the United States ,
2026-05-27 23:34:03,011 - INFO - joeynmt.training - Example #1
2026-05-27 23:34:03,011 - DEBUG - joeynmt.training - 	Tokenized source:     ['Maar', 'dit', 'onder@@', 'sch@@', 'at', 'eigenlijk', 'de', 'er@@', 'n@@', 'st', 'van', 'dit', 'speci@@', 'f@@', 'ieke', 'probleem', 'omdat', 'het', 'niet', 'de', 'di@@', 'kte', 'van', 'het', 'ij@@', 's', 'laat', 'zien', '.']
2026-05-27 23:34:03,011 - DEBUG - joeynmt.training - 	Tokenized reference:  ['But', 'this', 'under@@', 'st@@', 'ates', 'the', 'ser@@', 'i@@', 'ous@@', 'ness', 'of', 'this', 'parti@@', 'cu@@', 'lar', 'problem', 'because', 'it', 'doesn', '&apos;t', 'show', 'the', 'th@@', 'ic@@', 'k@@', 'ness', 'of', 'the', 'ice', '.']
2026-05-27 23:34:03,011 - DEBUG - joeynmt.training - 	Tokenized hypothesis: ['But', 'this', 'under@@', 'st@@', 'ood', 'of', 'this', 'parti@@', 'cu@@', 'lar', 'problem', 'because', 'it', 'doesn', '&apos;t', 'show', 'the', 'th@@', 'ree@@', '-@@', 'problem', 'because', 'it', 'doesn', '&apos;t', 'show', 'the', 'th@@', 'ree@@', '-@@', 'to@@', '-@@', 'the', 'ice', '.', '</s>']
2026-05-27 23:34:03,011 - INFO - joeynmt.training - 	Source:     Maar dit onderschat eigenlijk de ernst van dit specifieke probleem omdat het niet de dikte van het ijs laat zien .
2026-05-27 23:34:03,011 - INFO - joeynmt.training - 	Reference:  But this understates the seriousness of this particular problem because it doesn &apos;t show the thickness of the ice .
2026-05-27 23:34:03,011 - INFO - joeynmt.training - 	Hypothesis: But this understood of this particular problem because it doesn &apos;t show the three-problem because it doesn &apos;t show the three-to-the ice .
2026-05-27 23:34:03,011 - INFO - joeynmt.training - Example #2
2026-05-27 23:34:03,011 - DEBUG - joeynmt.training - 	Tokenized source:     ['De', 'ij@@', 'sk@@', 'a@@', 'p', 'op', 'de', 'N@@', 'oor@@', 'd@@', 'p@@', 'ool', 'is', 'in', 'ze@@', 'k@@', 'ere', 'z@@', 'in', 'het', 'kl@@', 'op@@', 'p@@', 'end', 'har@@', 't', 'van', 'ons', 'glob@@', 'aal', 'k@@', 'li@@', 'ma@@', 'at@@', 'systeem', '.']
2026-05-27 23:34:03,011 - DEBUG - joeynmt.training - 	Tokenized reference:  ['The', 'ar@@', 'c@@', 'ti@@', 'c', 'ice', 'ca@@', 'p', 'is', ',', 'in', 'a', 'sense', ',', 'the', 'be@@', 'ating', 'he@@', 'art', 'of', 'the', 'glob@@', 'al', 'c@@', 'lim@@', 'ate', 'system', '.']
2026-05-27 23:34:03,011 - DEBUG - joeynmt.training - 	Tokenized hypothesis: ['The', 'ice', 'sk@@', 'y', 'on', 'the', 'N@@', 'or@@', 'th', 'P@@', 'ole', 'is', 'in', 'a', 'cer@@', 'ta@@', 'in', 'sense', ',', 'the', 'c@@', 'lim@@', 'be@@', 'd', 'he@@', 'art', 'of', 'our', 'glob@@', 'al', 'c@@', 'lim@@', 'ate', 'system', '.', '</s>']
2026-05-27 23:34:03,012 - INFO - joeynmt.training - 	Source:     De ijskap op de Noordpool is in zekere zin het kloppend hart van ons globaal klimaatsysteem .
2026-05-27 23:34:03,012 - INFO - joeynmt.training - 	Reference:  The arctic ice cap is , in a sense , the beating heart of the global climate system .
2026-05-27 23:34:03,012 - INFO - joeynmt.training - 	Hypothesis: The ice sky on the North Pole is in a certain sense , the climbed heart of our global climate system .
2026-05-27 23:34:03,012 - INFO - joeynmt.training - Example #3
2026-05-27 23:34:03,012 - DEBUG - joeynmt.training - 	Tokenized source:     ['Het', 'z@@', 'et', 'uit', 'in', 'de', 'win@@', 'ter', 'en', 'k@@', 'ri@@', 'mp@@', 't', 'in', 'de', 'z@@', 'om@@', 'er', '.']
2026-05-27 23:34:03,012 - DEBUG - joeynmt.training - 	Tokenized reference:  ['It', 'exp@@', 'and@@', 's', 'in', 'win@@', 'ter', 'and', 'con@@', 'tr@@', 'ac@@', 'ts', 'in', 'su@@', 'mm@@', 'er', '.']
2026-05-27 23:34:03,012 - DEBUG - joeynmt.training - 	Tokenized hypothesis: ['It', 'was', 'in', 'the', 'win@@', 'ter', 'and', 'cr@@', 'y@@', 'mp@@', 's', 'in', 'the', 'su@@', 'mm@@', 'er', '.', '</s>']
2026-05-27 23:34:03,012 - INFO - joeynmt.training - 	Source:     Het zet uit in de winter en krimpt in de zomer .
2026-05-27 23:34:03,012 - INFO - joeynmt.training - 	Reference:  It expands in winter and contracts in summer .
2026-05-27 23:34:03,012 - INFO - joeynmt.training - 	Hypothesis: It was in the winter and crymps in the summer .
2026-05-27 23:34:03,012 - INFO - joeynmt.training - Example #4
2026-05-27 23:34:03,012 - DEBUG - joeynmt.training - 	Tokenized source:     ['De', 'volgende', 'dia', 'die', 'ik', 'laat', 'zien', 'is', 'een', 'vers@@', 'n@@', 'el@@', 'de', 'ver@@', 'sie', 'van', 'wat', 'er', 'de', 'af@@', 'gel@@', 'open', '2@@', '5', 'jaar', 'is', 'gebeur@@', 'd', '.']
2026-05-27 23:34:03,012 - DEBUG - joeynmt.training - 	Tokenized reference:  ['The', 'next', 'sli@@', 'de', 'I', 'show', 'you', 'will', 'be', 'a', 'r@@', 'ap@@', 'id', 'fa@@', 'st@@', '-@@', 'for@@', 'ward', 'of', 'what', '&apos;s', 'happened', 'over', 'the', 'last', '2@@', '5', 'years', '.']
2026-05-27 23:34:03,012 - DEBUG - joeynmt.training - 	Tokenized hypothesis: ['The', 'next', 'sli@@', 'de', 'I', '&apos;m', 'going', 'to', 'show', 'is', 'a', 'vers@@', 'ity', 'of', 'what', '&apos;s', 'going', 'to', 'have', 'happened', 'to', '2@@', '5', 'years', '.', '</s>']
2026-05-27 23:34:03,013 - INFO - joeynmt.training - 	Source:     De volgende dia die ik laat zien is een versnelde versie van wat er de afgelopen 25 jaar is gebeurd .
2026-05-27 23:34:03,013 - INFO - joeynmt.training - 	Reference:  The next slide I show you will be a rapid fast-forward of what &apos;s happened over the last 25 years .
2026-05-27 23:34:03,013 - INFO - joeynmt.training - 	Hypothesis: The next slide I &apos;m going to show is a versity of what &apos;s going to have happened to 25 years .
2026-05-27 23:34:19,183 - INFO - joeynmt.training - Epoch   5, Step:    19100, Batch Loss:     1.503629, Batch Acc: 0.609257, Tokens per Sec:     4774, Lr: 0.000300
2026-05-27 23:34:33,668 - INFO - joeynmt.training - Epoch   5, Step:    19200, Batch Loss:     1.261025, Batch Acc: 0.604904, Tokens per Sec:     5201, Lr: 0.000300
2026-05-27 23:34:49,136 - INFO - joeynmt.training - Epoch   5, Step:    19300, Batch Loss:     1.384240, Batch Acc: 0.608629, Tokens per Sec:     4819, Lr: 0.000300
2026-05-27 23:35:03,307 - INFO - joeynmt.training - Epoch   5, Step:    19400, Batch Loss:     1.493502, Batch Acc: 0.604640, Tokens per Sec:     5250, Lr: 0.000300
2026-05-27 23:35:03,307 - INFO - joeynmt.training - Epoch   5: total training loss 5363.20
2026-05-27 23:35:03,307 - INFO - joeynmt.training - EPOCH 6
2026-05-27 23:35:18,475 - INFO - joeynmt.training - Epoch   6, Step:    19500, Batch Loss:     1.409710, Batch Acc: 0.625940, Tokens per Sec:     5034, Lr: 0.000300
2026-05-27 23:35:18,476 - WARNING - joeynmt.helpers - `alpha` option is obsolete. Please use `beam_alpha`, instead.
2026-05-27 23:35:18,476 - INFO - joeynmt.prediction - Predicting 1003 example(s)... (Greedy decoding with min_output_length=1, max_output_length=-1, return_prob='none', generate_unk=True, repetition_penalty=-1, no_repeat_ngram_size=-1)
2026-05-27 23:35:53,192 - INFO - joeynmt.prediction - Evaluation result (greedy) loss:   1.71, ppl:   5.51, acc:   0.52, generation: 34.7010[sec], evaluation: 0.0000[sec]
2026-05-27 23:35:53,194 - INFO - joeynmt.training - Hooray! New best validation result [ppl]!
2026-05-27 23:35:53,341 - INFO - joeynmt.helpers - delete models/tf_bpe_2000_nl_en/17000.ckpt
2026-05-27 23:35:53,342 - INFO - joeynmt.training - Example #0
2026-05-27 23:35:53,343 - DEBUG - joeynmt.training - 	Tokenized source:     ['V@@', 'or@@', 'ig', 'jaar', 'li@@', 'et', 'ik', 'deze', 'twee', 'dia', '&apos;', 's', 'zien', 'om', 'aan', 'te', 't@@', 'onen', 'dat', 'de', 'p@@', 'oo@@', 'lij@@', 'sk@@', 'a@@', 'p', ',', 'die', 'de', 'af@@', 'gel@@', 'open', 'drie', 'miljoen', 'jaar', 'ongeveer', 'de', 'groot@@', 'te', 'had', 'van', 'het', 'va@@', 'stel@@', 'and', 'van', 'de', 'V@@', 'S', ',', 'met', '4@@', '0', '%', 'ge@@', 'k@@', 'r@@', 'om@@', 'pen', 'was', '.']
2026-05-27 23:35:53,343 - DEBUG - joeynmt.training - 	Tokenized reference:  ['La@@', 'st', 'year', 'I', 'sho@@', 'w@@', 'ed', 'these', 'two', 'sli@@', 'des', 'so', 'that', 'de@@', 'mon@@', 'str@@', 'ate', 'that', 'the', 'ar@@', 'c@@', 'ti@@', 'c', 'ice', 'ca@@', 'p', ',', 'which', 'for', 'most', 'of', 'the', 'last', 'three', 'million', 'years', 'has', 'been', 'the', 'si@@', 'ze', 'of', 'the', 'lo@@', 'wer', '4@@', '8', 'st@@', 'ates', ',', 'has', 'sh@@', 'r@@', 'un@@', 'k', 'by', '4@@', '0', 'percent', '.']
2026-05-27 23:35:53,343 - DEBUG - joeynmt.training - 	Tokenized hypothesis: ['And', 'last', 'year', ',', 'I', 'sho@@', 'w@@', 'ed', 'these', 'two', 'sli@@', 'des', 'to', 'show', 'that', 'the', 'p@@', 'el@@', 'led', 'three', 'million', 'years', 'to', 'show', 'that', 'the', 'p@@', 'el@@', 'led', 'three', 'million', 'years', 'of', 'the', 'U@@', 'n@@', 'ited', 'St@@', 'ates', ',', 'with', '4@@', '0', 'percent', 'of', 'the', 'U@@', 'n@@', 'ited', 'St@@', 'ates', ',', 'with', '4@@', '0', 'percent', 'c@@', 'ir@@', 'c@@', 'le', '.', '</s>']
2026-05-27 23:35:53,343 - INFO - joeynmt.training - 	Source:     Vorig jaar liet ik deze twee dia &apos; s zien om aan te tonen dat de poolijskap , die de afgelopen drie miljoen jaar ongeveer de grootte had van het vasteland van de VS , met 40 % gekrompen was .
2026-05-27 23:35:53,343 - INFO - joeynmt.training - 	Reference:  Last year I showed these two slides so that demonstrate that the arctic ice cap , which for most of the last three million years has been the size of the lower 48 states , has shrunk by 40 percent .
2026-05-27 23:35:53,343 - INFO - joeynmt.training - 	Hypothesis: And last year , I showed these two slides to show that the pelled three million years to show that the pelled three million years of the United States , with 40 percent of the United States , with 40 percent circle .
2026-05-27 23:35:53,343 - INFO - joeynmt.training - Example #1
2026-05-27 23:35:53,343 - DEBUG - joeynmt.training - 	Tokenized source:     ['Maar', 'dit', 'onder@@', 'sch@@', 'at', 'eigenlijk', 'de', 'er@@', 'n@@', 'st', 'van', 'dit', 'speci@@', 'f@@', 'ieke', 'probleem', 'omdat', 'het', 'niet', 'de', 'di@@', 'kte', 'van', 'het', 'ij@@', 's', 'laat', 'zien', '.']
2026-05-27 23:35:53,343 - DEBUG - joeynmt.training - 	Tokenized reference:  ['But', 'this', 'under@@', 'st@@', 'ates', 'the', 'ser@@', 'i@@', 'ous@@', 'ness', 'of', 'this', 'parti@@', 'cu@@', 'lar', 'problem', 'because', 'it', 'doesn', '&apos;t', 'show', 'the', 'th@@', 'ic@@', 'k@@', 'ness', 'of', 'the', 'ice', '.']
2026-05-27 23:35:53,343 - DEBUG - joeynmt.training - 	Tokenized hypothesis: ['But', 'this', 'under@@', 'est@@', 'im@@', 'ate', 'the', 'ex@@', 't@@', 'ent', 'of', 'this', 'parti@@', 'cu@@', 'lar', 'problem', 'because', 'it', 'doesn', '&apos;t', 'show', 'the', 'di@@', 'sp@@', 'er@@', 's@@', 'ed', 'of', 'the', 'ice', '.', '</s>']
2026-05-27 23:35:53,344 - INFO - joeynmt.training - 	Source:     Maar dit onderschat eigenlijk de ernst van dit specifieke probleem omdat het niet de dikte van het ijs laat zien .
2026-05-27 23:35:53,344 - INFO - joeynmt.training - 	Reference:  But this understates the seriousness of this particular problem because it doesn &apos;t show the thickness of the ice .
2026-05-27 23:35:53,344 - INFO - joeynmt.training - 	Hypothesis: But this underestimate the extent of this particular problem because it doesn &apos;t show the dispersed of the ice .
2026-05-27 23:35:53,344 - INFO - joeynmt.training - Example #2
2026-05-27 23:35:53,344 - DEBUG - joeynmt.training - 	Tokenized source:     ['De', 'ij@@', 'sk@@', 'a@@', 'p', 'op', 'de', 'N@@', 'oor@@', 'd@@', 'p@@', 'ool', 'is', 'in', 'ze@@', 'k@@', 'ere', 'z@@', 'in', 'het', 'kl@@', 'op@@', 'p@@', 'end', 'har@@', 't', 'van', 'ons', 'glob@@', 'aal', 'k@@', 'li@@', 'ma@@', 'at@@', 'systeem', '.']
2026-05-27 23:35:53,344 - DEBUG - joeynmt.training - 	Tokenized reference:  ['The', 'ar@@', 'c@@', 'ti@@', 'c', 'ice', 'ca@@', 'p', 'is', ',', 'in', 'a', 'sense', ',', 'the', 'be@@', 'ating', 'he@@', 'art', 'of', 'the', 'glob@@', 'al', 'c@@', 'lim@@', 'ate', 'system', '.']
2026-05-27 23:35:53,344 - DEBUG - joeynmt.training - 	Tokenized hypothesis: ['The', 'ice', 'sk@@', 'a@@', 'p', 'on', 'the', 'N@@', 'or@@', 'th', 'P@@', 'ole', 'is', 'in', 'a', 'cer@@', 'ta@@', 'in', 'sense', ',', 'he@@', 'art', 'of', 'our', 'glob@@', 'al', 'c@@', 'lim@@', 'ate', 'system', '.', '</s>']
2026-05-27 23:35:53,344 - INFO - joeynmt.training - 	Source:     De ijskap op de Noordpool is in zekere zin het kloppend hart van ons globaal klimaatsysteem .
2026-05-27 23:35:53,344 - INFO - joeynmt.training - 	Reference:  The arctic ice cap is , in a sense , the beating heart of the global climate system .
2026-05-27 23:35:53,344 - INFO - joeynmt.training - 	Hypothesis: The ice skap on the North Pole is in a certain sense , heart of our global climate system .
2026-05-27 23:35:53,344 - INFO - joeynmt.training - Example #3
2026-05-27 23:35:53,344 - DEBUG - joeynmt.training - 	Tokenized source:     ['Het', 'z@@', 'et', 'uit', 'in', 'de', 'win@@', 'ter', 'en', 'k@@', 'ri@@', 'mp@@', 't', 'in', 'de', 'z@@', 'om@@', 'er', '.']
2026-05-27 23:35:53,344 - DEBUG - joeynmt.training - 	Tokenized reference:  ['It', 'exp@@', 'and@@', 's', 'in', 'win@@', 'ter', 'and', 'con@@', 'tr@@', 'ac@@', 'ts', 'in', 'su@@', 'mm@@', 'er', '.']
2026-05-27 23:35:53,344 - DEBUG - joeynmt.training - 	Tokenized hypothesis: ['It', '&apos;s', 'put', 'out', 'in', 'the', 'win@@', 'ter', 'and', 'c@@', 'ri@@', 'm', 'in', 'the', 'su@@', 'mm@@', 'er', '.', '</s>']
2026-05-27 23:35:53,345 - INFO - joeynmt.training - 	Source:     Het zet uit in de winter en krimpt in de zomer .
2026-05-27 23:35:53,345 - INFO - joeynmt.training - 	Reference:  It expands in winter and contracts in summer .
2026-05-27 23:35:53,345 - INFO - joeynmt.training - 	Hypothesis: It &apos;s put out in the winter and crim in the summer .
2026-05-27 23:35:53,345 - INFO - joeynmt.training - Example #4
2026-05-27 23:35:53,345 - DEBUG - joeynmt.training - 	Tokenized source:     ['De', 'volgende', 'dia', 'die', 'ik', 'laat', 'zien', 'is', 'een', 'vers@@', 'n@@', 'el@@', 'de', 'ver@@', 'sie', 'van', 'wat', 'er', 'de', 'af@@', 'gel@@', 'open', '2@@', '5', 'jaar', 'is', 'gebeur@@', 'd', '.']
2026-05-27 23:35:53,345 - DEBUG - joeynmt.training - 	Tokenized reference:  ['The', 'next', 'sli@@', 'de', 'I', 'show', 'you', 'will', 'be', 'a', 'r@@', 'ap@@', 'id', 'fa@@', 'st@@', '-@@', 'for@@', 'ward', 'of', 'what', '&apos;s', 'happened', 'over', 'the', 'last', '2@@', '5', 'years', '.']
2026-05-27 23:35:53,345 - DEBUG - joeynmt.training - 	Tokenized hypothesis: ['The', 'next', 'sli@@', 'de', 'I', '&apos;m', 'going', 'to', 'show', 'is', 'a', 'vers@@', 'ar@@', 'r@@', 'ate', 'ver@@', 'sion', 'of', 'what', 'happened', 'the', 'last', '2@@', '5', 'years', '.', '</s>']
2026-05-27 23:35:53,345 - INFO - joeynmt.training - 	Source:     De volgende dia die ik laat zien is een versnelde versie van wat er de afgelopen 25 jaar is gebeurd .
2026-05-27 23:35:53,345 - INFO - joeynmt.training - 	Reference:  The next slide I show you will be a rapid fast-forward of what &apos;s happened over the last 25 years .
2026-05-27 23:35:53,345 - INFO - joeynmt.training - 	Hypothesis: The next slide I &apos;m going to show is a versarrate version of what happened the last 25 years .
2026-05-27 23:36:07,820 - INFO - joeynmt.training - Epoch   6, Step:    19600, Batch Loss:     1.205178, Batch Acc: 0.628039, Tokens per Sec:     5293, Lr: 0.000300
2026-05-27 23:36:23,277 - INFO - joeynmt.training - Epoch   6, Step:    19700, Batch Loss:     1.283810, Batch Acc: 0.620799, Tokens per Sec:     4917, Lr: 0.000300
2026-05-27 23:36:38,840 - INFO - joeynmt.training - Epoch   6, Step:    19800, Batch Loss:     1.470997, Batch Acc: 0.624962, Tokens per Sec:     4923, Lr: 0.000300
2026-05-27 23:36:52,808 - INFO - joeynmt.training - Epoch   6, Step:    19900, Batch Loss:     1.236893, Batch Acc: 0.623419, Tokens per Sec:     5554, Lr: 0.000300
2026-05-27 23:37:04,737 - INFO - joeynmt.training - Epoch   6, Step:    20000, Batch Loss:     1.300012, Batch Acc: 0.631347, Tokens per Sec:     6383, Lr: 0.000300
2026-05-27 23:37:04,737 - WARNING - joeynmt.helpers - `alpha` option is obsolete. Please use `beam_alpha`, instead.
2026-05-27 23:37:04,737 - INFO - joeynmt.prediction - Predicting 1003 example(s)... (Greedy decoding with min_output_length=1, max_output_length=-1, return_prob='none', generate_unk=True, repetition_penalty=-1, no_repeat_ngram_size=-1)
2026-05-27 23:37:31,915 - INFO - joeynmt.prediction - Evaluation result (greedy) loss:   1.72, ppl:   5.56, acc:   0.52, generation: 27.1664[sec], evaluation: 0.0000[sec]
2026-05-27 23:37:32,030 - INFO - joeynmt.helpers - delete models/tf_bpe_2000_nl_en/17500.ckpt
2026-05-27 23:37:32,031 - INFO - joeynmt.training - Example #0
2026-05-27 23:37:32,031 - DEBUG - joeynmt.training - 	Tokenized source:     ['V@@', 'or@@', 'ig', 'jaar', 'li@@', 'et', 'ik', 'deze', 'twee', 'dia', '&apos;', 's', 'zien', 'om', 'aan', 'te', 't@@', 'onen', 'dat', 'de', 'p@@', 'oo@@', 'lij@@', 'sk@@', 'a@@', 'p', ',', 'die', 'de', 'af@@', 'gel@@', 'open', 'drie', 'miljoen', 'jaar', 'ongeveer', 'de', 'groot@@', 'te', 'had', 'van', 'het', 'va@@', 'stel@@', 'and', 'van', 'de', 'V@@', 'S', ',', 'met', '4@@', '0', '%', 'ge@@', 'k@@', 'r@@', 'om@@', 'pen', 'was', '.']
2026-05-27 23:37:32,031 - DEBUG - joeynmt.training - 	Tokenized reference:  ['La@@', 'st', 'year', 'I', 'sho@@', 'w@@', 'ed', 'these', 'two', 'sli@@', 'des', 'so', 'that', 'de@@', 'mon@@', 'str@@', 'ate', 'that', 'the', 'ar@@', 'c@@', 'ti@@', 'c', 'ice', 'ca@@', 'p', ',', 'which', 'for', 'most', 'of', 'the', 'last', 'three', 'million', 'years', 'has', 'been', 'the', 'si@@', 'ze', 'of', 'the', 'lo@@', 'wer', '4@@', '8', 'st@@', 'ates', ',', 'has', 'sh@@', 'r@@', 'un@@', 'k', 'by', '4@@', '0', 'percent', '.']
2026-05-27 23:37:32,031 - DEBUG - joeynmt.training - 	Tokenized hypothesis: ['And', 'I', 'sho@@', 'w@@', 'ed', 'these', 'two', 'sli@@', 'des', 'to', 'see', 'that', 'the', 'p@@', 'el@@', 'led', 'the', 'p@@', 'el@@', 'l@@', 'ate', ',', 'which', 'was', 'the', 'p@@', 'el@@', 'ess', 'of', 'the', 'p@@', 'el@@', 'l@@', 'y@@', '-@@', 'year', ',', 'the', 'si@@', 'ze', 'of', 'the', 'U@@', 'n@@', 'ited', 'St@@', 'ates', ',', 'with', '4@@', '0', 'percent', 'of', 'the', 'U@@', 'n@@', 'ited', 'St@@', 'ates', ',', '</s>']
2026-05-27 23:37:32,032 - INFO - joeynmt.training - 	Source:     Vorig jaar liet ik deze twee dia &apos; s zien om aan te tonen dat de poolijskap , die de afgelopen drie miljoen jaar ongeveer de grootte had van het vasteland van de VS , met 40 % gekrompen was .
2026-05-27 23:37:32,032 - INFO - joeynmt.training - 	Reference:  Last year I showed these two slides so that demonstrate that the arctic ice cap , which for most of the last three million years has been the size of the lower 48 states , has shrunk by 40 percent .
2026-05-27 23:37:32,032 - INFO - joeynmt.training - 	Hypothesis: And I showed these two slides to see that the pelled the pellate , which was the peless of the pelly-year , the size of the United States , with 40 percent of the United States ,
2026-05-27 23:37:32,032 - INFO - joeynmt.training - Example #1
2026-05-27 23:37:32,032 - DEBUG - joeynmt.training - 	Tokenized source:     ['Maar', 'dit', 'onder@@', 'sch@@', 'at', 'eigenlijk', 'de', 'er@@', 'n@@', 'st', 'van', 'dit', 'speci@@', 'f@@', 'ieke', 'probleem', 'omdat', 'het', 'niet', 'de', 'di@@', 'kte', 'van', 'het', 'ij@@', 's', 'laat', 'zien', '.']
2026-05-27 23:37:32,032 - DEBUG - joeynmt.training - 	Tokenized reference:  ['But', 'this', 'under@@', 'st@@', 'ates', 'the', 'ser@@', 'i@@', 'ous@@', 'ness', 'of', 'this', 'parti@@', 'cu@@', 'lar', 'problem', 'because', 'it', 'doesn', '&apos;t', 'show', 'the', 'th@@', 'ic@@', 'k@@', 'ness', 'of', 'the', 'ice', '.']
2026-05-27 23:37:32,032 - DEBUG - joeynmt.training - 	Tokenized hypothesis: ['But', 'this', 'is', 'actually', 'the', 'point', 'of', 'this', 'parti@@', 'cu@@', 'lar', 'problem', 'because', 'it', 'doesn', '&apos;t', 'show', 'the', 'di@@', 'se@@', 'ase', 'of', 'the', 'ice', '.', '</s>']
2026-05-27 23:37:32,032 - INFO - joeynmt.training - 	Source:     Maar dit onderschat eigenlijk de ernst van dit specifieke probleem omdat het niet de dikte van het ijs laat zien .
2026-05-27 23:37:32,032 - INFO - joeynmt.training - 	Reference:  But this understates the seriousness of this particular problem because it doesn &apos;t show the thickness of the ice .
2026-05-27 23:37:32,032 - INFO - joeynmt.training - 	Hypothesis: But this is actually the point of this particular problem because it doesn &apos;t show the disease of the ice .
2026-05-27 23:37:32,032 - INFO - joeynmt.training - Example #2
2026-05-27 23:37:32,032 - DEBUG - joeynmt.training - 	Tokenized source:     ['De', 'ij@@', 'sk@@', 'a@@', 'p', 'op', 'de', 'N@@', 'oor@@', 'd@@', 'p@@', 'ool', 'is', 'in', 'ze@@', 'k@@', 'ere', 'z@@', 'in', 'het', 'kl@@', 'op@@', 'p@@', 'end', 'har@@', 't', 'van', 'ons', 'glob@@', 'aal', 'k@@', 'li@@', 'ma@@', 'at@@', 'systeem', '.']
2026-05-27 23:37:32,032 - DEBUG - joeynmt.training - 	Tokenized reference:  ['The', 'ar@@', 'c@@', 'ti@@', 'c', 'ice', 'ca@@', 'p', 'is', ',', 'in', 'a', 'sense', ',', 'the', 'be@@', 'ating', 'he@@', 'art', 'of', 'the', 'glob@@', 'al', 'c@@', 'lim@@', 'ate', 'system', '.']
2026-05-27 23:37:32,032 - DEBUG - joeynmt.training - 	Tokenized hypothesis: ['The', 'ice', 'sk@@', 'y', 'on', 'the', 'N@@', 'or@@', 'th', 'P@@', 'ole', 'is', 'in', 'a', 'cer@@', 'ta@@', 'in', 'sense', ',', 'he@@', 'art', 'of', 'our', 'glob@@', 'al', 'c@@', 'lim@@', 'ate', 'system', '.', '</s>']
2026-05-27 23:37:32,032 - INFO - joeynmt.training - 	Source:     De ijskap op de Noordpool is in zekere zin het kloppend hart van ons globaal klimaatsysteem .
2026-05-27 23:37:32,033 - INFO - joeynmt.training - 	Reference:  The arctic ice cap is , in a sense , the beating heart of the global climate system .
2026-05-27 23:37:32,033 - INFO - joeynmt.training - 	Hypothesis: The ice sky on the North Pole is in a certain sense , heart of our global climate system .
2026-05-27 23:37:32,033 - INFO - joeynmt.training - Example #3
2026-05-27 23:37:32,033 - DEBUG - joeynmt.training - 	Tokenized source:     ['Het', 'z@@', 'et', 'uit', 'in', 'de', 'win@@', 'ter', 'en', 'k@@', 'ri@@', 'mp@@', 't', 'in', 'de', 'z@@', 'om@@', 'er', '.']
2026-05-27 23:37:32,033 - DEBUG - joeynmt.training - 	Tokenized reference:  ['It', 'exp@@', 'and@@', 's', 'in', 'win@@', 'ter', 'and', 'con@@', 'tr@@', 'ac@@', 'ts', 'in', 'su@@', 'mm@@', 'er', '.']
2026-05-27 23:37:32,033 - DEBUG - joeynmt.training - 	Tokenized hypothesis: ['It', '&apos;s', 'a', 's@@', 'ing@@', 'le', 'in', 'the', 'win@@', 'ter', 'and', 'qu@@', 'ri@@', 'mp@@', 's', 'in', 'the', 'su@@', 'mm@@', 'er', '.', '</s>']
2026-05-27 23:37:32,033 - INFO - joeynmt.training - 	Source:     Het zet uit in de winter en krimpt in de zomer .
2026-05-27 23:37:32,033 - INFO - joeynmt.training - 	Reference:  It expands in winter and contracts in summer .
2026-05-27 23:37:32,033 - INFO - joeynmt.training - 	Hypothesis: It &apos;s a single in the winter and qurimps in the summer .
2026-05-27 23:37:32,033 - INFO - joeynmt.training - Example #4
2026-05-27 23:37:32,033 - DEBUG - joeynmt.training - 	Tokenized source:     ['De', 'volgende', 'dia', 'die', 'ik', 'laat', 'zien', 'is', 'een', 'vers@@', 'n@@', 'el@@', 'de', 'ver@@', 'sie', 'van', 'wat', 'er', 'de', 'af@@', 'gel@@', 'open', '2@@', '5', 'jaar', 'is', 'gebeur@@', 'd', '.']
2026-05-27 23:37:32,033 - DEBUG - joeynmt.training - 	Tokenized reference:  ['The', 'next', 'sli@@', 'de', 'I', 'show', 'you', 'will', 'be', 'a', 'r@@', 'ap@@', 'id', 'fa@@', 'st@@', '-@@', 'for@@', 'ward', 'of', 'what', '&apos;s', 'happened', 'over', 'the', 'last', '2@@', '5', 'years', '.']
2026-05-27 23:37:32,033 - DEBUG - joeynmt.training - 	Tokenized hypothesis: ['The', 'next', 'sli@@', 'de', 'I', '&apos;m', 'sho@@', 'wing', 'is', 'a', 'vers@@', 'us', 'of', 'what', '&apos;s', 'the', 'last', '2@@', '5', 'years', '.', '</s>']
2026-05-27 23:37:32,033 - INFO - joeynmt.training - 	Source:     De volgende dia die ik laat zien is een versnelde versie van wat er de afgelopen 25 jaar is gebeurd .
2026-05-27 23:37:32,033 - INFO - joeynmt.training - 	Reference:  The next slide I show you will be a rapid fast-forward of what &apos;s happened over the last 25 years .
2026-05-27 23:37:32,033 - INFO - joeynmt.training - 	Hypothesis: The next slide I &apos;m showing is a versus of what &apos;s the last 25 years .
2026-05-27 23:37:45,356 - INFO - joeynmt.training - Epoch   6, Step:    20100, Batch Loss:     1.516014, Batch Acc: 0.620322, Tokens per Sec:     5601, Lr: 0.000300
2026-05-27 23:37:57,419 - INFO - joeynmt.training - Epoch   6, Step:    20200, Batch Loss:     1.186729, Batch Acc: 0.621089, Tokens per Sec:     6365, Lr: 0.000300
2026-05-27 23:38:09,425 - INFO - joeynmt.training - Epoch   6, Step:    20300, Batch Loss:     1.293609, Batch Acc: 0.621554, Tokens per Sec:     6193, Lr: 0.000300
2026-05-27 23:38:21,504 - INFO - joeynmt.training - Epoch   6, Step:    20400, Batch Loss:     1.327704, Batch Acc: 0.620443, Tokens per Sec:     6232, Lr: 0.000300
2026-05-27 23:38:33,085 - INFO - joeynmt.training - Epoch   6, Step:    20500, Batch Loss:     1.208720, Batch Acc: 0.625892, Tokens per Sec:     6425, Lr: 0.000300
2026-05-27 23:38:33,085 - WARNING - joeynmt.helpers - `alpha` option is obsolete. Please use `beam_alpha`, instead.
2026-05-27 23:38:33,085 - INFO - joeynmt.prediction - Predicting 1003 example(s)... (Greedy decoding with min_output_length=1, max_output_length=-1, return_prob='none', generate_unk=True, repetition_penalty=-1, no_repeat_ngram_size=-1)
2026-05-27 23:38:59,996 - INFO - joeynmt.prediction - Evaluation result (greedy) loss:   1.71, ppl:   5.52, acc:   0.52, generation: 26.9018[sec], evaluation: 0.0000[sec]
2026-05-27 23:39:00,110 - INFO - joeynmt.helpers - delete models/tf_bpe_2000_nl_en/18000.ckpt
2026-05-27 23:39:00,111 - INFO - joeynmt.training - Example #0
2026-05-27 23:39:00,111 - DEBUG - joeynmt.training - 	Tokenized source:     ['V@@', 'or@@', 'ig', 'jaar', 'li@@', 'et', 'ik', 'deze', 'twee', 'dia', '&apos;', 's', 'zien', 'om', 'aan', 'te', 't@@', 'onen', 'dat', 'de', 'p@@', 'oo@@', 'lij@@', 'sk@@', 'a@@', 'p', ',', 'die', 'de', 'af@@', 'gel@@', 'open', 'drie', 'miljoen', 'jaar', 'ongeveer', 'de', 'groot@@', 'te', 'had', 'van', 'het', 'va@@', 'stel@@', 'and', 'van', 'de', 'V@@', 'S', ',', 'met', '4@@', '0', '%', 'ge@@', 'k@@', 'r@@', 'om@@', 'pen', 'was', '.']
2026-05-27 23:39:00,111 - DEBUG - joeynmt.training - 	Tokenized reference:  ['La@@', 'st', 'year', 'I', 'sho@@', 'w@@', 'ed', 'these', 'two', 'sli@@', 'des', 'so', 'that', 'de@@', 'mon@@', 'str@@', 'ate', 'that', 'the', 'ar@@', 'c@@', 'ti@@', 'c', 'ice', 'ca@@', 'p', ',', 'which', 'for', 'most', 'of', 'the', 'last', 'three', 'million', 'years', 'has', 'been', 'the', 'si@@', 'ze', 'of', 'the', 'lo@@', 'wer', '4@@', '8', 'st@@', 'ates', ',', 'has', 'sh@@', 'r@@', 'un@@', 'k', 'by', '4@@', '0', 'percent', '.']
2026-05-27 23:39:00,111 - DEBUG - joeynmt.training - 	Tokenized hypothesis: ['And', 'I', 'sho@@', 'w@@', 'ed', 'these', 'two', 'sli@@', 'des', 'to', 'see', 'that', 'the', 'p@@', 'el@@', 'ling', 'b@@', 'ar@@', 'ra@@', 'ss@@', 'ed', 'that', 'the', 'p@@', 'oo@@', 'ls', ',', 'which', 'was', 'about', 'three', 'million', 'years', 'of', 'the', 'ma@@', 'j@@', 'or', 'had', 'been', 'about', 'the', 'ma@@', 'g@@', 'ni@@', 'fic@@', 'ant', 'of', 'the', 'U@@', 'n@@', 'ited', 'St@@', 'ates', ',', 'with', '4@@', '0', 'percent', '.', '</s>']
2026-05-27 23:39:00,111 - INFO - joeynmt.training - 	Source:     Vorig jaar liet ik deze twee dia &apos; s zien om aan te tonen dat de poolijskap , die de afgelopen drie miljoen jaar ongeveer de grootte had van het vasteland van de VS , met 40 % gekrompen was .
2026-05-27 23:39:00,111 - INFO - joeynmt.training - 	Reference:  Last year I showed these two slides so that demonstrate that the arctic ice cap , which for most of the last three million years has been the size of the lower 48 states , has shrunk by 40 percent .
2026-05-27 23:39:00,111 - INFO - joeynmt.training - 	Hypothesis: And I showed these two slides to see that the pelling barrassed that the pools , which was about three million years of the major had been about the magnificant of the United States , with 40 percent .
2026-05-27 23:39:00,112 - INFO - joeynmt.training - Example #1
2026-05-27 23:39:00,112 - DEBUG - joeynmt.training - 	Tokenized source:     ['Maar', 'dit', 'onder@@', 'sch@@', 'at', 'eigenlijk', 'de', 'er@@', 'n@@', 'st', 'van', 'dit', 'speci@@', 'f@@', 'ieke', 'probleem', 'omdat', 'het', 'niet', 'de', 'di@@', 'kte', 'van', 'het', 'ij@@', 's', 'laat', 'zien', '.']
2026-05-27 23:39:00,112 - DEBUG - joeynmt.training - 	Tokenized reference:  ['But', 'this', 'under@@', 'st@@', 'ates', 'the', 'ser@@', 'i@@', 'ous@@', 'ness', 'of', 'this', 'parti@@', 'cu@@', 'lar', 'problem', 'because', 'it', 'doesn', '&apos;t', 'show', 'the', 'th@@', 'ic@@', 'k@@', 'ness', 'of', 'the', 'ice', '.']
2026-05-27 23:39:00,112 - DEBUG - joeynmt.training - 	Tokenized hypothesis: ['But', 'this', 'under@@', 'st@@', 'ood', 'of', 'this', 'parti@@', 'cu@@', 'lar', 'problem', 'because', 'it', 'doesn', '&apos;t', 'show', 'the', 'di@@', 'se@@', 'ase', 'of', 'the', 'ice', '.', '</s>']
2026-05-27 23:39:00,112 - INFO - joeynmt.training - 	Source:     Maar dit onderschat eigenlijk de ernst van dit specifieke probleem omdat het niet de dikte van het ijs laat zien .
2026-05-27 23:39:00,112 - INFO - joeynmt.training - 	Reference:  But this understates the seriousness of this particular problem because it doesn &apos;t show the thickness of the ice .
2026-05-27 23:39:00,112 - INFO - joeynmt.training - 	Hypothesis: But this understood of this particular problem because it doesn &apos;t show the disease of the ice .
2026-05-27 23:39:00,112 - INFO - joeynmt.training - Example #2
2026-05-27 23:39:00,112 - DEBUG - joeynmt.training - 	Tokenized source:     ['De', 'ij@@', 'sk@@', 'a@@', 'p', 'op', 'de', 'N@@', 'oor@@', 'd@@', 'p@@', 'ool', 'is', 'in', 'ze@@', 'k@@', 'ere', 'z@@', 'in', 'het', 'kl@@', 'op@@', 'p@@', 'end', 'har@@', 't', 'van', 'ons', 'glob@@', 'aal', 'k@@', 'li@@', 'ma@@', 'at@@', 'systeem', '.']
2026-05-27 23:39:00,112 - DEBUG - joeynmt.training - 	Tokenized reference:  ['The', 'ar@@', 'c@@', 'ti@@', 'c', 'ice', 'ca@@', 'p', 'is', ',', 'in', 'a', 'sense', ',', 'the', 'be@@', 'ating', 'he@@', 'art', 'of', 'the', 'glob@@', 'al', 'c@@', 'lim@@', 'ate', 'system', '.']
2026-05-27 23:39:00,112 - DEBUG - joeynmt.training - 	Tokenized hypothesis: ['The', 'ice', 'S@@', 'p@@', 'ool', 'is', 'in', 'the', 'N@@', 'or@@', 'th', 'P@@', 'ole', 'is', 'in', 'a', 'sense', 'of', 'the', 'c@@', 'lim@@', 'ate', 'he@@', 'art', 'of', 'our', 'glob@@', 'al', 'c@@', 'lim@@', 'ate', 'system', '.', '</s>']
2026-05-27 23:39:00,112 - INFO - joeynmt.training - 	Source:     De ijskap op de Noordpool is in zekere zin het kloppend hart van ons globaal klimaatsysteem .
2026-05-27 23:39:00,112 - INFO - joeynmt.training - 	Reference:  The arctic ice cap is , in a sense , the beating heart of the global climate system .
2026-05-27 23:39:00,112 - INFO - joeynmt.training - 	Hypothesis: The ice Spool is in the North Pole is in a sense of the climate heart of our global climate system .
2026-05-27 23:39:00,112 - INFO - joeynmt.training - Example #3
2026-05-27 23:39:00,113 - DEBUG - joeynmt.training - 	Tokenized source:     ['Het', 'z@@', 'et', 'uit', 'in', 'de', 'win@@', 'ter', 'en', 'k@@', 'ri@@', 'mp@@', 't', 'in', 'de', 'z@@', 'om@@', 'er', '.']
2026-05-27 23:39:00,113 - DEBUG - joeynmt.training - 	Tokenized reference:  ['It', 'exp@@', 'and@@', 's', 'in', 'win@@', 'ter', 'and', 'con@@', 'tr@@', 'ac@@', 'ts', 'in', 'su@@', 'mm@@', 'er', '.']
2026-05-27 23:39:00,113 - DEBUG - joeynmt.training - 	Tokenized hypothesis: ['It', '&apos;s', 'in', 'the', 'win@@', 'ter', 'and', 'qu@@', 'i@@', 'p@@', 'les', 'in', 'the', 'su@@', 'mm@@', 'er', '.', '</s>']
2026-05-27 23:39:00,113 - INFO - joeynmt.training - 	Source:     Het zet uit in de winter en krimpt in de zomer .
2026-05-27 23:39:00,113 - INFO - joeynmt.training - 	Reference:  It expands in winter and contracts in summer .
2026-05-27 23:39:00,113 - INFO - joeynmt.training - 	Hypothesis: It &apos;s in the winter and quiples in the summer .
2026-05-27 23:39:00,113 - INFO - joeynmt.training - Example #4
2026-05-27 23:39:00,113 - DEBUG - joeynmt.training - 	Tokenized source:     ['De', 'volgende', 'dia', 'die', 'ik', 'laat', 'zien', 'is', 'een', 'vers@@', 'n@@', 'el@@', 'de', 'ver@@', 'sie', 'van', 'wat', 'er', 'de', 'af@@', 'gel@@', 'open', '2@@', '5', 'jaar', 'is', 'gebeur@@', 'd', '.']
2026-05-27 23:39:00,113 - DEBUG - joeynmt.training - 	Tokenized reference:  ['The', 'next', 'sli@@', 'de', 'I', 'show', 'you', 'will', 'be', 'a', 'r@@', 'ap@@', 'id', 'fa@@', 'st@@', '-@@', 'for@@', 'ward', 'of', 'what', '&apos;s', 'happened', 'over', 'the', 'last', '2@@', '5', 'years', '.']
2026-05-27 23:39:00,113 - DEBUG - joeynmt.training - 	Tokenized hypothesis: ['The', 'next', 'sli@@', 'de', 'I', 'sho@@', 'ws', 'is', 'a', 'vers@@', 'al', 'ver@@', 'sion', 'of', 'what', '&apos;s', 'going', 'on', 'to', 'be', 'the', 'last', '2@@', '5', 'years', '.', '</s>']
2026-05-27 23:39:00,113 - INFO - joeynmt.training - 	Source:     De volgende dia die ik laat zien is een versnelde versie van wat er de afgelopen 25 jaar is gebeurd .
2026-05-27 23:39:00,113 - INFO - joeynmt.training - 	Reference:  The next slide I show you will be a rapid fast-forward of what &apos;s happened over the last 25 years .
2026-05-27 23:39:00,113 - INFO - joeynmt.training - 	Hypothesis: The next slide I shows is a versal version of what &apos;s going on to be the last 25 years .
2026-05-27 23:39:12,777 - INFO - joeynmt.training - Epoch   6, Step:    20600, Batch Loss:     1.379622, Batch Acc: 0.618525, Tokens per Sec:     5966, Lr: 0.000300
2026-05-27 23:39:24,536 - INFO - joeynmt.training - Epoch   6, Step:    20700, Batch Loss:     1.289215, Batch Acc: 0.622106, Tokens per Sec:     6558, Lr: 0.000300
2026-05-27 23:39:37,116 - INFO - joeynmt.training - Epoch   6, Step:    20800, Batch Loss:     1.397740, Batch Acc: 0.618085, Tokens per Sec:     6011, Lr: 0.000300
2026-05-27 23:39:49,669 - INFO - joeynmt.training - Epoch   6, Step:    20900, Batch Loss:     1.388718, Batch Acc: 0.619584, Tokens per Sec:     6162, Lr: 0.000300
2026-05-27 23:40:01,685 - INFO - joeynmt.training - Epoch   6, Step:    21000, Batch Loss:     1.392220, Batch Acc: 0.617488, Tokens per Sec:     6380, Lr: 0.000300
2026-05-27 23:40:01,686 - WARNING - joeynmt.helpers - `alpha` option is obsolete. Please use `beam_alpha`, instead.
2026-05-27 23:40:01,686 - INFO - joeynmt.prediction - Predicting 1003 example(s)... (Greedy decoding with min_output_length=1, max_output_length=-1, return_prob='none', generate_unk=True, repetition_penalty=-1, no_repeat_ngram_size=-1)
2026-05-27 23:40:27,022 - INFO - joeynmt.prediction - Evaluation result (greedy) loss:   1.70, ppl:   5.50, acc:   0.52, generation: 25.3269[sec], evaluation: 0.0000[sec]
2026-05-27 23:40:27,023 - INFO - joeynmt.training - Hooray! New best validation result [ppl]!
2026-05-27 23:40:27,139 - INFO - joeynmt.helpers - delete models/tf_bpe_2000_nl_en/18500.ckpt
2026-05-27 23:40:27,139 - INFO - joeynmt.training - Example #0
2026-05-27 23:40:27,140 - DEBUG - joeynmt.training - 	Tokenized source:     ['V@@', 'or@@', 'ig', 'jaar', 'li@@', 'et', 'ik', 'deze', 'twee', 'dia', '&apos;', 's', 'zien', 'om', 'aan', 'te', 't@@', 'onen', 'dat', 'de', 'p@@', 'oo@@', 'lij@@', 'sk@@', 'a@@', 'p', ',', 'die', 'de', 'af@@', 'gel@@', 'open', 'drie', 'miljoen', 'jaar', 'ongeveer', 'de', 'groot@@', 'te', 'had', 'van', 'het', 'va@@', 'stel@@', 'and', 'van', 'de', 'V@@', 'S', ',', 'met', '4@@', '0', '%', 'ge@@', 'k@@', 'r@@', 'om@@', 'pen', 'was', '.']
2026-05-27 23:40:27,140 - DEBUG - joeynmt.training - 	Tokenized reference:  ['La@@', 'st', 'year', 'I', 'sho@@', 'w@@', 'ed', 'these', 'two', 'sli@@', 'des', 'so', 'that', 'de@@', 'mon@@', 'str@@', 'ate', 'that', 'the', 'ar@@', 'c@@', 'ti@@', 'c', 'ice', 'ca@@', 'p', ',', 'which', 'for', 'most', 'of', 'the', 'last', 'three', 'million', 'years', 'has', 'been', 'the', 'si@@', 'ze', 'of', 'the', 'lo@@', 'wer', '4@@', '8', 'st@@', 'ates', ',', 'has', 'sh@@', 'r@@', 'un@@', 'k', 'by', '4@@', '0', 'percent', '.']
2026-05-27 23:40:27,140 - DEBUG - joeynmt.training - 	Tokenized hypothesis: ['And', 'after', 'a', 'year', ',', 'I', 'sho@@', 'w@@', 'ed', 'these', 'two', 'sli@@', 'des', 'to', 'show', 'that', 'the', 'p@@', 'oo@@', 'ls', 'that', 'the', 'p@@', 'oo@@', 'ls', ',', 'which', 'was', 'about', 'three', 'million', 'years', ',', 'the', 'si@@', 'ze', 'of', 'the', 'U@@', 'n@@', 'ited', 'St@@', 'ates', ',', 'with', '4@@', '0', 'percent', 'of', 'the', 'U@@', 'n@@', 'ited', 'St@@', 'ates', ',', 'with', '4@@', '0', 'percent', 'of', 'the', 'U@@', 'n@@', 'ited', 'St@@', 'ates', ',', 'with', '4@@', '0', 'percent', 'of', 'the', 'U@@', 'n@@', 'ited', 'St@@', 'ates', ',', 'with', '4@@', '0', 'percent', '.', '</s>']
2026-05-27 23:40:27,140 - INFO - joeynmt.training - 	Source:     Vorig jaar liet ik deze twee dia &apos; s zien om aan te tonen dat de poolijskap , die de afgelopen drie miljoen jaar ongeveer de grootte had van het vasteland van de VS , met 40 % gekrompen was .
2026-05-27 23:40:27,140 - INFO - joeynmt.training - 	Reference:  Last year I showed these two slides so that demonstrate that the arctic ice cap , which for most of the last three million years has been the size of the lower 48 states , has shrunk by 40 percent .
2026-05-27 23:40:27,140 - INFO - joeynmt.training - 	Hypothesis: And after a year , I showed these two slides to show that the pools that the pools , which was about three million years , the size of the United States , with 40 percent of the United States , with 40 percent of the United States , with 40 percent of the United States , with 40 percent .
2026-05-27 23:40:27,140 - INFO - joeynmt.training - Example #1
2026-05-27 23:40:27,140 - DEBUG - joeynmt.training - 	Tokenized source:     ['Maar', 'dit', 'onder@@', 'sch@@', 'at', 'eigenlijk', 'de', 'er@@', 'n@@', 'st', 'van', 'dit', 'speci@@', 'f@@', 'ieke', 'probleem', 'omdat', 'het', 'niet', 'de', 'di@@', 'kte', 'van', 'het', 'ij@@', 's', 'laat', 'zien', '.']
2026-05-27 23:40:27,140 - DEBUG - joeynmt.training - 	Tokenized reference:  ['But', 'this', 'under@@', 'st@@', 'ates', 'the', 'ser@@', 'i@@', 'ous@@', 'ness', 'of', 'this', 'parti@@', 'cu@@', 'lar', 'problem', 'because', 'it', 'doesn', '&apos;t', 'show', 'the', 'th@@', 'ic@@', 'k@@', 'ness', 'of', 'the', 'ice', '.']
2026-05-27 23:40:27,140 - DEBUG - joeynmt.training - 	Tokenized hypothesis: ['But', 'this', 'was', 'actually', 'the', 're@@', 'st', 'of', 'this', 'speci@@', 'f@@', 'ic', 'problem', 'because', 'it', 'doesn', '&apos;t', 'show', 'the', 'di@@', 'ked', 'of', 'the', 'ice', '.', '</s>']
2026-05-27 23:40:27,140 - INFO - joeynmt.training - 	Source:     Maar dit onderschat eigenlijk de ernst van dit specifieke probleem omdat het niet de dikte van het ijs laat zien .
2026-05-27 23:40:27,140 - INFO - joeynmt.training - 	Reference:  But this understates the seriousness of this particular problem because it doesn &apos;t show the thickness of the ice .
2026-05-27 23:40:27,140 - INFO - joeynmt.training - 	Hypothesis: But this was actually the rest of this specific problem because it doesn &apos;t show the diked of the ice .
2026-05-27 23:40:27,140 - INFO - joeynmt.training - Example #2
2026-05-27 23:40:27,140 - DEBUG - joeynmt.training - 	Tokenized source:     ['De', 'ij@@', 'sk@@', 'a@@', 'p', 'op', 'de', 'N@@', 'oor@@', 'd@@', 'p@@', 'ool', 'is', 'in', 'ze@@', 'k@@', 'ere', 'z@@', 'in', 'het', 'kl@@', 'op@@', 'p@@', 'end', 'har@@', 't', 'van', 'ons', 'glob@@', 'aal', 'k@@', 'li@@', 'ma@@', 'at@@', 'systeem', '.']
2026-05-27 23:40:27,140 - DEBUG - joeynmt.training - 	Tokenized reference:  ['The', 'ar@@', 'c@@', 'ti@@', 'c', 'ice', 'ca@@', 'p', 'is', ',', 'in', 'a', 'sense', ',', 'the', 'be@@', 'ating', 'he@@', 'art', 'of', 'the', 'glob@@', 'al', 'c@@', 'lim@@', 'ate', 'system', '.']
2026-05-27 23:40:27,141 - DEBUG - joeynmt.training - 	Tokenized hypothesis: ['The', 'ice', 'sk@@', 'a@@', 'p', 'on', 'the', 'N@@', 'or@@', 'th', 'P@@', 'ole', 'is', 'in', 'a', 'cer@@', 'ta@@', 'in', 'sense', ',', 'the', 'c@@', 'la@@', 'ss@@', 'es', 'of', 'our', 'glob@@', 'al', 'c@@', 'lim@@', 'ate', 'system', '.', '</s>']
2026-05-27 23:40:27,141 - INFO - joeynmt.training - 	Source:     De ijskap op de Noordpool is in zekere zin het kloppend hart van ons globaal klimaatsysteem .
2026-05-27 23:40:27,141 - INFO - joeynmt.training - 	Reference:  The arctic ice cap is , in a sense , the beating heart of the global climate system .
2026-05-27 23:40:27,141 - INFO - joeynmt.training - 	Hypothesis: The ice skap on the North Pole is in a certain sense , the classes of our global climate system .
2026-05-27 23:40:27,141 - INFO - joeynmt.training - Example #3
2026-05-27 23:40:27,141 - DEBUG - joeynmt.training - 	Tokenized source:     ['Het', 'z@@', 'et', 'uit', 'in', 'de', 'win@@', 'ter', 'en', 'k@@', 'ri@@', 'mp@@', 't', 'in', 'de', 'z@@', 'om@@', 'er', '.']
2026-05-27 23:40:27,141 - DEBUG - joeynmt.training - 	Tokenized reference:  ['It', 'exp@@', 'and@@', 's', 'in', 'win@@', 'ter', 'and', 'con@@', 'tr@@', 'ac@@', 'ts', 'in', 'su@@', 'mm@@', 'er', '.']
2026-05-27 23:40:27,141 - DEBUG - joeynmt.training - 	Tokenized hypothesis: ['It', 'was', 'in', 'the', 'win@@', 'ter', 'and', 'the', 'c@@', 'ri@@', 'me', 'in', 'the', 'su@@', 'mm@@', 'er', '.', '</s>']
2026-05-27 23:40:27,141 - INFO - joeynmt.training - 	Source:     Het zet uit in de winter en krimpt in de zomer .
2026-05-27 23:40:27,141 - INFO - joeynmt.training - 	Reference:  It expands in winter and contracts in summer .
2026-05-27 23:40:27,141 - INFO - joeynmt.training - 	Hypothesis: It was in the winter and the crime in the summer .
2026-05-27 23:40:27,141 - INFO - joeynmt.training - Example #4
2026-05-27 23:40:27,141 - DEBUG - joeynmt.training - 	Tokenized source:     ['De', 'volgende', 'dia', 'die', 'ik', 'laat', 'zien', 'is', 'een', 'vers@@', 'n@@', 'el@@', 'de', 'ver@@', 'sie', 'van', 'wat', 'er', 'de', 'af@@', 'gel@@', 'open', '2@@', '5', 'jaar', 'is', 'gebeur@@', 'd', '.']
2026-05-27 23:40:27,141 - DEBUG - joeynmt.training - 	Tokenized reference:  ['The', 'next', 'sli@@', 'de', 'I', 'show', 'you', 'will', 'be', 'a', 'r@@', 'ap@@', 'id', 'fa@@', 'st@@', '-@@', 'for@@', 'ward', 'of', 'what', '&apos;s', 'happened', 'over', 'the', 'last', '2@@', '5', 'years', '.']
2026-05-27 23:40:27,141 - DEBUG - joeynmt.training - 	Tokenized hypothesis: ['The', 'next', 'sli@@', 'de', 'I', '&apos;m', 'going', 'to', 'show', 'is', 'a', 'n@@', 'ur@@', 'ture', 'of', 'what', 'happened', 'in', 'the', 'last', '2@@', '5', 'years', '.', '</s>']
2026-05-27 23:40:27,142 - INFO - joeynmt.training - 	Source:     De volgende dia die ik laat zien is een versnelde versie van wat er de afgelopen 25 jaar is gebeurd .
2026-05-27 23:40:27,142 - INFO - joeynmt.training - 	Reference:  The next slide I show you will be a rapid fast-forward of what &apos;s happened over the last 25 years .
2026-05-27 23:40:27,142 - INFO - joeynmt.training - 	Hypothesis: The next slide I &apos;m going to show is a nurture of what happened in the last 25 years .
2026-05-27 23:40:39,779 - INFO - joeynmt.training - Epoch   6, Step:    21100, Batch Loss:     1.347919, Batch Acc: 0.617246, Tokens per Sec:     5955, Lr: 0.000300
2026-05-27 23:40:51,361 - INFO - joeynmt.training - Epoch   6, Step:    21200, Batch Loss:     1.410496, Batch Acc: 0.621301, Tokens per Sec:     6538, Lr: 0.000300
2026-05-27 23:41:03,326 - INFO - joeynmt.training - Epoch   6, Step:    21300, Batch Loss:     1.466789, Batch Acc: 0.624433, Tokens per Sec:     6471, Lr: 0.000300
2026-05-27 23:41:15,635 - INFO - joeynmt.training - Epoch   6, Step:    21400, Batch Loss:     1.557612, Batch Acc: 0.619209, Tokens per Sec:     6159, Lr: 0.000300
2026-05-27 23:41:27,964 - INFO - joeynmt.training - Epoch   6, Step:    21500, Batch Loss:     1.274024, Batch Acc: 0.617899, Tokens per Sec:     6102, Lr: 0.000300
2026-05-27 23:41:27,965 - WARNING - joeynmt.helpers - `alpha` option is obsolete. Please use `beam_alpha`, instead.
2026-05-27 23:41:27,965 - INFO - joeynmt.prediction - Predicting 1003 example(s)... (Greedy decoding with min_output_length=1, max_output_length=-1, return_prob='none', generate_unk=True, repetition_penalty=-1, no_repeat_ngram_size=-1)
2026-05-27 23:41:51,851 - INFO - joeynmt.prediction - Evaluation result (greedy) loss:   1.70, ppl:   5.47, acc:   0.52, generation: 23.8766[sec], evaluation: 0.0000[sec]
2026-05-27 23:41:51,853 - INFO - joeynmt.training - Hooray! New best validation result [ppl]!
2026-05-27 23:41:51,981 - INFO - joeynmt.helpers - delete models/tf_bpe_2000_nl_en/20000.ckpt
2026-05-27 23:41:51,983 - INFO - joeynmt.training - Example #0
2026-05-27 23:41:51,983 - DEBUG - joeynmt.training - 	Tokenized source:     ['V@@', 'or@@', 'ig', 'jaar', 'li@@', 'et', 'ik', 'deze', 'twee', 'dia', '&apos;', 's', 'zien', 'om', 'aan', 'te', 't@@', 'onen', 'dat', 'de', 'p@@', 'oo@@', 'lij@@', 'sk@@', 'a@@', 'p', ',', 'die', 'de', 'af@@', 'gel@@', 'open', 'drie', 'miljoen', 'jaar', 'ongeveer', 'de', 'groot@@', 'te', 'had', 'van', 'het', 'va@@', 'stel@@', 'and', 'van', 'de', 'V@@', 'S', ',', 'met', '4@@', '0', '%', 'ge@@', 'k@@', 'r@@', 'om@@', 'pen', 'was', '.']
2026-05-27 23:41:51,983 - DEBUG - joeynmt.training - 	Tokenized reference:  ['La@@', 'st', 'year', 'I', 'sho@@', 'w@@', 'ed', 'these', 'two', 'sli@@', 'des', 'so', 'that', 'de@@', 'mon@@', 'str@@', 'ate', 'that', 'the', 'ar@@', 'c@@', 'ti@@', 'c', 'ice', 'ca@@', 'p', ',', 'which', 'for', 'most', 'of', 'the', 'last', 'three', 'million', 'years', 'has', 'been', 'the', 'si@@', 'ze', 'of', 'the', 'lo@@', 'wer', '4@@', '8', 'st@@', 'ates', ',', 'has', 'sh@@', 'r@@', 'un@@', 'k', 'by', '4@@', '0', 'percent', '.']
2026-05-27 23:41:51,983 - DEBUG - joeynmt.training - 	Tokenized hypothesis: ['F@@', 'or@@', 'y', 'years', ',', 'I', 'sho@@', 'w@@', 'ed', 'these', 'two', 'sli@@', 'des', 'to', 'show', 'that', 'the', 'p@@', 'oo@@', 'ls', 'that', 'the', 'p@@', 'oo@@', 'ls', ',', 'which', 'was', 'about', 'three', 'million', 'years', 'of', 'the', 'U@@', 'n@@', 'ited', ',', 'with', '4@@', '0', 'percent', 'of', 'the', 'U@@', '.@@', 'S@@', '.', ',', 'with', '4@@', '0', 'percent', 'of', 'the', 'U@@', '.@@', 'S@@', '.', '</s>']
2026-05-27 23:41:51,984 - INFO - joeynmt.training - 	Source:     Vorig jaar liet ik deze twee dia &apos; s zien om aan te tonen dat de poolijskap , die de afgelopen drie miljoen jaar ongeveer de grootte had van het vasteland van de VS , met 40 % gekrompen was .
2026-05-27 23:41:51,984 - INFO - joeynmt.training - 	Reference:  Last year I showed these two slides so that demonstrate that the arctic ice cap , which for most of the last three million years has been the size of the lower 48 states , has shrunk by 40 percent .
2026-05-27 23:41:51,984 - INFO - joeynmt.training - 	Hypothesis: Fory years , I showed these two slides to show that the pools that the pools , which was about three million years of the United , with 40 percent of the U.S. , with 40 percent of the U.S.
2026-05-27 23:41:51,984 - INFO - joeynmt.training - Example #1
2026-05-27 23:41:51,984 - DEBUG - joeynmt.training - 	Tokenized source:     ['Maar', 'dit', 'onder@@', 'sch@@', 'at', 'eigenlijk', 'de', 'er@@', 'n@@', 'st', 'van', 'dit', 'speci@@', 'f@@', 'ieke', 'probleem', 'omdat', 'het', 'niet', 'de', 'di@@', 'kte', 'van', 'het', 'ij@@', 's', 'laat', 'zien', '.']
2026-05-27 23:41:51,984 - DEBUG - joeynmt.training - 	Tokenized reference:  ['But', 'this', 'under@@', 'st@@', 'ates', 'the', 'ser@@', 'i@@', 'ous@@', 'ness', 'of', 'this', 'parti@@', 'cu@@', 'lar', 'problem', 'because', 'it', 'doesn', '&apos;t', 'show', 'the', 'th@@', 'ic@@', 'k@@', 'ness', 'of', 'the', 'ice', '.']
2026-05-27 23:41:51,984 - DEBUG - joeynmt.training - 	Tokenized hypothesis: ['But', 'this', 'under@@', 'st@@', 'ood', ',', 'the', 'ex@@', 'er@@', 'ci@@', 'se', 'of', 'this', 'parti@@', 'cu@@', 'lar', 'problem', 'because', 'it', 'doesn', '&apos;t', 'show', 'the', 'di@@', 'se@@', 'ase', 'of', 'the', 'ice', '.', '</s>']
2026-05-27 23:41:51,984 - INFO - joeynmt.training - 	Source:     Maar dit onderschat eigenlijk de ernst van dit specifieke probleem omdat het niet de dikte van het ijs laat zien .
2026-05-27 23:41:51,984 - INFO - joeynmt.training - 	Reference:  But this understates the seriousness of this particular problem because it doesn &apos;t show the thickness of the ice .
2026-05-27 23:41:51,984 - INFO - joeynmt.training - 	Hypothesis: But this understood , the exercise of this particular problem because it doesn &apos;t show the disease of the ice .
2026-05-27 23:41:51,984 - INFO - joeynmt.training - Example #2
2026-05-27 23:41:51,984 - DEBUG - joeynmt.training - 	Tokenized source:     ['De', 'ij@@', 'sk@@', 'a@@', 'p', 'op', 'de', 'N@@', 'oor@@', 'd@@', 'p@@', 'ool', 'is', 'in', 'ze@@', 'k@@', 'ere', 'z@@', 'in', 'het', 'kl@@', 'op@@', 'p@@', 'end', 'har@@', 't', 'van', 'ons', 'glob@@', 'aal', 'k@@', 'li@@', 'ma@@', 'at@@', 'systeem', '.']
2026-05-27 23:41:51,984 - DEBUG - joeynmt.training - 	Tokenized reference:  ['The', 'ar@@', 'c@@', 'ti@@', 'c', 'ice', 'ca@@', 'p', 'is', ',', 'in', 'a', 'sense', ',', 'the', 'be@@', 'ating', 'he@@', 'art', 'of', 'the', 'glob@@', 'al', 'c@@', 'lim@@', 'ate', 'system', '.']
2026-05-27 23:41:51,984 - DEBUG - joeynmt.training - 	Tokenized hypothesis: ['The', 'ice', 'sk@@', 'a@@', 'p', 'on', 'the', 'N@@', 'or@@', 'th', 'P@@', 'ole', 'is', 'in', 'a', 'cer@@', 'ta@@', 'in', 'sense', ',', 'the', 'c@@', 'lim@@', 'ate', 'system', '.', '</s>']
2026-05-27 23:41:51,984 - INFO - joeynmt.training - 	Source:     De ijskap op de Noordpool is in zekere zin het kloppend hart van ons globaal klimaatsysteem .
2026-05-27 23:41:51,984 - INFO - joeynmt.training - 	Reference:  The arctic ice cap is , in a sense , the beating heart of the global climate system .
2026-05-27 23:41:51,985 - INFO - joeynmt.training - 	Hypothesis: The ice skap on the North Pole is in a certain sense , the climate system .
2026-05-27 23:41:51,985 - INFO - joeynmt.training - Example #3
2026-05-27 23:41:51,985 - DEBUG - joeynmt.training - 	Tokenized source:     ['Het', 'z@@', 'et', 'uit', 'in', 'de', 'win@@', 'ter', 'en', 'k@@', 'ri@@', 'mp@@', 't', 'in', 'de', 'z@@', 'om@@', 'er', '.']
2026-05-27 23:41:51,985 - DEBUG - joeynmt.training - 	Tokenized reference:  ['It', 'exp@@', 'and@@', 's', 'in', 'win@@', 'ter', 'and', 'con@@', 'tr@@', 'ac@@', 'ts', 'in', 'su@@', 'mm@@', 'er', '.']
2026-05-27 23:41:51,985 - DEBUG - joeynmt.training - 	Tokenized hypothesis: ['It', '&apos;s', 'a', 's@@', 'ing@@', 'le', 'in', 'the', 'win@@', 'ter', 'and', 'c@@', 'ri@@', 'mp@@', 't', 'in', 'the', 'su@@', 'mm@@', 'er', '.', '</s>']
2026-05-27 23:41:51,985 - INFO - joeynmt.training - 	Source:     Het zet uit in de winter en krimpt in de zomer .
2026-05-27 23:41:51,985 - INFO - joeynmt.training - 	Reference:  It expands in winter and contracts in summer .
2026-05-27 23:41:51,985 - INFO - joeynmt.training - 	Hypothesis: It &apos;s a single in the winter and crimpt in the summer .
2026-05-27 23:41:51,985 - INFO - joeynmt.training - Example #4
2026-05-27 23:41:51,985 - DEBUG - joeynmt.training - 	Tokenized source:     ['De', 'volgende', 'dia', 'die', 'ik', 'laat', 'zien', 'is', 'een', 'vers@@', 'n@@', 'el@@', 'de', 'ver@@', 'sie', 'van', 'wat', 'er', 'de', 'af@@', 'gel@@', 'open', '2@@', '5', 'jaar', 'is', 'gebeur@@', 'd', '.']
2026-05-27 23:41:51,985 - DEBUG - joeynmt.training - 	Tokenized reference:  ['The', 'next', 'sli@@', 'de', 'I', 'show', 'you', 'will', 'be', 'a', 'r@@', 'ap@@', 'id', 'fa@@', 'st@@', '-@@', 'for@@', 'ward', 'of', 'what', '&apos;s', 'happened', 'over', 'the', 'last', '2@@', '5', 'years', '.']
2026-05-27 23:41:51,985 - DEBUG - joeynmt.training - 	Tokenized hypothesis: ['The', 'next', 'sli@@', 'de', 'I', 'sho@@', 'ws', 'is', 'a', 'vers@@', 'y', 'ver@@', 'sion', 'of', 'what', 'happened', 'is', 'the', 'last', '2@@', '5', 'years', '.', '</s>']
2026-05-27 23:41:51,985 - INFO - joeynmt.training - 	Source:     De volgende dia die ik laat zien is een versnelde versie van wat er de afgelopen 25 jaar is gebeurd .
2026-05-27 23:41:51,985 - INFO - joeynmt.training - 	Reference:  The next slide I show you will be a rapid fast-forward of what &apos;s happened over the last 25 years .
2026-05-27 23:41:51,985 - INFO - joeynmt.training - 	Hypothesis: The next slide I shows is a versy version of what happened is the last 25 years .
2026-05-27 23:42:04,486 - INFO - joeynmt.training - Epoch   6, Step:    21600, Batch Loss:     1.300738, Batch Acc: 0.622868, Tokens per Sec:     6098, Lr: 0.000300
2026-05-27 23:42:16,535 - INFO - joeynmt.training - Epoch   6, Step:    21700, Batch Loss:     1.331505, Batch Acc: 0.617124, Tokens per Sec:     6334, Lr: 0.000300
2026-05-27 23:42:28,641 - INFO - joeynmt.training - Epoch   6, Step:    21800, Batch Loss:     1.266019, Batch Acc: 0.618785, Tokens per Sec:     6202, Lr: 0.000300
2026-05-27 23:42:40,148 - INFO - joeynmt.training - Epoch   6, Step:    21900, Batch Loss:     1.318676, Batch Acc: 0.617461, Tokens per Sec:     6533, Lr: 0.000300
2026-05-27 23:42:52,219 - INFO - joeynmt.training - Epoch   6, Step:    22000, Batch Loss:     1.389955, Batch Acc: 0.613947, Tokens per Sec:     6305, Lr: 0.000300
2026-05-27 23:42:52,220 - WARNING - joeynmt.helpers - `alpha` option is obsolete. Please use `beam_alpha`, instead.
2026-05-27 23:42:52,220 - INFO - joeynmt.prediction - Predicting 1003 example(s)... (Greedy decoding with min_output_length=1, max_output_length=-1, return_prob='none', generate_unk=True, repetition_penalty=-1, no_repeat_ngram_size=-1)
2026-05-27 23:43:18,284 - INFO - joeynmt.prediction - Evaluation result (greedy) loss:   1.69, ppl:   5.44, acc:   0.52, generation: 26.0541[sec], evaluation: 0.0000[sec]
2026-05-27 23:43:18,285 - INFO - joeynmt.training - Hooray! New best validation result [ppl]!
2026-05-27 23:43:18,415 - INFO - joeynmt.helpers - delete models/tf_bpe_2000_nl_en/19000.ckpt
2026-05-27 23:43:18,417 - INFO - joeynmt.training - Example #0
2026-05-27 23:43:18,417 - DEBUG - joeynmt.training - 	Tokenized source:     ['V@@', 'or@@', 'ig', 'jaar', 'li@@', 'et', 'ik', 'deze', 'twee', 'dia', '&apos;', 's', 'zien', 'om', 'aan', 'te', 't@@', 'onen', 'dat', 'de', 'p@@', 'oo@@', 'lij@@', 'sk@@', 'a@@', 'p', ',', 'die', 'de', 'af@@', 'gel@@', 'open', 'drie', 'miljoen', 'jaar', 'ongeveer', 'de', 'groot@@', 'te', 'had', 'van', 'het', 'va@@', 'stel@@', 'and', 'van', 'de', 'V@@', 'S', ',', 'met', '4@@', '0', '%', 'ge@@', 'k@@', 'r@@', 'om@@', 'pen', 'was', '.']
2026-05-27 23:43:18,418 - DEBUG - joeynmt.training - 	Tokenized reference:  ['La@@', 'st', 'year', 'I', 'sho@@', 'w@@', 'ed', 'these', 'two', 'sli@@', 'des', 'so', 'that', 'de@@', 'mon@@', 'str@@', 'ate', 'that', 'the', 'ar@@', 'c@@', 'ti@@', 'c', 'ice', 'ca@@', 'p', ',', 'which', 'for', 'most', 'of', 'the', 'last', 'three', 'million', 'years', 'has', 'been', 'the', 'si@@', 'ze', 'of', 'the', 'lo@@', 'wer', '4@@', '8', 'st@@', 'ates', ',', 'has', 'sh@@', 'r@@', 'un@@', 'k', 'by', '4@@', '0', 'percent', '.']
2026-05-27 23:43:18,418 - DEBUG - joeynmt.training - 	Tokenized hypothesis: ['And', 'I', 'sho@@', 'w@@', 'ed', 'these', 'two', 'sli@@', 'des', 'to', 'see', 'that', 'the', 'p@@', 'oo@@', 'ms', 'to', 'show', 'that', 'the', 'p@@', 'oo@@', 'ls', 'the', 'p@@', 'oo@@', 'l@@', 'b@@', 'y@@', '-@@', 'million', 'years', ',', 'which', 'was', 'about', 'the', 'si@@', 'ze', 'of', 'the', 'U@@', '.@@', 'S@@', '.', ',', '4@@', '0', 'percent', 'of', 'the', 'U@@', '.@@', 'S@@', '.', ',', 'with', '4@@', '0', 'percent', 'of', 'c@@', 'ir@@', 'c@@', 'le', '.', '</s>']
2026-05-27 23:43:18,418 - INFO - joeynmt.training - 	Source:     Vorig jaar liet ik deze twee dia &apos; s zien om aan te tonen dat de poolijskap , die de afgelopen drie miljoen jaar ongeveer de grootte had van het vasteland van de VS , met 40 % gekrompen was .
2026-05-27 23:43:18,418 - INFO - joeynmt.training - 	Reference:  Last year I showed these two slides so that demonstrate that the arctic ice cap , which for most of the last three million years has been the size of the lower 48 states , has shrunk by 40 percent .
2026-05-27 23:43:18,418 - INFO - joeynmt.training - 	Hypothesis: And I showed these two slides to see that the pooms to show that the pools the poolby-million years , which was about the size of the U.S. , 40 percent of the U.S. , with 40 percent of circle .
2026-05-27 23:43:18,418 - INFO - joeynmt.training - Example #1
2026-05-27 23:43:18,418 - DEBUG - joeynmt.training - 	Tokenized source:     ['Maar', 'dit', 'onder@@', 'sch@@', 'at', 'eigenlijk', 'de', 'er@@', 'n@@', 'st', 'van', 'dit', 'speci@@', 'f@@', 'ieke', 'probleem', 'omdat', 'het', 'niet', 'de', 'di@@', 'kte', 'van', 'het', 'ij@@', 's', 'laat', 'zien', '.']
2026-05-27 23:43:18,418 - DEBUG - joeynmt.training - 	Tokenized reference:  ['But', 'this', 'under@@', 'st@@', 'ates', 'the', 'ser@@', 'i@@', 'ous@@', 'ness', 'of', 'this', 'parti@@', 'cu@@', 'lar', 'problem', 'because', 'it', 'doesn', '&apos;t', 'show', 'the', 'th@@', 'ic@@', 'k@@', 'ness', 'of', 'the', 'ice', '.']
2026-05-27 23:43:18,418 - DEBUG - joeynmt.training - 	Tokenized hypothesis: ['But', 'this', 'under@@', 'est@@', 'im@@', 'ate', ',', 'this', 'is', 'actually', 'the', 'de@@', 'f@@', 'ine', 'of', 'this', 'problem', 'because', 'it', 'doesn', '&apos;t', 'show', 'the', 'ice', 'of', 'the', 'ice', '.', '</s>']
2026-05-27 23:43:18,418 - INFO - joeynmt.training - 	Source:     Maar dit onderschat eigenlijk de ernst van dit specifieke probleem omdat het niet de dikte van het ijs laat zien .
2026-05-27 23:43:18,418 - INFO - joeynmt.training - 	Reference:  But this understates the seriousness of this particular problem because it doesn &apos;t show the thickness of the ice .
2026-05-27 23:43:18,418 - INFO - joeynmt.training - 	Hypothesis: But this underestimate , this is actually the define of this problem because it doesn &apos;t show the ice of the ice .
2026-05-27 23:43:18,418 - INFO - joeynmt.training - Example #2
2026-05-27 23:43:18,418 - DEBUG - joeynmt.training - 	Tokenized source:     ['De', 'ij@@', 'sk@@', 'a@@', 'p', 'op', 'de', 'N@@', 'oor@@', 'd@@', 'p@@', 'ool', 'is', 'in', 'ze@@', 'k@@', 'ere', 'z@@', 'in', 'het', 'kl@@', 'op@@', 'p@@', 'end', 'har@@', 't', 'van', 'ons', 'glob@@', 'aal', 'k@@', 'li@@', 'ma@@', 'at@@', 'systeem', '.']
2026-05-27 23:43:18,418 - DEBUG - joeynmt.training - 	Tokenized reference:  ['The', 'ar@@', 'c@@', 'ti@@', 'c', 'ice', 'ca@@', 'p', 'is', ',', 'in', 'a', 'sense', ',', 'the', 'be@@', 'ating', 'he@@', 'art', 'of', 'the', 'glob@@', 'al', 'c@@', 'lim@@', 'ate', 'system', '.']
2026-05-27 23:43:18,419 - DEBUG - joeynmt.training - 	Tokenized hypothesis: ['The', 'ice', 'sk@@', 'a@@', 'p', 'on', 'the', 'N@@', 'or@@', 'th', 'P@@', 'ole', 'is', 'in', 'a', 'sense', 'of', 'the', 'c@@', 'lim@@', 'ate', 'system', '.', '</s>']
2026-05-27 23:43:18,419 - INFO - joeynmt.training - 	Source:     De ijskap op de Noordpool is in zekere zin het kloppend hart van ons globaal klimaatsysteem .
2026-05-27 23:43:18,419 - INFO - joeynmt.training - 	Reference:  The arctic ice cap is , in a sense , the beating heart of the global climate system .
2026-05-27 23:43:18,419 - INFO - joeynmt.training - 	Hypothesis: The ice skap on the North Pole is in a sense of the climate system .
2026-05-27 23:43:18,419 - INFO - joeynmt.training - Example #3
2026-05-27 23:43:18,419 - DEBUG - joeynmt.training - 	Tokenized source:     ['Het', 'z@@', 'et', 'uit', 'in', 'de', 'win@@', 'ter', 'en', 'k@@', 'ri@@', 'mp@@', 't', 'in', 'de', 'z@@', 'om@@', 'er', '.']
2026-05-27 23:43:18,419 - DEBUG - joeynmt.training - 	Tokenized reference:  ['It', 'exp@@', 'and@@', 's', 'in', 'win@@', 'ter', 'and', 'con@@', 'tr@@', 'ac@@', 'ts', 'in', 'su@@', 'mm@@', 'er', '.']
2026-05-27 23:43:18,419 - DEBUG - joeynmt.training - 	Tokenized hypothesis: ['It', '&apos;s', 'in', 'the', 'win@@', 'ter', 'and', 'the', 'f@@', 'ri@@', 'mp@@', 's', 'in', 'the', 'su@@', 'mm@@', 'er', '.', '</s>']
2026-05-27 23:43:18,419 - INFO - joeynmt.training - 	Source:     Het zet uit in de winter en krimpt in de zomer .
2026-05-27 23:43:18,419 - INFO - joeynmt.training - 	Reference:  It expands in winter and contracts in summer .
2026-05-27 23:43:18,419 - INFO - joeynmt.training - 	Hypothesis: It &apos;s in the winter and the frimps in the summer .
2026-05-27 23:43:18,419 - INFO - joeynmt.training - Example #4
2026-05-27 23:43:18,419 - DEBUG - joeynmt.training - 	Tokenized source:     ['De', 'volgende', 'dia', 'die', 'ik', 'laat', 'zien', 'is', 'een', 'vers@@', 'n@@', 'el@@', 'de', 'ver@@', 'sie', 'van', 'wat', 'er', 'de', 'af@@', 'gel@@', 'open', '2@@', '5', 'jaar', 'is', 'gebeur@@', 'd', '.']
2026-05-27 23:43:18,419 - DEBUG - joeynmt.training - 	Tokenized reference:  ['The', 'next', 'sli@@', 'de', 'I', 'show', 'you', 'will', 'be', 'a', 'r@@', 'ap@@', 'id', 'fa@@', 'st@@', '-@@', 'for@@', 'ward', 'of', 'what', '&apos;s', 'happened', 'over', 'the', 'last', '2@@', '5', 'years', '.']
2026-05-27 23:43:18,419 - DEBUG - joeynmt.training - 	Tokenized hypothesis: ['The', 'next', 'sli@@', 'de', 'I', '&apos;m', 'sho@@', 'wing', 'is', 'a', 'vers@@', 'ar@@', 'ies', 'of', 'what', 'happened', 'to', 'the', 'last', '2@@', '5', 'years', '.', '</s>']
2026-05-27 23:43:18,420 - INFO - joeynmt.training - 	Source:     De volgende dia die ik laat zien is een versnelde versie van wat er de afgelopen 25 jaar is gebeurd .
2026-05-27 23:43:18,420 - INFO - joeynmt.training - 	Reference:  The next slide I show you will be a rapid fast-forward of what &apos;s happened over the last 25 years .
2026-05-27 23:43:18,420 - INFO - joeynmt.training - 	Hypothesis: The next slide I &apos;m showing is a versaries of what happened to the last 25 years .
2026-05-27 23:43:30,197 - INFO - joeynmt.training - Epoch   6, Step:    22100, Batch Loss:     1.362935, Batch Acc: 0.623815, Tokens per Sec:     6207, Lr: 0.000300
2026-05-27 23:43:42,752 - INFO - joeynmt.training - Epoch   6, Step:    22200, Batch Loss:     1.280318, Batch Acc: 0.619300, Tokens per Sec:     6008, Lr: 0.000300
2026-05-27 23:43:54,608 - INFO - joeynmt.training - Epoch   6, Step:    22300, Batch Loss:     1.354099, Batch Acc: 0.618540, Tokens per Sec:     6370, Lr: 0.000300
2026-05-27 23:44:07,703 - INFO - joeynmt.training - Epoch   6, Step:    22400, Batch Loss:     1.351758, Batch Acc: 0.615768, Tokens per Sec:     5973, Lr: 0.000300
2026-05-27 23:44:19,645 - INFO - joeynmt.training - Epoch   6, Step:    22500, Batch Loss:     1.335821, Batch Acc: 0.622709, Tokens per Sec:     6186, Lr: 0.000300
2026-05-27 23:44:19,646 - WARNING - joeynmt.helpers - `alpha` option is obsolete. Please use `beam_alpha`, instead.
2026-05-27 23:44:19,646 - INFO - joeynmt.prediction - Predicting 1003 example(s)... (Greedy decoding with min_output_length=1, max_output_length=-1, return_prob='none', generate_unk=True, repetition_penalty=-1, no_repeat_ngram_size=-1)
2026-05-27 23:44:44,366 - INFO - joeynmt.prediction - Evaluation result (greedy) loss:   1.70, ppl:   5.45, acc:   0.52, generation: 24.7094[sec], evaluation: 0.0000[sec]
2026-05-27 23:44:44,483 - INFO - joeynmt.helpers - delete models/tf_bpe_2000_nl_en/20500.ckpt
2026-05-27 23:44:44,485 - INFO - joeynmt.training - Example #0
2026-05-27 23:44:44,485 - DEBUG - joeynmt.training - 	Tokenized source:     ['V@@', 'or@@', 'ig', 'jaar', 'li@@', 'et', 'ik', 'deze', 'twee', 'dia', '&apos;', 's', 'zien', 'om', 'aan', 'te', 't@@', 'onen', 'dat', 'de', 'p@@', 'oo@@', 'lij@@', 'sk@@', 'a@@', 'p', ',', 'die', 'de', 'af@@', 'gel@@', 'open', 'drie', 'miljoen', 'jaar', 'ongeveer', 'de', 'groot@@', 'te', 'had', 'van', 'het', 'va@@', 'stel@@', 'and', 'van', 'de', 'V@@', 'S', ',', 'met', '4@@', '0', '%', 'ge@@', 'k@@', 'r@@', 'om@@', 'pen', 'was', '.']
2026-05-27 23:44:44,485 - DEBUG - joeynmt.training - 	Tokenized reference:  ['La@@', 'st', 'year', 'I', 'sho@@', 'w@@', 'ed', 'these', 'two', 'sli@@', 'des', 'so', 'that', 'de@@', 'mon@@', 'str@@', 'ate', 'that', 'the', 'ar@@', 'c@@', 'ti@@', 'c', 'ice', 'ca@@', 'p', ',', 'which', 'for', 'most', 'of', 'the', 'last', 'three', 'million', 'years', 'has', 'been', 'the', 'si@@', 'ze', 'of', 'the', 'lo@@', 'wer', '4@@', '8', 'st@@', 'ates', ',', 'has', 'sh@@', 'r@@', 'un@@', 'k', 'by', '4@@', '0', 'percent', '.']
2026-05-27 23:44:44,485 - DEBUG - joeynmt.training - 	Tokenized hypothesis: ['And', 'last', 'year', ',', 'I', 'le@@', 'ft', 'these', 'two', 'sli@@', 'des', 'to', 'show', 'that', 'the', 'p@@', 'oo@@', 'ls', 'to', 'show', 'that', 'the', 'p@@', 'oo@@', 'se', 'the', 'pa@@', 'th@@', 'ers', 'that', 'the', 'pa@@', 'st', 'three', 'million', 'years', 'of', 'the', 'ma@@', 's@@', 'si@@', 've', 'of', 'the', 'U@@', 'n@@', 'ited', 'St@@', 'ates', ',', 'with', '4@@', '0', 'percent', 'c@@', 'ir@@', 'c@@', 'le', '.', '</s>']
2026-05-27 23:44:44,485 - INFO - joeynmt.training - 	Source:     Vorig jaar liet ik deze twee dia &apos; s zien om aan te tonen dat de poolijskap , die de afgelopen drie miljoen jaar ongeveer de grootte had van het vasteland van de VS , met 40 % gekrompen was .
2026-05-27 23:44:44,485 - INFO - joeynmt.training - 	Reference:  Last year I showed these two slides so that demonstrate that the arctic ice cap , which for most of the last three million years has been the size of the lower 48 states , has shrunk by 40 percent .
2026-05-27 23:44:44,485 - INFO - joeynmt.training - 	Hypothesis: And last year , I left these two slides to show that the pools to show that the poose the pathers that the past three million years of the massive of the United States , with 40 percent circle .
2026-05-27 23:44:44,486 - INFO - joeynmt.training - Example #1
2026-05-27 23:44:44,486 - DEBUG - joeynmt.training - 	Tokenized source:     ['Maar', 'dit', 'onder@@', 'sch@@', 'at', 'eigenlijk', 'de', 'er@@', 'n@@', 'st', 'van', 'dit', 'speci@@', 'f@@', 'ieke', 'probleem', 'omdat', 'het', 'niet', 'de', 'di@@', 'kte', 'van', 'het', 'ij@@', 's', 'laat', 'zien', '.']
2026-05-27 23:44:44,486 - DEBUG - joeynmt.training - 	Tokenized reference:  ['But', 'this', 'under@@', 'st@@', 'ates', 'the', 'ser@@', 'i@@', 'ous@@', 'ness', 'of', 'this', 'parti@@', 'cu@@', 'lar', 'problem', 'because', 'it', 'doesn', '&apos;t', 'show', 'the', 'th@@', 'ic@@', 'k@@', 'ness', 'of', 'the', 'ice', '.']
2026-05-27 23:44:44,486 - DEBUG - joeynmt.training - 	Tokenized hypothesis: ['But', 'this', 'under@@', 'st@@', 'ood', 'of', 'this', 'parti@@', 'cu@@', 'lar', 'problem', 'because', 'it', 'doesn', '&apos;t', 'show', 'the', 'de@@', 'c@@', 'k', 'of', 'the', 'ice', 'of', 'the', 'ice', '.', '</s>']
2026-05-27 23:44:44,486 - INFO - joeynmt.training - 	Source:     Maar dit onderschat eigenlijk de ernst van dit specifieke probleem omdat het niet de dikte van het ijs laat zien .
2026-05-27 23:44:44,486 - INFO - joeynmt.training - 	Reference:  But this understates the seriousness of this particular problem because it doesn &apos;t show the thickness of the ice .
2026-05-27 23:44:44,486 - INFO - joeynmt.training - 	Hypothesis: But this understood of this particular problem because it doesn &apos;t show the deck of the ice of the ice .
2026-05-27 23:44:44,486 - INFO - joeynmt.training - Example #2
2026-05-27 23:44:44,486 - DEBUG - joeynmt.training - 	Tokenized source:     ['De', 'ij@@', 'sk@@', 'a@@', 'p', 'op', 'de', 'N@@', 'oor@@', 'd@@', 'p@@', 'ool', 'is', 'in', 'ze@@', 'k@@', 'ere', 'z@@', 'in', 'het', 'kl@@', 'op@@', 'p@@', 'end', 'har@@', 't', 'van', 'ons', 'glob@@', 'aal', 'k@@', 'li@@', 'ma@@', 'at@@', 'systeem', '.']
2026-05-27 23:44:44,486 - DEBUG - joeynmt.training - 	Tokenized reference:  ['The', 'ar@@', 'c@@', 'ti@@', 'c', 'ice', 'ca@@', 'p', 'is', ',', 'in', 'a', 'sense', ',', 'the', 'be@@', 'ating', 'he@@', 'art', 'of', 'the', 'glob@@', 'al', 'c@@', 'lim@@', 'ate', 'system', '.']
2026-05-27 23:44:44,486 - DEBUG - joeynmt.training - 	Tokenized hypothesis: ['The', 'ice', 'sk@@', 'in', 'on', 'the', 'N@@', 'or@@', 'th', 'P@@', 'ole', 'is', 'in', 'a', 'cer@@', 'ta@@', 'in', 'sense', ',', 'the', 'c@@', 'li@@', 'p', 'he@@', 'art', 'of', 'our', 'glob@@', 'al', 'c@@', 'lim@@', 'ate', 'system', '.', '</s>']
2026-05-27 23:44:44,486 - INFO - joeynmt.training - 	Source:     De ijskap op de Noordpool is in zekere zin het kloppend hart van ons globaal klimaatsysteem .
2026-05-27 23:44:44,486 - INFO - joeynmt.training - 	Reference:  The arctic ice cap is , in a sense , the beating heart of the global climate system .
2026-05-27 23:44:44,486 - INFO - joeynmt.training - 	Hypothesis: The ice skin on the North Pole is in a certain sense , the clip heart of our global climate system .
2026-05-27 23:44:44,486 - INFO - joeynmt.training - Example #3
2026-05-27 23:44:44,487 - DEBUG - joeynmt.training - 	Tokenized source:     ['Het', 'z@@', 'et', 'uit', 'in', 'de', 'win@@', 'ter', 'en', 'k@@', 'ri@@', 'mp@@', 't', 'in', 'de', 'z@@', 'om@@', 'er', '.']
2026-05-27 23:44:44,487 - DEBUG - joeynmt.training - 	Tokenized reference:  ['It', 'exp@@', 'and@@', 's', 'in', 'win@@', 'ter', 'and', 'con@@', 'tr@@', 'ac@@', 'ts', 'in', 'su@@', 'mm@@', 'er', '.']
2026-05-27 23:44:44,487 - DEBUG - joeynmt.training - 	Tokenized hypothesis: ['It', '&apos;s', 'in', 'the', 'win@@', 'ter', 'and', 'c@@', 'ri@@', 'mp@@', 's', 'in', 'the', 'su@@', 'mm@@', 'er', '.', '</s>']
2026-05-27 23:44:44,487 - INFO - joeynmt.training - 	Source:     Het zet uit in de winter en krimpt in de zomer .
2026-05-27 23:44:44,487 - INFO - joeynmt.training - 	Reference:  It expands in winter and contracts in summer .
2026-05-27 23:44:44,487 - INFO - joeynmt.training - 	Hypothesis: It &apos;s in the winter and crimps in the summer .
2026-05-27 23:44:44,487 - INFO - joeynmt.training - Example #4
2026-05-27 23:44:44,487 - DEBUG - joeynmt.training - 	Tokenized source:     ['De', 'volgende', 'dia', 'die', 'ik', 'laat', 'zien', 'is', 'een', 'vers@@', 'n@@', 'el@@', 'de', 'ver@@', 'sie', 'van', 'wat', 'er', 'de', 'af@@', 'gel@@', 'open', '2@@', '5', 'jaar', 'is', 'gebeur@@', 'd', '.']
2026-05-27 23:44:44,487 - DEBUG - joeynmt.training - 	Tokenized reference:  ['The', 'next', 'sli@@', 'de', 'I', 'show', 'you', 'will', 'be', 'a', 'r@@', 'ap@@', 'id', 'fa@@', 'st@@', '-@@', 'for@@', 'ward', 'of', 'what', '&apos;s', 'happened', 'over', 'the', 'last', '2@@', '5', 'years', '.']
2026-05-27 23:44:44,487 - DEBUG - joeynmt.training - 	Tokenized hypothesis: ['The', 'next', 'sli@@', 'de', 'I', '&apos;m', 'sho@@', 'wing', 'is', 'a', 'vers@@', 'ity', 'of', 'what', 'happened', 'the', 'pa@@', 'st', '2@@', '5', 'years', '.', '</s>']
2026-05-27 23:44:44,487 - INFO - joeynmt.training - 	Source:     De volgende dia die ik laat zien is een versnelde versie van wat er de afgelopen 25 jaar is gebeurd .
2026-05-27 23:44:44,487 - INFO - joeynmt.training - 	Reference:  The next slide I show you will be a rapid fast-forward of what &apos;s happened over the last 25 years .
2026-05-27 23:44:44,487 - INFO - joeynmt.training - 	Hypothesis: The next slide I &apos;m showing is a versity of what happened the past 25 years .
2026-05-27 23:44:56,510 - INFO - joeynmt.training - Epoch   6, Step:    22600, Batch Loss:     1.475659, Batch Acc: 0.617320, Tokens per Sec:     6116, Lr: 0.000300
2026-05-27 23:45:08,833 - INFO - joeynmt.training - Epoch   6, Step:    22700, Batch Loss:     1.494110, Batch Acc: 0.620978, Tokens per Sec:     6119, Lr: 0.000300
2026-05-27 23:45:21,148 - INFO - joeynmt.training - Epoch   6, Step:    22800, Batch Loss:     1.226274, Batch Acc: 0.624576, Tokens per Sec:     6277, Lr: 0.000300
2026-05-27 23:45:32,574 - INFO - joeynmt.training - Epoch   6, Step:    22900, Batch Loss:     1.300653, Batch Acc: 0.618920, Tokens per Sec:     6419, Lr: 0.000300
2026-05-27 23:45:45,913 - INFO - joeynmt.training - Epoch   6, Step:    23000, Batch Loss:     1.285758, Batch Acc: 0.622209, Tokens per Sec:     5596, Lr: 0.000300
2026-05-27 23:45:45,913 - WARNING - joeynmt.helpers - `alpha` option is obsolete. Please use `beam_alpha`, instead.
2026-05-27 23:45:45,913 - INFO - joeynmt.prediction - Predicting 1003 example(s)... (Greedy decoding with min_output_length=1, max_output_length=-1, return_prob='none', generate_unk=True, repetition_penalty=-1, no_repeat_ngram_size=-1)
2026-05-27 23:46:17,275 - INFO - joeynmt.prediction - Evaluation result (greedy) loss:   1.69, ppl:   5.43, acc:   0.52, generation: 31.3514[sec], evaluation: 0.0000[sec]
2026-05-27 23:46:17,275 - INFO - joeynmt.training - Hooray! New best validation result [ppl]!
2026-05-27 23:46:17,392 - INFO - joeynmt.helpers - delete models/tf_bpe_2000_nl_en/19500.ckpt
2026-05-27 23:46:17,394 - INFO - joeynmt.training - Example #0
2026-05-27 23:46:17,394 - DEBUG - joeynmt.training - 	Tokenized source:     ['V@@', 'or@@', 'ig', 'jaar', 'li@@', 'et', 'ik', 'deze', 'twee', 'dia', '&apos;', 's', 'zien', 'om', 'aan', 'te', 't@@', 'onen', 'dat', 'de', 'p@@', 'oo@@', 'lij@@', 'sk@@', 'a@@', 'p', ',', 'die', 'de', 'af@@', 'gel@@', 'open', 'drie', 'miljoen', 'jaar', 'ongeveer', 'de', 'groot@@', 'te', 'had', 'van', 'het', 'va@@', 'stel@@', 'and', 'van', 'de', 'V@@', 'S', ',', 'met', '4@@', '0', '%', 'ge@@', 'k@@', 'r@@', 'om@@', 'pen', 'was', '.']
2026-05-27 23:46:17,394 - DEBUG - joeynmt.training - 	Tokenized reference:  ['La@@', 'st', 'year', 'I', 'sho@@', 'w@@', 'ed', 'these', 'two', 'sli@@', 'des', 'so', 'that', 'de@@', 'mon@@', 'str@@', 'ate', 'that', 'the', 'ar@@', 'c@@', 'ti@@', 'c', 'ice', 'ca@@', 'p', ',', 'which', 'for', 'most', 'of', 'the', 'last', 'three', 'million', 'years', 'has', 'been', 'the', 'si@@', 'ze', 'of', 'the', 'lo@@', 'wer', '4@@', '8', 'st@@', 'ates', ',', 'has', 'sh@@', 'r@@', 'un@@', 'k', 'by', '4@@', '0', 'percent', '.']
2026-05-27 23:46:17,394 - DEBUG - joeynmt.training - 	Tokenized hypothesis: ['And', 'last', 'year', ',', 'I', 'sho@@', 'w@@', 'ed', 'these', 'two', 'sli@@', 'des', 'to', 'see', 'that', 'the', 'p@@', 'oo@@', 'ls', 'of', 'the', 'p@@', 'oo@@', 'ls', ',', 'who', 'had', 'the', 'p@@', 'oo@@', 'ls', 'the', 'si@@', 'ze', 'three', 'million', 'years', 'of', 'the', 'U@@', 'n@@', 'ited', 'St@@', 'ates', ',', 'with', '4@@', '0', 'percent', 'of', 'the', 'U@@', '.@@', 'S@@', '.', ',', 'with', '4@@', '0', 'percent', 'percent', 'of', 'the', 'U@@', '.@@', 'S@@', '.', ',', 'with', '4@@', '0', 'percent', 'of', 'the', 'U@@', 'n@@', 'ited', 'St@@', 'ates', ',', 'with', '4@@', '0', 'percent', 'percent', 'percent', 'of', 'the', 'U@@', '.@@', 'S@@', '.', ',', 'with', '4@@', '0', 'percent', ',', 'with', '4@@', '0', 'percent', ',', 'and', 'I', 'was', 'a', 'little', 'of', 'the', 'U@@']
2026-05-27 23:46:17,394 - INFO - joeynmt.training - 	Source:     Vorig jaar liet ik deze twee dia &apos; s zien om aan te tonen dat de poolijskap , die de afgelopen drie miljoen jaar ongeveer de grootte had van het vasteland van de VS , met 40 % gekrompen was .
2026-05-27 23:46:17,394 - INFO - joeynmt.training - 	Reference:  Last year I showed these two slides so that demonstrate that the arctic ice cap , which for most of the last three million years has been the size of the lower 48 states , has shrunk by 40 percent .
2026-05-27 23:46:17,394 - INFO - joeynmt.training - 	Hypothesis: And last year , I showed these two slides to see that the pools of the pools , who had the pools the size three million years of the United States , with 40 percent of the U.S. , with 40 percent percent of the U.S. , with 40 percent of the United States , with 40 percent percent percent of the U.S. , with 40 percent , with 40 percent , and I was a little of the U
2026-05-27 23:46:17,394 - INFO - joeynmt.training - Example #1
2026-05-27 23:46:17,395 - DEBUG - joeynmt.training - 	Tokenized source:     ['Maar', 'dit', 'onder@@', 'sch@@', 'at', 'eigenlijk', 'de', 'er@@', 'n@@', 'st', 'van', 'dit', 'speci@@', 'f@@', 'ieke', 'probleem', 'omdat', 'het', 'niet', 'de', 'di@@', 'kte', 'van', 'het', 'ij@@', 's', 'laat', 'zien', '.']
2026-05-27 23:46:17,395 - DEBUG - joeynmt.training - 	Tokenized reference:  ['But', 'this', 'under@@', 'st@@', 'ates', 'the', 'ser@@', 'i@@', 'ous@@', 'ness', 'of', 'this', 'parti@@', 'cu@@', 'lar', 'problem', 'because', 'it', 'doesn', '&apos;t', 'show', 'the', 'th@@', 'ic@@', 'k@@', 'ness', 'of', 'the', 'ice', '.']
2026-05-27 23:46:17,395 - DEBUG - joeynmt.training - 	Tokenized hypothesis: ['But', 'this', 'is', 'actually', 'the', 'wr@@', 'ong', 'of', 'this', 'parti@@', 'cu@@', 'lar', 'problem', 'because', 'it', 'doesn', '&apos;t', 'show', 'the', 'di@@', 'se@@', 'ase', 'of', 'the', 'ice', '.', '</s>']
2026-05-27 23:46:17,395 - INFO - joeynmt.training - 	Source:     Maar dit onderschat eigenlijk de ernst van dit specifieke probleem omdat het niet de dikte van het ijs laat zien .
2026-05-27 23:46:17,395 - INFO - joeynmt.training - 	Reference:  But this understates the seriousness of this particular problem because it doesn &apos;t show the thickness of the ice .
2026-05-27 23:46:17,395 - INFO - joeynmt.training - 	Hypothesis: But this is actually the wrong of this particular problem because it doesn &apos;t show the disease of the ice .
2026-05-27 23:46:17,395 - INFO - joeynmt.training - Example #2
2026-05-27 23:46:17,395 - DEBUG - joeynmt.training - 	Tokenized source:     ['De', 'ij@@', 'sk@@', 'a@@', 'p', 'op', 'de', 'N@@', 'oor@@', 'd@@', 'p@@', 'ool', 'is', 'in', 'ze@@', 'k@@', 'ere', 'z@@', 'in', 'het', 'kl@@', 'op@@', 'p@@', 'end', 'har@@', 't', 'van', 'ons', 'glob@@', 'aal', 'k@@', 'li@@', 'ma@@', 'at@@', 'systeem', '.']
2026-05-27 23:46:17,395 - DEBUG - joeynmt.training - 	Tokenized reference:  ['The', 'ar@@', 'c@@', 'ti@@', 'c', 'ice', 'ca@@', 'p', 'is', ',', 'in', 'a', 'sense', ',', 'the', 'be@@', 'ating', 'he@@', 'art', 'of', 'the', 'glob@@', 'al', 'c@@', 'lim@@', 'ate', 'system', '.']
2026-05-27 23:46:17,395 - DEBUG - joeynmt.training - 	Tokenized hypothesis: ['The', 'ice', 'sk@@', 'a@@', 'p', 'on', 'the', 'N@@', 'or@@', 'th', 'P@@', 'ole', 'is', 'in', 'a', 'cer@@', 'ta@@', 'in', 'sense', ',', 'the', 'c@@', 'lim@@', 'ate', 'system', '.', '</s>']
2026-05-27 23:46:17,395 - INFO - joeynmt.training - 	Source:     De ijskap op de Noordpool is in zekere zin het kloppend hart van ons globaal klimaatsysteem .
2026-05-27 23:46:17,395 - INFO - joeynmt.training - 	Reference:  The arctic ice cap is , in a sense , the beating heart of the global climate system .
2026-05-27 23:46:17,395 - INFO - joeynmt.training - 	Hypothesis: The ice skap on the North Pole is in a certain sense , the climate system .
2026-05-27 23:46:17,395 - INFO - joeynmt.training - Example #3
2026-05-27 23:46:17,395 - DEBUG - joeynmt.training - 	Tokenized source:     ['Het', 'z@@', 'et', 'uit', 'in', 'de', 'win@@', 'ter', 'en', 'k@@', 'ri@@', 'mp@@', 't', 'in', 'de', 'z@@', 'om@@', 'er', '.']
2026-05-27 23:46:17,395 - DEBUG - joeynmt.training - 	Tokenized reference:  ['It', 'exp@@', 'and@@', 's', 'in', 'win@@', 'ter', 'and', 'con@@', 'tr@@', 'ac@@', 'ts', 'in', 'su@@', 'mm@@', 'er', '.']
2026-05-27 23:46:17,395 - DEBUG - joeynmt.training - 	Tokenized hypothesis: ['It', 'was', 'in', 'the', 'win@@', 'ter', 'and', 'the', 'su@@', 'mm@@', 'er', '.', '</s>']
2026-05-27 23:46:17,396 - INFO - joeynmt.training - 	Source:     Het zet uit in de winter en krimpt in de zomer .
2026-05-27 23:46:17,396 - INFO - joeynmt.training - 	Reference:  It expands in winter and contracts in summer .
2026-05-27 23:46:17,396 - INFO - joeynmt.training - 	Hypothesis: It was in the winter and the summer .
2026-05-27 23:46:17,396 - INFO - joeynmt.training - Example #4
2026-05-27 23:46:17,396 - DEBUG - joeynmt.training - 	Tokenized source:     ['De', 'volgende', 'dia', 'die', 'ik', 'laat', 'zien', 'is', 'een', 'vers@@', 'n@@', 'el@@', 'de', 'ver@@', 'sie', 'van', 'wat', 'er', 'de', 'af@@', 'gel@@', 'open', '2@@', '5', 'jaar', 'is', 'gebeur@@', 'd', '.']
2026-05-27 23:46:17,396 - DEBUG - joeynmt.training - 	Tokenized reference:  ['The', 'next', 'sli@@', 'de', 'I', 'show', 'you', 'will', 'be', 'a', 'r@@', 'ap@@', 'id', 'fa@@', 'st@@', '-@@', 'for@@', 'ward', 'of', 'what', '&apos;s', 'happened', 'over', 'the', 'last', '2@@', '5', 'years', '.']
2026-05-27 23:46:17,396 - DEBUG - joeynmt.training - 	Tokenized hypothesis: ['The', 'next', 'sli@@', 'de', 'I', '&apos;m', 'going', 'to', 'show', 'is', 'a', 'ac@@', 'cel@@', 'er@@', 'ated', 'ver@@', 'sion', 'of', 'what', 'happened', 'in', 'the', 'last', '2@@', '5', 'years', '.', '</s>']
2026-05-27 23:46:17,396 - INFO - joeynmt.training - 	Source:     De volgende dia die ik laat zien is een versnelde versie van wat er de afgelopen 25 jaar is gebeurd .
2026-05-27 23:46:17,396 - INFO - joeynmt.training - 	Reference:  The next slide I show you will be a rapid fast-forward of what &apos;s happened over the last 25 years .
2026-05-27 23:46:17,396 - INFO - joeynmt.training - 	Hypothesis: The next slide I &apos;m going to show is a accelerated version of what happened in the last 25 years .
2026-05-27 23:46:29,163 - INFO - joeynmt.training - Epoch   6, Step:    23100, Batch Loss:     1.299795, Batch Acc: 0.620258, Tokens per Sec:     6391, Lr: 0.000300
2026-05-27 23:46:41,907 - INFO - joeynmt.training - Epoch   6, Step:    23200, Batch Loss:     1.413058, Batch Acc: 0.620027, Tokens per Sec:     5910, Lr: 0.000300
2026-05-27 23:46:50,982 - INFO - joeynmt.training - Epoch   6: total training loss 5140.97
2026-05-27 23:46:50,983 - INFO - joeynmt.training - EPOCH 7
2026-05-27 23:46:53,853 - INFO - joeynmt.training - Epoch   7, Step:    23300, Batch Loss:     1.396542, Batch Acc: 0.626757, Tokens per Sec:     6272, Lr: 0.000300
2026-05-27 23:47:06,065 - INFO - joeynmt.training - Epoch   7, Step:    23400, Batch Loss:     1.184474, Batch Acc: 0.639295, Tokens per Sec:     6095, Lr: 0.000300
2026-05-27 23:47:18,274 - INFO - joeynmt.training - Epoch   7, Step:    23500, Batch Loss:     1.376420, Batch Acc: 0.635129, Tokens per Sec:     6305, Lr: 0.000300
2026-05-27 23:47:18,274 - WARNING - joeynmt.helpers - `alpha` option is obsolete. Please use `beam_alpha`, instead.
2026-05-27 23:47:18,274 - INFO - joeynmt.prediction - Predicting 1003 example(s)... (Greedy decoding with min_output_length=1, max_output_length=-1, return_prob='none', generate_unk=True, repetition_penalty=-1, no_repeat_ngram_size=-1)
2026-05-27 23:47:44,661 - INFO - joeynmt.prediction - Evaluation result (greedy) loss:   1.69, ppl:   5.39, acc:   0.53, generation: 26.3757[sec], evaluation: 0.0000[sec]
2026-05-27 23:47:44,662 - INFO - joeynmt.training - Hooray! New best validation result [ppl]!
2026-05-27 23:47:44,779 - INFO - joeynmt.helpers - delete models/tf_bpe_2000_nl_en/21000.ckpt
2026-05-27 23:47:44,780 - INFO - joeynmt.training - Example #0
2026-05-27 23:47:44,780 - DEBUG - joeynmt.training - 	Tokenized source:     ['V@@', 'or@@', 'ig', 'jaar', 'li@@', 'et', 'ik', 'deze', 'twee', 'dia', '&apos;', 's', 'zien', 'om', 'aan', 'te', 't@@', 'onen', 'dat', 'de', 'p@@', 'oo@@', 'lij@@', 'sk@@', 'a@@', 'p', ',', 'die', 'de', 'af@@', 'gel@@', 'open', 'drie', 'miljoen', 'jaar', 'ongeveer', 'de', 'groot@@', 'te', 'had', 'van', 'het', 'va@@', 'stel@@', 'and', 'van', 'de', 'V@@', 'S', ',', 'met', '4@@', '0', '%', 'ge@@', 'k@@', 'r@@', 'om@@', 'pen', 'was', '.']
2026-05-27 23:47:44,780 - DEBUG - joeynmt.training - 	Tokenized reference:  ['La@@', 'st', 'year', 'I', 'sho@@', 'w@@', 'ed', 'these', 'two', 'sli@@', 'des', 'so', 'that', 'de@@', 'mon@@', 'str@@', 'ate', 'that', 'the', 'ar@@', 'c@@', 'ti@@', 'c', 'ice', 'ca@@', 'p', ',', 'which', 'for', 'most', 'of', 'the', 'last', 'three', 'million', 'years', 'has', 'been', 'the', 'si@@', 'ze', 'of', 'the', 'lo@@', 'wer', '4@@', '8', 'st@@', 'ates', ',', 'has', 'sh@@', 'r@@', 'un@@', 'k', 'by', '4@@', '0', 'percent', '.']
2026-05-27 23:47:44,780 - DEBUG - joeynmt.training - 	Tokenized hypothesis: ['And', 'last', 'year', ',', 'I', 'sho@@', 'w@@', 'ed', 'these', 'two', 'sli@@', 'des', 'to', 'show', 'that', 'the', 'p@@', 'oo@@', 'ls', 'that', 'the', 'p@@', 'oo@@', 'ls', ',', 'which', 'the', 'last', 'three', 'million', 'years', 'of', 'the', 'si@@', 'ze', 'of', 'the', 'U@@', 'n@@', 'ited', 'St@@', 'ates', ',', 'with', '4@@', '0', 'percent', 'of', 'the', 'U@@', 'n@@', 'ited', 'St@@', 'ates', ',', '4@@', '0', 'percent', 'of', 'the', 'U@@', 'n@@', 'ited', 'St@@', 'ates', ',', '</s>']
2026-05-27 23:47:44,780 - INFO - joeynmt.training - 	Source:     Vorig jaar liet ik deze twee dia &apos; s zien om aan te tonen dat de poolijskap , die de afgelopen drie miljoen jaar ongeveer de grootte had van het vasteland van de VS , met 40 % gekrompen was .
2026-05-27 23:47:44,780 - INFO - joeynmt.training - 	Reference:  Last year I showed these two slides so that demonstrate that the arctic ice cap , which for most of the last three million years has been the size of the lower 48 states , has shrunk by 40 percent .
2026-05-27 23:47:44,780 - INFO - joeynmt.training - 	Hypothesis: And last year , I showed these two slides to show that the pools that the pools , which the last three million years of the size of the United States , with 40 percent of the United States , 40 percent of the United States ,
2026-05-27 23:47:44,780 - INFO - joeynmt.training - Example #1
2026-05-27 23:47:44,781 - DEBUG - joeynmt.training - 	Tokenized source:     ['Maar', 'dit', 'onder@@', 'sch@@', 'at', 'eigenlijk', 'de', 'er@@', 'n@@', 'st', 'van', 'dit', 'speci@@', 'f@@', 'ieke', 'probleem', 'omdat', 'het', 'niet', 'de', 'di@@', 'kte', 'van', 'het', 'ij@@', 's', 'laat', 'zien', '.']
2026-05-27 23:47:44,781 - DEBUG - joeynmt.training - 	Tokenized reference:  ['But', 'this', 'under@@', 'st@@', 'ates', 'the', 'ser@@', 'i@@', 'ous@@', 'ness', 'of', 'this', 'parti@@', 'cu@@', 'lar', 'problem', 'because', 'it', 'doesn', '&apos;t', 'show', 'the', 'th@@', 'ic@@', 'k@@', 'ness', 'of', 'the', 'ice', '.']
2026-05-27 23:47:44,781 - DEBUG - joeynmt.training - 	Tokenized hypothesis: ['But', 'this', 'is', 'actually', 'the', 're@@', 'st', 'of', 'this', 'parti@@', 'cu@@', 'lar', 'problem', 'because', 'it', 'doesn', '&apos;t', 'show', 'the', 'di@@', 'sp@@', 'in@@', 'ed', 'of', 'the', 'ice', '.', '</s>']
2026-05-27 23:47:44,781 - INFO - joeynmt.training - 	Source:     Maar dit onderschat eigenlijk de ernst van dit specifieke probleem omdat het niet de dikte van het ijs laat zien .
2026-05-27 23:47:44,781 - INFO - joeynmt.training - 	Reference:  But this understates the seriousness of this particular problem because it doesn &apos;t show the thickness of the ice .
2026-05-27 23:47:44,781 - INFO - joeynmt.training - 	Hypothesis: But this is actually the rest of this particular problem because it doesn &apos;t show the dispined of the ice .
2026-05-27 23:47:44,781 - INFO - joeynmt.training - Example #2
2026-05-27 23:47:44,781 - DEBUG - joeynmt.training - 	Tokenized source:     ['De', 'ij@@', 'sk@@', 'a@@', 'p', 'op', 'de', 'N@@', 'oor@@', 'd@@', 'p@@', 'ool', 'is', 'in', 'ze@@', 'k@@', 'ere', 'z@@', 'in', 'het', 'kl@@', 'op@@', 'p@@', 'end', 'har@@', 't', 'van', 'ons', 'glob@@', 'aal', 'k@@', 'li@@', 'ma@@', 'at@@', 'systeem', '.']
2026-05-27 23:47:44,781 - DEBUG - joeynmt.training - 	Tokenized reference:  ['The', 'ar@@', 'c@@', 'ti@@', 'c', 'ice', 'ca@@', 'p', 'is', ',', 'in', 'a', 'sense', ',', 'the', 'be@@', 'ating', 'he@@', 'art', 'of', 'the', 'glob@@', 'al', 'c@@', 'lim@@', 'ate', 'system', '.']
2026-05-27 23:47:44,781 - DEBUG - joeynmt.training - 	Tokenized hypothesis: ['The', 'ice', 'sk@@', 'a@@', 'p', 'on', 'the', 'N@@', 'or@@', 'th', 'P@@', 'ole', 'is', 'in', 'a', 'sense', 'of', 'the', 'ready', 'c@@', 'lim@@', 'ate', 'he@@', 'art', 'of', 'our', 'glob@@', 'al', 'c@@', 'lim@@', 'ate', 'system', '.', '</s>']
2026-05-27 23:47:44,781 - INFO - joeynmt.training - 	Source:     De ijskap op de Noordpool is in zekere zin het kloppend hart van ons globaal klimaatsysteem .
2026-05-27 23:47:44,781 - INFO - joeynmt.training - 	Reference:  The arctic ice cap is , in a sense , the beating heart of the global climate system .
2026-05-27 23:47:44,781 - INFO - joeynmt.training - 	Hypothesis: The ice skap on the North Pole is in a sense of the ready climate heart of our global climate system .
2026-05-27 23:47:44,781 - INFO - joeynmt.training - Example #3
2026-05-27 23:47:44,781 - DEBUG - joeynmt.training - 	Tokenized source:     ['Het', 'z@@', 'et', 'uit', 'in', 'de', 'win@@', 'ter', 'en', 'k@@', 'ri@@', 'mp@@', 't', 'in', 'de', 'z@@', 'om@@', 'er', '.']
2026-05-27 23:47:44,781 - DEBUG - joeynmt.training - 	Tokenized reference:  ['It', 'exp@@', 'and@@', 's', 'in', 'win@@', 'ter', 'and', 'con@@', 'tr@@', 'ac@@', 'ts', 'in', 'su@@', 'mm@@', 'er', '.']
2026-05-27 23:47:44,781 - DEBUG - joeynmt.training - 	Tokenized hypothesis: ['It', 'was', 'in', 'the', 'win@@', 'ter', 'and', 'cr@@', 'y@@', 'mp@@', 't', 'in', 'the', 'su@@', 'mm@@', 'er', '.', '</s>']
2026-05-27 23:47:44,782 - INFO - joeynmt.training - 	Source:     Het zet uit in de winter en krimpt in de zomer .
2026-05-27 23:47:44,782 - INFO - joeynmt.training - 	Reference:  It expands in winter and contracts in summer .
2026-05-27 23:47:44,782 - INFO - joeynmt.training - 	Hypothesis: It was in the winter and crympt in the summer .
2026-05-27 23:47:44,782 - INFO - joeynmt.training - Example #4
2026-05-27 23:47:44,782 - DEBUG - joeynmt.training - 	Tokenized source:     ['De', 'volgende', 'dia', 'die', 'ik', 'laat', 'zien', 'is', 'een', 'vers@@', 'n@@', 'el@@', 'de', 'ver@@', 'sie', 'van', 'wat', 'er', 'de', 'af@@', 'gel@@', 'open', '2@@', '5', 'jaar', 'is', 'gebeur@@', 'd', '.']
2026-05-27 23:47:44,782 - DEBUG - joeynmt.training - 	Tokenized reference:  ['The', 'next', 'sli@@', 'de', 'I', 'show', 'you', 'will', 'be', 'a', 'r@@', 'ap@@', 'id', 'fa@@', 'st@@', '-@@', 'for@@', 'ward', 'of', 'what', '&apos;s', 'happened', 'over', 'the', 'last', '2@@', '5', 'years', '.']
2026-05-27 23:47:44,782 - DEBUG - joeynmt.training - 	Tokenized hypothesis: ['The', 'next', 'sli@@', 'de', 'I', '&apos;m', 'sho@@', 'wing', 'is', 'a', 'ac@@', 'cel@@', 'er@@', 'ated', 'ver@@', 'sion', 'of', 'what', 'has', 'happened', 'in', 'the', 'last', '2@@', '5', 'years', '.', '</s>']
2026-05-27 23:47:44,782 - INFO - joeynmt.training - 	Source:     De volgende dia die ik laat zien is een versnelde versie van wat er de afgelopen 25 jaar is gebeurd .
2026-05-27 23:47:44,782 - INFO - joeynmt.training - 	Reference:  The next slide I show you will be a rapid fast-forward of what &apos;s happened over the last 25 years .
2026-05-27 23:47:44,782 - INFO - joeynmt.training - 	Hypothesis: The next slide I &apos;m showing is a accelerated version of what has happened in the last 25 years .
2026-05-27 23:47:56,876 - INFO - joeynmt.training - Epoch   7, Step:    23600, Batch Loss:     1.263935, Batch Acc: 0.637016, Tokens per Sec:     5947, Lr: 0.000300
2026-05-27 23:48:09,093 - INFO - joeynmt.training - Epoch   7, Step:    23700, Batch Loss:     1.260318, Batch Acc: 0.638184, Tokens per Sec:     6377, Lr: 0.000300
2026-05-27 23:48:21,953 - INFO - joeynmt.training - Epoch   7, Step:    23800, Batch Loss:     1.317713, Batch Acc: 0.637787, Tokens per Sec:     5979, Lr: 0.000300
2026-05-27 23:48:34,130 - INFO - joeynmt.training - Epoch   7, Step:    23900, Batch Loss:     1.334691, Batch Acc: 0.633056, Tokens per Sec:     6263, Lr: 0.000300
2026-05-27 23:48:46,694 - INFO - joeynmt.training - Epoch   7, Step:    24000, Batch Loss:     1.287419, Batch Acc: 0.632318, Tokens per Sec:     6169, Lr: 0.000300
2026-05-27 23:48:46,695 - WARNING - joeynmt.helpers - `alpha` option is obsolete. Please use `beam_alpha`, instead.
2026-05-27 23:48:46,695 - INFO - joeynmt.prediction - Predicting 1003 example(s)... (Greedy decoding with min_output_length=1, max_output_length=-1, return_prob='none', generate_unk=True, repetition_penalty=-1, no_repeat_ngram_size=-1)
2026-05-27 23:49:14,473 - INFO - joeynmt.prediction - Evaluation result (greedy) loss:   1.69, ppl:   5.41, acc:   0.53, generation: 27.7668[sec], evaluation: 0.0000[sec]
2026-05-27 23:49:14,592 - INFO - joeynmt.helpers - delete models/tf_bpe_2000_nl_en/21500.ckpt
2026-05-27 23:49:14,593 - INFO - joeynmt.training - Example #0
2026-05-27 23:49:14,594 - DEBUG - joeynmt.training - 	Tokenized source:     ['V@@', 'or@@', 'ig', 'jaar', 'li@@', 'et', 'ik', 'deze', 'twee', 'dia', '&apos;', 's', 'zien', 'om', 'aan', 'te', 't@@', 'onen', 'dat', 'de', 'p@@', 'oo@@', 'lij@@', 'sk@@', 'a@@', 'p', ',', 'die', 'de', 'af@@', 'gel@@', 'open', 'drie', 'miljoen', 'jaar', 'ongeveer', 'de', 'groot@@', 'te', 'had', 'van', 'het', 'va@@', 'stel@@', 'and', 'van', 'de', 'V@@', 'S', ',', 'met', '4@@', '0', '%', 'ge@@', 'k@@', 'r@@', 'om@@', 'pen', 'was', '.']
2026-05-27 23:49:14,594 - DEBUG - joeynmt.training - 	Tokenized reference:  ['La@@', 'st', 'year', 'I', 'sho@@', 'w@@', 'ed', 'these', 'two', 'sli@@', 'des', 'so', 'that', 'de@@', 'mon@@', 'str@@', 'ate', 'that', 'the', 'ar@@', 'c@@', 'ti@@', 'c', 'ice', 'ca@@', 'p', ',', 'which', 'for', 'most', 'of', 'the', 'last', 'three', 'million', 'years', 'has', 'been', 'the', 'si@@', 'ze', 'of', 'the', 'lo@@', 'wer', '4@@', '8', 'st@@', 'ates', ',', 'has', 'sh@@', 'r@@', 'un@@', 'k', 'by', '4@@', '0', 'percent', '.']
2026-05-27 23:49:14,594 - DEBUG - joeynmt.training - 	Tokenized hypothesis: ['And', 'last', 'year', ',', 'I', 'sho@@', 'w@@', 'ed', 'these', 'two', 'sli@@', 'des', 'to', 'see', 'that', 'the', 'p@@', 'el@@', 'ab@@', 'or@@', 'ate', 'that', 'the', 'p@@', 'el@@', 'a@@', 'p', ',', 'which', 'was', 'the', 'last', 'three', 'million', 'years', 'of', 'the', 'g@@', 'oo@@', 'd@@', 'b@@', 'y@@', '-@@', 'a@@', '-@@', 'm@@', 'ic@@', 'ted', 'U@@', '.@@', 'S@@', '.', ',', 'with', '4@@', '0', 'percent', 'of', 'the', 'U@@', 'n@@', 'ited', 'St@@', 'ates', ',', 'with', '4@@', '0', 'percent', 'of', 'the', 'g@@', 'oo@@', 'ps', '.', '</s>']
2026-05-27 23:49:14,594 - INFO - joeynmt.training - 	Source:     Vorig jaar liet ik deze twee dia &apos; s zien om aan te tonen dat de poolijskap , die de afgelopen drie miljoen jaar ongeveer de grootte had van het vasteland van de VS , met 40 % gekrompen was .
2026-05-27 23:49:14,594 - INFO - joeynmt.training - 	Reference:  Last year I showed these two slides so that demonstrate that the arctic ice cap , which for most of the last three million years has been the size of the lower 48 states , has shrunk by 40 percent .
2026-05-27 23:49:14,594 - INFO - joeynmt.training - 	Hypothesis: And last year , I showed these two slides to see that the pelaborate that the pelap , which was the last three million years of the goodby-a-micted U.S. , with 40 percent of the United States , with 40 percent of the goops .
2026-05-27 23:49:14,594 - INFO - joeynmt.training - Example #1
2026-05-27 23:49:14,594 - DEBUG - joeynmt.training - 	Tokenized source:     ['Maar', 'dit', 'onder@@', 'sch@@', 'at', 'eigenlijk', 'de', 'er@@', 'n@@', 'st', 'van', 'dit', 'speci@@', 'f@@', 'ieke', 'probleem', 'omdat', 'het', 'niet', 'de', 'di@@', 'kte', 'van', 'het', 'ij@@', 's', 'laat', 'zien', '.']
2026-05-27 23:49:14,594 - DEBUG - joeynmt.training - 	Tokenized reference:  ['But', 'this', 'under@@', 'st@@', 'ates', 'the', 'ser@@', 'i@@', 'ous@@', 'ness', 'of', 'this', 'parti@@', 'cu@@', 'lar', 'problem', 'because', 'it', 'doesn', '&apos;t', 'show', 'the', 'th@@', 'ic@@', 'k@@', 'ness', 'of', 'the', 'ice', '.']
2026-05-27 23:49:14,594 - DEBUG - joeynmt.training - 	Tokenized hypothesis: ['But', 'this', 'under@@', 'est@@', 'im@@', 'ate', 'the', 'point', 'of', 'this', 'parti@@', 'cu@@', 'lar', 'problem', 'because', 'it', 'doesn', '&apos;t', 'show', 'the', 'di@@', 'se@@', 'ase', 'of', 'the', 'ice', '.', '</s>']
2026-05-27 23:49:14,594 - INFO - joeynmt.training - 	Source:     Maar dit onderschat eigenlijk de ernst van dit specifieke probleem omdat het niet de dikte van het ijs laat zien .
2026-05-27 23:49:14,594 - INFO - joeynmt.training - 	Reference:  But this understates the seriousness of this particular problem because it doesn &apos;t show the thickness of the ice .
2026-05-27 23:49:14,594 - INFO - joeynmt.training - 	Hypothesis: But this underestimate the point of this particular problem because it doesn &apos;t show the disease of the ice .
2026-05-27 23:49:14,595 - INFO - joeynmt.training - Example #2
2026-05-27 23:49:14,595 - DEBUG - joeynmt.training - 	Tokenized source:     ['De', 'ij@@', 'sk@@', 'a@@', 'p', 'op', 'de', 'N@@', 'oor@@', 'd@@', 'p@@', 'ool', 'is', 'in', 'ze@@', 'k@@', 'ere', 'z@@', 'in', 'het', 'kl@@', 'op@@', 'p@@', 'end', 'har@@', 't', 'van', 'ons', 'glob@@', 'aal', 'k@@', 'li@@', 'ma@@', 'at@@', 'systeem', '.']
2026-05-27 23:49:14,595 - DEBUG - joeynmt.training - 	Tokenized reference:  ['The', 'ar@@', 'c@@', 'ti@@', 'c', 'ice', 'ca@@', 'p', 'is', ',', 'in', 'a', 'sense', ',', 'the', 'be@@', 'ating', 'he@@', 'art', 'of', 'the', 'glob@@', 'al', 'c@@', 'lim@@', 'ate', 'system', '.']
2026-05-27 23:49:14,595 - DEBUG - joeynmt.training - 	Tokenized hypothesis: ['The', 'ice', 'sk@@', 'a@@', 'p', 'on', 'the', 'N@@', 'or@@', 'th', 'P@@', 'ole', 'is', 'in', 'a', 'sense', ',', 'in', 'a', 'sense', ',', 'the', 'c@@', 'lim@@', 'ate', 'he@@', 'art', 'of', 'us', 'glob@@', 'al', 'c@@', 'lim@@', 'ate', 'system', '.', '</s>']
2026-05-27 23:49:14,595 - INFO - joeynmt.training - 	Source:     De ijskap op de Noordpool is in zekere zin het kloppend hart van ons globaal klimaatsysteem .
2026-05-27 23:49:14,595 - INFO - joeynmt.training - 	Reference:  The arctic ice cap is , in a sense , the beating heart of the global climate system .
2026-05-27 23:49:14,595 - INFO - joeynmt.training - 	Hypothesis: The ice skap on the North Pole is in a sense , in a sense , the climate heart of us global climate system .
2026-05-27 23:49:14,595 - INFO - joeynmt.training - Example #3
2026-05-27 23:49:14,595 - DEBUG - joeynmt.training - 	Tokenized source:     ['Het', 'z@@', 'et', 'uit', 'in', 'de', 'win@@', 'ter', 'en', 'k@@', 'ri@@', 'mp@@', 't', 'in', 'de', 'z@@', 'om@@', 'er', '.']
2026-05-27 23:49:14,595 - DEBUG - joeynmt.training - 	Tokenized reference:  ['It', 'exp@@', 'and@@', 's', 'in', 'win@@', 'ter', 'and', 'con@@', 'tr@@', 'ac@@', 'ts', 'in', 'su@@', 'mm@@', 'er', '.']
2026-05-27 23:49:14,595 - DEBUG - joeynmt.training - 	Tokenized hypothesis: ['It', 'was', 'in', 'the', 'win@@', 'ter', 'and', 'cr@@', 'y@@', 'mp@@', 't', 'in', 'the', 'su@@', 'mm@@', 'er', '.', '</s>']
2026-05-27 23:49:14,595 - INFO - joeynmt.training - 	Source:     Het zet uit in de winter en krimpt in de zomer .
2026-05-27 23:49:14,595 - INFO - joeynmt.training - 	Reference:  It expands in winter and contracts in summer .
2026-05-27 23:49:14,595 - INFO - joeynmt.training - 	Hypothesis: It was in the winter and crympt in the summer .
2026-05-27 23:49:14,595 - INFO - joeynmt.training - Example #4
2026-05-27 23:49:14,595 - DEBUG - joeynmt.training - 	Tokenized source:     ['De', 'volgende', 'dia', 'die', 'ik', 'laat', 'zien', 'is', 'een', 'vers@@', 'n@@', 'el@@', 'de', 'ver@@', 'sie', 'van', 'wat', 'er', 'de', 'af@@', 'gel@@', 'open', '2@@', '5', 'jaar', 'is', 'gebeur@@', 'd', '.']
2026-05-27 23:49:14,595 - DEBUG - joeynmt.training - 	Tokenized reference:  ['The', 'next', 'sli@@', 'de', 'I', 'show', 'you', 'will', 'be', 'a', 'r@@', 'ap@@', 'id', 'fa@@', 'st@@', '-@@', 'for@@', 'ward', 'of', 'what', '&apos;s', 'happened', 'over', 'the', 'last', '2@@', '5', 'years', '.']
2026-05-27 23:49:14,596 - DEBUG - joeynmt.training - 	Tokenized hypothesis: ['The', 'next', 'sli@@', 'de', 'I', '&apos;m', 'sho@@', 'wing', 'is', 'a', 'ac@@', 'cel@@', 'er@@', 'ated', 'ver@@', 'sion', 'of', 'what', 'happened', 'in', 'the', 'last', '2@@', '5', 'years', '.', '</s>']
2026-05-27 23:49:14,596 - INFO - joeynmt.training - 	Source:     De volgende dia die ik laat zien is een versnelde versie van wat er de afgelopen 25 jaar is gebeurd .
2026-05-27 23:49:14,596 - INFO - joeynmt.training - 	Reference:  The next slide I show you will be a rapid fast-forward of what &apos;s happened over the last 25 years .
2026-05-27 23:49:14,596 - INFO - joeynmt.training - 	Hypothesis: The next slide I &apos;m showing is a accelerated version of what happened in the last 25 years .
2026-05-27 23:49:26,537 - INFO - joeynmt.training - Epoch   7, Step:    24100, Batch Loss:     1.333022, Batch Acc: 0.629895, Tokens per Sec:     6216, Lr: 0.000300
2026-05-27 23:49:37,660 - INFO - joeynmt.training - Epoch   7, Step:    24200, Batch Loss:     1.214247, Batch Acc: 0.635392, Tokens per Sec:     6824, Lr: 0.000300
2026-05-27 23:49:49,530 - INFO - joeynmt.training - Epoch   7, Step:    24300, Batch Loss:     1.295618, Batch Acc: 0.633463, Tokens per Sec:     6430, Lr: 0.000300
2026-05-27 23:50:01,612 - INFO - joeynmt.training - Epoch   7, Step:    24400, Batch Loss:     1.400453, Batch Acc: 0.637330, Tokens per Sec:     6164, Lr: 0.000300
2026-05-27 23:50:13,227 - INFO - joeynmt.training - Epoch   7, Step:    24500, Batch Loss:     1.413908, Batch Acc: 0.634884, Tokens per Sec:     6570, Lr: 0.000300
2026-05-27 23:50:13,228 - WARNING - joeynmt.helpers - `alpha` option is obsolete. Please use `beam_alpha`, instead.
2026-05-27 23:50:13,228 - INFO - joeynmt.prediction - Predicting 1003 example(s)... (Greedy decoding with min_output_length=1, max_output_length=-1, return_prob='none', generate_unk=True, repetition_penalty=-1, no_repeat_ngram_size=-1)
2026-05-27 23:50:41,227 - INFO - joeynmt.prediction - Evaluation result (greedy) loss:   1.68, ppl:   5.39, acc:   0.53, generation: 27.9896[sec], evaluation: 0.0000[sec]
2026-05-27 23:50:41,229 - INFO - joeynmt.training - Hooray! New best validation result [ppl]!
2026-05-27 23:50:41,351 - INFO - joeynmt.helpers - delete models/tf_bpe_2000_nl_en/22500.ckpt
2026-05-27 23:50:41,352 - INFO - joeynmt.training - Example #0
2026-05-27 23:50:41,352 - DEBUG - joeynmt.training - 	Tokenized source:     ['V@@', 'or@@', 'ig', 'jaar', 'li@@', 'et', 'ik', 'deze', 'twee', 'dia', '&apos;', 's', 'zien', 'om', 'aan', 'te', 't@@', 'onen', 'dat', 'de', 'p@@', 'oo@@', 'lij@@', 'sk@@', 'a@@', 'p', ',', 'die', 'de', 'af@@', 'gel@@', 'open', 'drie', 'miljoen', 'jaar', 'ongeveer', 'de', 'groot@@', 'te', 'had', 'van', 'het', 'va@@', 'stel@@', 'and', 'van', 'de', 'V@@', 'S', ',', 'met', '4@@', '0', '%', 'ge@@', 'k@@', 'r@@', 'om@@', 'pen', 'was', '.']
2026-05-27 23:50:41,352 - DEBUG - joeynmt.training - 	Tokenized reference:  ['La@@', 'st', 'year', 'I', 'sho@@', 'w@@', 'ed', 'these', 'two', 'sli@@', 'des', 'so', 'that', 'de@@', 'mon@@', 'str@@', 'ate', 'that', 'the', 'ar@@', 'c@@', 'ti@@', 'c', 'ice', 'ca@@', 'p', ',', 'which', 'for', 'most', 'of', 'the', 'last', 'three', 'million', 'years', 'has', 'been', 'the', 'si@@', 'ze', 'of', 'the', 'lo@@', 'wer', '4@@', '8', 'st@@', 'ates', ',', 'has', 'sh@@', 'r@@', 'un@@', 'k', 'by', '4@@', '0', 'percent', '.']
2026-05-27 23:50:41,352 - DEBUG - joeynmt.training - 	Tokenized hypothesis: ['La@@', 'st', 'year', ',', 'I', 'sho@@', 'w@@', 'ed', 'these', 'two', 'sli@@', 'des', 'to', 'show', 'that', 'the', 'p@@', 'oo@@', 'ls', 'that', 'the', 'p@@', 'oo@@', 'ls', 'that', 'the', 'P@@', 'oo@@', 'li@@', 'a@@', 'p', ',', 'which', 'was', 'about', 'the', 'last', 'three', 'million', 'years', 'of', 'the', 'U@@', 'n@@', 'ited', 'St@@', 'ates', ',', '4@@', '0', 'percent', 'of', 'the', 'U@@', '.@@', 'S@@', '.', ',', '4@@', '0', 'percent', 'was', 'cr@@', 'os@@', 's', '.', '</s>']
2026-05-27 23:50:41,352 - INFO - joeynmt.training - 	Source:     Vorig jaar liet ik deze twee dia &apos; s zien om aan te tonen dat de poolijskap , die de afgelopen drie miljoen jaar ongeveer de grootte had van het vasteland van de VS , met 40 % gekrompen was .
2026-05-27 23:50:41,352 - INFO - joeynmt.training - 	Reference:  Last year I showed these two slides so that demonstrate that the arctic ice cap , which for most of the last three million years has been the size of the lower 48 states , has shrunk by 40 percent .
2026-05-27 23:50:41,352 - INFO - joeynmt.training - 	Hypothesis: Last year , I showed these two slides to show that the pools that the pools that the Pooliap , which was about the last three million years of the United States , 40 percent of the U.S. , 40 percent was cross .
2026-05-27 23:50:41,352 - INFO - joeynmt.training - Example #1
2026-05-27 23:50:41,352 - DEBUG - joeynmt.training - 	Tokenized source:     ['Maar', 'dit', 'onder@@', 'sch@@', 'at', 'eigenlijk', 'de', 'er@@', 'n@@', 'st', 'van', 'dit', 'speci@@', 'f@@', 'ieke', 'probleem', 'omdat', 'het', 'niet', 'de', 'di@@', 'kte', 'van', 'het', 'ij@@', 's', 'laat', 'zien', '.']
2026-05-27 23:50:41,352 - DEBUG - joeynmt.training - 	Tokenized reference:  ['But', 'this', 'under@@', 'st@@', 'ates', 'the', 'ser@@', 'i@@', 'ous@@', 'ness', 'of', 'this', 'parti@@', 'cu@@', 'lar', 'problem', 'because', 'it', 'doesn', '&apos;t', 'show', 'the', 'th@@', 'ic@@', 'k@@', 'ness', 'of', 'the', 'ice', '.']
2026-05-27 23:50:41,353 - DEBUG - joeynmt.training - 	Tokenized hypothesis: ['But', 'this', 'under@@', 'est@@', 'im@@', 'ate', 'actually', ',', 'the', 'parti@@', 'cu@@', 'lar', 'problem', 'because', 'it', 'doesn', '&apos;t', 'show', 'the', 'ice', 'of', 'the', 'ice', '.', '</s>']
2026-05-27 23:50:41,353 - INFO - joeynmt.training - 	Source:     Maar dit onderschat eigenlijk de ernst van dit specifieke probleem omdat het niet de dikte van het ijs laat zien .
2026-05-27 23:50:41,353 - INFO - joeynmt.training - 	Reference:  But this understates the seriousness of this particular problem because it doesn &apos;t show the thickness of the ice .
2026-05-27 23:50:41,353 - INFO - joeynmt.training - 	Hypothesis: But this underestimate actually , the particular problem because it doesn &apos;t show the ice of the ice .
2026-05-27 23:50:41,353 - INFO - joeynmt.training - Example #2
2026-05-27 23:50:41,353 - DEBUG - joeynmt.training - 	Tokenized source:     ['De', 'ij@@', 'sk@@', 'a@@', 'p', 'op', 'de', 'N@@', 'oor@@', 'd@@', 'p@@', 'ool', 'is', 'in', 'ze@@', 'k@@', 'ere', 'z@@', 'in', 'het', 'kl@@', 'op@@', 'p@@', 'end', 'har@@', 't', 'van', 'ons', 'glob@@', 'aal', 'k@@', 'li@@', 'ma@@', 'at@@', 'systeem', '.']
2026-05-27 23:50:41,353 - DEBUG - joeynmt.training - 	Tokenized reference:  ['The', 'ar@@', 'c@@', 'ti@@', 'c', 'ice', 'ca@@', 'p', 'is', ',', 'in', 'a', 'sense', ',', 'the', 'be@@', 'ating', 'he@@', 'art', 'of', 'the', 'glob@@', 'al', 'c@@', 'lim@@', 'ate', 'system', '.']
2026-05-27 23:50:41,353 - DEBUG - joeynmt.training - 	Tokenized hypothesis: ['The', 'ice', 'sk@@', 'i@@', 'p', 'on', 'the', 'N@@', 'or@@', 'th', 'P@@', 'ole', 'is', 'in', 'a', 'cer@@', 'ta@@', 'in', 'sense', ',', 'the', 'cu@@', 'tting', 'he@@', 'art', 'of', 'us', 'glob@@', 'al', 'c@@', 'lim@@', 'ate', 'system', '.', '</s>']
2026-05-27 23:50:41,353 - INFO - joeynmt.training - 	Source:     De ijskap op de Noordpool is in zekere zin het kloppend hart van ons globaal klimaatsysteem .
2026-05-27 23:50:41,353 - INFO - joeynmt.training - 	Reference:  The arctic ice cap is , in a sense , the beating heart of the global climate system .
2026-05-27 23:50:41,353 - INFO - joeynmt.training - 	Hypothesis: The ice skip on the North Pole is in a certain sense , the cutting heart of us global climate system .
2026-05-27 23:50:41,353 - INFO - joeynmt.training - Example #3
2026-05-27 23:50:41,353 - DEBUG - joeynmt.training - 	Tokenized source:     ['Het', 'z@@', 'et', 'uit', 'in', 'de', 'win@@', 'ter', 'en', 'k@@', 'ri@@', 'mp@@', 't', 'in', 'de', 'z@@', 'om@@', 'er', '.']
2026-05-27 23:50:41,353 - DEBUG - joeynmt.training - 	Tokenized reference:  ['It', 'exp@@', 'and@@', 's', 'in', 'win@@', 'ter', 'and', 'con@@', 'tr@@', 'ac@@', 'ts', 'in', 'su@@', 'mm@@', 'er', '.']
2026-05-27 23:50:41,353 - DEBUG - joeynmt.training - 	Tokenized hypothesis: ['It', 'was', 'in', 'the', 'win@@', 'ter', 'and', 'the', 'win@@', 'ter', 'and', 'the', 'f@@', 'ri@@', 'me', 'in', 'the', 'su@@', 'mm@@', 'er', '.', '</s>']
2026-05-27 23:50:41,354 - INFO - joeynmt.training - 	Source:     Het zet uit in de winter en krimpt in de zomer .
2026-05-27 23:50:41,354 - INFO - joeynmt.training - 	Reference:  It expands in winter and contracts in summer .
2026-05-27 23:50:41,354 - INFO - joeynmt.training - 	Hypothesis: It was in the winter and the winter and the frime in the summer .
2026-05-27 23:50:41,354 - INFO - joeynmt.training - Example #4
2026-05-27 23:50:41,354 - DEBUG - joeynmt.training - 	Tokenized source:     ['De', 'volgende', 'dia', 'die', 'ik', 'laat', 'zien', 'is', 'een', 'vers@@', 'n@@', 'el@@', 'de', 'ver@@', 'sie', 'van', 'wat', 'er', 'de', 'af@@', 'gel@@', 'open', '2@@', '5', 'jaar', 'is', 'gebeur@@', 'd', '.']
2026-05-27 23:50:41,354 - DEBUG - joeynmt.training - 	Tokenized reference:  ['The', 'next', 'sli@@', 'de', 'I', 'show', 'you', 'will', 'be', 'a', 'r@@', 'ap@@', 'id', 'fa@@', 'st@@', '-@@', 'for@@', 'ward', 'of', 'what', '&apos;s', 'happened', 'over', 'the', 'last', '2@@', '5', 'years', '.']
2026-05-27 23:50:41,354 - DEBUG - joeynmt.training - 	Tokenized hypothesis: ['The', 'next', 'sli@@', 'de', 'I', '&apos;m', 'sho@@', 'wing', 'is', 'a', 'n@@', 'uc@@', 'le@@', 'ar', 'ver@@', 'sion', 'of', 'what', 'happened', 'the', 'last', 'last', '2@@', '5', 'years', '.', '</s>']
2026-05-27 23:50:41,354 - INFO - joeynmt.training - 	Source:     De volgende dia die ik laat zien is een versnelde versie van wat er de afgelopen 25 jaar is gebeurd .
2026-05-27 23:50:41,354 - INFO - joeynmt.training - 	Reference:  The next slide I show you will be a rapid fast-forward of what &apos;s happened over the last 25 years .
2026-05-27 23:50:41,354 - INFO - joeynmt.training - 	Hypothesis: The next slide I &apos;m showing is a nuclear version of what happened the last last 25 years .
2026-05-27 23:50:53,615 - INFO - joeynmt.training - Epoch   7, Step:    24600, Batch Loss:     1.505890, Batch Acc: 0.626543, Tokens per Sec:     6115, Lr: 0.000300
2026-05-27 23:51:05,914 - INFO - joeynmt.training - Epoch   7, Step:    24700, Batch Loss:     1.366668, Batch Acc: 0.631677, Tokens per Sec:     6203, Lr: 0.000300
2026-05-27 23:51:18,375 - INFO - joeynmt.training - Epoch   7, Step:    24800, Batch Loss:     1.244296, Batch Acc: 0.628584, Tokens per Sec:     6006, Lr: 0.000300
2026-05-27 23:51:30,408 - INFO - joeynmt.training - Epoch   7, Step:    24900, Batch Loss:     1.340194, Batch Acc: 0.634869, Tokens per Sec:     6266, Lr: 0.000300
2026-05-27 23:51:43,101 - INFO - joeynmt.training - Epoch   7, Step:    25000, Batch Loss:     1.491507, Batch Acc: 0.630152, Tokens per Sec:     5956, Lr: 0.000300
2026-05-27 23:51:43,102 - WARNING - joeynmt.helpers - `alpha` option is obsolete. Please use `beam_alpha`, instead.
2026-05-27 23:51:43,102 - INFO - joeynmt.prediction - Predicting 1003 example(s)... (Greedy decoding with min_output_length=1, max_output_length=-1, return_prob='none', generate_unk=True, repetition_penalty=-1, no_repeat_ngram_size=-1)
2026-05-27 23:52:10,021 - INFO - joeynmt.prediction - Evaluation result (greedy) loss:   1.68, ppl:   5.36, acc:   0.53, generation: 26.9094[sec], evaluation: 0.0000[sec]
2026-05-27 23:52:10,022 - INFO - joeynmt.training - Hooray! New best validation result [ppl]!
2026-05-27 23:52:10,153 - INFO - joeynmt.helpers - delete models/tf_bpe_2000_nl_en/22000.ckpt
2026-05-27 23:52:10,155 - INFO - joeynmt.training - Example #0
2026-05-27 23:52:10,155 - DEBUG - joeynmt.training - 	Tokenized source:     ['V@@', 'or@@', 'ig', 'jaar', 'li@@', 'et', 'ik', 'deze', 'twee', 'dia', '&apos;', 's', 'zien', 'om', 'aan', 'te', 't@@', 'onen', 'dat', 'de', 'p@@', 'oo@@', 'lij@@', 'sk@@', 'a@@', 'p', ',', 'die', 'de', 'af@@', 'gel@@', 'open', 'drie', 'miljoen', 'jaar', 'ongeveer', 'de', 'groot@@', 'te', 'had', 'van', 'het', 'va@@', 'stel@@', 'and', 'van', 'de', 'V@@', 'S', ',', 'met', '4@@', '0', '%', 'ge@@', 'k@@', 'r@@', 'om@@', 'pen', 'was', '.']
2026-05-27 23:52:10,155 - DEBUG - joeynmt.training - 	Tokenized reference:  ['La@@', 'st', 'year', 'I', 'sho@@', 'w@@', 'ed', 'these', 'two', 'sli@@', 'des', 'so', 'that', 'de@@', 'mon@@', 'str@@', 'ate', 'that', 'the', 'ar@@', 'c@@', 'ti@@', 'c', 'ice', 'ca@@', 'p', ',', 'which', 'for', 'most', 'of', 'the', 'last', 'three', 'million', 'years', 'has', 'been', 'the', 'si@@', 'ze', 'of', 'the', 'lo@@', 'wer', '4@@', '8', 'st@@', 'ates', ',', 'has', 'sh@@', 'r@@', 'un@@', 'k', 'by', '4@@', '0', 'percent', '.']
2026-05-27 23:52:10,155 - DEBUG - joeynmt.training - 	Tokenized hypothesis: ['S@@', 'ome', 'year', 'I', 'le@@', 'ft', 'these', 'two', 'sli@@', 'des', 'to', 'show', 'you', 'that', 'the', 'p@@', 'oo@@', 'ls', 'that', 'the', 'p@@', 'oo@@', 'l', 'of', 'the', 'p@@', 'oo@@', 'l', ',', 'which', 'was', 'the', 'last', 'three', 'million', 'years', 'of', 'the', 'U@@', 'n@@', 'ited', 'St@@', 'ates', ',', 'with', '4@@', '0', 'percent', 'of', 'the', 'U@@', 'n@@', 'ited', 'St@@', 'ates', ',', 'with', '4@@', '0', 'percent', 'of', 'the', 'U@@', 'n@@', 'ited', 'St@@', 'ates', ',', 'with', '4@@', '0', 'percent', 'of', 'the', 'U@@', 'n@@', 'ited', 'St@@', 'ates', ',', 'with', '4@@', '0', 'percent', 'percent', 'of', 'the', 'U@@', 'n@@', 'ited', 'St@@', 'ates', ',', 'with', '4@@', '0@@', '0@@', 's', '.', '</s>']
2026-05-27 23:52:10,155 - INFO - joeynmt.training - 	Source:     Vorig jaar liet ik deze twee dia &apos; s zien om aan te tonen dat de poolijskap , die de afgelopen drie miljoen jaar ongeveer de grootte had van het vasteland van de VS , met 40 % gekrompen was .
2026-05-27 23:52:10,155 - INFO - joeynmt.training - 	Reference:  Last year I showed these two slides so that demonstrate that the arctic ice cap , which for most of the last three million years has been the size of the lower 48 states , has shrunk by 40 percent .
2026-05-27 23:52:10,155 - INFO - joeynmt.training - 	Hypothesis: Some year I left these two slides to show you that the pools that the pool of the pool , which was the last three million years of the United States , with 40 percent of the United States , with 40 percent of the United States , with 40 percent of the United States , with 40 percent percent of the United States , with 400s .
2026-05-27 23:52:10,155 - INFO - joeynmt.training - Example #1
2026-05-27 23:52:10,155 - DEBUG - joeynmt.training - 	Tokenized source:     ['Maar', 'dit', 'onder@@', 'sch@@', 'at', 'eigenlijk', 'de', 'er@@', 'n@@', 'st', 'van', 'dit', 'speci@@', 'f@@', 'ieke', 'probleem', 'omdat', 'het', 'niet', 'de', 'di@@', 'kte', 'van', 'het', 'ij@@', 's', 'laat', 'zien', '.']
2026-05-27 23:52:10,155 - DEBUG - joeynmt.training - 	Tokenized reference:  ['But', 'this', 'under@@', 'st@@', 'ates', 'the', 'ser@@', 'i@@', 'ous@@', 'ness', 'of', 'this', 'parti@@', 'cu@@', 'lar', 'problem', 'because', 'it', 'doesn', '&apos;t', 'show', 'the', 'th@@', 'ic@@', 'k@@', 'ness', 'of', 'the', 'ice', '.']
2026-05-27 23:52:10,155 - DEBUG - joeynmt.training - 	Tokenized hypothesis: ['But', 'this', 'under@@', 'est@@', 'im@@', 'ate', 'actually', ',', 'the', 're@@', 'st', 'of', 'this', 'parti@@', 'cu@@', 'lar', 'problem', 'because', 'it', 'doesn', '&apos;t', 'show', 'the', 'di@@', 'ked', 'of', 'the', 'ice', '.', '</s>']
2026-05-27 23:52:10,156 - INFO - joeynmt.training - 	Source:     Maar dit onderschat eigenlijk de ernst van dit specifieke probleem omdat het niet de dikte van het ijs laat zien .
2026-05-27 23:52:10,156 - INFO - joeynmt.training - 	Reference:  But this understates the seriousness of this particular problem because it doesn &apos;t show the thickness of the ice .
2026-05-27 23:52:10,156 - INFO - joeynmt.training - 	Hypothesis: But this underestimate actually , the rest of this particular problem because it doesn &apos;t show the diked of the ice .
2026-05-27 23:52:10,156 - INFO - joeynmt.training - Example #2
2026-05-27 23:52:10,157 - DEBUG - joeynmt.training - 	Tokenized source:     ['De', 'ij@@', 'sk@@', 'a@@', 'p', 'op', 'de', 'N@@', 'oor@@', 'd@@', 'p@@', 'ool', 'is', 'in', 'ze@@', 'k@@', 'ere', 'z@@', 'in', 'het', 'kl@@', 'op@@', 'p@@', 'end', 'har@@', 't', 'van', 'ons', 'glob@@', 'aal', 'k@@', 'li@@', 'ma@@', 'at@@', 'systeem', '.']
2026-05-27 23:52:10,157 - DEBUG - joeynmt.training - 	Tokenized reference:  ['The', 'ar@@', 'c@@', 'ti@@', 'c', 'ice', 'ca@@', 'p', 'is', ',', 'in', 'a', 'sense', ',', 'the', 'be@@', 'ating', 'he@@', 'art', 'of', 'the', 'glob@@', 'al', 'c@@', 'lim@@', 'ate', 'system', '.']
2026-05-27 23:52:10,157 - DEBUG - joeynmt.training - 	Tokenized hypothesis: ['The', 'ice', 'sk@@', 'a@@', 'p', 'on', 'the', 'N@@', 'or@@', 'th', 'P@@', 'ole', 'is', 'in', 'a', 'cer@@', 'ta@@', 'in', 'sense', 'sense', ',', 'the', 'c@@', 'lim@@', 'ate', 'system', '.', '</s>']
2026-05-27 23:52:10,157 - INFO - joeynmt.training - 	Source:     De ijskap op de Noordpool is in zekere zin het kloppend hart van ons globaal klimaatsysteem .
2026-05-27 23:52:10,157 - INFO - joeynmt.training - 	Reference:  The arctic ice cap is , in a sense , the beating heart of the global climate system .
2026-05-27 23:52:10,157 - INFO - joeynmt.training - 	Hypothesis: The ice skap on the North Pole is in a certain sense sense , the climate system .
2026-05-27 23:52:10,157 - INFO - joeynmt.training - Example #3
2026-05-27 23:52:10,157 - DEBUG - joeynmt.training - 	Tokenized source:     ['Het', 'z@@', 'et', 'uit', 'in', 'de', 'win@@', 'ter', 'en', 'k@@', 'ri@@', 'mp@@', 't', 'in', 'de', 'z@@', 'om@@', 'er', '.']
2026-05-27 23:52:10,157 - DEBUG - joeynmt.training - 	Tokenized reference:  ['It', 'exp@@', 'and@@', 's', 'in', 'win@@', 'ter', 'and', 'con@@', 'tr@@', 'ac@@', 'ts', 'in', 'su@@', 'mm@@', 'er', '.']
2026-05-27 23:52:10,158 - DEBUG - joeynmt.training - 	Tokenized hypothesis: ['It', '&apos;s', 'just', 'in', 'the', 'win@@', 'ter', 'and', 'qu@@', 'ri@@', 'mp@@', 's', 'in', 'the', 'su@@', 'mm@@', 'er', '.', '</s>']
2026-05-27 23:52:10,158 - INFO - joeynmt.training - 	Source:     Het zet uit in de winter en krimpt in de zomer .
2026-05-27 23:52:10,158 - INFO - joeynmt.training - 	Reference:  It expands in winter and contracts in summer .
2026-05-27 23:52:10,158 - INFO - joeynmt.training - 	Hypothesis: It &apos;s just in the winter and qurimps in the summer .
2026-05-27 23:52:10,158 - INFO - joeynmt.training - Example #4
2026-05-27 23:52:10,158 - DEBUG - joeynmt.training - 	Tokenized source:     ['De', 'volgende', 'dia', 'die', 'ik', 'laat', 'zien', 'is', 'een', 'vers@@', 'n@@', 'el@@', 'de', 'ver@@', 'sie', 'van', 'wat', 'er', 'de', 'af@@', 'gel@@', 'open', '2@@', '5', 'jaar', 'is', 'gebeur@@', 'd', '.']
2026-05-27 23:52:10,158 - DEBUG - joeynmt.training - 	Tokenized reference:  ['The', 'next', 'sli@@', 'de', 'I', 'show', 'you', 'will', 'be', 'a', 'r@@', 'ap@@', 'id', 'fa@@', 'st@@', '-@@', 'for@@', 'ward', 'of', 'what', '&apos;s', 'happened', 'over', 'the', 'last', '2@@', '5', 'years', '.']
2026-05-27 23:52:10,158 - DEBUG - joeynmt.training - 	Tokenized hypothesis: ['The', 'next', 'sli@@', 'de', 'I', '&apos;m', 'going', 'to', 'show', 'is', 'a', 'ac@@', 'cel@@', 'er@@', 'ate', 'ver@@', 'sion', 'of', 'what', 'happened', 'the', 'last', '2@@', '5', 'years', '.', '</s>']
2026-05-27 23:52:10,158 - INFO - joeynmt.training - 	Source:     De volgende dia die ik laat zien is een versnelde versie van wat er de afgelopen 25 jaar is gebeurd .
2026-05-27 23:52:10,158 - INFO - joeynmt.training - 	Reference:  The next slide I show you will be a rapid fast-forward of what &apos;s happened over the last 25 years .
2026-05-27 23:52:10,158 - INFO - joeynmt.training - 	Hypothesis: The next slide I &apos;m going to show is a accelerate version of what happened the last 25 years .
2026-05-27 23:52:22,752 - INFO - joeynmt.training - Epoch   7, Step:    25100, Batch Loss:     1.328208, Batch Acc: 0.637014, Tokens per Sec:     5932, Lr: 0.000300
2026-05-27 23:52:34,343 - INFO - joeynmt.training - Epoch   7, Step:    25200, Batch Loss:     1.428708, Batch Acc: 0.632757, Tokens per Sec:     6566, Lr: 0.000300
2026-05-27 23:52:46,376 - INFO - joeynmt.training - Epoch   7, Step:    25300, Batch Loss:     1.168651, Batch Acc: 0.633878, Tokens per Sec:     6402, Lr: 0.000300
2026-05-27 23:52:58,173 - INFO - joeynmt.training - Epoch   7, Step:    25400, Batch Loss:     1.225743, Batch Acc: 0.631201, Tokens per Sec:     6533, Lr: 0.000300
2026-05-27 23:53:09,943 - INFO - joeynmt.training - Epoch   7, Step:    25500, Batch Loss:     1.350706, Batch Acc: 0.631143, Tokens per Sec:     6406, Lr: 0.000300
2026-05-27 23:53:09,944 - WARNING - joeynmt.helpers - `alpha` option is obsolete. Please use `beam_alpha`, instead.
2026-05-27 23:53:09,944 - INFO - joeynmt.prediction - Predicting 1003 example(s)... (Greedy decoding with min_output_length=1, max_output_length=-1, return_prob='none', generate_unk=True, repetition_penalty=-1, no_repeat_ngram_size=-1)
2026-05-27 23:53:37,931 - INFO - joeynmt.prediction - Evaluation result (greedy) loss:   1.68, ppl:   5.35, acc:   0.53, generation: 27.9764[sec], evaluation: 0.0000[sec]
2026-05-27 23:53:37,932 - INFO - joeynmt.training - Hooray! New best validation result [ppl]!
2026-05-27 23:53:38,046 - INFO - joeynmt.helpers - delete models/tf_bpe_2000_nl_en/23000.ckpt
2026-05-27 23:53:38,048 - INFO - joeynmt.training - Example #0
2026-05-27 23:53:38,048 - DEBUG - joeynmt.training - 	Tokenized source:     ['V@@', 'or@@', 'ig', 'jaar', 'li@@', 'et', 'ik', 'deze', 'twee', 'dia', '&apos;', 's', 'zien', 'om', 'aan', 'te', 't@@', 'onen', 'dat', 'de', 'p@@', 'oo@@', 'lij@@', 'sk@@', 'a@@', 'p', ',', 'die', 'de', 'af@@', 'gel@@', 'open', 'drie', 'miljoen', 'jaar', 'ongeveer', 'de', 'groot@@', 'te', 'had', 'van', 'het', 'va@@', 'stel@@', 'and', 'van', 'de', 'V@@', 'S', ',', 'met', '4@@', '0', '%', 'ge@@', 'k@@', 'r@@', 'om@@', 'pen', 'was', '.']
2026-05-27 23:53:38,048 - DEBUG - joeynmt.training - 	Tokenized reference:  ['La@@', 'st', 'year', 'I', 'sho@@', 'w@@', 'ed', 'these', 'two', 'sli@@', 'des', 'so', 'that', 'de@@', 'mon@@', 'str@@', 'ate', 'that', 'the', 'ar@@', 'c@@', 'ti@@', 'c', 'ice', 'ca@@', 'p', ',', 'which', 'for', 'most', 'of', 'the', 'last', 'three', 'million', 'years', 'has', 'been', 'the', 'si@@', 'ze', 'of', 'the', 'lo@@', 'wer', '4@@', '8', 'st@@', 'ates', ',', 'has', 'sh@@', 'r@@', 'un@@', 'k', 'by', '4@@', '0', 'percent', '.']
2026-05-27 23:53:38,048 - DEBUG - joeynmt.training - 	Tokenized hypothesis: ['And', 'I', 'sho@@', 'w@@', 'ed', 'these', 'two', 'sli@@', 'des', 'to', 'see', 'that', 'the', 'p@@', 'oo@@', 'ls', 'that', 'the', 'p@@', 'oo@@', 'ling', ',', 'which', 'the', 'p@@', 'oo@@', 'ling', 'the', 'pa@@', 'st', 'three', 'million', 'years', 'of', 'the', 'ma@@', 'j@@', 'or', 'of', 'the', 'ma@@', 'j@@', 'or', 'of', 'the', 'U@@', '.@@', 'S@@', '.', ',', 'with', '4@@', '0', 'percent', 'of', 'the', 'U@@', '.@@', 'S@@', '.', '</s>']
2026-05-27 23:53:38,048 - INFO - joeynmt.training - 	Source:     Vorig jaar liet ik deze twee dia &apos; s zien om aan te tonen dat de poolijskap , die de afgelopen drie miljoen jaar ongeveer de grootte had van het vasteland van de VS , met 40 % gekrompen was .
2026-05-27 23:53:38,048 - INFO - joeynmt.training - 	Reference:  Last year I showed these two slides so that demonstrate that the arctic ice cap , which for most of the last three million years has been the size of the lower 48 states , has shrunk by 40 percent .
2026-05-27 23:53:38,048 - INFO - joeynmt.training - 	Hypothesis: And I showed these two slides to see that the pools that the pooling , which the pooling the past three million years of the major of the major of the U.S. , with 40 percent of the U.S.
2026-05-27 23:53:38,048 - INFO - joeynmt.training - Example #1
2026-05-27 23:53:38,048 - DEBUG - joeynmt.training - 	Tokenized source:     ['Maar', 'dit', 'onder@@', 'sch@@', 'at', 'eigenlijk', 'de', 'er@@', 'n@@', 'st', 'van', 'dit', 'speci@@', 'f@@', 'ieke', 'probleem', 'omdat', 'het', 'niet', 'de', 'di@@', 'kte', 'van', 'het', 'ij@@', 's', 'laat', 'zien', '.']
2026-05-27 23:53:38,048 - DEBUG - joeynmt.training - 	Tokenized reference:  ['But', 'this', 'under@@', 'st@@', 'ates', 'the', 'ser@@', 'i@@', 'ous@@', 'ness', 'of', 'this', 'parti@@', 'cu@@', 'lar', 'problem', 'because', 'it', 'doesn', '&apos;t', 'show', 'the', 'th@@', 'ic@@', 'k@@', 'ness', 'of', 'the', 'ice', '.']
2026-05-27 23:53:38,048 - DEBUG - joeynmt.training - 	Tokenized hypothesis: ['But', 'this', 'under@@', 'est@@', 'im@@', 'ate', ',', 'this', 'parti@@', 'cu@@', 'lar', 'problem', ',', 'because', 'it', 'doesn', '&apos;t', 'show', 'the', 'di@@', 'a@@', 'st@@', 'in@@', 'c@@', 'tion', 'of', 'the', 'ice', '.', '</s>']
2026-05-27 23:53:38,049 - INFO - joeynmt.training - 	Source:     Maar dit onderschat eigenlijk de ernst van dit specifieke probleem omdat het niet de dikte van het ijs laat zien .
2026-05-27 23:53:38,049 - INFO - joeynmt.training - 	Reference:  But this understates the seriousness of this particular problem because it doesn &apos;t show the thickness of the ice .
2026-05-27 23:53:38,049 - INFO - joeynmt.training - 	Hypothesis: But this underestimate , this particular problem , because it doesn &apos;t show the diastinction of the ice .
2026-05-27 23:53:38,049 - INFO - joeynmt.training - Example #2
2026-05-27 23:53:38,049 - DEBUG - joeynmt.training - 	Tokenized source:     ['De', 'ij@@', 'sk@@', 'a@@', 'p', 'op', 'de', 'N@@', 'oor@@', 'd@@', 'p@@', 'ool', 'is', 'in', 'ze@@', 'k@@', 'ere', 'z@@', 'in', 'het', 'kl@@', 'op@@', 'p@@', 'end', 'har@@', 't', 'van', 'ons', 'glob@@', 'aal', 'k@@', 'li@@', 'ma@@', 'at@@', 'systeem', '.']
2026-05-27 23:53:38,049 - DEBUG - joeynmt.training - 	Tokenized reference:  ['The', 'ar@@', 'c@@', 'ti@@', 'c', 'ice', 'ca@@', 'p', 'is', ',', 'in', 'a', 'sense', ',', 'the', 'be@@', 'ating', 'he@@', 'art', 'of', 'the', 'glob@@', 'al', 'c@@', 'lim@@', 'ate', 'system', '.']
2026-05-27 23:53:38,049 - DEBUG - joeynmt.training - 	Tokenized hypothesis: ['The', 'ice', 'sk@@', 'a@@', 'p', 'on', 'the', 'N@@', 'or@@', 'th', 'P@@', 'ole', 'is', 'in', 'a', 'cer@@', 'ta@@', 'in', 'sense', ',', 'the', 'c@@', 'li@@', 'p', 'of', 'our', 'glob@@', 'al', 'c@@', 'lim@@', 'ate', 'system', '.', '</s>']
2026-05-27 23:53:38,049 - INFO - joeynmt.training - 	Source:     De ijskap op de Noordpool is in zekere zin het kloppend hart van ons globaal klimaatsysteem .
2026-05-27 23:53:38,049 - INFO - joeynmt.training - 	Reference:  The arctic ice cap is , in a sense , the beating heart of the global climate system .
2026-05-27 23:53:38,049 - INFO - joeynmt.training - 	Hypothesis: The ice skap on the North Pole is in a certain sense , the clip of our global climate system .
2026-05-27 23:53:38,049 - INFO - joeynmt.training - Example #3
2026-05-27 23:53:38,049 - DEBUG - joeynmt.training - 	Tokenized source:     ['Het', 'z@@', 'et', 'uit', 'in', 'de', 'win@@', 'ter', 'en', 'k@@', 'ri@@', 'mp@@', 't', 'in', 'de', 'z@@', 'om@@', 'er', '.']
2026-05-27 23:53:38,049 - DEBUG - joeynmt.training - 	Tokenized reference:  ['It', 'exp@@', 'and@@', 's', 'in', 'win@@', 'ter', 'and', 'con@@', 'tr@@', 'ac@@', 'ts', 'in', 'su@@', 'mm@@', 'er', '.']
2026-05-27 23:53:38,049 - DEBUG - joeynmt.training - 	Tokenized hypothesis: ['It', '&apos;s', 'in', 'the', 'win@@', 'ter', 'and', 'c@@', 'ri@@', 'mp@@', 's', 'in', 'the', 'su@@', 'mm@@', 'er', '.', '</s>']
2026-05-27 23:53:38,050 - INFO - joeynmt.training - 	Source:     Het zet uit in de winter en krimpt in de zomer .
2026-05-27 23:53:38,050 - INFO - joeynmt.training - 	Reference:  It expands in winter and contracts in summer .
2026-05-27 23:53:38,050 - INFO - joeynmt.training - 	Hypothesis: It &apos;s in the winter and crimps in the summer .
2026-05-27 23:53:38,050 - INFO - joeynmt.training - Example #4
2026-05-27 23:53:38,050 - DEBUG - joeynmt.training - 	Tokenized source:     ['De', 'volgende', 'dia', 'die', 'ik', 'laat', 'zien', 'is', 'een', 'vers@@', 'n@@', 'el@@', 'de', 'ver@@', 'sie', 'van', 'wat', 'er', 'de', 'af@@', 'gel@@', 'open', '2@@', '5', 'jaar', 'is', 'gebeur@@', 'd', '.']
2026-05-27 23:53:38,050 - DEBUG - joeynmt.training - 	Tokenized reference:  ['The', 'next', 'sli@@', 'de', 'I', 'show', 'you', 'will', 'be', 'a', 'r@@', 'ap@@', 'id', 'fa@@', 'st@@', '-@@', 'for@@', 'ward', 'of', 'what', '&apos;s', 'happened', 'over', 'the', 'last', '2@@', '5', 'years', '.']
2026-05-27 23:53:38,050 - DEBUG - joeynmt.training - 	Tokenized hypothesis: ['The', 'next', 'sli@@', 'de', 'I', '&apos;m', 'sho@@', 'wing', 'is', 'a', 'vers@@', 'y', 'ver@@', 'sion', 'of', 'what', '&apos;s', 'going', 'to', 'be', 'going', 'to', '2@@', '5', 'years', '.', '</s>']
2026-05-27 23:53:38,050 - INFO - joeynmt.training - 	Source:     De volgende dia die ik laat zien is een versnelde versie van wat er de afgelopen 25 jaar is gebeurd .
2026-05-27 23:53:38,050 - INFO - joeynmt.training - 	Reference:  The next slide I show you will be a rapid fast-forward of what &apos;s happened over the last 25 years .
2026-05-27 23:53:38,050 - INFO - joeynmt.training - 	Hypothesis: The next slide I &apos;m showing is a versy version of what &apos;s going to be going to 25 years .
2026-05-27 23:53:49,892 - INFO - joeynmt.training - Epoch   7, Step:    25600, Batch Loss:     1.243764, Batch Acc: 0.629412, Tokens per Sec:     6334, Lr: 0.000300
2026-05-27 23:54:01,627 - INFO - joeynmt.training - Epoch   7, Step:    25700, Batch Loss:     1.407138, Batch Acc: 0.629074, Tokens per Sec:     6493, Lr: 0.000300
2026-05-27 23:54:14,087 - INFO - joeynmt.training - Epoch   7, Step:    25800, Batch Loss:     1.284829, Batch Acc: 0.628722, Tokens per Sec:     5968, Lr: 0.000300
2026-05-27 23:54:25,894 - INFO - joeynmt.training - Epoch   7, Step:    25900, Batch Loss:     1.336671, Batch Acc: 0.632092, Tokens per Sec:     6453, Lr: 0.000300
2026-05-27 23:54:38,449 - INFO - joeynmt.training - Epoch   7, Step:    26000, Batch Loss:     1.182693, Batch Acc: 0.629173, Tokens per Sec:     5958, Lr: 0.000300
2026-05-27 23:54:38,449 - WARNING - joeynmt.helpers - `alpha` option is obsolete. Please use `beam_alpha`, instead.
2026-05-27 23:54:38,449 - INFO - joeynmt.prediction - Predicting 1003 example(s)... (Greedy decoding with min_output_length=1, max_output_length=-1, return_prob='none', generate_unk=True, repetition_penalty=-1, no_repeat_ngram_size=-1)
2026-05-27 23:55:07,496 - INFO - joeynmt.prediction - Evaluation result (greedy) loss:   1.67, ppl:   5.32, acc:   0.53, generation: 29.0370[sec], evaluation: 0.0000[sec]
2026-05-27 23:55:07,497 - INFO - joeynmt.training - Hooray! New best validation result [ppl]!
2026-05-27 23:55:07,629 - INFO - joeynmt.helpers - delete models/tf_bpe_2000_nl_en/24000.ckpt
2026-05-27 23:55:07,630 - INFO - joeynmt.training - Example #0
2026-05-27 23:55:07,630 - DEBUG - joeynmt.training - 	Tokenized source:     ['V@@', 'or@@', 'ig', 'jaar', 'li@@', 'et', 'ik', 'deze', 'twee', 'dia', '&apos;', 's', 'zien', 'om', 'aan', 'te', 't@@', 'onen', 'dat', 'de', 'p@@', 'oo@@', 'lij@@', 'sk@@', 'a@@', 'p', ',', 'die', 'de', 'af@@', 'gel@@', 'open', 'drie', 'miljoen', 'jaar', 'ongeveer', 'de', 'groot@@', 'te', 'had', 'van', 'het', 'va@@', 'stel@@', 'and', 'van', 'de', 'V@@', 'S', ',', 'met', '4@@', '0', '%', 'ge@@', 'k@@', 'r@@', 'om@@', 'pen', 'was', '.']
2026-05-27 23:55:07,630 - DEBUG - joeynmt.training - 	Tokenized reference:  ['La@@', 'st', 'year', 'I', 'sho@@', 'w@@', 'ed', 'these', 'two', 'sli@@', 'des', 'so', 'that', 'de@@', 'mon@@', 'str@@', 'ate', 'that', 'the', 'ar@@', 'c@@', 'ti@@', 'c', 'ice', 'ca@@', 'p', ',', 'which', 'for', 'most', 'of', 'the', 'last', 'three', 'million', 'years', 'has', 'been', 'the', 'si@@', 'ze', 'of', 'the', 'lo@@', 'wer', '4@@', '8', 'st@@', 'ates', ',', 'has', 'sh@@', 'r@@', 'un@@', 'k', 'by', '4@@', '0', 'percent', '.']
2026-05-27 23:55:07,630 - DEBUG - joeynmt.training - 	Tokenized hypothesis: ['And', 'last', 'year', 'I', 'le@@', 'ft', 'these', 'two', 'sli@@', 'des', 'to', 'see', 'that', 'the', 'p@@', 'oo@@', 'ls', 'to', 'show', 'that', 'the', 'p@@', 'oo@@', 'l', 'of', 'the', 'p@@', 'oo@@', 'l', ',', 'which', 'was', 'the', 'last', 'three', 'million', 'years', 'of', 'the', 'va@@', 'st', 'of', 'the', 'U@@', 'n@@', 'ited', 'St@@', 'ates', ',', 'with', '4@@', '0', 'percent', 'of', 'the', 'U@@', 'n@@', 'ited', 'St@@', 'ates', ',', 'with', '4@@', '0', 'percent', 'of', 'the', 'U@@', 'n@@', 'ited', 'St@@', 'ates', ',', 'with', '4@@', '0', 'percent', 'of', 'the', 'U@@', 'n@@', 'ited', 'St@@', 'ates', ',', 'with', '4@@', '0', 'percent', 'of', 'the', 'U@@', 'n@@', 'ited', 'St@@', 'ates', ',', 'with', '4@@', '0@@', 's', ',', '</s>']
2026-05-27 23:55:07,631 - INFO - joeynmt.training - 	Source:     Vorig jaar liet ik deze twee dia &apos; s zien om aan te tonen dat de poolijskap , die de afgelopen drie miljoen jaar ongeveer de grootte had van het vasteland van de VS , met 40 % gekrompen was .
2026-05-27 23:55:07,631 - INFO - joeynmt.training - 	Reference:  Last year I showed these two slides so that demonstrate that the arctic ice cap , which for most of the last three million years has been the size of the lower 48 states , has shrunk by 40 percent .
2026-05-27 23:55:07,631 - INFO - joeynmt.training - 	Hypothesis: And last year I left these two slides to see that the pools to show that the pool of the pool , which was the last three million years of the vast of the United States , with 40 percent of the United States , with 40 percent of the United States , with 40 percent of the United States , with 40 percent of the United States , with 40s ,
2026-05-27 23:55:07,631 - INFO - joeynmt.training - Example #1
2026-05-27 23:55:07,631 - DEBUG - joeynmt.training - 	Tokenized source:     ['Maar', 'dit', 'onder@@', 'sch@@', 'at', 'eigenlijk', 'de', 'er@@', 'n@@', 'st', 'van', 'dit', 'speci@@', 'f@@', 'ieke', 'probleem', 'omdat', 'het', 'niet', 'de', 'di@@', 'kte', 'van', 'het', 'ij@@', 's', 'laat', 'zien', '.']
2026-05-27 23:55:07,631 - DEBUG - joeynmt.training - 	Tokenized reference:  ['But', 'this', 'under@@', 'st@@', 'ates', 'the', 'ser@@', 'i@@', 'ous@@', 'ness', 'of', 'this', 'parti@@', 'cu@@', 'lar', 'problem', 'because', 'it', 'doesn', '&apos;t', 'show', 'the', 'th@@', 'ic@@', 'k@@', 'ness', 'of', 'the', 'ice', '.']
2026-05-27 23:55:07,631 - DEBUG - joeynmt.training - 	Tokenized hypothesis: ['But', 'this', 'is', 'actually', 'the', 'wr@@', 'ong', 'of', 'this', 'parti@@', 'cu@@', 'lar', 'problem', 'because', 'it', 'doesn', '&apos;t', 'show', 'the', 'di@@', 'se@@', 'ase', 'of', 'the', 'ice', '.', '</s>']
2026-05-27 23:55:07,631 - INFO - joeynmt.training - 	Source:     Maar dit onderschat eigenlijk de ernst van dit specifieke probleem omdat het niet de dikte van het ijs laat zien .
2026-05-27 23:55:07,631 - INFO - joeynmt.training - 	Reference:  But this understates the seriousness of this particular problem because it doesn &apos;t show the thickness of the ice .
2026-05-27 23:55:07,631 - INFO - joeynmt.training - 	Hypothesis: But this is actually the wrong of this particular problem because it doesn &apos;t show the disease of the ice .
2026-05-27 23:55:07,631 - INFO - joeynmt.training - Example #2
2026-05-27 23:55:07,631 - DEBUG - joeynmt.training - 	Tokenized source:     ['De', 'ij@@', 'sk@@', 'a@@', 'p', 'op', 'de', 'N@@', 'oor@@', 'd@@', 'p@@', 'ool', 'is', 'in', 'ze@@', 'k@@', 'ere', 'z@@', 'in', 'het', 'kl@@', 'op@@', 'p@@', 'end', 'har@@', 't', 'van', 'ons', 'glob@@', 'aal', 'k@@', 'li@@', 'ma@@', 'at@@', 'systeem', '.']
2026-05-27 23:55:07,631 - DEBUG - joeynmt.training - 	Tokenized reference:  ['The', 'ar@@', 'c@@', 'ti@@', 'c', 'ice', 'ca@@', 'p', 'is', ',', 'in', 'a', 'sense', ',', 'the', 'be@@', 'ating', 'he@@', 'art', 'of', 'the', 'glob@@', 'al', 'c@@', 'lim@@', 'ate', 'system', '.']
2026-05-27 23:55:07,631 - DEBUG - joeynmt.training - 	Tokenized hypothesis: ['The', 'ice', 'sk@@', 'in', 'is', 'ready', 'in', 'a', 'sense', ',', 'the', 'N@@', 'or@@', 'th', 'P@@', 'ole', 'is', 'in', 'a', 'sense', 'of', 'c@@', 'lim@@', 'ate', 'system', '.', '</s>']
2026-05-27 23:55:07,631 - INFO - joeynmt.training - 	Source:     De ijskap op de Noordpool is in zekere zin het kloppend hart van ons globaal klimaatsysteem .
2026-05-27 23:55:07,631 - INFO - joeynmt.training - 	Reference:  The arctic ice cap is , in a sense , the beating heart of the global climate system .
2026-05-27 23:55:07,632 - INFO - joeynmt.training - 	Hypothesis: The ice skin is ready in a sense , the North Pole is in a sense of climate system .
2026-05-27 23:55:07,632 - INFO - joeynmt.training - Example #3
2026-05-27 23:55:07,632 - DEBUG - joeynmt.training - 	Tokenized source:     ['Het', 'z@@', 'et', 'uit', 'in', 'de', 'win@@', 'ter', 'en', 'k@@', 'ri@@', 'mp@@', 't', 'in', 'de', 'z@@', 'om@@', 'er', '.']
2026-05-27 23:55:07,632 - DEBUG - joeynmt.training - 	Tokenized reference:  ['It', 'exp@@', 'and@@', 's', 'in', 'win@@', 'ter', 'and', 'con@@', 'tr@@', 'ac@@', 'ts', 'in', 'su@@', 'mm@@', 'er', '.']
2026-05-27 23:55:07,632 - DEBUG - joeynmt.training - 	Tokenized hypothesis: ['It', '&apos;s', 'put', 'out', 'in', 'the', 'win@@', 'ter', 'and', 'cr@@', 'y@@', 'mp@@', 's', 'in', 'the', 'su@@', 'mm@@', 'er', '.', '</s>']
2026-05-27 23:55:07,632 - INFO - joeynmt.training - 	Source:     Het zet uit in de winter en krimpt in de zomer .
2026-05-27 23:55:07,632 - INFO - joeynmt.training - 	Reference:  It expands in winter and contracts in summer .
2026-05-27 23:55:07,632 - INFO - joeynmt.training - 	Hypothesis: It &apos;s put out in the winter and crymps in the summer .
2026-05-27 23:55:07,632 - INFO - joeynmt.training - Example #4
2026-05-27 23:55:07,632 - DEBUG - joeynmt.training - 	Tokenized source:     ['De', 'volgende', 'dia', 'die', 'ik', 'laat', 'zien', 'is', 'een', 'vers@@', 'n@@', 'el@@', 'de', 'ver@@', 'sie', 'van', 'wat', 'er', 'de', 'af@@', 'gel@@', 'open', '2@@', '5', 'jaar', 'is', 'gebeur@@', 'd', '.']
2026-05-27 23:55:07,632 - DEBUG - joeynmt.training - 	Tokenized reference:  ['The', 'next', 'sli@@', 'de', 'I', 'show', 'you', 'will', 'be', 'a', 'r@@', 'ap@@', 'id', 'fa@@', 'st@@', '-@@', 'for@@', 'ward', 'of', 'what', '&apos;s', 'happened', 'over', 'the', 'last', '2@@', '5', 'years', '.']
2026-05-27 23:55:07,632 - DEBUG - joeynmt.training - 	Tokenized hypothesis: ['The', 'next', 'sli@@', 'de', 'I', 'sho@@', 'ws', 'is', 'a', 'vers@@', 'us', 'of', 'what', 'happened', 'to', 'the', 'last', '2@@', '5', 'years', '.', '</s>']
2026-05-27 23:55:07,632 - INFO - joeynmt.training - 	Source:     De volgende dia die ik laat zien is een versnelde versie van wat er de afgelopen 25 jaar is gebeurd .
2026-05-27 23:55:07,632 - INFO - joeynmt.training - 	Reference:  The next slide I show you will be a rapid fast-forward of what &apos;s happened over the last 25 years .
2026-05-27 23:55:07,632 - INFO - joeynmt.training - 	Hypothesis: The next slide I shows is a versus of what happened to the last 25 years .
2026-05-27 23:55:19,762 - INFO - joeynmt.training - Epoch   7, Step:    26100, Batch Loss:     1.508795, Batch Acc: 0.629874, Tokens per Sec:     6212, Lr: 0.000300
2026-05-27 23:55:31,442 - INFO - joeynmt.training - Epoch   7, Step:    26200, Batch Loss:     1.265458, Batch Acc: 0.625782, Tokens per Sec:     6459, Lr: 0.000300
2026-05-27 23:55:44,044 - INFO - joeynmt.training - Epoch   7, Step:    26300, Batch Loss:     1.301495, Batch Acc: 0.627638, Tokens per Sec:     5993, Lr: 0.000300
2026-05-27 23:55:56,004 - INFO - joeynmt.training - Epoch   7, Step:    26400, Batch Loss:     1.113998, Batch Acc: 0.629835, Tokens per Sec:     6432, Lr: 0.000300
2026-05-27 23:56:07,910 - INFO - joeynmt.training - Epoch   7, Step:    26500, Batch Loss:     1.158796, Batch Acc: 0.622387, Tokens per Sec:     6364, Lr: 0.000300
2026-05-27 23:56:07,910 - WARNING - joeynmt.helpers - `alpha` option is obsolete. Please use `beam_alpha`, instead.
2026-05-27 23:56:07,911 - INFO - joeynmt.prediction - Predicting 1003 example(s)... (Greedy decoding with min_output_length=1, max_output_length=-1, return_prob='none', generate_unk=True, repetition_penalty=-1, no_repeat_ngram_size=-1)
2026-05-27 23:56:37,742 - INFO - joeynmt.prediction - Evaluation result (greedy) loss:   1.66, ppl:   5.28, acc:   0.53, generation: 29.8212[sec], evaluation: 0.0000[sec]
2026-05-27 23:56:37,744 - INFO - joeynmt.training - Hooray! New best validation result [ppl]!
2026-05-27 23:56:37,862 - INFO - joeynmt.helpers - delete models/tf_bpe_2000_nl_en/23500.ckpt
2026-05-27 23:56:37,864 - INFO - joeynmt.training - Example #0
2026-05-27 23:56:37,864 - DEBUG - joeynmt.training - 	Tokenized source:     ['V@@', 'or@@', 'ig', 'jaar', 'li@@', 'et', 'ik', 'deze', 'twee', 'dia', '&apos;', 's', 'zien', 'om', 'aan', 'te', 't@@', 'onen', 'dat', 'de', 'p@@', 'oo@@', 'lij@@', 'sk@@', 'a@@', 'p', ',', 'die', 'de', 'af@@', 'gel@@', 'open', 'drie', 'miljoen', 'jaar', 'ongeveer', 'de', 'groot@@', 'te', 'had', 'van', 'het', 'va@@', 'stel@@', 'and', 'van', 'de', 'V@@', 'S', ',', 'met', '4@@', '0', '%', 'ge@@', 'k@@', 'r@@', 'om@@', 'pen', 'was', '.']
2026-05-27 23:56:37,864 - DEBUG - joeynmt.training - 	Tokenized reference:  ['La@@', 'st', 'year', 'I', 'sho@@', 'w@@', 'ed', 'these', 'two', 'sli@@', 'des', 'so', 'that', 'de@@', 'mon@@', 'str@@', 'ate', 'that', 'the', 'ar@@', 'c@@', 'ti@@', 'c', 'ice', 'ca@@', 'p', ',', 'which', 'for', 'most', 'of', 'the', 'last', 'three', 'million', 'years', 'has', 'been', 'the', 'si@@', 'ze', 'of', 'the', 'lo@@', 'wer', '4@@', '8', 'st@@', 'ates', ',', 'has', 'sh@@', 'r@@', 'un@@', 'k', 'by', '4@@', '0', 'percent', '.']
2026-05-27 23:56:37,864 - DEBUG - joeynmt.training - 	Tokenized hypothesis: ['And', 'last', 'year', ',', 'I', 'sho@@', 'w@@', 'ed', 'these', 'two', 'sli@@', 'des', 'to', 'show', 'you', 'that', 'the', 'P@@', 'o@@', 'at', 'the', 'P@@', 'o@@', 'at', 'the', 'last', 'three', 'million', 'years', ',', 'which', 'was', 'the', 'si@@', 'ze', 'of', 'the', 'U@@', '.@@', 'S@@', '.', ',', 'with', '4@@', '0', 'percent', 'of', 'the', 'U@@', '.@@', 'S@@', '.', ',', 'with', '4@@', '0', 'percent', '.', '</s>']
2026-05-27 23:56:37,864 - INFO - joeynmt.training - 	Source:     Vorig jaar liet ik deze twee dia &apos; s zien om aan te tonen dat de poolijskap , die de afgelopen drie miljoen jaar ongeveer de grootte had van het vasteland van de VS , met 40 % gekrompen was .
2026-05-27 23:56:37,864 - INFO - joeynmt.training - 	Reference:  Last year I showed these two slides so that demonstrate that the arctic ice cap , which for most of the last three million years has been the size of the lower 48 states , has shrunk by 40 percent .
2026-05-27 23:56:37,864 - INFO - joeynmt.training - 	Hypothesis: And last year , I showed these two slides to show you that the Poat the Poat the last three million years , which was the size of the U.S. , with 40 percent of the U.S. , with 40 percent .
2026-05-27 23:56:37,864 - INFO - joeynmt.training - Example #1
2026-05-27 23:56:37,864 - DEBUG - joeynmt.training - 	Tokenized source:     ['Maar', 'dit', 'onder@@', 'sch@@', 'at', 'eigenlijk', 'de', 'er@@', 'n@@', 'st', 'van', 'dit', 'speci@@', 'f@@', 'ieke', 'probleem', 'omdat', 'het', 'niet', 'de', 'di@@', 'kte', 'van', 'het', 'ij@@', 's', 'laat', 'zien', '.']
2026-05-27 23:56:37,865 - DEBUG - joeynmt.training - 	Tokenized reference:  ['But', 'this', 'under@@', 'st@@', 'ates', 'the', 'ser@@', 'i@@', 'ous@@', 'ness', 'of', 'this', 'parti@@', 'cu@@', 'lar', 'problem', 'because', 'it', 'doesn', '&apos;t', 'show', 'the', 'th@@', 'ic@@', 'k@@', 'ness', 'of', 'the', 'ice', '.']
2026-05-27 23:56:37,865 - DEBUG - joeynmt.training - 	Tokenized hypothesis: ['But', 'this', 'is', 'actually', 'the', 'n@@', 'ice', 'of', 'this', 'parti@@', 'cu@@', 'lar', 'problem', 'because', 'it', 'doesn', '&apos;t', 'show', 'the', 'di@@', 's@@', 'he@@', 'd', 'of', 'the', 'ice', '.', '</s>']
2026-05-27 23:56:37,865 - INFO - joeynmt.training - 	Source:     Maar dit onderschat eigenlijk de ernst van dit specifieke probleem omdat het niet de dikte van het ijs laat zien .
2026-05-27 23:56:37,865 - INFO - joeynmt.training - 	Reference:  But this understates the seriousness of this particular problem because it doesn &apos;t show the thickness of the ice .
2026-05-27 23:56:37,865 - INFO - joeynmt.training - 	Hypothesis: But this is actually the nice of this particular problem because it doesn &apos;t show the dished of the ice .
2026-05-27 23:56:37,865 - INFO - joeynmt.training - Example #2
2026-05-27 23:56:37,865 - DEBUG - joeynmt.training - 	Tokenized source:     ['De', 'ij@@', 'sk@@', 'a@@', 'p', 'op', 'de', 'N@@', 'oor@@', 'd@@', 'p@@', 'ool', 'is', 'in', 'ze@@', 'k@@', 'ere', 'z@@', 'in', 'het', 'kl@@', 'op@@', 'p@@', 'end', 'har@@', 't', 'van', 'ons', 'glob@@', 'aal', 'k@@', 'li@@', 'ma@@', 'at@@', 'systeem', '.']
2026-05-27 23:56:37,865 - DEBUG - joeynmt.training - 	Tokenized reference:  ['The', 'ar@@', 'c@@', 'ti@@', 'c', 'ice', 'ca@@', 'p', 'is', ',', 'in', 'a', 'sense', ',', 'the', 'be@@', 'ating', 'he@@', 'art', 'of', 'the', 'glob@@', 'al', 'c@@', 'lim@@', 'ate', 'system', '.']
2026-05-27 23:56:37,865 - DEBUG - joeynmt.training - 	Tokenized hypothesis: ['The', 'ice', 'is', 'the', 'N@@', 'or@@', 'th', 'P@@', 'ole', 'is', 'in', 'a', 'cer@@', 'ta@@', 'in', 'sense', ',', 'the', 'c@@', 'li@@', 'mb@@', 'ing', 'he@@', 'art', 'of', 'our', 'glob@@', 'al', 'c@@', 'lim@@', 'ate', 'system', '.', '</s>']
2026-05-27 23:56:37,865 - INFO - joeynmt.training - 	Source:     De ijskap op de Noordpool is in zekere zin het kloppend hart van ons globaal klimaatsysteem .
2026-05-27 23:56:37,865 - INFO - joeynmt.training - 	Reference:  The arctic ice cap is , in a sense , the beating heart of the global climate system .
2026-05-27 23:56:37,865 - INFO - joeynmt.training - 	Hypothesis: The ice is the North Pole is in a certain sense , the climbing heart of our global climate system .
2026-05-27 23:56:37,865 - INFO - joeynmt.training - Example #3
2026-05-27 23:56:37,865 - DEBUG - joeynmt.training - 	Tokenized source:     ['Het', 'z@@', 'et', 'uit', 'in', 'de', 'win@@', 'ter', 'en', 'k@@', 'ri@@', 'mp@@', 't', 'in', 'de', 'z@@', 'om@@', 'er', '.']
2026-05-27 23:56:37,865 - DEBUG - joeynmt.training - 	Tokenized reference:  ['It', 'exp@@', 'and@@', 's', 'in', 'win@@', 'ter', 'and', 'con@@', 'tr@@', 'ac@@', 'ts', 'in', 'su@@', 'mm@@', 'er', '.']
2026-05-27 23:56:37,865 - DEBUG - joeynmt.training - 	Tokenized hypothesis: ['It', '&apos;s', 'in', 'the', 'win@@', 'ter', 'and', 'cr@@', 'y@@', 'mp@@', 's', 'in', 'the', 'su@@', 'mm@@', 'er', '.', '</s>']
2026-05-27 23:56:37,866 - INFO - joeynmt.training - 	Source:     Het zet uit in de winter en krimpt in de zomer .
2026-05-27 23:56:37,866 - INFO - joeynmt.training - 	Reference:  It expands in winter and contracts in summer .
2026-05-27 23:56:37,866 - INFO - joeynmt.training - 	Hypothesis: It &apos;s in the winter and crymps in the summer .
2026-05-27 23:56:37,866 - INFO - joeynmt.training - Example #4
2026-05-27 23:56:37,866 - DEBUG - joeynmt.training - 	Tokenized source:     ['De', 'volgende', 'dia', 'die', 'ik', 'laat', 'zien', 'is', 'een', 'vers@@', 'n@@', 'el@@', 'de', 'ver@@', 'sie', 'van', 'wat', 'er', 'de', 'af@@', 'gel@@', 'open', '2@@', '5', 'jaar', 'is', 'gebeur@@', 'd', '.']
2026-05-27 23:56:37,866 - DEBUG - joeynmt.training - 	Tokenized reference:  ['The', 'next', 'sli@@', 'de', 'I', 'show', 'you', 'will', 'be', 'a', 'r@@', 'ap@@', 'id', 'fa@@', 'st@@', '-@@', 'for@@', 'ward', 'of', 'what', '&apos;s', 'happened', 'over', 'the', 'last', '2@@', '5', 'years', '.']
2026-05-27 23:56:37,866 - DEBUG - joeynmt.training - 	Tokenized hypothesis: ['The', 'next', 'sli@@', 'de', 'I', '&apos;m', 'going', 'to', 'show', 'is', 'a', 'ac@@', 'cel@@', 'er@@', 'ated', 'ver@@', 'sion', 'of', 'what', 'happened', 'in', 'the', 'last', '2@@', '5', 'years', '.', '</s>']
2026-05-27 23:56:37,866 - INFO - joeynmt.training - 	Source:     De volgende dia die ik laat zien is een versnelde versie van wat er de afgelopen 25 jaar is gebeurd .
2026-05-27 23:56:37,866 - INFO - joeynmt.training - 	Reference:  The next slide I show you will be a rapid fast-forward of what &apos;s happened over the last 25 years .
2026-05-27 23:56:37,866 - INFO - joeynmt.training - 	Hypothesis: The next slide I &apos;m going to show is a accelerated version of what happened in the last 25 years .
2026-05-27 23:56:50,123 - INFO - joeynmt.training - Epoch   7, Step:    26600, Batch Loss:     1.193510, Batch Acc: 0.627723, Tokens per Sec:     6097, Lr: 0.000300
2026-05-27 23:57:02,249 - INFO - joeynmt.training - Epoch   7, Step:    26700, Batch Loss:     1.091953, Batch Acc: 0.633062, Tokens per Sec:     6302, Lr: 0.000300
2026-05-27 23:57:14,480 - INFO - joeynmt.training - Epoch   7, Step:    26800, Batch Loss:     1.431232, Batch Acc: 0.627792, Tokens per Sec:     6106, Lr: 0.000300
2026-05-27 23:57:26,260 - INFO - joeynmt.training - Epoch   7, Step:    26900, Batch Loss:     1.171377, Batch Acc: 0.633638, Tokens per Sec:     6447, Lr: 0.000300
2026-05-27 23:57:39,339 - INFO - joeynmt.training - Epoch   7, Step:    27000, Batch Loss:     1.289885, Batch Acc: 0.628603, Tokens per Sec:     5736, Lr: 0.000300
2026-05-27 23:57:39,340 - WARNING - joeynmt.helpers - `alpha` option is obsolete. Please use `beam_alpha`, instead.
2026-05-27 23:57:39,340 - INFO - joeynmt.prediction - Predicting 1003 example(s)... (Greedy decoding with min_output_length=1, max_output_length=-1, return_prob='none', generate_unk=True, repetition_penalty=-1, no_repeat_ngram_size=-1)
2026-05-27 23:58:06,055 - INFO - joeynmt.prediction - Evaluation result (greedy) loss:   1.66, ppl:   5.26, acc:   0.53, generation: 26.7046[sec], evaluation: 0.0000[sec]
2026-05-27 23:58:06,057 - INFO - joeynmt.training - Hooray! New best validation result [ppl]!
2026-05-27 23:58:06,199 - INFO - joeynmt.helpers - delete models/tf_bpe_2000_nl_en/24500.ckpt
2026-05-27 23:58:06,200 - INFO - joeynmt.training - Example #0
2026-05-27 23:58:06,201 - DEBUG - joeynmt.training - 	Tokenized source:     ['V@@', 'or@@', 'ig', 'jaar', 'li@@', 'et', 'ik', 'deze', 'twee', 'dia', '&apos;', 's', 'zien', 'om', 'aan', 'te', 't@@', 'onen', 'dat', 'de', 'p@@', 'oo@@', 'lij@@', 'sk@@', 'a@@', 'p', ',', 'die', 'de', 'af@@', 'gel@@', 'open', 'drie', 'miljoen', 'jaar', 'ongeveer', 'de', 'groot@@', 'te', 'had', 'van', 'het', 'va@@', 'stel@@', 'and', 'van', 'de', 'V@@', 'S', ',', 'met', '4@@', '0', '%', 'ge@@', 'k@@', 'r@@', 'om@@', 'pen', 'was', '.']
2026-05-27 23:58:06,201 - DEBUG - joeynmt.training - 	Tokenized reference:  ['La@@', 'st', 'year', 'I', 'sho@@', 'w@@', 'ed', 'these', 'two', 'sli@@', 'des', 'so', 'that', 'de@@', 'mon@@', 'str@@', 'ate', 'that', 'the', 'ar@@', 'c@@', 'ti@@', 'c', 'ice', 'ca@@', 'p', ',', 'which', 'for', 'most', 'of', 'the', 'last', 'three', 'million', 'years', 'has', 'been', 'the', 'si@@', 'ze', 'of', 'the', 'lo@@', 'wer', '4@@', '8', 'st@@', 'ates', ',', 'has', 'sh@@', 'r@@', 'un@@', 'k', 'by', '4@@', '0', 'percent', '.']
2026-05-27 23:58:06,201 - DEBUG - joeynmt.training - 	Tokenized hypothesis: ['And', 'I', '&apos;m', 'going', 'to', 'see', 'these', 'two', 'sli@@', 'des', 'to', 'show', 'you', 'that', 'the', 'p@@', 'oo@@', 'l@@', 'b@@', 'b@@', 'b@@', 'ine', ',', 'which', 'was', 'the', 'pa@@', 'st', 'three', 'million', 'years', 'of', 'the', 'si@@', 'ze', 'of', 'the', 'ma@@', 'g@@', 'n@@', 'itu@@', 'ations', 'of', 'the', 'U@@', '.@@', 'S@@', '.', ',', 'with', '4@@', '0', 'percent', 'percent', 'of', 'the', 'U@@', '.@@', 'S@@', '.', '</s>']
2026-05-27 23:58:06,201 - INFO - joeynmt.training - 	Source:     Vorig jaar liet ik deze twee dia &apos; s zien om aan te tonen dat de poolijskap , die de afgelopen drie miljoen jaar ongeveer de grootte had van het vasteland van de VS , met 40 % gekrompen was .
2026-05-27 23:58:06,202 - INFO - joeynmt.training - 	Reference:  Last year I showed these two slides so that demonstrate that the arctic ice cap , which for most of the last three million years has been the size of the lower 48 states , has shrunk by 40 percent .
2026-05-27 23:58:06,202 - INFO - joeynmt.training - 	Hypothesis: And I &apos;m going to see these two slides to show you that the poolbbbine , which was the past three million years of the size of the magnituations of the U.S. , with 40 percent percent of the U.S.
2026-05-27 23:58:06,202 - INFO - joeynmt.training - Example #1
2026-05-27 23:58:06,202 - DEBUG - joeynmt.training - 	Tokenized source:     ['Maar', 'dit', 'onder@@', 'sch@@', 'at', 'eigenlijk', 'de', 'er@@', 'n@@', 'st', 'van', 'dit', 'speci@@', 'f@@', 'ieke', 'probleem', 'omdat', 'het', 'niet', 'de', 'di@@', 'kte', 'van', 'het', 'ij@@', 's', 'laat', 'zien', '.']
2026-05-27 23:58:06,202 - DEBUG - joeynmt.training - 	Tokenized reference:  ['But', 'this', 'under@@', 'st@@', 'ates', 'the', 'ser@@', 'i@@', 'ous@@', 'ness', 'of', 'this', 'parti@@', 'cu@@', 'lar', 'problem', 'because', 'it', 'doesn', '&apos;t', 'show', 'the', 'th@@', 'ic@@', 'k@@', 'ness', 'of', 'the', 'ice', '.']
2026-05-27 23:58:06,202 - DEBUG - joeynmt.training - 	Tokenized hypothesis: ['But', 'this', 'is', 'actually', 'the', 'n@@', 'ar@@', 'ro@@', 'w', 'of', 'this', 'parti@@', 'cu@@', 'lar', 'problem', 'because', 'it', 'doesn', '&apos;t', 'show', 'the', 'di@@', 'se@@', 'ase', 'of', 'the', 'ice', '.', '</s>']
2026-05-27 23:58:06,203 - INFO - joeynmt.training - 	Source:     Maar dit onderschat eigenlijk de ernst van dit specifieke probleem omdat het niet de dikte van het ijs laat zien .
2026-05-27 23:58:06,203 - INFO - joeynmt.training - 	Reference:  But this understates the seriousness of this particular problem because it doesn &apos;t show the thickness of the ice .
2026-05-27 23:58:06,203 - INFO - joeynmt.training - 	Hypothesis: But this is actually the narrow of this particular problem because it doesn &apos;t show the disease of the ice .
2026-05-27 23:58:06,203 - INFO - joeynmt.training - Example #2
2026-05-27 23:58:06,203 - DEBUG - joeynmt.training - 	Tokenized source:     ['De', 'ij@@', 'sk@@', 'a@@', 'p', 'op', 'de', 'N@@', 'oor@@', 'd@@', 'p@@', 'ool', 'is', 'in', 'ze@@', 'k@@', 'ere', 'z@@', 'in', 'het', 'kl@@', 'op@@', 'p@@', 'end', 'har@@', 't', 'van', 'ons', 'glob@@', 'aal', 'k@@', 'li@@', 'ma@@', 'at@@', 'systeem', '.']
2026-05-27 23:58:06,203 - DEBUG - joeynmt.training - 	Tokenized reference:  ['The', 'ar@@', 'c@@', 'ti@@', 'c', 'ice', 'ca@@', 'p', 'is', ',', 'in', 'a', 'sense', ',', 'the', 'be@@', 'ating', 'he@@', 'art', 'of', 'the', 'glob@@', 'al', 'c@@', 'lim@@', 'ate', 'system', '.']
2026-05-27 23:58:06,203 - DEBUG - joeynmt.training - 	Tokenized hypothesis: ['The', 'ice', 'sk@@', 'in', 'is', 'the', 'N@@', 'or@@', 'th', 'P@@', 'ole', 'is', 'in', 'a', 'cer@@', 'ta@@', 'in', 'sense', ',', 'the', 'right', 'he@@', 'art', 'of', 'our', 'glob@@', 'al', 'c@@', 'lim@@', 'ate', 'system', '.', '</s>']
2026-05-27 23:58:06,203 - INFO - joeynmt.training - 	Source:     De ijskap op de Noordpool is in zekere zin het kloppend hart van ons globaal klimaatsysteem .
2026-05-27 23:58:06,203 - INFO - joeynmt.training - 	Reference:  The arctic ice cap is , in a sense , the beating heart of the global climate system .
2026-05-27 23:58:06,203 - INFO - joeynmt.training - 	Hypothesis: The ice skin is the North Pole is in a certain sense , the right heart of our global climate system .
2026-05-27 23:58:06,204 - INFO - joeynmt.training - Example #3
2026-05-27 23:58:06,204 - DEBUG - joeynmt.training - 	Tokenized source:     ['Het', 'z@@', 'et', 'uit', 'in', 'de', 'win@@', 'ter', 'en', 'k@@', 'ri@@', 'mp@@', 't', 'in', 'de', 'z@@', 'om@@', 'er', '.']
2026-05-27 23:58:06,204 - DEBUG - joeynmt.training - 	Tokenized reference:  ['It', 'exp@@', 'and@@', 's', 'in', 'win@@', 'ter', 'and', 'con@@', 'tr@@', 'ac@@', 'ts', 'in', 'su@@', 'mm@@', 'er', '.']
2026-05-27 23:58:06,204 - DEBUG - joeynmt.training - 	Tokenized hypothesis: ['It', '&apos;s', 'in', 'the', 'win@@', 'ter', 'and', 'cr@@', 'it@@', 'ical', 'in', 'the', 'su@@', 'mm@@', 'er', '.', '</s>']
2026-05-27 23:58:06,204 - INFO - joeynmt.training - 	Source:     Het zet uit in de winter en krimpt in de zomer .
2026-05-27 23:58:06,204 - INFO - joeynmt.training - 	Reference:  It expands in winter and contracts in summer .
2026-05-27 23:58:06,204 - INFO - joeynmt.training - 	Hypothesis: It &apos;s in the winter and critical in the summer .
2026-05-27 23:58:06,204 - INFO - joeynmt.training - Example #4
2026-05-27 23:58:06,204 - DEBUG - joeynmt.training - 	Tokenized source:     ['De', 'volgende', 'dia', 'die', 'ik', 'laat', 'zien', 'is', 'een', 'vers@@', 'n@@', 'el@@', 'de', 'ver@@', 'sie', 'van', 'wat', 'er', 'de', 'af@@', 'gel@@', 'open', '2@@', '5', 'jaar', 'is', 'gebeur@@', 'd', '.']
2026-05-27 23:58:06,204 - DEBUG - joeynmt.training - 	Tokenized reference:  ['The', 'next', 'sli@@', 'de', 'I', 'show', 'you', 'will', 'be', 'a', 'r@@', 'ap@@', 'id', 'fa@@', 'st@@', '-@@', 'for@@', 'ward', 'of', 'what', '&apos;s', 'happened', 'over', 'the', 'last', '2@@', '5', 'years', '.']
2026-05-27 23:58:06,204 - DEBUG - joeynmt.training - 	Tokenized hypothesis: ['The', 'next', 'sli@@', 'de', 'I', '&apos;m', 'going', 'to', 'show', 'is', 'a', 'n@@', 'er@@', 'shi@@', 'p', 'of', 'what', 'happened', 'the', 'last', '2@@', '5', 'years', '.', '</s>']
2026-05-27 23:58:06,205 - INFO - joeynmt.training - 	Source:     De volgende dia die ik laat zien is een versnelde versie van wat er de afgelopen 25 jaar is gebeurd .
2026-05-27 23:58:06,205 - INFO - joeynmt.training - 	Reference:  The next slide I show you will be a rapid fast-forward of what &apos;s happened over the last 25 years .
2026-05-27 23:58:06,205 - INFO - joeynmt.training - 	Hypothesis: The next slide I &apos;m going to show is a nership of what happened the last 25 years .
2026-05-27 23:58:18,005 - INFO - joeynmt.training - Epoch   7, Step:    27100, Batch Loss:     1.291229, Batch Acc: 0.629330, Tokens per Sec:     6446, Lr: 0.000300
2026-05-27 23:58:24,722 - INFO - joeynmt.training - Epoch   7: total training loss 4980.12
2026-05-27 23:58:24,722 - INFO - joeynmt.training - EPOCH 8
2026-05-27 23:58:31,225 - INFO - joeynmt.training - Epoch   8, Step:    27200, Batch Loss:     1.179104, Batch Acc: 0.650647, Tokens per Sec:     5632, Lr: 0.000300
2026-05-27 23:58:43,219 - INFO - joeynmt.training - Epoch   8, Step:    27300, Batch Loss:     1.095116, Batch Acc: 0.651188, Tokens per Sec:     6460, Lr: 0.000300
2026-05-27 23:58:55,118 - INFO - joeynmt.training - Epoch   8, Step:    27400, Batch Loss:     1.175264, Batch Acc: 0.649048, Tokens per Sec:     6497, Lr: 0.000300
2026-05-27 23:59:07,227 - INFO - joeynmt.training - Epoch   8, Step:    27500, Batch Loss:     1.160466, Batch Acc: 0.645903, Tokens per Sec:     6205, Lr: 0.000300
2026-05-27 23:59:07,227 - WARNING - joeynmt.helpers - `alpha` option is obsolete. Please use `beam_alpha`, instead.
2026-05-27 23:59:07,227 - INFO - joeynmt.prediction - Predicting 1003 example(s)... (Greedy decoding with min_output_length=1, max_output_length=-1, return_prob='none', generate_unk=True, repetition_penalty=-1, no_repeat_ngram_size=-1)
2026-05-27 23:59:35,259 - INFO - joeynmt.prediction - Evaluation result (greedy) loss:   1.68, ppl:   5.36, acc:   0.53, generation: 28.0181[sec], evaluation: 0.0000[sec]
2026-05-27 23:59:35,261 - INFO - joeynmt.training - Example #0
2026-05-27 23:59:35,261 - DEBUG - joeynmt.training - 	Tokenized source:     ['V@@', 'or@@', 'ig', 'jaar', 'li@@', 'et', 'ik', 'deze', 'twee', 'dia', '&apos;', 's', 'zien', 'om', 'aan', 'te', 't@@', 'onen', 'dat', 'de', 'p@@', 'oo@@', 'lij@@', 'sk@@', 'a@@', 'p', ',', 'die', 'de', 'af@@', 'gel@@', 'open', 'drie', 'miljoen', 'jaar', 'ongeveer', 'de', 'groot@@', 'te', 'had', 'van', 'het', 'va@@', 'stel@@', 'and', 'van', 'de', 'V@@', 'S', ',', 'met', '4@@', '0', '%', 'ge@@', 'k@@', 'r@@', 'om@@', 'pen', 'was', '.']
2026-05-27 23:59:35,261 - DEBUG - joeynmt.training - 	Tokenized reference:  ['La@@', 'st', 'year', 'I', 'sho@@', 'w@@', 'ed', 'these', 'two', 'sli@@', 'des', 'so', 'that', 'de@@', 'mon@@', 'str@@', 'ate', 'that', 'the', 'ar@@', 'c@@', 'ti@@', 'c', 'ice', 'ca@@', 'p', ',', 'which', 'for', 'most', 'of', 'the', 'last', 'three', 'million', 'years', 'has', 'been', 'the', 'si@@', 'ze', 'of', 'the', 'lo@@', 'wer', '4@@', '8', 'st@@', 'ates', ',', 'has', 'sh@@', 'r@@', 'un@@', 'k', 'by', '4@@', '0', 'percent', '.']
2026-05-27 23:59:35,261 - DEBUG - joeynmt.training - 	Tokenized hypothesis: ['And', 'last', 'year', ',', 'I', 'sho@@', 'w@@', 'ed', 'these', 'two', 'sli@@', 'des', 'to', 'see', 'that', 'the', 'p@@', 'oo@@', 'le@@', '-@@', 'ch@@', 'a@@', 'p', ',', 'which', 'was', 'the', 'last', 'three', 'million', 'years', 'of', 'the', 'ma@@', 'j@@', 'or', 'of', 'the', 'ma@@', 'j@@', 'or', 'of', 'the', 'va@@', 'st@@', 'ly', 'of', 'the', 'U@@', '.@@', 'S@@', '.', ',', 'with', '4@@', '0', 'percent', 'percent', 'of', 'the', 'U@@', '.@@', 'S@@', '.', ',', 'with', '4@@', '0', 'percent', '.', '</s>']
2026-05-27 23:59:35,262 - INFO - joeynmt.training - 	Source:     Vorig jaar liet ik deze twee dia &apos; s zien om aan te tonen dat de poolijskap , die de afgelopen drie miljoen jaar ongeveer de grootte had van het vasteland van de VS , met 40 % gekrompen was .
2026-05-27 23:59:35,262 - INFO - joeynmt.training - 	Reference:  Last year I showed these two slides so that demonstrate that the arctic ice cap , which for most of the last three million years has been the size of the lower 48 states , has shrunk by 40 percent .
2026-05-27 23:59:35,262 - INFO - joeynmt.training - 	Hypothesis: And last year , I showed these two slides to see that the poole-chap , which was the last three million years of the major of the major of the vastly of the U.S. , with 40 percent percent of the U.S. , with 40 percent .
2026-05-27 23:59:35,262 - INFO - joeynmt.training - Example #1
2026-05-27 23:59:35,262 - DEBUG - joeynmt.training - 	Tokenized source:     ['Maar', 'dit', 'onder@@', 'sch@@', 'at', 'eigenlijk', 'de', 'er@@', 'n@@', 'st', 'van', 'dit', 'speci@@', 'f@@', 'ieke', 'probleem', 'omdat', 'het', 'niet', 'de', 'di@@', 'kte', 'van', 'het', 'ij@@', 's', 'laat', 'zien', '.']
2026-05-27 23:59:35,262 - DEBUG - joeynmt.training - 	Tokenized reference:  ['But', 'this', 'under@@', 'st@@', 'ates', 'the', 'ser@@', 'i@@', 'ous@@', 'ness', 'of', 'this', 'parti@@', 'cu@@', 'lar', 'problem', 'because', 'it', 'doesn', '&apos;t', 'show', 'the', 'th@@', 'ic@@', 'k@@', 'ness', 'of', 'the', 'ice', '.']
2026-05-27 23:59:35,262 - DEBUG - joeynmt.training - 	Tokenized hypothesis: ['But', 'this', 'is', 'actually', 'the', 'de@@', 'c@@', 'line', 'of', 'this', 'parti@@', 'cu@@', 'lar', 'problem', 'because', 'it', 'doesn', '&apos;t', 'show', 'the', 'ice', '.', '</s>']
2026-05-27 23:59:35,262 - INFO - joeynmt.training - 	Source:     Maar dit onderschat eigenlijk de ernst van dit specifieke probleem omdat het niet de dikte van het ijs laat zien .
2026-05-27 23:59:35,262 - INFO - joeynmt.training - 	Reference:  But this understates the seriousness of this particular problem because it doesn &apos;t show the thickness of the ice .
2026-05-27 23:59:35,262 - INFO - joeynmt.training - 	Hypothesis: But this is actually the decline of this particular problem because it doesn &apos;t show the ice .
2026-05-27 23:59:35,262 - INFO - joeynmt.training - Example #2
2026-05-27 23:59:35,262 - DEBUG - joeynmt.training - 	Tokenized source:     ['De', 'ij@@', 'sk@@', 'a@@', 'p', 'op', 'de', 'N@@', 'oor@@', 'd@@', 'p@@', 'ool', 'is', 'in', 'ze@@', 'k@@', 'ere', 'z@@', 'in', 'het', 'kl@@', 'op@@', 'p@@', 'end', 'har@@', 't', 'van', 'ons', 'glob@@', 'aal', 'k@@', 'li@@', 'ma@@', 'at@@', 'systeem', '.']
2026-05-27 23:59:35,262 - DEBUG - joeynmt.training - 	Tokenized reference:  ['The', 'ar@@', 'c@@', 'ti@@', 'c', 'ice', 'ca@@', 'p', 'is', ',', 'in', 'a', 'sense', ',', 'the', 'be@@', 'ating', 'he@@', 'art', 'of', 'the', 'glob@@', 'al', 'c@@', 'lim@@', 'ate', 'system', '.']
2026-05-27 23:59:35,262 - DEBUG - joeynmt.training - 	Tokenized hypothesis: ['The', 'ice', 'sk@@', 'a@@', 'p', 'on', 'the', 'N@@', 'or@@', 'th', 'P@@', 'ole', 'is', 'in', 'a', 'sense', 'of', 'the', 'c@@', 'lim@@', 'ate', 'he@@', 'art', 'of', 'us', 'glob@@', 'al', 'c@@', 'lim@@', 'ate', 'system', '.', '</s>']
2026-05-27 23:59:35,263 - INFO - joeynmt.training - 	Source:     De ijskap op de Noordpool is in zekere zin het kloppend hart van ons globaal klimaatsysteem .
2026-05-27 23:59:35,263 - INFO - joeynmt.training - 	Reference:  The arctic ice cap is , in a sense , the beating heart of the global climate system .
2026-05-27 23:59:35,263 - INFO - joeynmt.training - 	Hypothesis: The ice skap on the North Pole is in a sense of the climate heart of us global climate system .
2026-05-27 23:59:35,263 - INFO - joeynmt.training - Example #3
2026-05-27 23:59:35,263 - DEBUG - joeynmt.training - 	Tokenized source:     ['Het', 'z@@', 'et', 'uit', 'in', 'de', 'win@@', 'ter', 'en', 'k@@', 'ri@@', 'mp@@', 't', 'in', 'de', 'z@@', 'om@@', 'er', '.']
2026-05-27 23:59:35,263 - DEBUG - joeynmt.training - 	Tokenized reference:  ['It', 'exp@@', 'and@@', 's', 'in', 'win@@', 'ter', 'and', 'con@@', 'tr@@', 'ac@@', 'ts', 'in', 'su@@', 'mm@@', 'er', '.']
2026-05-27 23:59:35,263 - DEBUG - joeynmt.training - 	Tokenized hypothesis: ['It', '&apos;s', 'a', 'little', 'bit', 'of', 'the', 'win@@', 'ter', 'and', 'cr@@', 'y@@', 'mp@@', 's', 'in', 'the', 'su@@', 'mm@@', 'er', '.', '</s>']
2026-05-27 23:59:35,263 - INFO - joeynmt.training - 	Source:     Het zet uit in de winter en krimpt in de zomer .
2026-05-27 23:59:35,263 - INFO - joeynmt.training - 	Reference:  It expands in winter and contracts in summer .
2026-05-27 23:59:35,263 - INFO - joeynmt.training - 	Hypothesis: It &apos;s a little bit of the winter and crymps in the summer .
2026-05-27 23:59:35,263 - INFO - joeynmt.training - Example #4
2026-05-27 23:59:35,263 - DEBUG - joeynmt.training - 	Tokenized source:     ['De', 'volgende', 'dia', 'die', 'ik', 'laat', 'zien', 'is', 'een', 'vers@@', 'n@@', 'el@@', 'de', 'ver@@', 'sie', 'van', 'wat', 'er', 'de', 'af@@', 'gel@@', 'open', '2@@', '5', 'jaar', 'is', 'gebeur@@', 'd', '.']
2026-05-27 23:59:35,263 - DEBUG - joeynmt.training - 	Tokenized reference:  ['The', 'next', 'sli@@', 'de', 'I', 'show', 'you', 'will', 'be', 'a', 'r@@', 'ap@@', 'id', 'fa@@', 'st@@', '-@@', 'for@@', 'ward', 'of', 'what', '&apos;s', 'happened', 'over', 'the', 'last', '2@@', '5', 'years', '.']
2026-05-27 23:59:35,264 - DEBUG - joeynmt.training - 	Tokenized hypothesis: ['The', 'next', 'sli@@', 'de', 'I', 'sho@@', 'ws', 'is', 'a', 'vers@@', 'us', 'what', 'happened', 'to', 'the', 'last', '2@@', '5', 'years', '.', '</s>']
2026-05-27 23:59:35,264 - INFO - joeynmt.training - 	Source:     De volgende dia die ik laat zien is een versnelde versie van wat er de afgelopen 25 jaar is gebeurd .
2026-05-27 23:59:35,264 - INFO - joeynmt.training - 	Reference:  The next slide I show you will be a rapid fast-forward of what &apos;s happened over the last 25 years .
2026-05-27 23:59:35,264 - INFO - joeynmt.training - 	Hypothesis: The next slide I shows is a versus what happened to the last 25 years .
2026-05-27 23:59:47,573 - INFO - joeynmt.training - Epoch   8, Step:    27600, Batch Loss:     1.192291, Batch Acc: 0.648525, Tokens per Sec:     6160, Lr: 0.000300
2026-05-27 23:59:59,283 - INFO - joeynmt.training - Epoch   8, Step:    27700, Batch Loss:     1.334490, Batch Acc: 0.641730, Tokens per Sec:     6477, Lr: 0.000300
2026-05-28 00:00:12,534 - INFO - joeynmt.training - Epoch   8, Step:    27800, Batch Loss:     1.233308, Batch Acc: 0.647686, Tokens per Sec:     5776, Lr: 0.000300
2026-05-28 00:00:24,381 - INFO - joeynmt.training - Epoch   8, Step:    27900, Batch Loss:     1.291560, Batch Acc: 0.647049, Tokens per Sec:     6444, Lr: 0.000300
2026-05-28 00:00:37,474 - INFO - joeynmt.training - Epoch   8, Step:    28000, Batch Loss:     1.422786, Batch Acc: 0.644977, Tokens per Sec:     5895, Lr: 0.000300
2026-05-28 00:00:37,475 - WARNING - joeynmt.helpers - `alpha` option is obsolete. Please use `beam_alpha`, instead.
2026-05-28 00:00:37,475 - INFO - joeynmt.prediction - Predicting 1003 example(s)... (Greedy decoding with min_output_length=1, max_output_length=-1, return_prob='none', generate_unk=True, repetition_penalty=-1, no_repeat_ngram_size=-1)
2026-05-28 00:01:04,526 - INFO - joeynmt.prediction - Evaluation result (greedy) loss:   1.67, ppl:   5.30, acc:   0.53, generation: 27.0401[sec], evaluation: 0.0000[sec]
2026-05-28 00:01:04,678 - INFO - joeynmt.helpers - delete models/tf_bpe_2000_nl_en/25000.ckpt
2026-05-28 00:01:04,680 - INFO - joeynmt.training - Example #0
2026-05-28 00:01:04,680 - DEBUG - joeynmt.training - 	Tokenized source:     ['V@@', 'or@@', 'ig', 'jaar', 'li@@', 'et', 'ik', 'deze', 'twee', 'dia', '&apos;', 's', 'zien', 'om', 'aan', 'te', 't@@', 'onen', 'dat', 'de', 'p@@', 'oo@@', 'lij@@', 'sk@@', 'a@@', 'p', ',', 'die', 'de', 'af@@', 'gel@@', 'open', 'drie', 'miljoen', 'jaar', 'ongeveer', 'de', 'groot@@', 'te', 'had', 'van', 'het', 'va@@', 'stel@@', 'and', 'van', 'de', 'V@@', 'S', ',', 'met', '4@@', '0', '%', 'ge@@', 'k@@', 'r@@', 'om@@', 'pen', 'was', '.']
2026-05-28 00:01:04,680 - DEBUG - joeynmt.training - 	Tokenized reference:  ['La@@', 'st', 'year', 'I', 'sho@@', 'w@@', 'ed', 'these', 'two', 'sli@@', 'des', 'so', 'that', 'de@@', 'mon@@', 'str@@', 'ate', 'that', 'the', 'ar@@', 'c@@', 'ti@@', 'c', 'ice', 'ca@@', 'p', ',', 'which', 'for', 'most', 'of', 'the', 'last', 'three', 'million', 'years', 'has', 'been', 'the', 'si@@', 'ze', 'of', 'the', 'lo@@', 'wer', '4@@', '8', 'st@@', 'ates', ',', 'has', 'sh@@', 'r@@', 'un@@', 'k', 'by', '4@@', '0', 'percent', '.']
2026-05-28 00:01:04,680 - DEBUG - joeynmt.training - 	Tokenized hypothesis: ['F@@', 'or@@', 'y', 'years', ',', 'I', 'le@@', 'ft', 'these', 'two', 'sli@@', 'des', 'to', 'see', 'that', 'the', 'p@@', 'oo@@', 'le@@', '-@@', 'su@@', 'ff@@', 'er@@', 'ing', 'the', 'pa@@', 'st', 'three', 'million', 'years', 'of', 'the', 'ma@@', 'g@@', 'n@@', 'itu@@', 'de', 'of', 'the', 'U@@', 'n@@', 'ited', 'St@@', 'ates', ',', 'with', '4@@', '0', 'percent', 'of', 'the', 'U@@', 'n@@', 'ited', 'St@@', 'ates', ',', 'with', '4@@', '0', 'percent', '.', '</s>']
2026-05-28 00:01:04,681 - INFO - joeynmt.training - 	Source:     Vorig jaar liet ik deze twee dia &apos; s zien om aan te tonen dat de poolijskap , die de afgelopen drie miljoen jaar ongeveer de grootte had van het vasteland van de VS , met 40 % gekrompen was .
2026-05-28 00:01:04,681 - INFO - joeynmt.training - 	Reference:  Last year I showed these two slides so that demonstrate that the arctic ice cap , which for most of the last three million years has been the size of the lower 48 states , has shrunk by 40 percent .
2026-05-28 00:01:04,681 - INFO - joeynmt.training - 	Hypothesis: Fory years , I left these two slides to see that the poole-suffering the past three million years of the magnitude of the United States , with 40 percent of the United States , with 40 percent .
2026-05-28 00:01:04,681 - INFO - joeynmt.training - Example #1
2026-05-28 00:01:04,681 - DEBUG - joeynmt.training - 	Tokenized source:     ['Maar', 'dit', 'onder@@', 'sch@@', 'at', 'eigenlijk', 'de', 'er@@', 'n@@', 'st', 'van', 'dit', 'speci@@', 'f@@', 'ieke', 'probleem', 'omdat', 'het', 'niet', 'de', 'di@@', 'kte', 'van', 'het', 'ij@@', 's', 'laat', 'zien', '.']
2026-05-28 00:01:04,681 - DEBUG - joeynmt.training - 	Tokenized reference:  ['But', 'this', 'under@@', 'st@@', 'ates', 'the', 'ser@@', 'i@@', 'ous@@', 'ness', 'of', 'this', 'parti@@', 'cu@@', 'lar', 'problem', 'because', 'it', 'doesn', '&apos;t', 'show', 'the', 'th@@', 'ic@@', 'k@@', 'ness', 'of', 'the', 'ice', '.']
2026-05-28 00:01:04,681 - DEBUG - joeynmt.training - 	Tokenized hypothesis: ['But', 'this', 'under@@', 'est@@', 'im@@', 'ate', 'actually', ',', 'the', 'first', 'of', 'this', 'parti@@', 'cu@@', 'lar', 'problem', 'because', 'it', 'doesn', '&apos;t', 'show', 'the', 'di@@', 'st@@', 'in@@', 'c@@', 'tion', 'of', 'the', 'ice', '.', '</s>']
2026-05-28 00:01:04,681 - INFO - joeynmt.training - 	Source:     Maar dit onderschat eigenlijk de ernst van dit specifieke probleem omdat het niet de dikte van het ijs laat zien .
2026-05-28 00:01:04,681 - INFO - joeynmt.training - 	Reference:  But this understates the seriousness of this particular problem because it doesn &apos;t show the thickness of the ice .
2026-05-28 00:01:04,681 - INFO - joeynmt.training - 	Hypothesis: But this underestimate actually , the first of this particular problem because it doesn &apos;t show the distinction of the ice .
2026-05-28 00:01:04,681 - INFO - joeynmt.training - Example #2
2026-05-28 00:01:04,681 - DEBUG - joeynmt.training - 	Tokenized source:     ['De', 'ij@@', 'sk@@', 'a@@', 'p', 'op', 'de', 'N@@', 'oor@@', 'd@@', 'p@@', 'ool', 'is', 'in', 'ze@@', 'k@@', 'ere', 'z@@', 'in', 'het', 'kl@@', 'op@@', 'p@@', 'end', 'har@@', 't', 'van', 'ons', 'glob@@', 'aal', 'k@@', 'li@@', 'ma@@', 'at@@', 'systeem', '.']
2026-05-28 00:01:04,681 - DEBUG - joeynmt.training - 	Tokenized reference:  ['The', 'ar@@', 'c@@', 'ti@@', 'c', 'ice', 'ca@@', 'p', 'is', ',', 'in', 'a', 'sense', ',', 'the', 'be@@', 'ating', 'he@@', 'art', 'of', 'the', 'glob@@', 'al', 'c@@', 'lim@@', 'ate', 'system', '.']
2026-05-28 00:01:04,681 - DEBUG - joeynmt.training - 	Tokenized hypothesis: ['The', 'ice', 'sk@@', 'a@@', 'p', 'on', 'the', 'N@@', 'or@@', 'th', 'P@@', 'ole', 'is', 'in', 'a', 'cer@@', 'ta@@', 'in', 'sense', ',', 'the', 'c@@', 'lim@@', 'b', 'of', 'our', 'glob@@', 'al', 'c@@', 'lim@@', 'ate', 'system', '.', '</s>']
2026-05-28 00:01:04,682 - INFO - joeynmt.training - 	Source:     De ijskap op de Noordpool is in zekere zin het kloppend hart van ons globaal klimaatsysteem .
2026-05-28 00:01:04,682 - INFO - joeynmt.training - 	Reference:  The arctic ice cap is , in a sense , the beating heart of the global climate system .
2026-05-28 00:01:04,682 - INFO - joeynmt.training - 	Hypothesis: The ice skap on the North Pole is in a certain sense , the climb of our global climate system .
2026-05-28 00:01:04,682 - INFO - joeynmt.training - Example #3
2026-05-28 00:01:04,682 - DEBUG - joeynmt.training - 	Tokenized source:     ['Het', 'z@@', 'et', 'uit', 'in', 'de', 'win@@', 'ter', 'en', 'k@@', 'ri@@', 'mp@@', 't', 'in', 'de', 'z@@', 'om@@', 'er', '.']
2026-05-28 00:01:04,682 - DEBUG - joeynmt.training - 	Tokenized reference:  ['It', 'exp@@', 'and@@', 's', 'in', 'win@@', 'ter', 'and', 'con@@', 'tr@@', 'ac@@', 'ts', 'in', 'su@@', 'mm@@', 'er', '.']
2026-05-28 00:01:04,682 - DEBUG - joeynmt.training - 	Tokenized hypothesis: ['It', '&apos;s', 'just', 'in', 'the', 'win@@', 'ter', 'and', 'cr@@', 'in@@', 'k@@', 'r@@', 'in@@', 'side', 'the', 'su@@', 'mm@@', 'er', '.', '</s>']
2026-05-28 00:01:04,682 - INFO - joeynmt.training - 	Source:     Het zet uit in de winter en krimpt in de zomer .
2026-05-28 00:01:04,682 - INFO - joeynmt.training - 	Reference:  It expands in winter and contracts in summer .
2026-05-28 00:01:04,682 - INFO - joeynmt.training - 	Hypothesis: It &apos;s just in the winter and crinkrinside the summer .
2026-05-28 00:01:04,682 - INFO - joeynmt.training - Example #4
2026-05-28 00:01:04,682 - DEBUG - joeynmt.training - 	Tokenized source:     ['De', 'volgende', 'dia', 'die', 'ik', 'laat', 'zien', 'is', 'een', 'vers@@', 'n@@', 'el@@', 'de', 'ver@@', 'sie', 'van', 'wat', 'er', 'de', 'af@@', 'gel@@', 'open', '2@@', '5', 'jaar', 'is', 'gebeur@@', 'd', '.']
2026-05-28 00:01:04,682 - DEBUG - joeynmt.training - 	Tokenized reference:  ['The', 'next', 'sli@@', 'de', 'I', 'show', 'you', 'will', 'be', 'a', 'r@@', 'ap@@', 'id', 'fa@@', 'st@@', '-@@', 'for@@', 'ward', 'of', 'what', '&apos;s', 'happened', 'over', 'the', 'last', '2@@', '5', 'years', '.']
2026-05-28 00:01:04,682 - DEBUG - joeynmt.training - 	Tokenized hypothesis: ['The', 'next', 'sli@@', 'de', 'I', '&apos;m', 'sho@@', 'wing', 'is', 'a', 'ac@@', 'cel@@', 'er@@', 'ated', 'ver@@', 'sion', 'of', 'what', 'happened', 'in', 'the', 'last', '2@@', '5', 'years', '.', '</s>']
2026-05-28 00:01:04,682 - INFO - joeynmt.training - 	Source:     De volgende dia die ik laat zien is een versnelde versie van wat er de afgelopen 25 jaar is gebeurd .
2026-05-28 00:01:04,682 - INFO - joeynmt.training - 	Reference:  The next slide I show you will be a rapid fast-forward of what &apos;s happened over the last 25 years .
2026-05-28 00:01:04,683 - INFO - joeynmt.training - 	Hypothesis: The next slide I &apos;m showing is a accelerated version of what happened in the last 25 years .
2026-05-28 00:01:17,021 - INFO - joeynmt.training - Epoch   8, Step:    28100, Batch Loss:     1.233150, Batch Acc: 0.636172, Tokens per Sec:     6002, Lr: 0.000300
2026-05-28 00:01:30,022 - INFO - joeynmt.training - Epoch   8, Step:    28200, Batch Loss:     1.343074, Batch Acc: 0.642994, Tokens per Sec:     5769, Lr: 0.000300
2026-05-28 00:01:42,138 - INFO - joeynmt.training - Epoch   8, Step:    28300, Batch Loss:     1.246125, Batch Acc: 0.636751, Tokens per Sec:     6388, Lr: 0.000300
2026-05-28 00:01:53,976 - INFO - joeynmt.training - Epoch   8, Step:    28400, Batch Loss:     1.280770, Batch Acc: 0.637634, Tokens per Sec:     6247, Lr: 0.000300
2026-05-28 00:02:05,584 - INFO - joeynmt.training - Epoch   8, Step:    28500, Batch Loss:     1.380023, Batch Acc: 0.640909, Tokens per Sec:     6446, Lr: 0.000300
2026-05-28 00:02:05,585 - WARNING - joeynmt.helpers - `alpha` option is obsolete. Please use `beam_alpha`, instead.
2026-05-28 00:02:05,585 - INFO - joeynmt.prediction - Predicting 1003 example(s)... (Greedy decoding with min_output_length=1, max_output_length=-1, return_prob='none', generate_unk=True, repetition_penalty=-1, no_repeat_ngram_size=-1)
2026-05-28 00:02:32,521 - INFO - joeynmt.prediction - Evaluation result (greedy) loss:   1.67, ppl:   5.31, acc:   0.53, generation: 26.9258[sec], evaluation: 0.0000[sec]
2026-05-28 00:02:32,639 - INFO - joeynmt.helpers - delete models/tf_bpe_2000_nl_en/25500.ckpt
2026-05-28 00:02:32,641 - INFO - joeynmt.training - Example #0
2026-05-28 00:02:32,641 - DEBUG - joeynmt.training - 	Tokenized source:     ['V@@', 'or@@', 'ig', 'jaar', 'li@@', 'et', 'ik', 'deze', 'twee', 'dia', '&apos;', 's', 'zien', 'om', 'aan', 'te', 't@@', 'onen', 'dat', 'de', 'p@@', 'oo@@', 'lij@@', 'sk@@', 'a@@', 'p', ',', 'die', 'de', 'af@@', 'gel@@', 'open', 'drie', 'miljoen', 'jaar', 'ongeveer', 'de', 'groot@@', 'te', 'had', 'van', 'het', 'va@@', 'stel@@', 'and', 'van', 'de', 'V@@', 'S', ',', 'met', '4@@', '0', '%', 'ge@@', 'k@@', 'r@@', 'om@@', 'pen', 'was', '.']
2026-05-28 00:02:32,641 - DEBUG - joeynmt.training - 	Tokenized reference:  ['La@@', 'st', 'year', 'I', 'sho@@', 'w@@', 'ed', 'these', 'two', 'sli@@', 'des', 'so', 'that', 'de@@', 'mon@@', 'str@@', 'ate', 'that', 'the', 'ar@@', 'c@@', 'ti@@', 'c', 'ice', 'ca@@', 'p', ',', 'which', 'for', 'most', 'of', 'the', 'last', 'three', 'million', 'years', 'has', 'been', 'the', 'si@@', 'ze', 'of', 'the', 'lo@@', 'wer', '4@@', '8', 'st@@', 'ates', ',', 'has', 'sh@@', 'r@@', 'un@@', 'k', 'by', '4@@', '0', 'percent', '.']
2026-05-28 00:02:32,641 - DEBUG - joeynmt.training - 	Tokenized hypothesis: ['La@@', 'st', 'year', ',', 'I', 'sho@@', 'w@@', 'ed', 'these', 'two', 'sli@@', 'des', 'to', 'show', 'that', 'the', 'le@@', 'g', 'of', 'the', 'pol@@', 'e', ',', 'which', 'was', 'the', 'last', 'three', 'million', 'years', 'of', 'the', 'U@@', 'n@@', 'ited', 'St@@', 'ates', ',', 'with', '4@@', '0', 'percent', 'of', 'the', 'U@@', 'n@@', 'ited', 'St@@', 'ates', ',', 'with', '4@@', '0', 'percent', 'of', 'the', 'U@@', '.@@', 'S@@', '.', ',', 'with', '4@@', '0', 'percent', 'of', 'the', 'U@@', '.@@', 'S@@', '.', ',', 'with', '4@@', '0', 'percent', '.', '</s>']
2026-05-28 00:02:32,641 - INFO - joeynmt.training - 	Source:     Vorig jaar liet ik deze twee dia &apos; s zien om aan te tonen dat de poolijskap , die de afgelopen drie miljoen jaar ongeveer de grootte had van het vasteland van de VS , met 40 % gekrompen was .
2026-05-28 00:02:32,641 - INFO - joeynmt.training - 	Reference:  Last year I showed these two slides so that demonstrate that the arctic ice cap , which for most of the last three million years has been the size of the lower 48 states , has shrunk by 40 percent .
2026-05-28 00:02:32,641 - INFO - joeynmt.training - 	Hypothesis: Last year , I showed these two slides to show that the leg of the pole , which was the last three million years of the United States , with 40 percent of the United States , with 40 percent of the U.S. , with 40 percent of the U.S. , with 40 percent .
2026-05-28 00:02:32,641 - INFO - joeynmt.training - Example #1
2026-05-28 00:02:32,641 - DEBUG - joeynmt.training - 	Tokenized source:     ['Maar', 'dit', 'onder@@', 'sch@@', 'at', 'eigenlijk', 'de', 'er@@', 'n@@', 'st', 'van', 'dit', 'speci@@', 'f@@', 'ieke', 'probleem', 'omdat', 'het', 'niet', 'de', 'di@@', 'kte', 'van', 'het', 'ij@@', 's', 'laat', 'zien', '.']
2026-05-28 00:02:32,641 - DEBUG - joeynmt.training - 	Tokenized reference:  ['But', 'this', 'under@@', 'st@@', 'ates', 'the', 'ser@@', 'i@@', 'ous@@', 'ness', 'of', 'this', 'parti@@', 'cu@@', 'lar', 'problem', 'because', 'it', 'doesn', '&apos;t', 'show', 'the', 'th@@', 'ic@@', 'k@@', 'ness', 'of', 'the', 'ice', '.']
2026-05-28 00:02:32,641 - DEBUG - joeynmt.training - 	Tokenized hypothesis: ['But', 'this', 'under@@', 'est@@', 'im@@', 'ated', 'the', 'experi@@', 'ence', 'of', 'this', 'parti@@', 'cu@@', 'lar', 'problem', 'because', 'it', 'doesn', '&apos;t', 'show', 'the', 'th@@', 'ic@@', 'ks', 'of', 'the', 'ice', '.', '</s>']
2026-05-28 00:02:32,642 - INFO - joeynmt.training - 	Source:     Maar dit onderschat eigenlijk de ernst van dit specifieke probleem omdat het niet de dikte van het ijs laat zien .
2026-05-28 00:02:32,642 - INFO - joeynmt.training - 	Reference:  But this understates the seriousness of this particular problem because it doesn &apos;t show the thickness of the ice .
2026-05-28 00:02:32,642 - INFO - joeynmt.training - 	Hypothesis: But this underestimated the experience of this particular problem because it doesn &apos;t show the thicks of the ice .
2026-05-28 00:02:32,642 - INFO - joeynmt.training - Example #2
2026-05-28 00:02:32,642 - DEBUG - joeynmt.training - 	Tokenized source:     ['De', 'ij@@', 'sk@@', 'a@@', 'p', 'op', 'de', 'N@@', 'oor@@', 'd@@', 'p@@', 'ool', 'is', 'in', 'ze@@', 'k@@', 'ere', 'z@@', 'in', 'het', 'kl@@', 'op@@', 'p@@', 'end', 'har@@', 't', 'van', 'ons', 'glob@@', 'aal', 'k@@', 'li@@', 'ma@@', 'at@@', 'systeem', '.']
2026-05-28 00:02:32,642 - DEBUG - joeynmt.training - 	Tokenized reference:  ['The', 'ar@@', 'c@@', 'ti@@', 'c', 'ice', 'ca@@', 'p', 'is', ',', 'in', 'a', 'sense', ',', 'the', 'be@@', 'ating', 'he@@', 'art', 'of', 'the', 'glob@@', 'al', 'c@@', 'lim@@', 'ate', 'system', '.']
2026-05-28 00:02:32,642 - DEBUG - joeynmt.training - 	Tokenized hypothesis: ['The', 'ice', 'sk@@', 'a@@', 'p', 'on', 'the', 'N@@', 'or@@', 'th', 'P@@', 'ole', 'is', 'in', 'a', 'cer@@', 'ta@@', 'in', 'sense', ',', 'the', 'c@@', 'lim@@', 'b', 'of', 'our', 'glob@@', 'al', 'c@@', 'lim@@', 'ate', 'system', '.', '</s>']
2026-05-28 00:02:32,642 - INFO - joeynmt.training - 	Source:     De ijskap op de Noordpool is in zekere zin het kloppend hart van ons globaal klimaatsysteem .
2026-05-28 00:02:32,642 - INFO - joeynmt.training - 	Reference:  The arctic ice cap is , in a sense , the beating heart of the global climate system .
2026-05-28 00:02:32,642 - INFO - joeynmt.training - 	Hypothesis: The ice skap on the North Pole is in a certain sense , the climb of our global climate system .
2026-05-28 00:02:32,642 - INFO - joeynmt.training - Example #3
2026-05-28 00:02:32,642 - DEBUG - joeynmt.training - 	Tokenized source:     ['Het', 'z@@', 'et', 'uit', 'in', 'de', 'win@@', 'ter', 'en', 'k@@', 'ri@@', 'mp@@', 't', 'in', 'de', 'z@@', 'om@@', 'er', '.']
2026-05-28 00:02:32,642 - DEBUG - joeynmt.training - 	Tokenized reference:  ['It', 'exp@@', 'and@@', 's', 'in', 'win@@', 'ter', 'and', 'con@@', 'tr@@', 'ac@@', 'ts', 'in', 'su@@', 'mm@@', 'er', '.']
2026-05-28 00:02:32,642 - DEBUG - joeynmt.training - 	Tokenized hypothesis: ['It', '&apos;s', 'just', 'in', 'the', 'win@@', 'ter', 'and', 'qu@@', 'ri@@', 'mp@@', 's', 'in', 'the', 'su@@', 'mm@@', 'er', '.', '</s>']
2026-05-28 00:02:32,643 - INFO - joeynmt.training - 	Source:     Het zet uit in de winter en krimpt in de zomer .
2026-05-28 00:02:32,643 - INFO - joeynmt.training - 	Reference:  It expands in winter and contracts in summer .
2026-05-28 00:02:32,643 - INFO - joeynmt.training - 	Hypothesis: It &apos;s just in the winter and qurimps in the summer .
2026-05-28 00:02:32,643 - INFO - joeynmt.training - Example #4
2026-05-28 00:02:32,643 - DEBUG - joeynmt.training - 	Tokenized source:     ['De', 'volgende', 'dia', 'die', 'ik', 'laat', 'zien', 'is', 'een', 'vers@@', 'n@@', 'el@@', 'de', 'ver@@', 'sie', 'van', 'wat', 'er', 'de', 'af@@', 'gel@@', 'open', '2@@', '5', 'jaar', 'is', 'gebeur@@', 'd', '.']
2026-05-28 00:02:32,643 - DEBUG - joeynmt.training - 	Tokenized reference:  ['The', 'next', 'sli@@', 'de', 'I', 'show', 'you', 'will', 'be', 'a', 'r@@', 'ap@@', 'id', 'fa@@', 'st@@', '-@@', 'for@@', 'ward', 'of', 'what', '&apos;s', 'happened', 'over', 'the', 'last', '2@@', '5', 'years', '.']
2026-05-28 00:02:32,643 - DEBUG - joeynmt.training - 	Tokenized hypothesis: ['The', 'next', 'sli@@', 'de', 'I', 'sho@@', 'ws', 'is', 'a', 'ac@@', 'cel@@', 'er@@', 'ated', 'ver@@', 'sion', 'of', 'what', '&apos;s', 'going', 'on', 'for', 'the', 'last', '2@@', '5', 'years', '.', '</s>']
2026-05-28 00:02:32,643 - INFO - joeynmt.training - 	Source:     De volgende dia die ik laat zien is een versnelde versie van wat er de afgelopen 25 jaar is gebeurd .
2026-05-28 00:02:32,643 - INFO - joeynmt.training - 	Reference:  The next slide I show you will be a rapid fast-forward of what &apos;s happened over the last 25 years .
2026-05-28 00:02:32,643 - INFO - joeynmt.training - 	Hypothesis: The next slide I shows is a accelerated version of what &apos;s going on for the last 25 years .
2026-05-28 00:02:44,565 - INFO - joeynmt.training - Epoch   8, Step:    28600, Batch Loss:     1.245256, Batch Acc: 0.638788, Tokens per Sec:     6088, Lr: 0.000300
2026-05-28 00:02:56,265 - INFO - joeynmt.training - Epoch   8, Step:    28700, Batch Loss:     1.183658, Batch Acc: 0.638733, Tokens per Sec:     6416, Lr: 0.000300
2026-05-28 00:03:08,848 - INFO - joeynmt.training - Epoch   8, Step:    28800, Batch Loss:     1.410501, Batch Acc: 0.638368, Tokens per Sec:     6111, Lr: 0.000300
2026-05-28 00:03:21,277 - INFO - joeynmt.training - Epoch   8, Step:    28900, Batch Loss:     1.314536, Batch Acc: 0.642333, Tokens per Sec:     5972, Lr: 0.000300
2026-05-28 00:03:33,169 - INFO - joeynmt.training - Epoch   8, Step:    29000, Batch Loss:     1.240583, Batch Acc: 0.637841, Tokens per Sec:     6246, Lr: 0.000300
2026-05-28 00:03:33,170 - WARNING - joeynmt.helpers - `alpha` option is obsolete. Please use `beam_alpha`, instead.
2026-05-28 00:03:33,170 - INFO - joeynmt.prediction - Predicting 1003 example(s)... (Greedy decoding with min_output_length=1, max_output_length=-1, return_prob='none', generate_unk=True, repetition_penalty=-1, no_repeat_ngram_size=-1)
2026-05-28 00:04:01,761 - INFO - joeynmt.prediction - Evaluation result (greedy) loss:   1.66, ppl:   5.28, acc:   0.53, generation: 28.5806[sec], evaluation: 0.0000[sec]
2026-05-28 00:04:01,879 - INFO - joeynmt.helpers - delete models/tf_bpe_2000_nl_en/26000.ckpt
2026-05-28 00:04:01,880 - INFO - joeynmt.training - Example #0
2026-05-28 00:04:01,881 - DEBUG - joeynmt.training - 	Tokenized source:     ['V@@', 'or@@', 'ig', 'jaar', 'li@@', 'et', 'ik', 'deze', 'twee', 'dia', '&apos;', 's', 'zien', 'om', 'aan', 'te', 't@@', 'onen', 'dat', 'de', 'p@@', 'oo@@', 'lij@@', 'sk@@', 'a@@', 'p', ',', 'die', 'de', 'af@@', 'gel@@', 'open', 'drie', 'miljoen', 'jaar', 'ongeveer', 'de', 'groot@@', 'te', 'had', 'van', 'het', 'va@@', 'stel@@', 'and', 'van', 'de', 'V@@', 'S', ',', 'met', '4@@', '0', '%', 'ge@@', 'k@@', 'r@@', 'om@@', 'pen', 'was', '.']
2026-05-28 00:04:01,881 - DEBUG - joeynmt.training - 	Tokenized reference:  ['La@@', 'st', 'year', 'I', 'sho@@', 'w@@', 'ed', 'these', 'two', 'sli@@', 'des', 'so', 'that', 'de@@', 'mon@@', 'str@@', 'ate', 'that', 'the', 'ar@@', 'c@@', 'ti@@', 'c', 'ice', 'ca@@', 'p', ',', 'which', 'for', 'most', 'of', 'the', 'last', 'three', 'million', 'years', 'has', 'been', 'the', 'si@@', 'ze', 'of', 'the', 'lo@@', 'wer', '4@@', '8', 'st@@', 'ates', ',', 'has', 'sh@@', 'r@@', 'un@@', 'k', 'by', '4@@', '0', 'percent', '.']
2026-05-28 00:04:01,881 - DEBUG - joeynmt.training - 	Tokenized hypothesis: ['And', 'last', 'year', ',', 'I', 'le@@', 'ft', 'these', 'two', 'sli@@', 'des', 'to', 'see', 'that', 'the', 'p@@', 'oo@@', 'ms', 'to', 'show', 'that', 'the', 'p@@', 'oo@@', 'ms', 'of', 'the', 'p@@', 'oo@@', 'ms', 'that', 'was', 'about', 'three', 'million', 'years', 'of', 'the', 'U@@', '.@@', 'S@@', '.', ',', 'with', '4@@', '0', 'percent', 'of', 'the', 'U@@', '.@@', 'S@@', '.', ',', 'with', '4@@', '0', 'percent', 'of', 'the', 'U@@', '.@@', 'S@@', '.', '</s>']
2026-05-28 00:04:01,881 - INFO - joeynmt.training - 	Source:     Vorig jaar liet ik deze twee dia &apos; s zien om aan te tonen dat de poolijskap , die de afgelopen drie miljoen jaar ongeveer de grootte had van het vasteland van de VS , met 40 % gekrompen was .
2026-05-28 00:04:01,881 - INFO - joeynmt.training - 	Reference:  Last year I showed these two slides so that demonstrate that the arctic ice cap , which for most of the last three million years has been the size of the lower 48 states , has shrunk by 40 percent .
2026-05-28 00:04:01,881 - INFO - joeynmt.training - 	Hypothesis: And last year , I left these two slides to see that the pooms to show that the pooms of the pooms that was about three million years of the U.S. , with 40 percent of the U.S. , with 40 percent of the U.S.
2026-05-28 00:04:01,881 - INFO - joeynmt.training - Example #1
2026-05-28 00:04:01,881 - DEBUG - joeynmt.training - 	Tokenized source:     ['Maar', 'dit', 'onder@@', 'sch@@', 'at', 'eigenlijk', 'de', 'er@@', 'n@@', 'st', 'van', 'dit', 'speci@@', 'f@@', 'ieke', 'probleem', 'omdat', 'het', 'niet', 'de', 'di@@', 'kte', 'van', 'het', 'ij@@', 's', 'laat', 'zien', '.']
2026-05-28 00:04:01,881 - DEBUG - joeynmt.training - 	Tokenized reference:  ['But', 'this', 'under@@', 'st@@', 'ates', 'the', 'ser@@', 'i@@', 'ous@@', 'ness', 'of', 'this', 'parti@@', 'cu@@', 'lar', 'problem', 'because', 'it', 'doesn', '&apos;t', 'show', 'the', 'th@@', 'ic@@', 'k@@', 'ness', 'of', 'the', 'ice', '.']
2026-05-28 00:04:01,881 - DEBUG - joeynmt.training - 	Tokenized hypothesis: ['But', 'this', 'under@@', 'est@@', 'im@@', 'ate', 'the', 'ser@@', 'i@@', 'ous@@', 'ly', 'of', 'this', 'parti@@', 'cu@@', 'lar', 'problem', 'because', 'it', 'doesn', '&apos;t', 'show', 'the', 'di@@', 's@@', 'he@@', 'd', 'of', 'the', 'ice', '.', '</s>']
2026-05-28 00:04:01,881 - INFO - joeynmt.training - 	Source:     Maar dit onderschat eigenlijk de ernst van dit specifieke probleem omdat het niet de dikte van het ijs laat zien .
2026-05-28 00:04:01,882 - INFO - joeynmt.training - 	Reference:  But this understates the seriousness of this particular problem because it doesn &apos;t show the thickness of the ice .
2026-05-28 00:04:01,882 - INFO - joeynmt.training - 	Hypothesis: But this underestimate the seriously of this particular problem because it doesn &apos;t show the dished of the ice .
2026-05-28 00:04:01,882 - INFO - joeynmt.training - Example #2
2026-05-28 00:04:01,882 - DEBUG - joeynmt.training - 	Tokenized source:     ['De', 'ij@@', 'sk@@', 'a@@', 'p', 'op', 'de', 'N@@', 'oor@@', 'd@@', 'p@@', 'ool', 'is', 'in', 'ze@@', 'k@@', 'ere', 'z@@', 'in', 'het', 'kl@@', 'op@@', 'p@@', 'end', 'har@@', 't', 'van', 'ons', 'glob@@', 'aal', 'k@@', 'li@@', 'ma@@', 'at@@', 'systeem', '.']
2026-05-28 00:04:01,882 - DEBUG - joeynmt.training - 	Tokenized reference:  ['The', 'ar@@', 'c@@', 'ti@@', 'c', 'ice', 'ca@@', 'p', 'is', ',', 'in', 'a', 'sense', ',', 'the', 'be@@', 'ating', 'he@@', 'art', 'of', 'the', 'glob@@', 'al', 'c@@', 'lim@@', 'ate', 'system', '.']
2026-05-28 00:04:01,882 - DEBUG - joeynmt.training - 	Tokenized hypothesis: ['The', 'ice', 'C@@', 'a@@', 'p', 'on', 'the', 'N@@', 'or@@', 'th', 'P@@', 'ole', 'is', 'in', 'a', 'cer@@', 'ta@@', 'in', 'sense', ',', 'the', 'c@@', 'lim@@', 'ate', 'system', '.', '</s>']
2026-05-28 00:04:01,882 - INFO - joeynmt.training - 	Source:     De ijskap op de Noordpool is in zekere zin het kloppend hart van ons globaal klimaatsysteem .
2026-05-28 00:04:01,882 - INFO - joeynmt.training - 	Reference:  The arctic ice cap is , in a sense , the beating heart of the global climate system .
2026-05-28 00:04:01,882 - INFO - joeynmt.training - 	Hypothesis: The ice Cap on the North Pole is in a certain sense , the climate system .
2026-05-28 00:04:01,882 - INFO - joeynmt.training - Example #3
2026-05-28 00:04:01,882 - DEBUG - joeynmt.training - 	Tokenized source:     ['Het', 'z@@', 'et', 'uit', 'in', 'de', 'win@@', 'ter', 'en', 'k@@', 'ri@@', 'mp@@', 't', 'in', 'de', 'z@@', 'om@@', 'er', '.']
2026-05-28 00:04:01,882 - DEBUG - joeynmt.training - 	Tokenized reference:  ['It', 'exp@@', 'and@@', 's', 'in', 'win@@', 'ter', 'and', 'con@@', 'tr@@', 'ac@@', 'ts', 'in', 'su@@', 'mm@@', 'er', '.']
2026-05-28 00:04:01,882 - DEBUG - joeynmt.training - 	Tokenized hypothesis: ['It', '&apos;s', 'in', 'the', 'win@@', 'ter', 'and', 'qu@@', 'i@@', 'p@@', 'e', 'in', 'the', 'su@@', 'mm@@', 'er', '.', '</s>']
2026-05-28 00:04:01,882 - INFO - joeynmt.training - 	Source:     Het zet uit in de winter en krimpt in de zomer .
2026-05-28 00:04:01,882 - INFO - joeynmt.training - 	Reference:  It expands in winter and contracts in summer .
2026-05-28 00:04:01,882 - INFO - joeynmt.training - 	Hypothesis: It &apos;s in the winter and quipe in the summer .
2026-05-28 00:04:01,882 - INFO - joeynmt.training - Example #4
2026-05-28 00:04:01,883 - DEBUG - joeynmt.training - 	Tokenized source:     ['De', 'volgende', 'dia', 'die', 'ik', 'laat', 'zien', 'is', 'een', 'vers@@', 'n@@', 'el@@', 'de', 'ver@@', 'sie', 'van', 'wat', 'er', 'de', 'af@@', 'gel@@', 'open', '2@@', '5', 'jaar', 'is', 'gebeur@@', 'd', '.']
2026-05-28 00:04:01,883 - DEBUG - joeynmt.training - 	Tokenized reference:  ['The', 'next', 'sli@@', 'de', 'I', 'show', 'you', 'will', 'be', 'a', 'r@@', 'ap@@', 'id', 'fa@@', 'st@@', '-@@', 'for@@', 'ward', 'of', 'what', '&apos;s', 'happened', 'over', 'the', 'last', '2@@', '5', 'years', '.']
2026-05-28 00:04:01,883 - DEBUG - joeynmt.training - 	Tokenized hypothesis: ['The', 'next', 'sli@@', 'de', 'I', 'sho@@', 'ws', 'is', 'a', 'ac@@', 'cel@@', 'er@@', 'ate', 'ver@@', 'sion', 'of', 'what', '&apos;s', 'the', 'last', '2@@', '5', 'years', '.', '</s>']
2026-05-28 00:04:01,883 - INFO - joeynmt.training - 	Source:     De volgende dia die ik laat zien is een versnelde versie van wat er de afgelopen 25 jaar is gebeurd .
2026-05-28 00:04:01,883 - INFO - joeynmt.training - 	Reference:  The next slide I show you will be a rapid fast-forward of what &apos;s happened over the last 25 years .
2026-05-28 00:04:01,883 - INFO - joeynmt.training - 	Hypothesis: The next slide I shows is a accelerate version of what &apos;s the last 25 years .
2026-05-28 00:04:13,742 - INFO - joeynmt.training - Epoch   8, Step:    29100, Batch Loss:     1.081030, Batch Acc: 0.637537, Tokens per Sec:     6371, Lr: 0.000300
2026-05-28 00:04:25,659 - INFO - joeynmt.training - Epoch   8, Step:    29200, Batch Loss:     1.202646, Batch Acc: 0.642256, Tokens per Sec:     6527, Lr: 0.000300
2026-05-28 00:04:37,982 - INFO - joeynmt.training - Epoch   8, Step:    29300, Batch Loss:     1.342592, Batch Acc: 0.637721, Tokens per Sec:     6168, Lr: 0.000300
2026-05-28 00:04:50,851 - INFO - joeynmt.training - Epoch   8, Step:    29400, Batch Loss:     1.211721, Batch Acc: 0.639074, Tokens per Sec:     5873, Lr: 0.000300
2026-05-28 00:05:02,572 - INFO - joeynmt.training - Epoch   8, Step:    29500, Batch Loss:     1.153448, Batch Acc: 0.642112, Tokens per Sec:     6543, Lr: 0.000300
2026-05-28 00:05:02,573 - WARNING - joeynmt.helpers - `alpha` option is obsolete. Please use `beam_alpha`, instead.
2026-05-28 00:05:02,573 - INFO - joeynmt.prediction - Predicting 1003 example(s)... (Greedy decoding with min_output_length=1, max_output_length=-1, return_prob='none', generate_unk=True, repetition_penalty=-1, no_repeat_ngram_size=-1)
2026-05-28 00:05:30,063 - INFO - joeynmt.prediction - Evaluation result (greedy) loss:   1.66, ppl:   5.26, acc:   0.53, generation: 27.4793[sec], evaluation: 0.0000[sec]
2026-05-28 00:05:30,064 - INFO - joeynmt.training - Hooray! New best validation result [ppl]!
2026-05-28 00:05:30,181 - INFO - joeynmt.helpers - delete models/tf_bpe_2000_nl_en/28500.ckpt
2026-05-28 00:05:30,181 - INFO - joeynmt.training - Example #0
2026-05-28 00:05:30,181 - DEBUG - joeynmt.training - 	Tokenized source:     ['V@@', 'or@@', 'ig', 'jaar', 'li@@', 'et', 'ik', 'deze', 'twee', 'dia', '&apos;', 's', 'zien', 'om', 'aan', 'te', 't@@', 'onen', 'dat', 'de', 'p@@', 'oo@@', 'lij@@', 'sk@@', 'a@@', 'p', ',', 'die', 'de', 'af@@', 'gel@@', 'open', 'drie', 'miljoen', 'jaar', 'ongeveer', 'de', 'groot@@', 'te', 'had', 'van', 'het', 'va@@', 'stel@@', 'and', 'van', 'de', 'V@@', 'S', ',', 'met', '4@@', '0', '%', 'ge@@', 'k@@', 'r@@', 'om@@', 'pen', 'was', '.']
2026-05-28 00:05:30,182 - DEBUG - joeynmt.training - 	Tokenized reference:  ['La@@', 'st', 'year', 'I', 'sho@@', 'w@@', 'ed', 'these', 'two', 'sli@@', 'des', 'so', 'that', 'de@@', 'mon@@', 'str@@', 'ate', 'that', 'the', 'ar@@', 'c@@', 'ti@@', 'c', 'ice', 'ca@@', 'p', ',', 'which', 'for', 'most', 'of', 'the', 'last', 'three', 'million', 'years', 'has', 'been', 'the', 'si@@', 'ze', 'of', 'the', 'lo@@', 'wer', '4@@', '8', 'st@@', 'ates', ',', 'has', 'sh@@', 'r@@', 'un@@', 'k', 'by', '4@@', '0', 'percent', '.']
2026-05-28 00:05:30,182 - DEBUG - joeynmt.training - 	Tokenized hypothesis: ['And', 'I', 'sho@@', 'w@@', 'ed', 'these', 'two', 'sli@@', 'des', 'to', 'show', 'you', 'that', 'the', 'le@@', 'g', 'of', 'the', 'p@@', 'oo@@', 'b@@', 'b@@', 'y@@', '-@@', ',', 'which', 'had', 'been', 'about', 'the', 'pa@@', 'st', 'three', 'million', 'years', 'of', 'the', 'ma@@', 'g@@', 'ni@@', 'fic@@', 'ant', 'of', 'the', 'U@@', '.@@', 'S@@', '.', ',', 'with', '4@@', '0', 'percent', 'c@@', 'ir@@', 'c@@', 'les', '.', '</s>']
2026-05-28 00:05:30,182 - INFO - joeynmt.training - 	Source:     Vorig jaar liet ik deze twee dia &apos; s zien om aan te tonen dat de poolijskap , die de afgelopen drie miljoen jaar ongeveer de grootte had van het vasteland van de VS , met 40 % gekrompen was .
2026-05-28 00:05:30,182 - INFO - joeynmt.training - 	Reference:  Last year I showed these two slides so that demonstrate that the arctic ice cap , which for most of the last three million years has been the size of the lower 48 states , has shrunk by 40 percent .
2026-05-28 00:05:30,182 - INFO - joeynmt.training - 	Hypothesis: And I showed these two slides to show you that the leg of the poobby-, which had been about the past three million years of the magnificant of the U.S. , with 40 percent circles .
2026-05-28 00:05:30,182 - INFO - joeynmt.training - Example #1
2026-05-28 00:05:30,182 - DEBUG - joeynmt.training - 	Tokenized source:     ['Maar', 'dit', 'onder@@', 'sch@@', 'at', 'eigenlijk', 'de', 'er@@', 'n@@', 'st', 'van', 'dit', 'speci@@', 'f@@', 'ieke', 'probleem', 'omdat', 'het', 'niet', 'de', 'di@@', 'kte', 'van', 'het', 'ij@@', 's', 'laat', 'zien', '.']
2026-05-28 00:05:30,182 - DEBUG - joeynmt.training - 	Tokenized reference:  ['But', 'this', 'under@@', 'st@@', 'ates', 'the', 'ser@@', 'i@@', 'ous@@', 'ness', 'of', 'this', 'parti@@', 'cu@@', 'lar', 'problem', 'because', 'it', 'doesn', '&apos;t', 'show', 'the', 'th@@', 'ic@@', 'k@@', 'ness', 'of', 'the', 'ice', '.']
2026-05-28 00:05:30,182 - DEBUG - joeynmt.training - 	Tokenized hypothesis: ['But', 'this', 'is', 'actually', 'the', 'de@@', 'c@@', 'line', 'of', 'this', 'parti@@', 'cu@@', 'lar', 'problem', 'because', 'it', 'doesn', '&apos;t', 'show', 'the', 'di@@', 'se@@', 'ase', 'of', 'the', 'ice', '.', '</s>']
2026-05-28 00:05:30,182 - INFO - joeynmt.training - 	Source:     Maar dit onderschat eigenlijk de ernst van dit specifieke probleem omdat het niet de dikte van het ijs laat zien .
2026-05-28 00:05:30,182 - INFO - joeynmt.training - 	Reference:  But this understates the seriousness of this particular problem because it doesn &apos;t show the thickness of the ice .
2026-05-28 00:05:30,182 - INFO - joeynmt.training - 	Hypothesis: But this is actually the decline of this particular problem because it doesn &apos;t show the disease of the ice .
2026-05-28 00:05:30,182 - INFO - joeynmt.training - Example #2
2026-05-28 00:05:30,182 - DEBUG - joeynmt.training - 	Tokenized source:     ['De', 'ij@@', 'sk@@', 'a@@', 'p', 'op', 'de', 'N@@', 'oor@@', 'd@@', 'p@@', 'ool', 'is', 'in', 'ze@@', 'k@@', 'ere', 'z@@', 'in', 'het', 'kl@@', 'op@@', 'p@@', 'end', 'har@@', 't', 'van', 'ons', 'glob@@', 'aal', 'k@@', 'li@@', 'ma@@', 'at@@', 'systeem', '.']
2026-05-28 00:05:30,182 - DEBUG - joeynmt.training - 	Tokenized reference:  ['The', 'ar@@', 'c@@', 'ti@@', 'c', 'ice', 'ca@@', 'p', 'is', ',', 'in', 'a', 'sense', ',', 'the', 'be@@', 'ating', 'he@@', 'art', 'of', 'the', 'glob@@', 'al', 'c@@', 'lim@@', 'ate', 'system', '.']
2026-05-28 00:05:30,183 - DEBUG - joeynmt.training - 	Tokenized hypothesis: ['The', 'ice', 'sk@@', 'a@@', 'p', 'on', 'the', 'N@@', 'or@@', 'th', 'P@@', 'ole', 'is', 'in', 'some', 'sense', ',', 'in', 'a', 'cer@@', 'ta@@', 'in', 'sense', ',', 'the', 'cor@@', 'n', 'he@@', 'art', 'of', 'our', 'glob@@', 'al', 'c@@', 'lim@@', 'ate', 'system', '.', '</s>']
2026-05-28 00:05:30,183 - INFO - joeynmt.training - 	Source:     De ijskap op de Noordpool is in zekere zin het kloppend hart van ons globaal klimaatsysteem .
2026-05-28 00:05:30,183 - INFO - joeynmt.training - 	Reference:  The arctic ice cap is , in a sense , the beating heart of the global climate system .
2026-05-28 00:05:30,183 - INFO - joeynmt.training - 	Hypothesis: The ice skap on the North Pole is in some sense , in a certain sense , the corn heart of our global climate system .
2026-05-28 00:05:30,183 - INFO - joeynmt.training - Example #3
2026-05-28 00:05:30,183 - DEBUG - joeynmt.training - 	Tokenized source:     ['Het', 'z@@', 'et', 'uit', 'in', 'de', 'win@@', 'ter', 'en', 'k@@', 'ri@@', 'mp@@', 't', 'in', 'de', 'z@@', 'om@@', 'er', '.']
2026-05-28 00:05:30,183 - DEBUG - joeynmt.training - 	Tokenized reference:  ['It', 'exp@@', 'and@@', 's', 'in', 'win@@', 'ter', 'and', 'con@@', 'tr@@', 'ac@@', 'ts', 'in', 'su@@', 'mm@@', 'er', '.']
2026-05-28 00:05:30,183 - DEBUG - joeynmt.training - 	Tokenized hypothesis: ['It', '&apos;s', 'in', 'the', 'win@@', 'ter', 'and', 'qu@@', 'i@@', 'p@@', 'ment', 'in', 'the', 'su@@', 'mm@@', 'er', '.', '</s>']
2026-05-28 00:05:30,183 - INFO - joeynmt.training - 	Source:     Het zet uit in de winter en krimpt in de zomer .
2026-05-28 00:05:30,183 - INFO - joeynmt.training - 	Reference:  It expands in winter and contracts in summer .
2026-05-28 00:05:30,183 - INFO - joeynmt.training - 	Hypothesis: It &apos;s in the winter and quipment in the summer .
2026-05-28 00:05:30,183 - INFO - joeynmt.training - Example #4
2026-05-28 00:05:30,183 - DEBUG - joeynmt.training - 	Tokenized source:     ['De', 'volgende', 'dia', 'die', 'ik', 'laat', 'zien', 'is', 'een', 'vers@@', 'n@@', 'el@@', 'de', 'ver@@', 'sie', 'van', 'wat', 'er', 'de', 'af@@', 'gel@@', 'open', '2@@', '5', 'jaar', 'is', 'gebeur@@', 'd', '.']
2026-05-28 00:05:30,183 - DEBUG - joeynmt.training - 	Tokenized reference:  ['The', 'next', 'sli@@', 'de', 'I', 'show', 'you', 'will', 'be', 'a', 'r@@', 'ap@@', 'id', 'fa@@', 'st@@', '-@@', 'for@@', 'ward', 'of', 'what', '&apos;s', 'happened', 'over', 'the', 'last', '2@@', '5', 'years', '.']
2026-05-28 00:05:30,183 - DEBUG - joeynmt.training - 	Tokenized hypothesis: ['The', 'next', 'sli@@', 'de', 'I', 'sho@@', 'ws', 'is', 'a', 'ac@@', 'cel@@', 'er@@', 'ated', 'ver@@', 'sion', 'of', 'what', 'happened', 'in', 'the', 'last', '2@@', '5', 'years', '.', '</s>']
2026-05-28 00:05:30,184 - INFO - joeynmt.training - 	Source:     De volgende dia die ik laat zien is een versnelde versie van wat er de afgelopen 25 jaar is gebeurd .
2026-05-28 00:05:30,184 - INFO - joeynmt.training - 	Reference:  The next slide I show you will be a rapid fast-forward of what &apos;s happened over the last 25 years .
2026-05-28 00:05:30,184 - INFO - joeynmt.training - 	Hypothesis: The next slide I shows is a accelerated version of what happened in the last 25 years .
2026-05-28 00:05:43,165 - INFO - joeynmt.training - Epoch   8, Step:    29600, Batch Loss:     1.218105, Batch Acc: 0.640606, Tokens per Sec:     5716, Lr: 0.000300
2026-05-28 00:05:55,256 - INFO - joeynmt.training - Epoch   8, Step:    29700, Batch Loss:     1.284804, Batch Acc: 0.641395, Tokens per Sec:     6368, Lr: 0.000300
2026-05-28 00:06:07,777 - INFO - joeynmt.training - Epoch   8, Step:    29800, Batch Loss:     1.437009, Batch Acc: 0.637647, Tokens per Sec:     5951, Lr: 0.000300
2026-05-28 00:06:21,010 - INFO - joeynmt.training - Epoch   8, Step:    29900, Batch Loss:     1.176021, Batch Acc: 0.637522, Tokens per Sec:     5888, Lr: 0.000300
2026-05-28 00:06:33,463 - INFO - joeynmt.training - Epoch   8, Step:    30000, Batch Loss:     0.999378, Batch Acc: 0.636802, Tokens per Sec:     6111, Lr: 0.000300
2026-05-28 00:06:33,464 - WARNING - joeynmt.helpers - `alpha` option is obsolete. Please use `beam_alpha`, instead.
2026-05-28 00:06:33,464 - INFO - joeynmt.prediction - Predicting 1003 example(s)... (Greedy decoding with min_output_length=1, max_output_length=-1, return_prob='none', generate_unk=True, repetition_penalty=-1, no_repeat_ngram_size=-1)
2026-05-28 00:06:59,206 - INFO - joeynmt.prediction - Evaluation result (greedy) loss:   1.65, ppl:   5.22, acc:   0.53, generation: 25.7315[sec], evaluation: 0.0000[sec]
2026-05-28 00:06:59,207 - INFO - joeynmt.training - Hooray! New best validation result [ppl]!
2026-05-28 00:06:59,459 - INFO - joeynmt.helpers - delete models/tf_bpe_2000_nl_en/28000.ckpt
2026-05-28 00:06:59,460 - INFO - joeynmt.training - Example #0
2026-05-28 00:06:59,460 - DEBUG - joeynmt.training - 	Tokenized source:     ['V@@', 'or@@', 'ig', 'jaar', 'li@@', 'et', 'ik', 'deze', 'twee', 'dia', '&apos;', 's', 'zien', 'om', 'aan', 'te', 't@@', 'onen', 'dat', 'de', 'p@@', 'oo@@', 'lij@@', 'sk@@', 'a@@', 'p', ',', 'die', 'de', 'af@@', 'gel@@', 'open', 'drie', 'miljoen', 'jaar', 'ongeveer', 'de', 'groot@@', 'te', 'had', 'van', 'het', 'va@@', 'stel@@', 'and', 'van', 'de', 'V@@', 'S', ',', 'met', '4@@', '0', '%', 'ge@@', 'k@@', 'r@@', 'om@@', 'pen', 'was', '.']
2026-05-28 00:06:59,460 - DEBUG - joeynmt.training - 	Tokenized reference:  ['La@@', 'st', 'year', 'I', 'sho@@', 'w@@', 'ed', 'these', 'two', 'sli@@', 'des', 'so', 'that', 'de@@', 'mon@@', 'str@@', 'ate', 'that', 'the', 'ar@@', 'c@@', 'ti@@', 'c', 'ice', 'ca@@', 'p', ',', 'which', 'for', 'most', 'of', 'the', 'last', 'three', 'million', 'years', 'has', 'been', 'the', 'si@@', 'ze', 'of', 'the', 'lo@@', 'wer', '4@@', '8', 'st@@', 'ates', ',', 'has', 'sh@@', 'r@@', 'un@@', 'k', 'by', '4@@', '0', 'percent', '.']
2026-05-28 00:06:59,460 - DEBUG - joeynmt.training - 	Tokenized hypothesis: ['And', 'last', 'year', 'I', 'sho@@', 'w@@', 'ed', 'these', 'two', 'sli@@', 'des', 'to', 'show', 'that', 'the', 'p@@', 'oo@@', 'ls', 'that', 'the', 'p@@', 'oo@@', 'ls', 'the', 'last', 'three', 'million', 'years', ',', 'which', 'was', 'the', 'last', 'three', 'million', 'years', 'of', 'the', 'U@@', 'n@@', 'ited', 'St@@', 'ates', ',', 'with', '4@@', '0', 'percent', 'of', 'the', 'U@@', 'n@@', 'ited', 'St@@', 'ates', ',', 'with', '4@@', '0', 'percent', 'of', 'the', 'U@@', '.@@', 'S@@', '.', ',', 'with', '4@@', '0', 'percent', 'of', 'the', 'U@@', 'n@@', 'ited', 'St@@', 'ates', ',', 'with', '4@@', '0', 'percent', '.', '</s>']
2026-05-28 00:06:59,460 - INFO - joeynmt.training - 	Source:     Vorig jaar liet ik deze twee dia &apos; s zien om aan te tonen dat de poolijskap , die de afgelopen drie miljoen jaar ongeveer de grootte had van het vasteland van de VS , met 40 % gekrompen was .
2026-05-28 00:06:59,460 - INFO - joeynmt.training - 	Reference:  Last year I showed these two slides so that demonstrate that the arctic ice cap , which for most of the last three million years has been the size of the lower 48 states , has shrunk by 40 percent .
2026-05-28 00:06:59,460 - INFO - joeynmt.training - 	Hypothesis: And last year I showed these two slides to show that the pools that the pools the last three million years , which was the last three million years of the United States , with 40 percent of the United States , with 40 percent of the U.S. , with 40 percent of the United States , with 40 percent .
2026-05-28 00:06:59,460 - INFO - joeynmt.training - Example #1
2026-05-28 00:06:59,460 - DEBUG - joeynmt.training - 	Tokenized source:     ['Maar', 'dit', 'onder@@', 'sch@@', 'at', 'eigenlijk', 'de', 'er@@', 'n@@', 'st', 'van', 'dit', 'speci@@', 'f@@', 'ieke', 'probleem', 'omdat', 'het', 'niet', 'de', 'di@@', 'kte', 'van', 'het', 'ij@@', 's', 'laat', 'zien', '.']
2026-05-28 00:06:59,460 - DEBUG - joeynmt.training - 	Tokenized reference:  ['But', 'this', 'under@@', 'st@@', 'ates', 'the', 'ser@@', 'i@@', 'ous@@', 'ness', 'of', 'this', 'parti@@', 'cu@@', 'lar', 'problem', 'because', 'it', 'doesn', '&apos;t', 'show', 'the', 'th@@', 'ic@@', 'k@@', 'ness', 'of', 'the', 'ice', '.']
2026-05-28 00:06:59,460 - DEBUG - joeynmt.training - 	Tokenized hypothesis: ['But', 'this', 'is', 'actually', 'the', 'n@@', 'in@@', 'ste@@', 'ad', 'of', 'this', 'parti@@', 'cu@@', 'lar', 'problem', 'because', 'it', 'doesn', '&apos;t', 'show', 'the', 'di@@', 'se@@', 'ase', 'of', 'the', 'ice', '.', '</s>']
2026-05-28 00:06:59,461 - INFO - joeynmt.training - 	Source:     Maar dit onderschat eigenlijk de ernst van dit specifieke probleem omdat het niet de dikte van het ijs laat zien .
2026-05-28 00:06:59,461 - INFO - joeynmt.training - 	Reference:  But this understates the seriousness of this particular problem because it doesn &apos;t show the thickness of the ice .
2026-05-28 00:06:59,461 - INFO - joeynmt.training - 	Hypothesis: But this is actually the ninstead of this particular problem because it doesn &apos;t show the disease of the ice .
2026-05-28 00:06:59,461 - INFO - joeynmt.training - Example #2
2026-05-28 00:06:59,461 - DEBUG - joeynmt.training - 	Tokenized source:     ['De', 'ij@@', 'sk@@', 'a@@', 'p', 'op', 'de', 'N@@', 'oor@@', 'd@@', 'p@@', 'ool', 'is', 'in', 'ze@@', 'k@@', 'ere', 'z@@', 'in', 'het', 'kl@@', 'op@@', 'p@@', 'end', 'har@@', 't', 'van', 'ons', 'glob@@', 'aal', 'k@@', 'li@@', 'ma@@', 'at@@', 'systeem', '.']
2026-05-28 00:06:59,461 - DEBUG - joeynmt.training - 	Tokenized reference:  ['The', 'ar@@', 'c@@', 'ti@@', 'c', 'ice', 'ca@@', 'p', 'is', ',', 'in', 'a', 'sense', ',', 'the', 'be@@', 'ating', 'he@@', 'art', 'of', 'the', 'glob@@', 'al', 'c@@', 'lim@@', 'ate', 'system', '.']
2026-05-28 00:06:59,461 - DEBUG - joeynmt.training - 	Tokenized hypothesis: ['The', 'ice', 'sk@@', 'a@@', 'p', 'on', 'the', 'N@@', 'or@@', 'th', 'P@@', 'ole', 'is', 'in', 'some', 'sense', 'of', 'the', 'cu@@', 'tting', 'he@@', 'art', 'of', 'our', 'glob@@', 'al', 'c@@', 'lim@@', 'ate', 'system', '.', '</s>']
2026-05-28 00:06:59,461 - INFO - joeynmt.training - 	Source:     De ijskap op de Noordpool is in zekere zin het kloppend hart van ons globaal klimaatsysteem .
2026-05-28 00:06:59,461 - INFO - joeynmt.training - 	Reference:  The arctic ice cap is , in a sense , the beating heart of the global climate system .
2026-05-28 00:06:59,461 - INFO - joeynmt.training - 	Hypothesis: The ice skap on the North Pole is in some sense of the cutting heart of our global climate system .
2026-05-28 00:06:59,461 - INFO - joeynmt.training - Example #3
2026-05-28 00:06:59,461 - DEBUG - joeynmt.training - 	Tokenized source:     ['Het', 'z@@', 'et', 'uit', 'in', 'de', 'win@@', 'ter', 'en', 'k@@', 'ri@@', 'mp@@', 't', 'in', 'de', 'z@@', 'om@@', 'er', '.']
2026-05-28 00:06:59,461 - DEBUG - joeynmt.training - 	Tokenized reference:  ['It', 'exp@@', 'and@@', 's', 'in', 'win@@', 'ter', 'and', 'con@@', 'tr@@', 'ac@@', 'ts', 'in', 'su@@', 'mm@@', 'er', '.']
2026-05-28 00:06:59,461 - DEBUG - joeynmt.training - 	Tokenized hypothesis: ['It', 'was', 'in', 'the', 'win@@', 'ter', 'and', 'the', 'cr@@', 'y@@', 'mp@@', 't', 'in', 'the', 'su@@', 'mm@@', 'er', '.', '</s>']
2026-05-28 00:06:59,461 - INFO - joeynmt.training - 	Source:     Het zet uit in de winter en krimpt in de zomer .
2026-05-28 00:06:59,462 - INFO - joeynmt.training - 	Reference:  It expands in winter and contracts in summer .
2026-05-28 00:06:59,462 - INFO - joeynmt.training - 	Hypothesis: It was in the winter and the crympt in the summer .
2026-05-28 00:06:59,462 - INFO - joeynmt.training - Example #4
2026-05-28 00:06:59,462 - DEBUG - joeynmt.training - 	Tokenized source:     ['De', 'volgende', 'dia', 'die', 'ik', 'laat', 'zien', 'is', 'een', 'vers@@', 'n@@', 'el@@', 'de', 'ver@@', 'sie', 'van', 'wat', 'er', 'de', 'af@@', 'gel@@', 'open', '2@@', '5', 'jaar', 'is', 'gebeur@@', 'd', '.']
2026-05-28 00:06:59,462 - DEBUG - joeynmt.training - 	Tokenized reference:  ['The', 'next', 'sli@@', 'de', 'I', 'show', 'you', 'will', 'be', 'a', 'r@@', 'ap@@', 'id', 'fa@@', 'st@@', '-@@', 'for@@', 'ward', 'of', 'what', '&apos;s', 'happened', 'over', 'the', 'last', '2@@', '5', 'years', '.']
2026-05-28 00:06:59,462 - DEBUG - joeynmt.training - 	Tokenized hypothesis: ['The', 'next', 'sli@@', 'de', 'I', 'sho@@', 'ws', 'is', 'a', 'ac@@', 'cel@@', 'er@@', 'ate', 'ver@@', 'sion', 'of', 'what', 'happened', 'in', 'the', 'last', '2@@', '5', 'years', '.', '</s>']
2026-05-28 00:06:59,462 - INFO - joeynmt.training - 	Source:     De volgende dia die ik laat zien is een versnelde versie van wat er de afgelopen 25 jaar is gebeurd .
2026-05-28 00:06:59,462 - INFO - joeynmt.training - 	Reference:  The next slide I show you will be a rapid fast-forward of what &apos;s happened over the last 25 years .
2026-05-28 00:06:59,462 - INFO - joeynmt.training - 	Hypothesis: The next slide I shows is a accelerate version of what happened in the last 25 years .
2026-05-28 00:07:11,774 - INFO - joeynmt.training - Epoch   8, Step:    30100, Batch Loss:     1.273027, Batch Acc: 0.641142, Tokens per Sec:     6172, Lr: 0.000300
2026-05-28 00:07:24,357 - INFO - joeynmt.training - Epoch   8, Step:    30200, Batch Loss:     1.306415, Batch Acc: 0.635440, Tokens per Sec:     6041, Lr: 0.000300
2026-05-28 00:07:36,923 - INFO - joeynmt.training - Epoch   8, Step:    30300, Batch Loss:     1.179633, Batch Acc: 0.636998, Tokens per Sec:     5984, Lr: 0.000300
2026-05-28 00:07:48,563 - INFO - joeynmt.training - Epoch   8, Step:    30400, Batch Loss:     1.222171, Batch Acc: 0.638948, Tokens per Sec:     6590, Lr: 0.000300
2026-05-28 00:08:00,199 - INFO - joeynmt.training - Epoch   8, Step:    30500, Batch Loss:     1.209326, Batch Acc: 0.637308, Tokens per Sec:     6406, Lr: 0.000300
2026-05-28 00:08:00,200 - WARNING - joeynmt.helpers - `alpha` option is obsolete. Please use `beam_alpha`, instead.
2026-05-28 00:08:00,200 - INFO - joeynmt.prediction - Predicting 1003 example(s)... (Greedy decoding with min_output_length=1, max_output_length=-1, return_prob='none', generate_unk=True, repetition_penalty=-1, no_repeat_ngram_size=-1)
2026-05-28 00:08:25,612 - INFO - joeynmt.prediction - Evaluation result (greedy) loss:   1.65, ppl:   5.23, acc:   0.53, generation: 25.4021[sec], evaluation: 0.0000[sec]
2026-05-28 00:08:25,737 - INFO - joeynmt.helpers - delete models/tf_bpe_2000_nl_en/26500.ckpt
2026-05-28 00:08:25,738 - INFO - joeynmt.training - Example #0
2026-05-28 00:08:25,738 - DEBUG - joeynmt.training - 	Tokenized source:     ['V@@', 'or@@', 'ig', 'jaar', 'li@@', 'et', 'ik', 'deze', 'twee', 'dia', '&apos;', 's', 'zien', 'om', 'aan', 'te', 't@@', 'onen', 'dat', 'de', 'p@@', 'oo@@', 'lij@@', 'sk@@', 'a@@', 'p', ',', 'die', 'de', 'af@@', 'gel@@', 'open', 'drie', 'miljoen', 'jaar', 'ongeveer', 'de', 'groot@@', 'te', 'had', 'van', 'het', 'va@@', 'stel@@', 'and', 'van', 'de', 'V@@', 'S', ',', 'met', '4@@', '0', '%', 'ge@@', 'k@@', 'r@@', 'om@@', 'pen', 'was', '.']
2026-05-28 00:08:25,738 - DEBUG - joeynmt.training - 	Tokenized reference:  ['La@@', 'st', 'year', 'I', 'sho@@', 'w@@', 'ed', 'these', 'two', 'sli@@', 'des', 'so', 'that', 'de@@', 'mon@@', 'str@@', 'ate', 'that', 'the', 'ar@@', 'c@@', 'ti@@', 'c', 'ice', 'ca@@', 'p', ',', 'which', 'for', 'most', 'of', 'the', 'last', 'three', 'million', 'years', 'has', 'been', 'the', 'si@@', 'ze', 'of', 'the', 'lo@@', 'wer', '4@@', '8', 'st@@', 'ates', ',', 'has', 'sh@@', 'r@@', 'un@@', 'k', 'by', '4@@', '0', 'percent', '.']
2026-05-28 00:08:25,738 - DEBUG - joeynmt.training - 	Tokenized hypothesis: ['And', 'I', 'le@@', 'ft', 'these', 'two', 'sli@@', 'des', 'to', 'see', 'these', 'two', 'sli@@', 'des', 'to', 'show', 'that', 'the', 'p@@', 'e', 'the', 'p@@', 'oo@@', 'ks', ',', 'which', 'had', 'about', 'the', 'p@@', 'oo@@', 'ls', 'for', 'three', 'million', 'years', 'of', 'the', 'ma@@', 'j@@', 'or', 'of', 'the', 'U@@', 'n@@', 'ited', 'St@@', 'ates', ',', 'with', '4@@', '0', 'percent', '.', '</s>']
2026-05-28 00:08:25,738 - INFO - joeynmt.training - 	Source:     Vorig jaar liet ik deze twee dia &apos; s zien om aan te tonen dat de poolijskap , die de afgelopen drie miljoen jaar ongeveer de grootte had van het vasteland van de VS , met 40 % gekrompen was .
2026-05-28 00:08:25,738 - INFO - joeynmt.training - 	Reference:  Last year I showed these two slides so that demonstrate that the arctic ice cap , which for most of the last three million years has been the size of the lower 48 states , has shrunk by 40 percent .
2026-05-28 00:08:25,738 - INFO - joeynmt.training - 	Hypothesis: And I left these two slides to see these two slides to show that the pe the pooks , which had about the pools for three million years of the major of the United States , with 40 percent .
2026-05-28 00:08:25,738 - INFO - joeynmt.training - Example #1
2026-05-28 00:08:25,738 - DEBUG - joeynmt.training - 	Tokenized source:     ['Maar', 'dit', 'onder@@', 'sch@@', 'at', 'eigenlijk', 'de', 'er@@', 'n@@', 'st', 'van', 'dit', 'speci@@', 'f@@', 'ieke', 'probleem', 'omdat', 'het', 'niet', 'de', 'di@@', 'kte', 'van', 'het', 'ij@@', 's', 'laat', 'zien', '.']
2026-05-28 00:08:25,738 - DEBUG - joeynmt.training - 	Tokenized reference:  ['But', 'this', 'under@@', 'st@@', 'ates', 'the', 'ser@@', 'i@@', 'ous@@', 'ness', 'of', 'this', 'parti@@', 'cu@@', 'lar', 'problem', 'because', 'it', 'doesn', '&apos;t', 'show', 'the', 'th@@', 'ic@@', 'k@@', 'ness', 'of', 'the', 'ice', '.']
2026-05-28 00:08:25,738 - DEBUG - joeynmt.training - 	Tokenized hypothesis: ['But', 'this', 'is', 'actually', 'the', 'n@@', 'in@@', 'c@@', 'tion', 'of', 'this', 'parti@@', 'cu@@', 'lar', 'problem', 'because', 'it', 'doesn', '&apos;t', 'show', 'the', 'di@@', 's@@', 'con@@', 'nec@@', 'ted', 'to', 'the', 'ice', '.', '</s>']
2026-05-28 00:08:25,739 - INFO - joeynmt.training - 	Source:     Maar dit onderschat eigenlijk de ernst van dit specifieke probleem omdat het niet de dikte van het ijs laat zien .
2026-05-28 00:08:25,739 - INFO - joeynmt.training - 	Reference:  But this understates the seriousness of this particular problem because it doesn &apos;t show the thickness of the ice .
2026-05-28 00:08:25,739 - INFO - joeynmt.training - 	Hypothesis: But this is actually the ninction of this particular problem because it doesn &apos;t show the disconnected to the ice .
2026-05-28 00:08:25,739 - INFO - joeynmt.training - Example #2
2026-05-28 00:08:25,739 - DEBUG - joeynmt.training - 	Tokenized source:     ['De', 'ij@@', 'sk@@', 'a@@', 'p', 'op', 'de', 'N@@', 'oor@@', 'd@@', 'p@@', 'ool', 'is', 'in', 'ze@@', 'k@@', 'ere', 'z@@', 'in', 'het', 'kl@@', 'op@@', 'p@@', 'end', 'har@@', 't', 'van', 'ons', 'glob@@', 'aal', 'k@@', 'li@@', 'ma@@', 'at@@', 'systeem', '.']
2026-05-28 00:08:25,739 - DEBUG - joeynmt.training - 	Tokenized reference:  ['The', 'ar@@', 'c@@', 'ti@@', 'c', 'ice', 'ca@@', 'p', 'is', ',', 'in', 'a', 'sense', ',', 'the', 'be@@', 'ating', 'he@@', 'art', 'of', 'the', 'glob@@', 'al', 'c@@', 'lim@@', 'ate', 'system', '.']
2026-05-28 00:08:25,739 - DEBUG - joeynmt.training - 	Tokenized hypothesis: ['The', 'ice', 'sk@@', 'a@@', 'p', 'on', 'the', 'N@@', 'or@@', 'th', 'P@@', 'ole', 'is', 'in', 'a', 'cer@@', 'ta@@', 'in', 'sense', ',', 'the', 'c@@', 'lim@@', 'ate', 'he@@', 'art', 'of', 'us', 'glob@@', 'al', 'c@@', 'lim@@', 'ate', 'system', '.', '</s>']
2026-05-28 00:08:25,739 - INFO - joeynmt.training - 	Source:     De ijskap op de Noordpool is in zekere zin het kloppend hart van ons globaal klimaatsysteem .
2026-05-28 00:08:25,739 - INFO - joeynmt.training - 	Reference:  The arctic ice cap is , in a sense , the beating heart of the global climate system .
2026-05-28 00:08:25,739 - INFO - joeynmt.training - 	Hypothesis: The ice skap on the North Pole is in a certain sense , the climate heart of us global climate system .
2026-05-28 00:08:25,739 - INFO - joeynmt.training - Example #3
2026-05-28 00:08:25,739 - DEBUG - joeynmt.training - 	Tokenized source:     ['Het', 'z@@', 'et', 'uit', 'in', 'de', 'win@@', 'ter', 'en', 'k@@', 'ri@@', 'mp@@', 't', 'in', 'de', 'z@@', 'om@@', 'er', '.']
2026-05-28 00:08:25,739 - DEBUG - joeynmt.training - 	Tokenized reference:  ['It', 'exp@@', 'and@@', 's', 'in', 'win@@', 'ter', 'and', 'con@@', 'tr@@', 'ac@@', 'ts', 'in', 'su@@', 'mm@@', 'er', '.']
2026-05-28 00:08:25,739 - DEBUG - joeynmt.training - 	Tokenized hypothesis: ['It', '&apos;s', 'just', 'in', 'the', 'win@@', 'ter', 'and', 'the', 'cr@@', 'y@@', 'mp@@', 't', 'in', 'the', 'su@@', 'mm@@', 'er', '.', '</s>']
2026-05-28 00:08:25,740 - INFO - joeynmt.training - 	Source:     Het zet uit in de winter en krimpt in de zomer .
2026-05-28 00:08:25,740 - INFO - joeynmt.training - 	Reference:  It expands in winter and contracts in summer .
2026-05-28 00:08:25,740 - INFO - joeynmt.training - 	Hypothesis: It &apos;s just in the winter and the crympt in the summer .
2026-05-28 00:08:25,740 - INFO - joeynmt.training - Example #4
2026-05-28 00:08:25,740 - DEBUG - joeynmt.training - 	Tokenized source:     ['De', 'volgende', 'dia', 'die', 'ik', 'laat', 'zien', 'is', 'een', 'vers@@', 'n@@', 'el@@', 'de', 'ver@@', 'sie', 'van', 'wat', 'er', 'de', 'af@@', 'gel@@', 'open', '2@@', '5', 'jaar', 'is', 'gebeur@@', 'd', '.']
2026-05-28 00:08:25,740 - DEBUG - joeynmt.training - 	Tokenized reference:  ['The', 'next', 'sli@@', 'de', 'I', 'show', 'you', 'will', 'be', 'a', 'r@@', 'ap@@', 'id', 'fa@@', 'st@@', '-@@', 'for@@', 'ward', 'of', 'what', '&apos;s', 'happened', 'over', 'the', 'last', '2@@', '5', 'years', '.']
2026-05-28 00:08:25,740 - DEBUG - joeynmt.training - 	Tokenized hypothesis: ['The', 'next', 'sli@@', 'de', 'I', 'sho@@', 'ws', 'is', 'a', 'ac@@', 'cel@@', 'er@@', 'ated', 'ver@@', 'sion', 'of', 'what', 'has', 'happened', 'for', 'the', 'last', '2@@', '5', 'years', '.', '</s>']
2026-05-28 00:08:25,740 - INFO - joeynmt.training - 	Source:     De volgende dia die ik laat zien is een versnelde versie van wat er de afgelopen 25 jaar is gebeurd .
2026-05-28 00:08:25,740 - INFO - joeynmt.training - 	Reference:  The next slide I show you will be a rapid fast-forward of what &apos;s happened over the last 25 years .
2026-05-28 00:08:25,740 - INFO - joeynmt.training - 	Hypothesis: The next slide I shows is a accelerated version of what has happened for the last 25 years .
2026-05-28 00:08:38,493 - INFO - joeynmt.training - Epoch   8, Step:    30600, Batch Loss:     1.320409, Batch Acc: 0.641527, Tokens per Sec:     5855, Lr: 0.000300
2026-05-28 00:08:50,245 - INFO - joeynmt.training - Epoch   8, Step:    30700, Batch Loss:     1.178674, Batch Acc: 0.637605, Tokens per Sec:     6605, Lr: 0.000300
2026-05-28 00:09:02,649 - INFO - joeynmt.training - Epoch   8, Step:    30800, Batch Loss:     1.335604, Batch Acc: 0.636497, Tokens per Sec:     6046, Lr: 0.000300
2026-05-28 00:09:15,413 - INFO - joeynmt.training - Epoch   8, Step:    30900, Batch Loss:     1.243193, Batch Acc: 0.630227, Tokens per Sec:     5881, Lr: 0.000300
2026-05-28 00:09:27,070 - INFO - joeynmt.training - Epoch   8, Step:    31000, Batch Loss:     1.373469, Batch Acc: 0.633873, Tokens per Sec:     6488, Lr: 0.000300
2026-05-28 00:09:27,071 - WARNING - joeynmt.helpers - `alpha` option is obsolete. Please use `beam_alpha`, instead.
2026-05-28 00:09:27,071 - INFO - joeynmt.prediction - Predicting 1003 example(s)... (Greedy decoding with min_output_length=1, max_output_length=-1, return_prob='none', generate_unk=True, repetition_penalty=-1, no_repeat_ngram_size=-1)
2026-05-28 00:09:54,725 - INFO - joeynmt.prediction - Evaluation result (greedy) loss:   1.65, ppl:   5.20, acc:   0.54, generation: 27.6429[sec], evaluation: 0.0000[sec]
2026-05-28 00:09:54,727 - INFO - joeynmt.training - Hooray! New best validation result [ppl]!
2026-05-28 00:09:54,856 - INFO - joeynmt.helpers - delete models/tf_bpe_2000_nl_en/29000.ckpt
2026-05-28 00:09:54,857 - INFO - joeynmt.training - Example #0
2026-05-28 00:09:54,858 - DEBUG - joeynmt.training - 	Tokenized source:     ['V@@', 'or@@', 'ig', 'jaar', 'li@@', 'et', 'ik', 'deze', 'twee', 'dia', '&apos;', 's', 'zien', 'om', 'aan', 'te', 't@@', 'onen', 'dat', 'de', 'p@@', 'oo@@', 'lij@@', 'sk@@', 'a@@', 'p', ',', 'die', 'de', 'af@@', 'gel@@', 'open', 'drie', 'miljoen', 'jaar', 'ongeveer', 'de', 'groot@@', 'te', 'had', 'van', 'het', 'va@@', 'stel@@', 'and', 'van', 'de', 'V@@', 'S', ',', 'met', '4@@', '0', '%', 'ge@@', 'k@@', 'r@@', 'om@@', 'pen', 'was', '.']
2026-05-28 00:09:54,858 - DEBUG - joeynmt.training - 	Tokenized reference:  ['La@@', 'st', 'year', 'I', 'sho@@', 'w@@', 'ed', 'these', 'two', 'sli@@', 'des', 'so', 'that', 'de@@', 'mon@@', 'str@@', 'ate', 'that', 'the', 'ar@@', 'c@@', 'ti@@', 'c', 'ice', 'ca@@', 'p', ',', 'which', 'for', 'most', 'of', 'the', 'last', 'three', 'million', 'years', 'has', 'been', 'the', 'si@@', 'ze', 'of', 'the', 'lo@@', 'wer', '4@@', '8', 'st@@', 'ates', ',', 'has', 'sh@@', 'r@@', 'un@@', 'k', 'by', '4@@', '0', 'percent', '.']
2026-05-28 00:09:54,858 - DEBUG - joeynmt.training - 	Tokenized hypothesis: ['And', 'I', 'sho@@', 'w@@', 'ed', 'these', 'two', 'sli@@', 'des', 'to', 'show', 'that', 'the', 'p@@', 'oo@@', 'le@@', '-@@', 'a@@', '-@@', 'a@@', '-@@', 'a@@', '-@@', 'a@@', '-@@', 'a@@', '-@@', 'si@@', 'ze', 'of', 'the', 'U@@', 'n@@', 'ited', 'St@@', 'ates', ',', 'with', '4@@', '0', 'percent', 'of', 'the', 'va@@', 'st@@', 'ly', 'si@@', 'ze', 'of', 'the', 'U@@', '.@@', 'S@@', '.', ',', 'with', '4@@', '0', 'percent', '.', '</s>']
2026-05-28 00:09:54,858 - INFO - joeynmt.training - 	Source:     Vorig jaar liet ik deze twee dia &apos; s zien om aan te tonen dat de poolijskap , die de afgelopen drie miljoen jaar ongeveer de grootte had van het vasteland van de VS , met 40 % gekrompen was .
2026-05-28 00:09:54,858 - INFO - joeynmt.training - 	Reference:  Last year I showed these two slides so that demonstrate that the arctic ice cap , which for most of the last three million years has been the size of the lower 48 states , has shrunk by 40 percent .
2026-05-28 00:09:54,858 - INFO - joeynmt.training - 	Hypothesis: And I showed these two slides to show that the poole-a-a-a-a-a-size of the United States , with 40 percent of the vastly size of the U.S. , with 40 percent .
2026-05-28 00:09:54,858 - INFO - joeynmt.training - Example #1
2026-05-28 00:09:54,858 - DEBUG - joeynmt.training - 	Tokenized source:     ['Maar', 'dit', 'onder@@', 'sch@@', 'at', 'eigenlijk', 'de', 'er@@', 'n@@', 'st', 'van', 'dit', 'speci@@', 'f@@', 'ieke', 'probleem', 'omdat', 'het', 'niet', 'de', 'di@@', 'kte', 'van', 'het', 'ij@@', 's', 'laat', 'zien', '.']
2026-05-28 00:09:54,858 - DEBUG - joeynmt.training - 	Tokenized reference:  ['But', 'this', 'under@@', 'st@@', 'ates', 'the', 'ser@@', 'i@@', 'ous@@', 'ness', 'of', 'this', 'parti@@', 'cu@@', 'lar', 'problem', 'because', 'it', 'doesn', '&apos;t', 'show', 'the', 'th@@', 'ic@@', 'k@@', 'ness', 'of', 'the', 'ice', '.']
2026-05-28 00:09:54,858 - DEBUG - joeynmt.training - 	Tokenized hypothesis: ['But', 'this', 'is', 'actually', 'the', 'di@@', 'st@@', 'in@@', 'c@@', 'tion', 'of', 'this', 'parti@@', 'cu@@', 'lar', 'problem', 'because', 'it', 'doesn', '&apos;t', 'show', 'the', 'di@@', 'sp@@', 'er@@', 's@@', 'ed', 'of', 'the', 'ice', '.', '</s>']
2026-05-28 00:09:54,858 - INFO - joeynmt.training - 	Source:     Maar dit onderschat eigenlijk de ernst van dit specifieke probleem omdat het niet de dikte van het ijs laat zien .
2026-05-28 00:09:54,858 - INFO - joeynmt.training - 	Reference:  But this understates the seriousness of this particular problem because it doesn &apos;t show the thickness of the ice .
2026-05-28 00:09:54,858 - INFO - joeynmt.training - 	Hypothesis: But this is actually the distinction of this particular problem because it doesn &apos;t show the dispersed of the ice .
2026-05-28 00:09:54,858 - INFO - joeynmt.training - Example #2
2026-05-28 00:09:54,859 - DEBUG - joeynmt.training - 	Tokenized source:     ['De', 'ij@@', 'sk@@', 'a@@', 'p', 'op', 'de', 'N@@', 'oor@@', 'd@@', 'p@@', 'ool', 'is', 'in', 'ze@@', 'k@@', 'ere', 'z@@', 'in', 'het', 'kl@@', 'op@@', 'p@@', 'end', 'har@@', 't', 'van', 'ons', 'glob@@', 'aal', 'k@@', 'li@@', 'ma@@', 'at@@', 'systeem', '.']
2026-05-28 00:09:54,859 - DEBUG - joeynmt.training - 	Tokenized reference:  ['The', 'ar@@', 'c@@', 'ti@@', 'c', 'ice', 'ca@@', 'p', 'is', ',', 'in', 'a', 'sense', ',', 'the', 'be@@', 'ating', 'he@@', 'art', 'of', 'the', 'glob@@', 'al', 'c@@', 'lim@@', 'ate', 'system', '.']
2026-05-28 00:09:54,859 - DEBUG - joeynmt.training - 	Tokenized hypothesis: ['The', 'ice', 'sk@@', 'a@@', 'p', 'on', 'the', 'N@@', 'or@@', 'th', 'P@@', 'ole', 'is', 'in', 'a', 'cer@@', 'ta@@', 'in', 'sense', ',', 'the', 'way', ',', 'he@@', 'art', 'of', 'our', 'glob@@', 'al', 'c@@', 'lim@@', 'ate', 'system', '.', '</s>']
2026-05-28 00:09:54,859 - INFO - joeynmt.training - 	Source:     De ijskap op de Noordpool is in zekere zin het kloppend hart van ons globaal klimaatsysteem .
2026-05-28 00:09:54,859 - INFO - joeynmt.training - 	Reference:  The arctic ice cap is , in a sense , the beating heart of the global climate system .
2026-05-28 00:09:54,859 - INFO - joeynmt.training - 	Hypothesis: The ice skap on the North Pole is in a certain sense , the way , heart of our global climate system .
2026-05-28 00:09:54,859 - INFO - joeynmt.training - Example #3
2026-05-28 00:09:54,859 - DEBUG - joeynmt.training - 	Tokenized source:     ['Het', 'z@@', 'et', 'uit', 'in', 'de', 'win@@', 'ter', 'en', 'k@@', 'ri@@', 'mp@@', 't', 'in', 'de', 'z@@', 'om@@', 'er', '.']
2026-05-28 00:09:54,859 - DEBUG - joeynmt.training - 	Tokenized reference:  ['It', 'exp@@', 'and@@', 's', 'in', 'win@@', 'ter', 'and', 'con@@', 'tr@@', 'ac@@', 'ts', 'in', 'su@@', 'mm@@', 'er', '.']
2026-05-28 00:09:54,859 - DEBUG - joeynmt.training - 	Tokenized hypothesis: ['It', '&apos;s', 'put', 'out', 'in', 'the', 'win@@', 'ter', 'and', 'the', 'su@@', 'mm@@', 'er', '.', '</s>']
2026-05-28 00:09:54,859 - INFO - joeynmt.training - 	Source:     Het zet uit in de winter en krimpt in de zomer .
2026-05-28 00:09:54,859 - INFO - joeynmt.training - 	Reference:  It expands in winter and contracts in summer .
2026-05-28 00:09:54,859 - INFO - joeynmt.training - 	Hypothesis: It &apos;s put out in the winter and the summer .
2026-05-28 00:09:54,859 - INFO - joeynmt.training - Example #4
2026-05-28 00:09:54,859 - DEBUG - joeynmt.training - 	Tokenized source:     ['De', 'volgende', 'dia', 'die', 'ik', 'laat', 'zien', 'is', 'een', 'vers@@', 'n@@', 'el@@', 'de', 'ver@@', 'sie', 'van', 'wat', 'er', 'de', 'af@@', 'gel@@', 'open', '2@@', '5', 'jaar', 'is', 'gebeur@@', 'd', '.']
2026-05-28 00:09:54,859 - DEBUG - joeynmt.training - 	Tokenized reference:  ['The', 'next', 'sli@@', 'de', 'I', 'show', 'you', 'will', 'be', 'a', 'r@@', 'ap@@', 'id', 'fa@@', 'st@@', '-@@', 'for@@', 'ward', 'of', 'what', '&apos;s', 'happened', 'over', 'the', 'last', '2@@', '5', 'years', '.']
2026-05-28 00:09:54,859 - DEBUG - joeynmt.training - 	Tokenized hypothesis: ['The', 'next', 'sli@@', 'de', 'I', '&apos;m', 'sho@@', 'wing', 'is', 'a', 'ac@@', 'cel@@', 'er@@', 'ated', 'ver@@', 'sion', 'of', 'what', 'happened', 'in', 'the', 'last', '2@@', '5', 'years', '.', '</s>']
2026-05-28 00:09:54,860 - INFO - joeynmt.training - 	Source:     De volgende dia die ik laat zien is een versnelde versie van wat er de afgelopen 25 jaar is gebeurd .
2026-05-28 00:09:54,860 - INFO - joeynmt.training - 	Reference:  The next slide I show you will be a rapid fast-forward of what &apos;s happened over the last 25 years .
2026-05-28 00:09:54,860 - INFO - joeynmt.training - 	Hypothesis: The next slide I &apos;m showing is a accelerated version of what happened in the last 25 years .
2026-05-28 00:09:57,807 - INFO - joeynmt.training - Epoch   8: total training loss 4848.76
2026-05-28 00:09:57,807 - INFO - joeynmt.training - EPOCH 9
2026-05-28 00:10:06,713 - INFO - joeynmt.training - Epoch   9, Step:    31100, Batch Loss:     1.144003, Batch Acc: 0.653992, Tokens per Sec:     6326, Lr: 0.000300
2026-05-28 00:10:19,398 - INFO - joeynmt.training - Epoch   9, Step:    31200, Batch Loss:     1.190063, Batch Acc: 0.658408, Tokens per Sec:     5957, Lr: 0.000300
2026-05-28 00:10:31,591 - INFO - joeynmt.training - Epoch   9, Step:    31300, Batch Loss:     1.287783, Batch Acc: 0.657445, Tokens per Sec:     6164, Lr: 0.000300
2026-05-28 00:10:44,876 - INFO - joeynmt.training - Epoch   9, Step:    31400, Batch Loss:     1.108145, Batch Acc: 0.657018, Tokens per Sec:     5679, Lr: 0.000300
2026-05-28 00:10:57,186 - INFO - joeynmt.training - Epoch   9, Step:    31500, Batch Loss:     0.966684, Batch Acc: 0.654428, Tokens per Sec:     6253, Lr: 0.000300
2026-05-28 00:10:57,186 - WARNING - joeynmt.helpers - `alpha` option is obsolete. Please use `beam_alpha`, instead.
2026-05-28 00:10:57,187 - INFO - joeynmt.prediction - Predicting 1003 example(s)... (Greedy decoding with min_output_length=1, max_output_length=-1, return_prob='none', generate_unk=True, repetition_penalty=-1, no_repeat_ngram_size=-1)
2026-05-28 00:11:23,301 - INFO - joeynmt.prediction - Evaluation result (greedy) loss:   1.66, ppl:   5.23, acc:   0.53, generation: 26.1040[sec], evaluation: 0.0000[sec]
2026-05-28 00:11:23,422 - INFO - joeynmt.helpers - delete models/tf_bpe_2000_nl_en/27000.ckpt
2026-05-28 00:11:23,423 - INFO - joeynmt.training - Example #0
2026-05-28 00:11:23,423 - DEBUG - joeynmt.training - 	Tokenized source:     ['V@@', 'or@@', 'ig', 'jaar', 'li@@', 'et', 'ik', 'deze', 'twee', 'dia', '&apos;', 's', 'zien', 'om', 'aan', 'te', 't@@', 'onen', 'dat', 'de', 'p@@', 'oo@@', 'lij@@', 'sk@@', 'a@@', 'p', ',', 'die', 'de', 'af@@', 'gel@@', 'open', 'drie', 'miljoen', 'jaar', 'ongeveer', 'de', 'groot@@', 'te', 'had', 'van', 'het', 'va@@', 'stel@@', 'and', 'van', 'de', 'V@@', 'S', ',', 'met', '4@@', '0', '%', 'ge@@', 'k@@', 'r@@', 'om@@', 'pen', 'was', '.']
2026-05-28 00:11:23,423 - DEBUG - joeynmt.training - 	Tokenized reference:  ['La@@', 'st', 'year', 'I', 'sho@@', 'w@@', 'ed', 'these', 'two', 'sli@@', 'des', 'so', 'that', 'de@@', 'mon@@', 'str@@', 'ate', 'that', 'the', 'ar@@', 'c@@', 'ti@@', 'c', 'ice', 'ca@@', 'p', ',', 'which', 'for', 'most', 'of', 'the', 'last', 'three', 'million', 'years', 'has', 'been', 'the', 'si@@', 'ze', 'of', 'the', 'lo@@', 'wer', '4@@', '8', 'st@@', 'ates', ',', 'has', 'sh@@', 'r@@', 'un@@', 'k', 'by', '4@@', '0', 'percent', '.']
2026-05-28 00:11:23,423 - DEBUG - joeynmt.training - 	Tokenized hypothesis: ['And', 'I', 'le@@', 'ft', 'these', 'two', 'sli@@', 'des', ',', 'I', 'sho@@', 'w@@', 'ed', 'these', 'sli@@', 'des', 'to', 'show', 'that', 'the', 'p@@', 'oo@@', 'ling', 'a@@', 'p', ',', 'which', 'was', 'about', 'three', 'million', 'years', 'of', 'the', 'ma@@', 'g@@', 'n@@', 'itu@@', 'de', 'of', 'the', 'U@@', 'n@@', 'ited', 'St@@', 'ates', ',', 'with', '4@@', '0', 'percent', 'of', 'the', 'U@@', 'n@@', 'ited', 'St@@', 'ates', ',', 'with', '4@@', '0', 'percent', '.', '</s>']
2026-05-28 00:11:23,423 - INFO - joeynmt.training - 	Source:     Vorig jaar liet ik deze twee dia &apos; s zien om aan te tonen dat de poolijskap , die de afgelopen drie miljoen jaar ongeveer de grootte had van het vasteland van de VS , met 40 % gekrompen was .
2026-05-28 00:11:23,423 - INFO - joeynmt.training - 	Reference:  Last year I showed these two slides so that demonstrate that the arctic ice cap , which for most of the last three million years has been the size of the lower 48 states , has shrunk by 40 percent .
2026-05-28 00:11:23,423 - INFO - joeynmt.training - 	Hypothesis: And I left these two slides , I showed these slides to show that the pooling ap , which was about three million years of the magnitude of the United States , with 40 percent of the United States , with 40 percent .
2026-05-28 00:11:23,424 - INFO - joeynmt.training - Example #1
2026-05-28 00:11:23,424 - DEBUG - joeynmt.training - 	Tokenized source:     ['Maar', 'dit', 'onder@@', 'sch@@', 'at', 'eigenlijk', 'de', 'er@@', 'n@@', 'st', 'van', 'dit', 'speci@@', 'f@@', 'ieke', 'probleem', 'omdat', 'het', 'niet', 'de', 'di@@', 'kte', 'van', 'het', 'ij@@', 's', 'laat', 'zien', '.']
2026-05-28 00:11:23,424 - DEBUG - joeynmt.training - 	Tokenized reference:  ['But', 'this', 'under@@', 'st@@', 'ates', 'the', 'ser@@', 'i@@', 'ous@@', 'ness', 'of', 'this', 'parti@@', 'cu@@', 'lar', 'problem', 'because', 'it', 'doesn', '&apos;t', 'show', 'the', 'th@@', 'ic@@', 'k@@', 'ness', 'of', 'the', 'ice', '.']
2026-05-28 00:11:23,424 - DEBUG - joeynmt.training - 	Tokenized hypothesis: ['But', 'this', 'is', 'actually', 'the', 'one', 'of', 'this', 'parti@@', 'cu@@', 'lar', 'problem', 'because', 'it', 'doesn', '&apos;t', 'show', 'the', 'di@@', 'se@@', 'ase', 'of', 'the', 'ice', '.', '</s>']
2026-05-28 00:11:23,424 - INFO - joeynmt.training - 	Source:     Maar dit onderschat eigenlijk de ernst van dit specifieke probleem omdat het niet de dikte van het ijs laat zien .
2026-05-28 00:11:23,424 - INFO - joeynmt.training - 	Reference:  But this understates the seriousness of this particular problem because it doesn &apos;t show the thickness of the ice .
2026-05-28 00:11:23,424 - INFO - joeynmt.training - 	Hypothesis: But this is actually the one of this particular problem because it doesn &apos;t show the disease of the ice .
2026-05-28 00:11:23,424 - INFO - joeynmt.training - Example #2
2026-05-28 00:11:23,424 - DEBUG - joeynmt.training - 	Tokenized source:     ['De', 'ij@@', 'sk@@', 'a@@', 'p', 'op', 'de', 'N@@', 'oor@@', 'd@@', 'p@@', 'ool', 'is', 'in', 'ze@@', 'k@@', 'ere', 'z@@', 'in', 'het', 'kl@@', 'op@@', 'p@@', 'end', 'har@@', 't', 'van', 'ons', 'glob@@', 'aal', 'k@@', 'li@@', 'ma@@', 'at@@', 'systeem', '.']
2026-05-28 00:11:23,424 - DEBUG - joeynmt.training - 	Tokenized reference:  ['The', 'ar@@', 'c@@', 'ti@@', 'c', 'ice', 'ca@@', 'p', 'is', ',', 'in', 'a', 'sense', ',', 'the', 'be@@', 'ating', 'he@@', 'art', 'of', 'the', 'glob@@', 'al', 'c@@', 'lim@@', 'ate', 'system', '.']
2026-05-28 00:11:23,424 - DEBUG - joeynmt.training - 	Tokenized hypothesis: ['The', 'ice', 'sk@@', 'a@@', 'p', 'on', 'the', 'N@@', 'or@@', 'th', 'P@@', 'ole', 'is', 'in', 'a', 'sense', 'of', 'the', 'cu@@', 'tting', 'he@@', 'art', 'of', 'us', 'glob@@', 'al', 'c@@', 'lim@@', 'ate', 'system', '.', '</s>']
2026-05-28 00:11:23,424 - INFO - joeynmt.training - 	Source:     De ijskap op de Noordpool is in zekere zin het kloppend hart van ons globaal klimaatsysteem .
2026-05-28 00:11:23,424 - INFO - joeynmt.training - 	Reference:  The arctic ice cap is , in a sense , the beating heart of the global climate system .
2026-05-28 00:11:23,424 - INFO - joeynmt.training - 	Hypothesis: The ice skap on the North Pole is in a sense of the cutting heart of us global climate system .
2026-05-28 00:11:23,424 - INFO - joeynmt.training - Example #3
2026-05-28 00:11:23,425 - DEBUG - joeynmt.training - 	Tokenized source:     ['Het', 'z@@', 'et', 'uit', 'in', 'de', 'win@@', 'ter', 'en', 'k@@', 'ri@@', 'mp@@', 't', 'in', 'de', 'z@@', 'om@@', 'er', '.']
2026-05-28 00:11:23,425 - DEBUG - joeynmt.training - 	Tokenized reference:  ['It', 'exp@@', 'and@@', 's', 'in', 'win@@', 'ter', 'and', 'con@@', 'tr@@', 'ac@@', 'ts', 'in', 'su@@', 'mm@@', 'er', '.']
2026-05-28 00:11:23,425 - DEBUG - joeynmt.training - 	Tokenized hypothesis: ['It', '&apos;s', 'just', 'in', 'the', 'win@@', 'ter', 'and', 'the', 'cr@@', 'y@@', 'mp@@', 't', 'in', 'the', 'su@@', 'mm@@', 'er', '.', '</s>']
2026-05-28 00:11:23,425 - INFO - joeynmt.training - 	Source:     Het zet uit in de winter en krimpt in de zomer .
2026-05-28 00:11:23,425 - INFO - joeynmt.training - 	Reference:  It expands in winter and contracts in summer .
2026-05-28 00:11:23,425 - INFO - joeynmt.training - 	Hypothesis: It &apos;s just in the winter and the crympt in the summer .
2026-05-28 00:11:23,425 - INFO - joeynmt.training - Example #4
2026-05-28 00:11:23,425 - DEBUG - joeynmt.training - 	Tokenized source:     ['De', 'volgende', 'dia', 'die', 'ik', 'laat', 'zien', 'is', 'een', 'vers@@', 'n@@', 'el@@', 'de', 'ver@@', 'sie', 'van', 'wat', 'er', 'de', 'af@@', 'gel@@', 'open', '2@@', '5', 'jaar', 'is', 'gebeur@@', 'd', '.']
2026-05-28 00:11:23,425 - DEBUG - joeynmt.training - 	Tokenized reference:  ['The', 'next', 'sli@@', 'de', 'I', 'show', 'you', 'will', 'be', 'a', 'r@@', 'ap@@', 'id', 'fa@@', 'st@@', '-@@', 'for@@', 'ward', 'of', 'what', '&apos;s', 'happened', 'over', 'the', 'last', '2@@', '5', 'years', '.']
2026-05-28 00:11:23,425 - DEBUG - joeynmt.training - 	Tokenized hypothesis: ['The', 'next', 'sli@@', 'de', 'I', '&apos;m', 'sho@@', 'wing', 'is', 'a', 'ac@@', 'cel@@', 'er@@', 'ated', 'ver@@', 'sion', 'of', 'what', '&apos;s', 'going', 'on', 'on', 'the', 'pa@@', 'st', '2@@', '5', 'years', '.', '</s>']
2026-05-28 00:11:23,425 - INFO - joeynmt.training - 	Source:     De volgende dia die ik laat zien is een versnelde versie van wat er de afgelopen 25 jaar is gebeurd .
2026-05-28 00:11:23,425 - INFO - joeynmt.training - 	Reference:  The next slide I show you will be a rapid fast-forward of what &apos;s happened over the last 25 years .
2026-05-28 00:11:23,425 - INFO - joeynmt.training - 	Hypothesis: The next slide I &apos;m showing is a accelerated version of what &apos;s going on on the past 25 years .
2026-05-28 00:11:35,637 - INFO - joeynmt.training - Epoch   9, Step:    31600, Batch Loss:     1.187456, Batch Acc: 0.655572, Tokens per Sec:     6150, Lr: 0.000300
2026-05-28 00:11:48,216 - INFO - joeynmt.training - Epoch   9, Step:    31700, Batch Loss:     1.227314, Batch Acc: 0.653457, Tokens per Sec:     6077, Lr: 0.000300
2026-05-28 00:12:00,726 - INFO - joeynmt.training - Epoch   9, Step:    31800, Batch Loss:     1.226197, Batch Acc: 0.653792, Tokens per Sec:     6087, Lr: 0.000300
2026-05-28 00:12:13,602 - INFO - joeynmt.training - Epoch   9, Step:    31900, Batch Loss:     1.252180, Batch Acc: 0.650929, Tokens per Sec:     5889, Lr: 0.000300
2026-05-28 00:12:26,092 - INFO - joeynmt.training - Epoch   9, Step:    32000, Batch Loss:     1.309391, Batch Acc: 0.654721, Tokens per Sec:     6195, Lr: 0.000300
2026-05-28 00:12:26,093 - WARNING - joeynmt.helpers - `alpha` option is obsolete. Please use `beam_alpha`, instead.
2026-05-28 00:12:26,093 - INFO - joeynmt.prediction - Predicting 1003 example(s)... (Greedy decoding with min_output_length=1, max_output_length=-1, return_prob='none', generate_unk=True, repetition_penalty=-1, no_repeat_ngram_size=-1)
2026-05-28 00:12:54,621 - INFO - joeynmt.prediction - Evaluation result (greedy) loss:   1.66, ppl:   5.26, acc:   0.53, generation: 28.5174[sec], evaluation: 0.0000[sec]
2026-05-28 00:12:54,623 - INFO - joeynmt.training - Example #0
2026-05-28 00:12:54,623 - DEBUG - joeynmt.training - 	Tokenized source:     ['V@@', 'or@@', 'ig', 'jaar', 'li@@', 'et', 'ik', 'deze', 'twee', 'dia', '&apos;', 's', 'zien', 'om', 'aan', 'te', 't@@', 'onen', 'dat', 'de', 'p@@', 'oo@@', 'lij@@', 'sk@@', 'a@@', 'p', ',', 'die', 'de', 'af@@', 'gel@@', 'open', 'drie', 'miljoen', 'jaar', 'ongeveer', 'de', 'groot@@', 'te', 'had', 'van', 'het', 'va@@', 'stel@@', 'and', 'van', 'de', 'V@@', 'S', ',', 'met', '4@@', '0', '%', 'ge@@', 'k@@', 'r@@', 'om@@', 'pen', 'was', '.']
2026-05-28 00:12:54,623 - DEBUG - joeynmt.training - 	Tokenized reference:  ['La@@', 'st', 'year', 'I', 'sho@@', 'w@@', 'ed', 'these', 'two', 'sli@@', 'des', 'so', 'that', 'de@@', 'mon@@', 'str@@', 'ate', 'that', 'the', 'ar@@', 'c@@', 'ti@@', 'c', 'ice', 'ca@@', 'p', ',', 'which', 'for', 'most', 'of', 'the', 'last', 'three', 'million', 'years', 'has', 'been', 'the', 'si@@', 'ze', 'of', 'the', 'lo@@', 'wer', '4@@', '8', 'st@@', 'ates', ',', 'has', 'sh@@', 'r@@', 'un@@', 'k', 'by', '4@@', '0', 'percent', '.']
2026-05-28 00:12:54,623 - DEBUG - joeynmt.training - 	Tokenized hypothesis: ['And', 'I', 'sho@@', 'w@@', 'ed', 'these', 'two', 'sli@@', 'des', 'to', 'see', 'these', 'two', 'sli@@', 'des', 'to', 'show', 'that', 'the', 'p@@', 'oo@@', 'l@@', 'er', '&apos;s', 'the', 'p@@', 'oo@@', 'l@@', 'er', ',', 'which', 'had', 'about', 'three', 'million', 'years', 'of', 'the', 'ma@@', 'j@@', 'or', 'de@@', 'st@@', 'in@@', 'ation', 'of', 'the', 'U@@', '.@@', 'S@@', '.', ',', 'with', '4@@', '0', 'percent', 'of', 'the', 'U@@', '.@@', 'S@@', '.', '</s>']
2026-05-28 00:12:54,623 - INFO - joeynmt.training - 	Source:     Vorig jaar liet ik deze twee dia &apos; s zien om aan te tonen dat de poolijskap , die de afgelopen drie miljoen jaar ongeveer de grootte had van het vasteland van de VS , met 40 % gekrompen was .
2026-05-28 00:12:54,623 - INFO - joeynmt.training - 	Reference:  Last year I showed these two slides so that demonstrate that the arctic ice cap , which for most of the last three million years has been the size of the lower 48 states , has shrunk by 40 percent .
2026-05-28 00:12:54,623 - INFO - joeynmt.training - 	Hypothesis: And I showed these two slides to see these two slides to show that the pooler &apos;s the pooler , which had about three million years of the major destination of the U.S. , with 40 percent of the U.S.
2026-05-28 00:12:54,623 - INFO - joeynmt.training - Example #1
2026-05-28 00:12:54,623 - DEBUG - joeynmt.training - 	Tokenized source:     ['Maar', 'dit', 'onder@@', 'sch@@', 'at', 'eigenlijk', 'de', 'er@@', 'n@@', 'st', 'van', 'dit', 'speci@@', 'f@@', 'ieke', 'probleem', 'omdat', 'het', 'niet', 'de', 'di@@', 'kte', 'van', 'het', 'ij@@', 's', 'laat', 'zien', '.']
2026-05-28 00:12:54,623 - DEBUG - joeynmt.training - 	Tokenized reference:  ['But', 'this', 'under@@', 'st@@', 'ates', 'the', 'ser@@', 'i@@', 'ous@@', 'ness', 'of', 'this', 'parti@@', 'cu@@', 'lar', 'problem', 'because', 'it', 'doesn', '&apos;t', 'show', 'the', 'th@@', 'ic@@', 'k@@', 'ness', 'of', 'the', 'ice', '.']
2026-05-28 00:12:54,623 - DEBUG - joeynmt.training - 	Tokenized hypothesis: ['But', 'this', 'is', 'actually', 'the', 'de@@', 'c@@', 'line', 'of', 'this', 'parti@@', 'cu@@', 'lar', 'problem', 'because', 'it', 'doesn', '&apos;t', 'show', 'the', 'di@@', 'se@@', 'ase', 'of', 'the', 'ice', 'of', 'the', 'ice', '.', '</s>']
2026-05-28 00:12:54,624 - INFO - joeynmt.training - 	Source:     Maar dit onderschat eigenlijk de ernst van dit specifieke probleem omdat het niet de dikte van het ijs laat zien .
2026-05-28 00:12:54,624 - INFO - joeynmt.training - 	Reference:  But this understates the seriousness of this particular problem because it doesn &apos;t show the thickness of the ice .
2026-05-28 00:12:54,624 - INFO - joeynmt.training - 	Hypothesis: But this is actually the decline of this particular problem because it doesn &apos;t show the disease of the ice of the ice .
2026-05-28 00:12:54,624 - INFO - joeynmt.training - Example #2
2026-05-28 00:12:54,624 - DEBUG - joeynmt.training - 	Tokenized source:     ['De', 'ij@@', 'sk@@', 'a@@', 'p', 'op', 'de', 'N@@', 'oor@@', 'd@@', 'p@@', 'ool', 'is', 'in', 'ze@@', 'k@@', 'ere', 'z@@', 'in', 'het', 'kl@@', 'op@@', 'p@@', 'end', 'har@@', 't', 'van', 'ons', 'glob@@', 'aal', 'k@@', 'li@@', 'ma@@', 'at@@', 'systeem', '.']
2026-05-28 00:12:54,624 - DEBUG - joeynmt.training - 	Tokenized reference:  ['The', 'ar@@', 'c@@', 'ti@@', 'c', 'ice', 'ca@@', 'p', 'is', ',', 'in', 'a', 'sense', ',', 'the', 'be@@', 'ating', 'he@@', 'art', 'of', 'the', 'glob@@', 'al', 'c@@', 'lim@@', 'ate', 'system', '.']
2026-05-28 00:12:54,624 - DEBUG - joeynmt.training - 	Tokenized hypothesis: ['The', 'ice', 'sk@@', 'in', 'on', 'the', 'N@@', 'or@@', 'th', 'P@@', 'ole', 'is', 'in', 'a', 'cer@@', 'ta@@', 'in', 'sense', ',', 'the', 'cu@@', 'tting', 'he@@', 'art', 'of', 'our', 'glob@@', 'al', 'c@@', 'lim@@', 'ate', 'system', '.', '</s>']
2026-05-28 00:12:54,624 - INFO - joeynmt.training - 	Source:     De ijskap op de Noordpool is in zekere zin het kloppend hart van ons globaal klimaatsysteem .
2026-05-28 00:12:54,624 - INFO - joeynmt.training - 	Reference:  The arctic ice cap is , in a sense , the beating heart of the global climate system .
2026-05-28 00:12:54,624 - INFO - joeynmt.training - 	Hypothesis: The ice skin on the North Pole is in a certain sense , the cutting heart of our global climate system .
2026-05-28 00:12:54,625 - INFO - joeynmt.training - Example #3
2026-05-28 00:12:54,625 - DEBUG - joeynmt.training - 	Tokenized source:     ['Het', 'z@@', 'et', 'uit', 'in', 'de', 'win@@', 'ter', 'en', 'k@@', 'ri@@', 'mp@@', 't', 'in', 'de', 'z@@', 'om@@', 'er', '.']
2026-05-28 00:12:54,625 - DEBUG - joeynmt.training - 	Tokenized reference:  ['It', 'exp@@', 'and@@', 's', 'in', 'win@@', 'ter', 'and', 'con@@', 'tr@@', 'ac@@', 'ts', 'in', 'su@@', 'mm@@', 'er', '.']
2026-05-28 00:12:54,625 - DEBUG - joeynmt.training - 	Tokenized hypothesis: ['It', 'was', 'in', 'the', 'win@@', 'ter', 'and', 'the', 'cr@@', 'y@@', 'mp@@', 't', 'in', 'the', 'su@@', 'mm@@', 'er', '.', '</s>']
2026-05-28 00:12:54,625 - INFO - joeynmt.training - 	Source:     Het zet uit in de winter en krimpt in de zomer .
2026-05-28 00:12:54,625 - INFO - joeynmt.training - 	Reference:  It expands in winter and contracts in summer .
2026-05-28 00:12:54,625 - INFO - joeynmt.training - 	Hypothesis: It was in the winter and the crympt in the summer .
2026-05-28 00:12:54,625 - INFO - joeynmt.training - Example #4
2026-05-28 00:12:54,625 - DEBUG - joeynmt.training - 	Tokenized source:     ['De', 'volgende', 'dia', 'die', 'ik', 'laat', 'zien', 'is', 'een', 'vers@@', 'n@@', 'el@@', 'de', 'ver@@', 'sie', 'van', 'wat', 'er', 'de', 'af@@', 'gel@@', 'open', '2@@', '5', 'jaar', 'is', 'gebeur@@', 'd', '.']
2026-05-28 00:12:54,625 - DEBUG - joeynmt.training - 	Tokenized reference:  ['The', 'next', 'sli@@', 'de', 'I', 'show', 'you', 'will', 'be', 'a', 'r@@', 'ap@@', 'id', 'fa@@', 'st@@', '-@@', 'for@@', 'ward', 'of', 'what', '&apos;s', 'happened', 'over', 'the', 'last', '2@@', '5', 'years', '.']
2026-05-28 00:12:54,625 - DEBUG - joeynmt.training - 	Tokenized hypothesis: ['The', 'next', 'sli@@', 'de', 'I', '&apos;m', 'sho@@', 'wing', 'is', 'a', 'ac@@', 'cel@@', 'er@@', 'ated', 'ver@@', 'sion', 'of', 'what', 'happened', 'in', 'the', 'last', '2@@', '5', 'years', '.', '</s>']
2026-05-28 00:12:54,625 - INFO - joeynmt.training - 	Source:     De volgende dia die ik laat zien is een versnelde versie van wat er de afgelopen 25 jaar is gebeurd .
2026-05-28 00:12:54,625 - INFO - joeynmt.training - 	Reference:  The next slide I show you will be a rapid fast-forward of what &apos;s happened over the last 25 years .
2026-05-28 00:12:54,626 - INFO - joeynmt.training - 	Hypothesis: The next slide I &apos;m showing is a accelerated version of what happened in the last 25 years .
2026-05-28 00:13:07,241 - INFO - joeynmt.training - Epoch   9, Step:    32100, Batch Loss:     1.149323, Batch Acc: 0.646725, Tokens per Sec:     6154, Lr: 0.000300
2026-05-28 00:13:19,566 - INFO - joeynmt.training - Epoch   9, Step:    32200, Batch Loss:     1.329521, Batch Acc: 0.645935, Tokens per Sec:     5977, Lr: 0.000300
2026-05-28 00:13:31,675 - INFO - joeynmt.training - Epoch   9, Step:    32300, Batch Loss:     1.223483, Batch Acc: 0.648935, Tokens per Sec:     6276, Lr: 0.000300
2026-05-28 00:13:44,371 - INFO - joeynmt.training - Epoch   9, Step:    32400, Batch Loss:     1.140104, Batch Acc: 0.647011, Tokens per Sec:     6129, Lr: 0.000300
2026-05-28 00:13:56,255 - INFO - joeynmt.training - Epoch   9, Step:    32500, Batch Loss:     1.165009, Batch Acc: 0.648990, Tokens per Sec:     6408, Lr: 0.000300
2026-05-28 00:13:56,255 - WARNING - joeynmt.helpers - `alpha` option is obsolete. Please use `beam_alpha`, instead.
2026-05-28 00:13:56,256 - INFO - joeynmt.prediction - Predicting 1003 example(s)... (Greedy decoding with min_output_length=1, max_output_length=-1, return_prob='none', generate_unk=True, repetition_penalty=-1, no_repeat_ngram_size=-1)
2026-05-28 00:14:23,998 - INFO - joeynmt.prediction - Evaluation result (greedy) loss:   1.66, ppl:   5.24, acc:   0.54, generation: 27.7312[sec], evaluation: 0.0000[sec]
2026-05-28 00:14:24,133 - INFO - joeynmt.helpers - delete models/tf_bpe_2000_nl_en/29500.ckpt
2026-05-28 00:14:24,135 - INFO - joeynmt.training - Example #0
2026-05-28 00:14:24,136 - DEBUG - joeynmt.training - 	Tokenized source:     ['V@@', 'or@@', 'ig', 'jaar', 'li@@', 'et', 'ik', 'deze', 'twee', 'dia', '&apos;', 's', 'zien', 'om', 'aan', 'te', 't@@', 'onen', 'dat', 'de', 'p@@', 'oo@@', 'lij@@', 'sk@@', 'a@@', 'p', ',', 'die', 'de', 'af@@', 'gel@@', 'open', 'drie', 'miljoen', 'jaar', 'ongeveer', 'de', 'groot@@', 'te', 'had', 'van', 'het', 'va@@', 'stel@@', 'and', 'van', 'de', 'V@@', 'S', ',', 'met', '4@@', '0', '%', 'ge@@', 'k@@', 'r@@', 'om@@', 'pen', 'was', '.']
2026-05-28 00:14:24,136 - DEBUG - joeynmt.training - 	Tokenized reference:  ['La@@', 'st', 'year', 'I', 'sho@@', 'w@@', 'ed', 'these', 'two', 'sli@@', 'des', 'so', 'that', 'de@@', 'mon@@', 'str@@', 'ate', 'that', 'the', 'ar@@', 'c@@', 'ti@@', 'c', 'ice', 'ca@@', 'p', ',', 'which', 'for', 'most', 'of', 'the', 'last', 'three', 'million', 'years', 'has', 'been', 'the', 'si@@', 'ze', 'of', 'the', 'lo@@', 'wer', '4@@', '8', 'st@@', 'ates', ',', 'has', 'sh@@', 'r@@', 'un@@', 'k', 'by', '4@@', '0', 'percent', '.']
2026-05-28 00:14:24,136 - DEBUG - joeynmt.training - 	Tokenized hypothesis: ['And', 'last', 'year', ',', 'I', 'sho@@', 'w@@', 'ed', 'these', 'two', 'sli@@', 'des', 'to', 'show', 'that', 'the', 'p@@', 'oo@@', 'le@@', '-@@', 'like', 'the', 'p@@', 'oo@@', 'l', 'of', 'the', 'U@@', 'n@@', 'ited', 'St@@', 'ates', ',', 'which', 'had', 'about', 'the', 'si@@', 'ze', 'of', 'the', 'U@@', 'n@@', 'ited', 'St@@', 'ates', ',', 'with', '4@@', '0', 'percent', '.', '</s>']
2026-05-28 00:14:24,136 - INFO - joeynmt.training - 	Source:     Vorig jaar liet ik deze twee dia &apos; s zien om aan te tonen dat de poolijskap , die de afgelopen drie miljoen jaar ongeveer de grootte had van het vasteland van de VS , met 40 % gekrompen was .
2026-05-28 00:14:24,136 - INFO - joeynmt.training - 	Reference:  Last year I showed these two slides so that demonstrate that the arctic ice cap , which for most of the last three million years has been the size of the lower 48 states , has shrunk by 40 percent .
2026-05-28 00:14:24,136 - INFO - joeynmt.training - 	Hypothesis: And last year , I showed these two slides to show that the poole-like the pool of the United States , which had about the size of the United States , with 40 percent .
2026-05-28 00:14:24,136 - INFO - joeynmt.training - Example #1
2026-05-28 00:14:24,136 - DEBUG - joeynmt.training - 	Tokenized source:     ['Maar', 'dit', 'onder@@', 'sch@@', 'at', 'eigenlijk', 'de', 'er@@', 'n@@', 'st', 'van', 'dit', 'speci@@', 'f@@', 'ieke', 'probleem', 'omdat', 'het', 'niet', 'de', 'di@@', 'kte', 'van', 'het', 'ij@@', 's', 'laat', 'zien', '.']
2026-05-28 00:14:24,136 - DEBUG - joeynmt.training - 	Tokenized reference:  ['But', 'this', 'under@@', 'st@@', 'ates', 'the', 'ser@@', 'i@@', 'ous@@', 'ness', 'of', 'this', 'parti@@', 'cu@@', 'lar', 'problem', 'because', 'it', 'doesn', '&apos;t', 'show', 'the', 'th@@', 'ic@@', 'k@@', 'ness', 'of', 'the', 'ice', '.']
2026-05-28 00:14:24,136 - DEBUG - joeynmt.training - 	Tokenized hypothesis: ['But', 'this', 'is', 'actually', 'the', 'n@@', 'ice', 'of', 'this', 'parti@@', 'cu@@', 'lar', 'problem', 'because', 'it', 'doesn', '&apos;t', 'show', 'the', 'th@@', 'ick', 'of', 'the', 'ice', 'of', 'the', 'ice', '.', '</s>']
2026-05-28 00:14:24,136 - INFO - joeynmt.training - 	Source:     Maar dit onderschat eigenlijk de ernst van dit specifieke probleem omdat het niet de dikte van het ijs laat zien .
2026-05-28 00:14:24,137 - INFO - joeynmt.training - 	Reference:  But this understates the seriousness of this particular problem because it doesn &apos;t show the thickness of the ice .
2026-05-28 00:14:24,137 - INFO - joeynmt.training - 	Hypothesis: But this is actually the nice of this particular problem because it doesn &apos;t show the thick of the ice of the ice .
2026-05-28 00:14:24,137 - INFO - joeynmt.training - Example #2
2026-05-28 00:14:24,137 - DEBUG - joeynmt.training - 	Tokenized source:     ['De', 'ij@@', 'sk@@', 'a@@', 'p', 'op', 'de', 'N@@', 'oor@@', 'd@@', 'p@@', 'ool', 'is', 'in', 'ze@@', 'k@@', 'ere', 'z@@', 'in', 'het', 'kl@@', 'op@@', 'p@@', 'end', 'har@@', 't', 'van', 'ons', 'glob@@', 'aal', 'k@@', 'li@@', 'ma@@', 'at@@', 'systeem', '.']
2026-05-28 00:14:24,137 - DEBUG - joeynmt.training - 	Tokenized reference:  ['The', 'ar@@', 'c@@', 'ti@@', 'c', 'ice', 'ca@@', 'p', 'is', ',', 'in', 'a', 'sense', ',', 'the', 'be@@', 'ating', 'he@@', 'art', 'of', 'the', 'glob@@', 'al', 'c@@', 'lim@@', 'ate', 'system', '.']
2026-05-28 00:14:24,137 - DEBUG - joeynmt.training - 	Tokenized hypothesis: ['The', 'ice', 'sk@@', 'a@@', 'p', 'on', 'the', 'N@@', 'or@@', 'th', 'P@@', 'ole', 'is', 'in', 'a', 'cer@@', 'ta@@', 'in', 'sense', ',', 'the', 'c@@', 'lim@@', 'ate', 'system', '.', '</s>']
2026-05-28 00:14:24,137 - INFO - joeynmt.training - 	Source:     De ijskap op de Noordpool is in zekere zin het kloppend hart van ons globaal klimaatsysteem .
2026-05-28 00:14:24,137 - INFO - joeynmt.training - 	Reference:  The arctic ice cap is , in a sense , the beating heart of the global climate system .
2026-05-28 00:14:24,137 - INFO - joeynmt.training - 	Hypothesis: The ice skap on the North Pole is in a certain sense , the climate system .
2026-05-28 00:14:24,137 - INFO - joeynmt.training - Example #3
2026-05-28 00:14:24,137 - DEBUG - joeynmt.training - 	Tokenized source:     ['Het', 'z@@', 'et', 'uit', 'in', 'de', 'win@@', 'ter', 'en', 'k@@', 'ri@@', 'mp@@', 't', 'in', 'de', 'z@@', 'om@@', 'er', '.']
2026-05-28 00:14:24,137 - DEBUG - joeynmt.training - 	Tokenized reference:  ['It', 'exp@@', 'and@@', 's', 'in', 'win@@', 'ter', 'and', 'con@@', 'tr@@', 'ac@@', 'ts', 'in', 'su@@', 'mm@@', 'er', '.']
2026-05-28 00:14:24,137 - DEBUG - joeynmt.training - 	Tokenized hypothesis: ['It', '&apos;s', 'just', 'in', 'the', 'win@@', 'ter', 'and', 'c@@', 'y@@', 'c@@', 'les', 'in', 'the', 'su@@', 'mm@@', 'er', '.', '</s>']
2026-05-28 00:14:24,137 - INFO - joeynmt.training - 	Source:     Het zet uit in de winter en krimpt in de zomer .
2026-05-28 00:14:24,137 - INFO - joeynmt.training - 	Reference:  It expands in winter and contracts in summer .
2026-05-28 00:14:24,137 - INFO - joeynmt.training - 	Hypothesis: It &apos;s just in the winter and cycles in the summer .
2026-05-28 00:14:24,137 - INFO - joeynmt.training - Example #4
2026-05-28 00:14:24,138 - DEBUG - joeynmt.training - 	Tokenized source:     ['De', 'volgende', 'dia', 'die', 'ik', 'laat', 'zien', 'is', 'een', 'vers@@', 'n@@', 'el@@', 'de', 'ver@@', 'sie', 'van', 'wat', 'er', 'de', 'af@@', 'gel@@', 'open', '2@@', '5', 'jaar', 'is', 'gebeur@@', 'd', '.']
2026-05-28 00:14:24,138 - DEBUG - joeynmt.training - 	Tokenized reference:  ['The', 'next', 'sli@@', 'de', 'I', 'show', 'you', 'will', 'be', 'a', 'r@@', 'ap@@', 'id', 'fa@@', 'st@@', '-@@', 'for@@', 'ward', 'of', 'what', '&apos;s', 'happened', 'over', 'the', 'last', '2@@', '5', 'years', '.']
2026-05-28 00:14:24,138 - DEBUG - joeynmt.training - 	Tokenized hypothesis: ['The', 'next', 'sli@@', 'de', 'I', 'sho@@', 'ws', 'is', 'a', 'ac@@', 'cel@@', 'er@@', 'ated', 'ver@@', 'sion', 'of', 'what', 'happened', 'in', 'the', 'last', '2@@', '5', 'years', '.', '</s>']
2026-05-28 00:14:24,138 - INFO - joeynmt.training - 	Source:     De volgende dia die ik laat zien is een versnelde versie van wat er de afgelopen 25 jaar is gebeurd .
2026-05-28 00:14:24,138 - INFO - joeynmt.training - 	Reference:  The next slide I show you will be a rapid fast-forward of what &apos;s happened over the last 25 years .
2026-05-28 00:14:24,138 - INFO - joeynmt.training - 	Hypothesis: The next slide I shows is a accelerated version of what happened in the last 25 years .
2026-05-28 00:14:36,996 - INFO - joeynmt.training - Epoch   9, Step:    32600, Batch Loss:     1.257259, Batch Acc: 0.648714, Tokens per Sec:     5776, Lr: 0.000300
2026-05-28 00:14:48,809 - INFO - joeynmt.training - Epoch   9, Step:    32700, Batch Loss:     1.164440, Batch Acc: 0.651917, Tokens per Sec:     6541, Lr: 0.000300
2026-05-28 00:15:01,302 - INFO - joeynmt.training - Epoch   9, Step:    32800, Batch Loss:     1.342922, Batch Acc: 0.647780, Tokens per Sec:     5980, Lr: 0.000300
2026-05-28 00:15:14,970 - INFO - joeynmt.training - Epoch   9, Step:    32900, Batch Loss:     1.116094, Batch Acc: 0.644561, Tokens per Sec:     5500, Lr: 0.000300
2026-05-28 00:15:27,726 - INFO - joeynmt.training - Epoch   9, Step:    33000, Batch Loss:     1.195153, Batch Acc: 0.650961, Tokens per Sec:     5917, Lr: 0.000300
2026-05-28 00:15:27,727 - WARNING - joeynmt.helpers - `alpha` option is obsolete. Please use `beam_alpha`, instead.
2026-05-28 00:15:27,727 - INFO - joeynmt.prediction - Predicting 1003 example(s)... (Greedy decoding with min_output_length=1, max_output_length=-1, return_prob='none', generate_unk=True, repetition_penalty=-1, no_repeat_ngram_size=-1)
2026-05-28 00:15:56,279 - INFO - joeynmt.prediction - Evaluation result (greedy) loss:   1.65, ppl:   5.19, acc:   0.54, generation: 28.5425[sec], evaluation: 0.0000[sec]
2026-05-28 00:15:56,281 - INFO - joeynmt.training - Hooray! New best validation result [ppl]!
2026-05-28 00:15:56,405 - INFO - joeynmt.helpers - delete models/tf_bpe_2000_nl_en/32500.ckpt
2026-05-28 00:15:56,406 - INFO - joeynmt.training - Example #0
2026-05-28 00:15:56,406 - DEBUG - joeynmt.training - 	Tokenized source:     ['V@@', 'or@@', 'ig', 'jaar', 'li@@', 'et', 'ik', 'deze', 'twee', 'dia', '&apos;', 's', 'zien', 'om', 'aan', 'te', 't@@', 'onen', 'dat', 'de', 'p@@', 'oo@@', 'lij@@', 'sk@@', 'a@@', 'p', ',', 'die', 'de', 'af@@', 'gel@@', 'open', 'drie', 'miljoen', 'jaar', 'ongeveer', 'de', 'groot@@', 'te', 'had', 'van', 'het', 'va@@', 'stel@@', 'and', 'van', 'de', 'V@@', 'S', ',', 'met', '4@@', '0', '%', 'ge@@', 'k@@', 'r@@', 'om@@', 'pen', 'was', '.']
2026-05-28 00:15:56,406 - DEBUG - joeynmt.training - 	Tokenized reference:  ['La@@', 'st', 'year', 'I', 'sho@@', 'w@@', 'ed', 'these', 'two', 'sli@@', 'des', 'so', 'that', 'de@@', 'mon@@', 'str@@', 'ate', 'that', 'the', 'ar@@', 'c@@', 'ti@@', 'c', 'ice', 'ca@@', 'p', ',', 'which', 'for', 'most', 'of', 'the', 'last', 'three', 'million', 'years', 'has', 'been', 'the', 'si@@', 'ze', 'of', 'the', 'lo@@', 'wer', '4@@', '8', 'st@@', 'ates', ',', 'has', 'sh@@', 'r@@', 'un@@', 'k', 'by', '4@@', '0', 'percent', '.']
2026-05-28 00:15:56,406 - DEBUG - joeynmt.training - 	Tokenized hypothesis: ['La@@', 'st', 'year', ',', 'I', 'le@@', 'ft', 'these', 'two', 'sli@@', 'des', 'to', 'see', 'that', 'the', 'p@@', 'oo@@', 'l', 'a@@', 'p', ',', 'which', 'was', 'about', 'the', 'P@@', 'op@@', 'e', 'for', 'three', 'million', 'years', ',', 'the', 'si@@', 'ze', 'of', 'the', 'U@@', 'n@@', 'ited', 'St@@', 'ates', ',', 'with', '4@@', '0', 'percent', 'of', 'the', 'U@@', 'n@@', 'ited', 'St@@', 'ates', ',', 'with', '4@@', '0', 'percent', '.', '</s>']
2026-05-28 00:15:56,406 - INFO - joeynmt.training - 	Source:     Vorig jaar liet ik deze twee dia &apos; s zien om aan te tonen dat de poolijskap , die de afgelopen drie miljoen jaar ongeveer de grootte had van het vasteland van de VS , met 40 % gekrompen was .
2026-05-28 00:15:56,406 - INFO - joeynmt.training - 	Reference:  Last year I showed these two slides so that demonstrate that the arctic ice cap , which for most of the last three million years has been the size of the lower 48 states , has shrunk by 40 percent .
2026-05-28 00:15:56,406 - INFO - joeynmt.training - 	Hypothesis: Last year , I left these two slides to see that the pool ap , which was about the Pope for three million years , the size of the United States , with 40 percent of the United States , with 40 percent .
2026-05-28 00:15:56,406 - INFO - joeynmt.training - Example #1
2026-05-28 00:15:56,406 - DEBUG - joeynmt.training - 	Tokenized source:     ['Maar', 'dit', 'onder@@', 'sch@@', 'at', 'eigenlijk', 'de', 'er@@', 'n@@', 'st', 'van', 'dit', 'speci@@', 'f@@', 'ieke', 'probleem', 'omdat', 'het', 'niet', 'de', 'di@@', 'kte', 'van', 'het', 'ij@@', 's', 'laat', 'zien', '.']
2026-05-28 00:15:56,406 - DEBUG - joeynmt.training - 	Tokenized reference:  ['But', 'this', 'under@@', 'st@@', 'ates', 'the', 'ser@@', 'i@@', 'ous@@', 'ness', 'of', 'this', 'parti@@', 'cu@@', 'lar', 'problem', 'because', 'it', 'doesn', '&apos;t', 'show', 'the', 'th@@', 'ic@@', 'k@@', 'ness', 'of', 'the', 'ice', '.']
2026-05-28 00:15:56,406 - DEBUG - joeynmt.training - 	Tokenized hypothesis: ['But', 'this', 'is', 'actually', 'the', 'di@@', 'st@@', 'ing@@', 'u@@', 'ish', 'of', 'this', 'speci@@', 'f@@', 'ic', 'problem', 'because', 'it', '&apos;s', 'not', 'the', 'di@@', 'se@@', 'ase', 'of', 'the', 'ice', '.', '</s>']
2026-05-28 00:15:56,407 - INFO - joeynmt.training - 	Source:     Maar dit onderschat eigenlijk de ernst van dit specifieke probleem omdat het niet de dikte van het ijs laat zien .
2026-05-28 00:15:56,407 - INFO - joeynmt.training - 	Reference:  But this understates the seriousness of this particular problem because it doesn &apos;t show the thickness of the ice .
2026-05-28 00:15:56,407 - INFO - joeynmt.training - 	Hypothesis: But this is actually the distinguish of this specific problem because it &apos;s not the disease of the ice .
2026-05-28 00:15:56,407 - INFO - joeynmt.training - Example #2
2026-05-28 00:15:56,407 - DEBUG - joeynmt.training - 	Tokenized source:     ['De', 'ij@@', 'sk@@', 'a@@', 'p', 'op', 'de', 'N@@', 'oor@@', 'd@@', 'p@@', 'ool', 'is', 'in', 'ze@@', 'k@@', 'ere', 'z@@', 'in', 'het', 'kl@@', 'op@@', 'p@@', 'end', 'har@@', 't', 'van', 'ons', 'glob@@', 'aal', 'k@@', 'li@@', 'ma@@', 'at@@', 'systeem', '.']
2026-05-28 00:15:56,407 - DEBUG - joeynmt.training - 	Tokenized reference:  ['The', 'ar@@', 'c@@', 'ti@@', 'c', 'ice', 'ca@@', 'p', 'is', ',', 'in', 'a', 'sense', ',', 'the', 'be@@', 'ating', 'he@@', 'art', 'of', 'the', 'glob@@', 'al', 'c@@', 'lim@@', 'ate', 'system', '.']
2026-05-28 00:15:56,407 - DEBUG - joeynmt.training - 	Tokenized hypothesis: ['The', 'ice', 'sk@@', 'in', 'on', 'the', 'N@@', 'or@@', 'th', 'P@@', 'ole', 'is', 'in', 'a', 'cer@@', 'ta@@', 'in', 'sense', ',', 'the', 'cu@@', 'tting', 'he@@', 'art', 'of', 'our', 'glob@@', 'al', 'c@@', 'lim@@', 'ate', 'system', '.', '</s>']
2026-05-28 00:15:56,407 - INFO - joeynmt.training - 	Source:     De ijskap op de Noordpool is in zekere zin het kloppend hart van ons globaal klimaatsysteem .
2026-05-28 00:15:56,407 - INFO - joeynmt.training - 	Reference:  The arctic ice cap is , in a sense , the beating heart of the global climate system .
2026-05-28 00:15:56,407 - INFO - joeynmt.training - 	Hypothesis: The ice skin on the North Pole is in a certain sense , the cutting heart of our global climate system .
2026-05-28 00:15:56,407 - INFO - joeynmt.training - Example #3
2026-05-28 00:15:56,407 - DEBUG - joeynmt.training - 	Tokenized source:     ['Het', 'z@@', 'et', 'uit', 'in', 'de', 'win@@', 'ter', 'en', 'k@@', 'ri@@', 'mp@@', 't', 'in', 'de', 'z@@', 'om@@', 'er', '.']
2026-05-28 00:15:56,407 - DEBUG - joeynmt.training - 	Tokenized reference:  ['It', 'exp@@', 'and@@', 's', 'in', 'win@@', 'ter', 'and', 'con@@', 'tr@@', 'ac@@', 'ts', 'in', 'su@@', 'mm@@', 'er', '.']
2026-05-28 00:15:56,407 - DEBUG - joeynmt.training - 	Tokenized hypothesis: ['It', '&apos;s', 'in', 'the', 'win@@', 'ter', 'and', 'cr@@', 'y@@', 'mp@@', 's', 'in', 'the', 'su@@', 'mm@@', 'er', '.', '</s>']
2026-05-28 00:15:56,408 - INFO - joeynmt.training - 	Source:     Het zet uit in de winter en krimpt in de zomer .
2026-05-28 00:15:56,408 - INFO - joeynmt.training - 	Reference:  It expands in winter and contracts in summer .
2026-05-28 00:15:56,408 - INFO - joeynmt.training - 	Hypothesis: It &apos;s in the winter and crymps in the summer .
2026-05-28 00:15:56,408 - INFO - joeynmt.training - Example #4
2026-05-28 00:15:56,408 - DEBUG - joeynmt.training - 	Tokenized source:     ['De', 'volgende', 'dia', 'die', 'ik', 'laat', 'zien', 'is', 'een', 'vers@@', 'n@@', 'el@@', 'de', 'ver@@', 'sie', 'van', 'wat', 'er', 'de', 'af@@', 'gel@@', 'open', '2@@', '5', 'jaar', 'is', 'gebeur@@', 'd', '.']
2026-05-28 00:15:56,408 - DEBUG - joeynmt.training - 	Tokenized reference:  ['The', 'next', 'sli@@', 'de', 'I', 'show', 'you', 'will', 'be', 'a', 'r@@', 'ap@@', 'id', 'fa@@', 'st@@', '-@@', 'for@@', 'ward', 'of', 'what', '&apos;s', 'happened', 'over', 'the', 'last', '2@@', '5', 'years', '.']
2026-05-28 00:15:56,408 - DEBUG - joeynmt.training - 	Tokenized hypothesis: ['The', 'next', 'sli@@', 'de', 'I', '&apos;m', 'sho@@', 'wing', 'is', 'a', 'ac@@', 'cel@@', 'er@@', 'ated', 'ver@@', 'sion', 'of', 'what', 'was', 'happen@@', 'ing', 'for', 'the', 'last', '2@@', '5', 'years', '.', '</s>']
2026-05-28 00:15:56,408 - INFO - joeynmt.training - 	Source:     De volgende dia die ik laat zien is een versnelde versie van wat er de afgelopen 25 jaar is gebeurd .
2026-05-28 00:15:56,408 - INFO - joeynmt.training - 	Reference:  The next slide I show you will be a rapid fast-forward of what &apos;s happened over the last 25 years .
2026-05-28 00:15:56,408 - INFO - joeynmt.training - 	Hypothesis: The next slide I &apos;m showing is a accelerated version of what was happening for the last 25 years .
2026-05-28 00:16:08,747 - INFO - joeynmt.training - Epoch   9, Step:    33100, Batch Loss:     1.331049, Batch Acc: 0.650265, Tokens per Sec:     6045, Lr: 0.000300
2026-05-28 00:16:21,269 - INFO - joeynmt.training - Epoch   9, Step:    33200, Batch Loss:     0.981752, Batch Acc: 0.646347, Tokens per Sec:     6121, Lr: 0.000300
2026-05-28 00:16:33,051 - INFO - joeynmt.training - Epoch   9, Step:    33300, Batch Loss:     1.186240, Batch Acc: 0.644279, Tokens per Sec:     6362, Lr: 0.000300
2026-05-28 00:16:45,288 - INFO - joeynmt.training - Epoch   9, Step:    33400, Batch Loss:     1.349224, Batch Acc: 0.642468, Tokens per Sec:     5972, Lr: 0.000300
2026-05-28 00:16:57,168 - INFO - joeynmt.training - Epoch   9, Step:    33500, Batch Loss:     1.187358, Batch Acc: 0.648991, Tokens per Sec:     6379, Lr: 0.000300
2026-05-28 00:16:57,169 - WARNING - joeynmt.helpers - `alpha` option is obsolete. Please use `beam_alpha`, instead.
2026-05-28 00:16:57,169 - INFO - joeynmt.prediction - Predicting 1003 example(s)... (Greedy decoding with min_output_length=1, max_output_length=-1, return_prob='none', generate_unk=True, repetition_penalty=-1, no_repeat_ngram_size=-1)
2026-05-28 00:17:24,342 - INFO - joeynmt.prediction - Evaluation result (greedy) loss:   1.64, ppl:   5.14, acc:   0.54, generation: 27.1642[sec], evaluation: 0.0000[sec]
2026-05-28 00:17:24,343 - INFO - joeynmt.training - Hooray! New best validation result [ppl]!
2026-05-28 00:17:24,461 - INFO - joeynmt.helpers - delete models/tf_bpe_2000_nl_en/31500.ckpt
2026-05-28 00:17:24,461 - INFO - joeynmt.training - Example #0
2026-05-28 00:17:24,462 - DEBUG - joeynmt.training - 	Tokenized source:     ['V@@', 'or@@', 'ig', 'jaar', 'li@@', 'et', 'ik', 'deze', 'twee', 'dia', '&apos;', 's', 'zien', 'om', 'aan', 'te', 't@@', 'onen', 'dat', 'de', 'p@@', 'oo@@', 'lij@@', 'sk@@', 'a@@', 'p', ',', 'die', 'de', 'af@@', 'gel@@', 'open', 'drie', 'miljoen', 'jaar', 'ongeveer', 'de', 'groot@@', 'te', 'had', 'van', 'het', 'va@@', 'stel@@', 'and', 'van', 'de', 'V@@', 'S', ',', 'met', '4@@', '0', '%', 'ge@@', 'k@@', 'r@@', 'om@@', 'pen', 'was', '.']
2026-05-28 00:17:24,462 - DEBUG - joeynmt.training - 	Tokenized reference:  ['La@@', 'st', 'year', 'I', 'sho@@', 'w@@', 'ed', 'these', 'two', 'sli@@', 'des', 'so', 'that', 'de@@', 'mon@@', 'str@@', 'ate', 'that', 'the', 'ar@@', 'c@@', 'ti@@', 'c', 'ice', 'ca@@', 'p', ',', 'which', 'for', 'most', 'of', 'the', 'last', 'three', 'million', 'years', 'has', 'been', 'the', 'si@@', 'ze', 'of', 'the', 'lo@@', 'wer', '4@@', '8', 'st@@', 'ates', ',', 'has', 'sh@@', 'r@@', 'un@@', 'k', 'by', '4@@', '0', 'percent', '.']
2026-05-28 00:17:24,462 - DEBUG - joeynmt.training - 	Tokenized hypothesis: ['And', 'last', 'year', 'I', 'le@@', 'ft', 'these', 'two', 'sli@@', 'des', 'to', 'show', 'that', 'the', 'p@@', 'oo@@', 'b@@', 'y@@', '-@@', 'sh@@', 'ap@@', 'e', ',', 'which', 'was', 'the', 'pa@@', 'st', 'for', 'for', 'three', 'million', 'years', ',', 'the', 'ma@@', 'g@@', 'n@@', 'itu@@', 'de', 'had', 'about', 'the', 'ma@@', 'g@@', 'n@@', 'itu@@', 'de', 'of', 'the', 'U@@', 'n@@', 'ited', 'St@@', 'ates', ',', 'with', '4@@', '0', 'percent', 'of', 'the', 'U@@', 'n@@', 'ited', 'St@@', 'ates', ',', 'with', '4@@', '0', 'percent', '.', '</s>']
2026-05-28 00:17:24,462 - INFO - joeynmt.training - 	Source:     Vorig jaar liet ik deze twee dia &apos; s zien om aan te tonen dat de poolijskap , die de afgelopen drie miljoen jaar ongeveer de grootte had van het vasteland van de VS , met 40 % gekrompen was .
2026-05-28 00:17:24,462 - INFO - joeynmt.training - 	Reference:  Last year I showed these two slides so that demonstrate that the arctic ice cap , which for most of the last three million years has been the size of the lower 48 states , has shrunk by 40 percent .
2026-05-28 00:17:24,462 - INFO - joeynmt.training - 	Hypothesis: And last year I left these two slides to show that the pooby-shape , which was the past for for three million years , the magnitude had about the magnitude of the United States , with 40 percent of the United States , with 40 percent .
2026-05-28 00:17:24,462 - INFO - joeynmt.training - Example #1
2026-05-28 00:17:24,462 - DEBUG - joeynmt.training - 	Tokenized source:     ['Maar', 'dit', 'onder@@', 'sch@@', 'at', 'eigenlijk', 'de', 'er@@', 'n@@', 'st', 'van', 'dit', 'speci@@', 'f@@', 'ieke', 'probleem', 'omdat', 'het', 'niet', 'de', 'di@@', 'kte', 'van', 'het', 'ij@@', 's', 'laat', 'zien', '.']
2026-05-28 00:17:24,462 - DEBUG - joeynmt.training - 	Tokenized reference:  ['But', 'this', 'under@@', 'st@@', 'ates', 'the', 'ser@@', 'i@@', 'ous@@', 'ness', 'of', 'this', 'parti@@', 'cu@@', 'lar', 'problem', 'because', 'it', 'doesn', '&apos;t', 'show', 'the', 'th@@', 'ic@@', 'k@@', 'ness', 'of', 'the', 'ice', '.']
2026-05-28 00:17:24,462 - DEBUG - joeynmt.training - 	Tokenized hypothesis: ['But', 'this', 'under@@', 'est@@', 'im@@', 'ate', 'actually', ',', 'the', 'ser@@', 'i@@', 'ous', 'problem', 'because', 'it', 'doesn', '&apos;t', 'show', 'the', 'di@@', 'se@@', 'ase', 'of', 'the', 'ice', '.', '</s>']
2026-05-28 00:17:24,462 - INFO - joeynmt.training - 	Source:     Maar dit onderschat eigenlijk de ernst van dit specifieke probleem omdat het niet de dikte van het ijs laat zien .
2026-05-28 00:17:24,462 - INFO - joeynmt.training - 	Reference:  But this understates the seriousness of this particular problem because it doesn &apos;t show the thickness of the ice .
2026-05-28 00:17:24,462 - INFO - joeynmt.training - 	Hypothesis: But this underestimate actually , the serious problem because it doesn &apos;t show the disease of the ice .
2026-05-28 00:17:24,463 - INFO - joeynmt.training - Example #2
2026-05-28 00:17:24,463 - DEBUG - joeynmt.training - 	Tokenized source:     ['De', 'ij@@', 'sk@@', 'a@@', 'p', 'op', 'de', 'N@@', 'oor@@', 'd@@', 'p@@', 'ool', 'is', 'in', 'ze@@', 'k@@', 'ere', 'z@@', 'in', 'het', 'kl@@', 'op@@', 'p@@', 'end', 'har@@', 't', 'van', 'ons', 'glob@@', 'aal', 'k@@', 'li@@', 'ma@@', 'at@@', 'systeem', '.']
2026-05-28 00:17:24,463 - DEBUG - joeynmt.training - 	Tokenized reference:  ['The', 'ar@@', 'c@@', 'ti@@', 'c', 'ice', 'ca@@', 'p', 'is', ',', 'in', 'a', 'sense', ',', 'the', 'be@@', 'ating', 'he@@', 'art', 'of', 'the', 'glob@@', 'al', 'c@@', 'lim@@', 'ate', 'system', '.']
2026-05-28 00:17:24,463 - DEBUG - joeynmt.training - 	Tokenized hypothesis: ['The', 'I@@', 'D@@', 'C@@', 'a@@', 'p', 'is', 'in', 'a', 'cer@@', 'ta@@', 'in', 'sense', 'of', 'the', 'N@@', 'or@@', 'th', 'P@@', 'ole', 'is', 'in', 'a', 'sense', 'of', 'the', 'c@@', 'lim@@', 'ate', 'system', '.', '</s>']
2026-05-28 00:17:24,463 - INFO - joeynmt.training - 	Source:     De ijskap op de Noordpool is in zekere zin het kloppend hart van ons globaal klimaatsysteem .
2026-05-28 00:17:24,463 - INFO - joeynmt.training - 	Reference:  The arctic ice cap is , in a sense , the beating heart of the global climate system .
2026-05-28 00:17:24,463 - INFO - joeynmt.training - 	Hypothesis: The IDCap is in a certain sense of the North Pole is in a sense of the climate system .
2026-05-28 00:17:24,463 - INFO - joeynmt.training - Example #3
2026-05-28 00:17:24,463 - DEBUG - joeynmt.training - 	Tokenized source:     ['Het', 'z@@', 'et', 'uit', 'in', 'de', 'win@@', 'ter', 'en', 'k@@', 'ri@@', 'mp@@', 't', 'in', 'de', 'z@@', 'om@@', 'er', '.']
2026-05-28 00:17:24,463 - DEBUG - joeynmt.training - 	Tokenized reference:  ['It', 'exp@@', 'and@@', 's', 'in', 'win@@', 'ter', 'and', 'con@@', 'tr@@', 'ac@@', 'ts', 'in', 'su@@', 'mm@@', 'er', '.']
2026-05-28 00:17:24,463 - DEBUG - joeynmt.training - 	Tokenized hypothesis: ['It', '&apos;s', 'in', 'the', 'win@@', 'ter', 'and', 'the', 'cr@@', 'y@@', 'mp@@', 's', 'in', 'the', 'su@@', 'mm@@', 'er', '.', '</s>']
2026-05-28 00:17:24,463 - INFO - joeynmt.training - 	Source:     Het zet uit in de winter en krimpt in de zomer .
2026-05-28 00:17:24,463 - INFO - joeynmt.training - 	Reference:  It expands in winter and contracts in summer .
2026-05-28 00:17:24,463 - INFO - joeynmt.training - 	Hypothesis: It &apos;s in the winter and the crymps in the summer .
2026-05-28 00:17:24,463 - INFO - joeynmt.training - Example #4
2026-05-28 00:17:24,464 - DEBUG - joeynmt.training - 	Tokenized source:     ['De', 'volgende', 'dia', 'die', 'ik', 'laat', 'zien', 'is', 'een', 'vers@@', 'n@@', 'el@@', 'de', 'ver@@', 'sie', 'van', 'wat', 'er', 'de', 'af@@', 'gel@@', 'open', '2@@', '5', 'jaar', 'is', 'gebeur@@', 'd', '.']
2026-05-28 00:17:24,464 - DEBUG - joeynmt.training - 	Tokenized reference:  ['The', 'next', 'sli@@', 'de', 'I', 'show', 'you', 'will', 'be', 'a', 'r@@', 'ap@@', 'id', 'fa@@', 'st@@', '-@@', 'for@@', 'ward', 'of', 'what', '&apos;s', 'happened', 'over', 'the', 'last', '2@@', '5', 'years', '.']
2026-05-28 00:17:24,464 - DEBUG - joeynmt.training - 	Tokenized hypothesis: ['The', 'next', 'sli@@', 'de', 'I', 'sho@@', 'ws', 'is', 'a', 'ac@@', 'cel@@', 'er@@', 'ated', 'ver@@', 'sion', 'of', 'what', 'was', 'happen@@', 'ing', 'is', 'the', 'last', '2@@', '5', 'years', '.', '</s>']
2026-05-28 00:17:24,464 - INFO - joeynmt.training - 	Source:     De volgende dia die ik laat zien is een versnelde versie van wat er de afgelopen 25 jaar is gebeurd .
2026-05-28 00:17:24,464 - INFO - joeynmt.training - 	Reference:  The next slide I show you will be a rapid fast-forward of what &apos;s happened over the last 25 years .
2026-05-28 00:17:24,464 - INFO - joeynmt.training - 	Hypothesis: The next slide I shows is a accelerated version of what was happening is the last 25 years .
2026-05-28 00:17:36,883 - INFO - joeynmt.training - Epoch   9, Step:    33600, Batch Loss:     1.190598, Batch Acc: 0.643221, Tokens per Sec:     6023, Lr: 0.000300
2026-05-28 00:17:48,615 - INFO - joeynmt.training - Epoch   9, Step:    33700, Batch Loss:     1.277171, Batch Acc: 0.645901, Tokens per Sec:     6468, Lr: 0.000300
2026-05-28 00:18:00,581 - INFO - joeynmt.training - Epoch   9, Step:    33800, Batch Loss:     1.213308, Batch Acc: 0.645306, Tokens per Sec:     6533, Lr: 0.000300
2026-05-28 00:18:12,809 - INFO - joeynmt.training - Epoch   9, Step:    33900, Batch Loss:     1.258279, Batch Acc: 0.642223, Tokens per Sec:     6191, Lr: 0.000300
2026-05-28 00:18:25,188 - INFO - joeynmt.training - Epoch   9, Step:    34000, Batch Loss:     1.247817, Batch Acc: 0.644108, Tokens per Sec:     6153, Lr: 0.000300
2026-05-28 00:18:25,188 - WARNING - joeynmt.helpers - `alpha` option is obsolete. Please use `beam_alpha`, instead.
2026-05-28 00:18:25,189 - INFO - joeynmt.prediction - Predicting 1003 example(s)... (Greedy decoding with min_output_length=1, max_output_length=-1, return_prob='none', generate_unk=True, repetition_penalty=-1, no_repeat_ngram_size=-1)
2026-05-28 00:18:50,896 - INFO - joeynmt.prediction - Evaluation result (greedy) loss:   1.64, ppl:   5.16, acc:   0.54, generation: 25.6979[sec], evaluation: 0.0000[sec]
2026-05-28 00:18:51,012 - INFO - joeynmt.helpers - delete models/tf_bpe_2000_nl_en/30500.ckpt
2026-05-28 00:18:51,012 - INFO - joeynmt.training - Example #0
2026-05-28 00:18:51,012 - DEBUG - joeynmt.training - 	Tokenized source:     ['V@@', 'or@@', 'ig', 'jaar', 'li@@', 'et', 'ik', 'deze', 'twee', 'dia', '&apos;', 's', 'zien', 'om', 'aan', 'te', 't@@', 'onen', 'dat', 'de', 'p@@', 'oo@@', 'lij@@', 'sk@@', 'a@@', 'p', ',', 'die', 'de', 'af@@', 'gel@@', 'open', 'drie', 'miljoen', 'jaar', 'ongeveer', 'de', 'groot@@', 'te', 'had', 'van', 'het', 'va@@', 'stel@@', 'and', 'van', 'de', 'V@@', 'S', ',', 'met', '4@@', '0', '%', 'ge@@', 'k@@', 'r@@', 'om@@', 'pen', 'was', '.']
2026-05-28 00:18:51,012 - DEBUG - joeynmt.training - 	Tokenized reference:  ['La@@', 'st', 'year', 'I', 'sho@@', 'w@@', 'ed', 'these', 'two', 'sli@@', 'des', 'so', 'that', 'de@@', 'mon@@', 'str@@', 'ate', 'that', 'the', 'ar@@', 'c@@', 'ti@@', 'c', 'ice', 'ca@@', 'p', ',', 'which', 'for', 'most', 'of', 'the', 'last', 'three', 'million', 'years', 'has', 'been', 'the', 'si@@', 'ze', 'of', 'the', 'lo@@', 'wer', '4@@', '8', 'st@@', 'ates', ',', 'has', 'sh@@', 'r@@', 'un@@', 'k', 'by', '4@@', '0', 'percent', '.']
2026-05-28 00:18:51,012 - DEBUG - joeynmt.training - 	Tokenized hypothesis: ['La@@', 'st', 'year', ',', 'I', 'sho@@', 'w@@', 'ed', 'these', 'two', 'sli@@', 'des', 'to', 'show', 'that', 'the', 'P@@', 'o@@', 'li@@', 'ce', ',', 'which', 'was', 'the', 'pa@@', 'st', 'three', 'million', 'years', 'of', 'the', 'ma@@', 'g@@', 'n@@', 'itu@@', 'de', 'had', 'about', 'the', 'si@@', 'ze', 'of', 'the', 'U@@', '.@@', 'S@@', '.', ',', 'with', '4@@', '0', 'percent', 'of', 'the', 'U@@', '.@@', 'S@@', '.', ',', 'with', '4@@', '0', 'percent', 'of', 'the', 'U@@', '.@@', 'S@@', '.', ',', 'with', '4@@', '0', 'percent', 'of', 'the', 'U@@', '.@@', 'S@@', '.', ',', 'with', '4@@', '0', 'percent', 'of', 'the', 'va@@', 'st@@', 'ly', '.', '</s>']
2026-05-28 00:18:51,013 - INFO - joeynmt.training - 	Source:     Vorig jaar liet ik deze twee dia &apos; s zien om aan te tonen dat de poolijskap , die de afgelopen drie miljoen jaar ongeveer de grootte had van het vasteland van de VS , met 40 % gekrompen was .
2026-05-28 00:18:51,013 - INFO - joeynmt.training - 	Reference:  Last year I showed these two slides so that demonstrate that the arctic ice cap , which for most of the last three million years has been the size of the lower 48 states , has shrunk by 40 percent .
2026-05-28 00:18:51,013 - INFO - joeynmt.training - 	Hypothesis: Last year , I showed these two slides to show that the Police , which was the past three million years of the magnitude had about the size of the U.S. , with 40 percent of the U.S. , with 40 percent of the U.S. , with 40 percent of the U.S. , with 40 percent of the vastly .
2026-05-28 00:18:51,013 - INFO - joeynmt.training - Example #1
2026-05-28 00:18:51,013 - DEBUG - joeynmt.training - 	Tokenized source:     ['Maar', 'dit', 'onder@@', 'sch@@', 'at', 'eigenlijk', 'de', 'er@@', 'n@@', 'st', 'van', 'dit', 'speci@@', 'f@@', 'ieke', 'probleem', 'omdat', 'het', 'niet', 'de', 'di@@', 'kte', 'van', 'het', 'ij@@', 's', 'laat', 'zien', '.']
2026-05-28 00:18:51,013 - DEBUG - joeynmt.training - 	Tokenized reference:  ['But', 'this', 'under@@', 'st@@', 'ates', 'the', 'ser@@', 'i@@', 'ous@@', 'ness', 'of', 'this', 'parti@@', 'cu@@', 'lar', 'problem', 'because', 'it', 'doesn', '&apos;t', 'show', 'the', 'th@@', 'ic@@', 'k@@', 'ness', 'of', 'the', 'ice', '.']
2026-05-28 00:18:51,013 - DEBUG - joeynmt.training - 	Tokenized hypothesis: ['But', 'this', 'is', 'actually', 'the', 'di@@', 'st@@', 'ant', 'of', 'this', 'parti@@', 'cu@@', 'lar', 'problem', 'because', 'it', 'doesn', '&apos;t', 'show', 'the', 'ice', 'of', 'the', 'ice', '.', '</s>']
2026-05-28 00:18:51,013 - INFO - joeynmt.training - 	Source:     Maar dit onderschat eigenlijk de ernst van dit specifieke probleem omdat het niet de dikte van het ijs laat zien .
2026-05-28 00:18:51,013 - INFO - joeynmt.training - 	Reference:  But this understates the seriousness of this particular problem because it doesn &apos;t show the thickness of the ice .
2026-05-28 00:18:51,013 - INFO - joeynmt.training - 	Hypothesis: But this is actually the distant of this particular problem because it doesn &apos;t show the ice of the ice .
2026-05-28 00:18:51,013 - INFO - joeynmt.training - Example #2
2026-05-28 00:18:51,013 - DEBUG - joeynmt.training - 	Tokenized source:     ['De', 'ij@@', 'sk@@', 'a@@', 'p', 'op', 'de', 'N@@', 'oor@@', 'd@@', 'p@@', 'ool', 'is', 'in', 'ze@@', 'k@@', 'ere', 'z@@', 'in', 'het', 'kl@@', 'op@@', 'p@@', 'end', 'har@@', 't', 'van', 'ons', 'glob@@', 'aal', 'k@@', 'li@@', 'ma@@', 'at@@', 'systeem', '.']
2026-05-28 00:18:51,013 - DEBUG - joeynmt.training - 	Tokenized reference:  ['The', 'ar@@', 'c@@', 'ti@@', 'c', 'ice', 'ca@@', 'p', 'is', ',', 'in', 'a', 'sense', ',', 'the', 'be@@', 'ating', 'he@@', 'art', 'of', 'the', 'glob@@', 'al', 'c@@', 'lim@@', 'ate', 'system', '.']
2026-05-28 00:18:51,013 - DEBUG - joeynmt.training - 	Tokenized hypothesis: ['The', 'ice', 'sk@@', 'ill', 'is', 'in', 'a', 'cer@@', 'ta@@', 'in', 'sense', ',', 'the', 'way', ',', 'is', 'the', 'c@@', 'lim@@', 'ate', 'he@@', 'art', 'of', 'our', 'glob@@', 'al', 'c@@', 'lim@@', 'ate', 'system', '.', '</s>']
2026-05-28 00:18:51,014 - INFO - joeynmt.training - 	Source:     De ijskap op de Noordpool is in zekere zin het kloppend hart van ons globaal klimaatsysteem .
2026-05-28 00:18:51,014 - INFO - joeynmt.training - 	Reference:  The arctic ice cap is , in a sense , the beating heart of the global climate system .
2026-05-28 00:18:51,014 - INFO - joeynmt.training - 	Hypothesis: The ice skill is in a certain sense , the way , is the climate heart of our global climate system .
2026-05-28 00:18:51,014 - INFO - joeynmt.training - Example #3
2026-05-28 00:18:51,014 - DEBUG - joeynmt.training - 	Tokenized source:     ['Het', 'z@@', 'et', 'uit', 'in', 'de', 'win@@', 'ter', 'en', 'k@@', 'ri@@', 'mp@@', 't', 'in', 'de', 'z@@', 'om@@', 'er', '.']
2026-05-28 00:18:51,014 - DEBUG - joeynmt.training - 	Tokenized reference:  ['It', 'exp@@', 'and@@', 's', 'in', 'win@@', 'ter', 'and', 'con@@', 'tr@@', 'ac@@', 'ts', 'in', 'su@@', 'mm@@', 'er', '.']
2026-05-28 00:18:51,014 - DEBUG - joeynmt.training - 	Tokenized hypothesis: ['It', '&apos;s', 'in', 'the', 'win@@', 'ter', 'and', 'the', 'cr@@', 'y@@', 'mp@@', 's', 'in', 'the', 'su@@', 'mm@@', 'er', '.', '</s>']
2026-05-28 00:18:51,014 - INFO - joeynmt.training - 	Source:     Het zet uit in de winter en krimpt in de zomer .
2026-05-28 00:18:51,014 - INFO - joeynmt.training - 	Reference:  It expands in winter and contracts in summer .
2026-05-28 00:18:51,014 - INFO - joeynmt.training - 	Hypothesis: It &apos;s in the winter and the crymps in the summer .
2026-05-28 00:18:51,014 - INFO - joeynmt.training - Example #4
2026-05-28 00:18:51,014 - DEBUG - joeynmt.training - 	Tokenized source:     ['De', 'volgende', 'dia', 'die', 'ik', 'laat', 'zien', 'is', 'een', 'vers@@', 'n@@', 'el@@', 'de', 'ver@@', 'sie', 'van', 'wat', 'er', 'de', 'af@@', 'gel@@', 'open', '2@@', '5', 'jaar', 'is', 'gebeur@@', 'd', '.']
2026-05-28 00:18:51,014 - DEBUG - joeynmt.training - 	Tokenized reference:  ['The', 'next', 'sli@@', 'de', 'I', 'show', 'you', 'will', 'be', 'a', 'r@@', 'ap@@', 'id', 'fa@@', 'st@@', '-@@', 'for@@', 'ward', 'of', 'what', '&apos;s', 'happened', 'over', 'the', 'last', '2@@', '5', 'years', '.']
2026-05-28 00:18:51,014 - DEBUG - joeynmt.training - 	Tokenized hypothesis: ['The', 'next', 'sli@@', 'de', 'I', '&apos;m', 'sho@@', 'wing', 'is', 'a', 'ac@@', 'cel@@', 'er@@', 'ated', 'ver@@', 'sion', 'of', 'what', 'has', 'happened', 'to', 'the', 'last', '2@@', '5', 'years', '.', '</s>']
2026-05-28 00:18:51,015 - INFO - joeynmt.training - 	Source:     De volgende dia die ik laat zien is een versnelde versie van wat er de afgelopen 25 jaar is gebeurd .
2026-05-28 00:18:51,015 - INFO - joeynmt.training - 	Reference:  The next slide I show you will be a rapid fast-forward of what &apos;s happened over the last 25 years .
2026-05-28 00:18:51,015 - INFO - joeynmt.training - 	Hypothesis: The next slide I &apos;m showing is a accelerated version of what has happened to the last 25 years .
2026-05-28 00:19:03,677 - INFO - joeynmt.training - Epoch   9, Step:    34100, Batch Loss:     1.097725, Batch Acc: 0.643078, Tokens per Sec:     5936, Lr: 0.000300
2026-05-28 00:19:16,533 - INFO - joeynmt.training - Epoch   9, Step:    34200, Batch Loss:     1.260262, Batch Acc: 0.644005, Tokens per Sec:     5990, Lr: 0.000300
2026-05-28 00:19:28,494 - INFO - joeynmt.training - Epoch   9, Step:    34300, Batch Loss:     1.199568, Batch Acc: 0.640834, Tokens per Sec:     6336, Lr: 0.000300
2026-05-28 00:19:41,335 - INFO - joeynmt.training - Epoch   9, Step:    34400, Batch Loss:     1.251076, Batch Acc: 0.647308, Tokens per Sec:     6083, Lr: 0.000300
2026-05-28 00:19:53,314 - INFO - joeynmt.training - Epoch   9, Step:    34500, Batch Loss:     1.149573, Batch Acc: 0.645195, Tokens per Sec:     6368, Lr: 0.000300
2026-05-28 00:19:53,314 - WARNING - joeynmt.helpers - `alpha` option is obsolete. Please use `beam_alpha`, instead.
2026-05-28 00:19:53,314 - INFO - joeynmt.prediction - Predicting 1003 example(s)... (Greedy decoding with min_output_length=1, max_output_length=-1, return_prob='none', generate_unk=True, repetition_penalty=-1, no_repeat_ngram_size=-1)
2026-05-28 00:20:19,822 - INFO - joeynmt.prediction - Evaluation result (greedy) loss:   1.63, ppl:   5.13, acc:   0.54, generation: 26.4969[sec], evaluation: 0.0000[sec]
2026-05-28 00:20:19,823 - INFO - joeynmt.training - Hooray! New best validation result [ppl]!
2026-05-28 00:20:19,946 - INFO - joeynmt.helpers - delete models/tf_bpe_2000_nl_en/30000.ckpt
2026-05-28 00:20:19,946 - INFO - joeynmt.training - Example #0
2026-05-28 00:20:19,946 - DEBUG - joeynmt.training - 	Tokenized source:     ['V@@', 'or@@', 'ig', 'jaar', 'li@@', 'et', 'ik', 'deze', 'twee', 'dia', '&apos;', 's', 'zien', 'om', 'aan', 'te', 't@@', 'onen', 'dat', 'de', 'p@@', 'oo@@', 'lij@@', 'sk@@', 'a@@', 'p', ',', 'die', 'de', 'af@@', 'gel@@', 'open', 'drie', 'miljoen', 'jaar', 'ongeveer', 'de', 'groot@@', 'te', 'had', 'van', 'het', 'va@@', 'stel@@', 'and', 'van', 'de', 'V@@', 'S', ',', 'met', '4@@', '0', '%', 'ge@@', 'k@@', 'r@@', 'om@@', 'pen', 'was', '.']
2026-05-28 00:20:19,946 - DEBUG - joeynmt.training - 	Tokenized reference:  ['La@@', 'st', 'year', 'I', 'sho@@', 'w@@', 'ed', 'these', 'two', 'sli@@', 'des', 'so', 'that', 'de@@', 'mon@@', 'str@@', 'ate', 'that', 'the', 'ar@@', 'c@@', 'ti@@', 'c', 'ice', 'ca@@', 'p', ',', 'which', 'for', 'most', 'of', 'the', 'last', 'three', 'million', 'years', 'has', 'been', 'the', 'si@@', 'ze', 'of', 'the', 'lo@@', 'wer', '4@@', '8', 'st@@', 'ates', ',', 'has', 'sh@@', 'r@@', 'un@@', 'k', 'by', '4@@', '0', 'percent', '.']
2026-05-28 00:20:19,946 - DEBUG - joeynmt.training - 	Tokenized hypothesis: ['La@@', 'st', 'year', ',', 'I', 'sho@@', 'w@@', 'ed', 'these', 'two', 'sli@@', 'des', 'to', 'show', 'that', 'the', 'p@@', 'oo@@', 'b@@', 'b@@', 'y@@', '-@@', 'a@@', '-@@', 'su@@', 'e', ',', 'which', 'was', 'about', 'three', 'million', 'years', 'of', 'the', 'ma@@', 'g@@', 'n@@', 'itu@@', 'de', 'had', 'about', 'the', 'si@@', 'ze', 'of', 'the', 'U@@', 'n@@', 'ited', 'St@@', 'ates', ',', 'with', '4@@', '0', 'percent', 'of', 'the', 'U@@', 'n@@', 'ited', 'St@@', 'ates', ',', 'with', '4@@', '0', 'percent', '.', '</s>']
2026-05-28 00:20:19,947 - INFO - joeynmt.training - 	Source:     Vorig jaar liet ik deze twee dia &apos; s zien om aan te tonen dat de poolijskap , die de afgelopen drie miljoen jaar ongeveer de grootte had van het vasteland van de VS , met 40 % gekrompen was .
2026-05-28 00:20:19,947 - INFO - joeynmt.training - 	Reference:  Last year I showed these two slides so that demonstrate that the arctic ice cap , which for most of the last three million years has been the size of the lower 48 states , has shrunk by 40 percent .
2026-05-28 00:20:19,947 - INFO - joeynmt.training - 	Hypothesis: Last year , I showed these two slides to show that the poobby-a-sue , which was about three million years of the magnitude had about the size of the United States , with 40 percent of the United States , with 40 percent .
2026-05-28 00:20:19,947 - INFO - joeynmt.training - Example #1
2026-05-28 00:20:19,947 - DEBUG - joeynmt.training - 	Tokenized source:     ['Maar', 'dit', 'onder@@', 'sch@@', 'at', 'eigenlijk', 'de', 'er@@', 'n@@', 'st', 'van', 'dit', 'speci@@', 'f@@', 'ieke', 'probleem', 'omdat', 'het', 'niet', 'de', 'di@@', 'kte', 'van', 'het', 'ij@@', 's', 'laat', 'zien', '.']
2026-05-28 00:20:19,947 - DEBUG - joeynmt.training - 	Tokenized reference:  ['But', 'this', 'under@@', 'st@@', 'ates', 'the', 'ser@@', 'i@@', 'ous@@', 'ness', 'of', 'this', 'parti@@', 'cu@@', 'lar', 'problem', 'because', 'it', 'doesn', '&apos;t', 'show', 'the', 'th@@', 'ic@@', 'k@@', 'ness', 'of', 'the', 'ice', '.']
2026-05-28 00:20:19,947 - DEBUG - joeynmt.training - 	Tokenized hypothesis: ['But', 'this', 'under@@', 'est@@', 'im@@', 'ated', 'the', 'ser@@', 'i@@', 'ous', 'problem', 'because', 'it', 'doesn', '&apos;t', 'show', 'the', 'ice', 'of', 'the', 'ice', '.', '</s>']
2026-05-28 00:20:19,947 - INFO - joeynmt.training - 	Source:     Maar dit onderschat eigenlijk de ernst van dit specifieke probleem omdat het niet de dikte van het ijs laat zien .
2026-05-28 00:20:19,947 - INFO - joeynmt.training - 	Reference:  But this understates the seriousness of this particular problem because it doesn &apos;t show the thickness of the ice .
2026-05-28 00:20:19,947 - INFO - joeynmt.training - 	Hypothesis: But this underestimated the serious problem because it doesn &apos;t show the ice of the ice .
2026-05-28 00:20:19,947 - INFO - joeynmt.training - Example #2
2026-05-28 00:20:19,947 - DEBUG - joeynmt.training - 	Tokenized source:     ['De', 'ij@@', 'sk@@', 'a@@', 'p', 'op', 'de', 'N@@', 'oor@@', 'd@@', 'p@@', 'ool', 'is', 'in', 'ze@@', 'k@@', 'ere', 'z@@', 'in', 'het', 'kl@@', 'op@@', 'p@@', 'end', 'har@@', 't', 'van', 'ons', 'glob@@', 'aal', 'k@@', 'li@@', 'ma@@', 'at@@', 'systeem', '.']
2026-05-28 00:20:19,947 - DEBUG - joeynmt.training - 	Tokenized reference:  ['The', 'ar@@', 'c@@', 'ti@@', 'c', 'ice', 'ca@@', 'p', 'is', ',', 'in', 'a', 'sense', ',', 'the', 'be@@', 'ating', 'he@@', 'art', 'of', 'the', 'glob@@', 'al', 'c@@', 'lim@@', 'ate', 'system', '.']
2026-05-28 00:20:19,947 - DEBUG - joeynmt.training - 	Tokenized hypothesis: ['The', 'ice', 'sk@@', 'a@@', 'p', 'on', 'the', 'N@@', 'or@@', 'th', 'P@@', 'ole', 'is', 'in', 'a', 'cer@@', 'ta@@', 'in', 'sense', 'sense', 'of', 'our', 'glob@@', 'al', 'c@@', 'lim@@', 'ate', 'system', '.', '</s>']
2026-05-28 00:20:19,948 - INFO - joeynmt.training - 	Source:     De ijskap op de Noordpool is in zekere zin het kloppend hart van ons globaal klimaatsysteem .
2026-05-28 00:20:19,948 - INFO - joeynmt.training - 	Reference:  The arctic ice cap is , in a sense , the beating heart of the global climate system .
2026-05-28 00:20:19,948 - INFO - joeynmt.training - 	Hypothesis: The ice skap on the North Pole is in a certain sense sense of our global climate system .
2026-05-28 00:20:19,948 - INFO - joeynmt.training - Example #3
2026-05-28 00:20:19,948 - DEBUG - joeynmt.training - 	Tokenized source:     ['Het', 'z@@', 'et', 'uit', 'in', 'de', 'win@@', 'ter', 'en', 'k@@', 'ri@@', 'mp@@', 't', 'in', 'de', 'z@@', 'om@@', 'er', '.']
2026-05-28 00:20:19,948 - DEBUG - joeynmt.training - 	Tokenized reference:  ['It', 'exp@@', 'and@@', 's', 'in', 'win@@', 'ter', 'and', 'con@@', 'tr@@', 'ac@@', 'ts', 'in', 'su@@', 'mm@@', 'er', '.']
2026-05-28 00:20:19,948 - DEBUG - joeynmt.training - 	Tokenized hypothesis: ['It', 'was', 'in', 'the', 'win@@', 'ter', 'and', 'cr@@', 'y@@', 'mp@@', 's', 'in', 'the', 'su@@', 'mm@@', 'er', '.', '</s>']
2026-05-28 00:20:19,948 - INFO - joeynmt.training - 	Source:     Het zet uit in de winter en krimpt in de zomer .
2026-05-28 00:20:19,948 - INFO - joeynmt.training - 	Reference:  It expands in winter and contracts in summer .
2026-05-28 00:20:19,948 - INFO - joeynmt.training - 	Hypothesis: It was in the winter and crymps in the summer .
2026-05-28 00:20:19,948 - INFO - joeynmt.training - Example #4
2026-05-28 00:20:19,948 - DEBUG - joeynmt.training - 	Tokenized source:     ['De', 'volgende', 'dia', 'die', 'ik', 'laat', 'zien', 'is', 'een', 'vers@@', 'n@@', 'el@@', 'de', 'ver@@', 'sie', 'van', 'wat', 'er', 'de', 'af@@', 'gel@@', 'open', '2@@', '5', 'jaar', 'is', 'gebeur@@', 'd', '.']
2026-05-28 00:20:19,948 - DEBUG - joeynmt.training - 	Tokenized reference:  ['The', 'next', 'sli@@', 'de', 'I', 'show', 'you', 'will', 'be', 'a', 'r@@', 'ap@@', 'id', 'fa@@', 'st@@', '-@@', 'for@@', 'ward', 'of', 'what', '&apos;s', 'happened', 'over', 'the', 'last', '2@@', '5', 'years', '.']
2026-05-28 00:20:19,948 - DEBUG - joeynmt.training - 	Tokenized hypothesis: ['The', 'next', 'sli@@', 'de', 'I', 'show', 'is', 'a', 'ac@@', 'cel@@', 'er@@', 'ated', 'ver@@', 'sion', 'of', 'what', 'happened', 'in', 'the', 'last', '2@@', '5', 'years', '.', '</s>']
2026-05-28 00:20:19,949 - INFO - joeynmt.training - 	Source:     De volgende dia die ik laat zien is een versnelde versie van wat er de afgelopen 25 jaar is gebeurd .
2026-05-28 00:20:19,949 - INFO - joeynmt.training - 	Reference:  The next slide I show you will be a rapid fast-forward of what &apos;s happened over the last 25 years .
2026-05-28 00:20:19,949 - INFO - joeynmt.training - 	Hypothesis: The next slide I show is a accelerated version of what happened in the last 25 years .
2026-05-28 00:20:32,045 - INFO - joeynmt.training - Epoch   9, Step:    34600, Batch Loss:     1.164790, Batch Acc: 0.645401, Tokens per Sec:     6230, Lr: 0.000300
2026-05-28 00:20:45,106 - INFO - joeynmt.training - Epoch   9, Step:    34700, Batch Loss:     1.152463, Batch Acc: 0.644301, Tokens per Sec:     5642, Lr: 0.000300
2026-05-28 00:20:56,912 - INFO - joeynmt.training - Epoch   9, Step:    34800, Batch Loss:     1.123616, Batch Acc: 0.641841, Tokens per Sec:     6524, Lr: 0.000300
2026-05-28 00:21:08,340 - INFO - joeynmt.training - Epoch   9: total training loss 4730.72
2026-05-28 00:21:08,340 - INFO - joeynmt.training - EPOCH 10
2026-05-28 00:21:09,229 - INFO - joeynmt.training - Epoch  10, Step:    34900, Batch Loss:     1.083913, Batch Acc: 0.687388, Tokens per Sec:     6942, Lr: 0.000300
2026-05-28 00:21:21,045 - INFO - joeynmt.training - Epoch  10, Step:    35000, Batch Loss:     1.287904, Batch Acc: 0.668316, Tokens per Sec:     6380, Lr: 0.000300
2026-05-28 00:21:21,046 - WARNING - joeynmt.helpers - `alpha` option is obsolete. Please use `beam_alpha`, instead.
2026-05-28 00:21:21,046 - INFO - joeynmt.prediction - Predicting 1003 example(s)... (Greedy decoding with min_output_length=1, max_output_length=-1, return_prob='none', generate_unk=True, repetition_penalty=-1, no_repeat_ngram_size=-1)
2026-05-28 00:21:46,607 - INFO - joeynmt.prediction - Evaluation result (greedy) loss:   1.64, ppl:   5.16, acc:   0.54, generation: 25.5503[sec], evaluation: 0.0000[sec]
2026-05-28 00:21:46,724 - INFO - joeynmt.helpers - delete models/tf_bpe_2000_nl_en/31000.ckpt
2026-05-28 00:21:46,726 - INFO - joeynmt.training - Example #0
2026-05-28 00:21:46,726 - DEBUG - joeynmt.training - 	Tokenized source:     ['V@@', 'or@@', 'ig', 'jaar', 'li@@', 'et', 'ik', 'deze', 'twee', 'dia', '&apos;', 's', 'zien', 'om', 'aan', 'te', 't@@', 'onen', 'dat', 'de', 'p@@', 'oo@@', 'lij@@', 'sk@@', 'a@@', 'p', ',', 'die', 'de', 'af@@', 'gel@@', 'open', 'drie', 'miljoen', 'jaar', 'ongeveer', 'de', 'groot@@', 'te', 'had', 'van', 'het', 'va@@', 'stel@@', 'and', 'van', 'de', 'V@@', 'S', ',', 'met', '4@@', '0', '%', 'ge@@', 'k@@', 'r@@', 'om@@', 'pen', 'was', '.']
2026-05-28 00:21:46,726 - DEBUG - joeynmt.training - 	Tokenized reference:  ['La@@', 'st', 'year', 'I', 'sho@@', 'w@@', 'ed', 'these', 'two', 'sli@@', 'des', 'so', 'that', 'de@@', 'mon@@', 'str@@', 'ate', 'that', 'the', 'ar@@', 'c@@', 'ti@@', 'c', 'ice', 'ca@@', 'p', ',', 'which', 'for', 'most', 'of', 'the', 'last', 'three', 'million', 'years', 'has', 'been', 'the', 'si@@', 'ze', 'of', 'the', 'lo@@', 'wer', '4@@', '8', 'st@@', 'ates', ',', 'has', 'sh@@', 'r@@', 'un@@', 'k', 'by', '4@@', '0', 'percent', '.']
2026-05-28 00:21:46,726 - DEBUG - joeynmt.training - 	Tokenized hypothesis: ['La@@', 'st', 'year', ',', 'I', 'sho@@', 'w@@', 'ed', 'these', 'two', 'sli@@', 'des', 'to', 'show', 'that', 'the', 'p@@', 'oo@@', 'l@@', 'b@@', 'le@@', 'g', ',', 'which', 'was', 'the', 'P@@', 'oo@@', 'l@@', 'b@@', 'ul@@', 'l', ',', 'which', 'was', 'about', 'the', 'si@@', 'ze', 'of', 'the', 'U@@', 'n@@', 'ited', 'St@@', 'ates', ',', 'with', '4@@', '0', 'percent', 'of', 'the', 'U@@', 'n@@', 'ited', 'St@@', 'ates', ',', 'with', '4@@', '0', 'percent', 'of', 'the', 'U@@', 'n@@', 'ited', 'St@@', 'ates', ',', 'with', '4@@', '0', 'percent', 'of', 'the', 'U@@', 'n@@', 'ited', 'St@@', 'ates', ',', 'with', '4@@', '0', 'percent', 'of', 'the', 'U@@', 'n@@', 'ited', 'St@@', 'ates', ',', 'I', '&apos;ve', 'been', 'cr@@', 'os@@', 's', 'about', 'the', 'U@@', 'n@@', 'ited', 'St@@', 'ates', ',', 'which', 'was']
2026-05-28 00:21:46,727 - INFO - joeynmt.training - 	Source:     Vorig jaar liet ik deze twee dia &apos; s zien om aan te tonen dat de poolijskap , die de afgelopen drie miljoen jaar ongeveer de grootte had van het vasteland van de VS , met 40 % gekrompen was .
2026-05-28 00:21:46,727 - INFO - joeynmt.training - 	Reference:  Last year I showed these two slides so that demonstrate that the arctic ice cap , which for most of the last three million years has been the size of the lower 48 states , has shrunk by 40 percent .
2026-05-28 00:21:46,727 - INFO - joeynmt.training - 	Hypothesis: Last year , I showed these two slides to show that the poolbleg , which was the Poolbull , which was about the size of the United States , with 40 percent of the United States , with 40 percent of the United States , with 40 percent of the United States , with 40 percent of the United States , I &apos;ve been cross about the United States , which was
2026-05-28 00:21:46,727 - INFO - joeynmt.training - Example #1
2026-05-28 00:21:46,727 - DEBUG - joeynmt.training - 	Tokenized source:     ['Maar', 'dit', 'onder@@', 'sch@@', 'at', 'eigenlijk', 'de', 'er@@', 'n@@', 'st', 'van', 'dit', 'speci@@', 'f@@', 'ieke', 'probleem', 'omdat', 'het', 'niet', 'de', 'di@@', 'kte', 'van', 'het', 'ij@@', 's', 'laat', 'zien', '.']
2026-05-28 00:21:46,727 - DEBUG - joeynmt.training - 	Tokenized reference:  ['But', 'this', 'under@@', 'st@@', 'ates', 'the', 'ser@@', 'i@@', 'ous@@', 'ness', 'of', 'this', 'parti@@', 'cu@@', 'lar', 'problem', 'because', 'it', 'doesn', '&apos;t', 'show', 'the', 'th@@', 'ic@@', 'k@@', 'ness', 'of', 'the', 'ice', '.']
2026-05-28 00:21:46,727 - DEBUG - joeynmt.training - 	Tokenized hypothesis: ['But', 'this', 'is', 'actually', 'the', 'first', 'one', 'of', 'this', 'parti@@', 'cu@@', 'lar', 'problem', 'because', 'it', 'doesn', '&apos;t', 'show', 'the', 'ice', 'of', 'the', 'ice', '.', '</s>']
2026-05-28 00:21:46,727 - INFO - joeynmt.training - 	Source:     Maar dit onderschat eigenlijk de ernst van dit specifieke probleem omdat het niet de dikte van het ijs laat zien .
2026-05-28 00:21:46,727 - INFO - joeynmt.training - 	Reference:  But this understates the seriousness of this particular problem because it doesn &apos;t show the thickness of the ice .
2026-05-28 00:21:46,727 - INFO - joeynmt.training - 	Hypothesis: But this is actually the first one of this particular problem because it doesn &apos;t show the ice of the ice .
2026-05-28 00:21:46,727 - INFO - joeynmt.training - Example #2
2026-05-28 00:21:46,727 - DEBUG - joeynmt.training - 	Tokenized source:     ['De', 'ij@@', 'sk@@', 'a@@', 'p', 'op', 'de', 'N@@', 'oor@@', 'd@@', 'p@@', 'ool', 'is', 'in', 'ze@@', 'k@@', 'ere', 'z@@', 'in', 'het', 'kl@@', 'op@@', 'p@@', 'end', 'har@@', 't', 'van', 'ons', 'glob@@', 'aal', 'k@@', 'li@@', 'ma@@', 'at@@', 'systeem', '.']
2026-05-28 00:21:46,727 - DEBUG - joeynmt.training - 	Tokenized reference:  ['The', 'ar@@', 'c@@', 'ti@@', 'c', 'ice', 'ca@@', 'p', 'is', ',', 'in', 'a', 'sense', ',', 'the', 'be@@', 'ating', 'he@@', 'art', 'of', 'the', 'glob@@', 'al', 'c@@', 'lim@@', 'ate', 'system', '.']
2026-05-28 00:21:46,727 - DEBUG - joeynmt.training - 	Tokenized hypothesis: ['The', 'ice', 'sk@@', 'in', 'on', 'the', 'N@@', 'or@@', 'th', 'P@@', 'ole', 'is', 'in', 'a', 'sense', 'of', 'the', 'cu@@', 'tting', 'he@@', 'art', 'of', 'our', 'glob@@', 'al', 'c@@', 'lim@@', 'ate', 'system', '.', '</s>']
2026-05-28 00:21:46,728 - INFO - joeynmt.training - 	Source:     De ijskap op de Noordpool is in zekere zin het kloppend hart van ons globaal klimaatsysteem .
2026-05-28 00:21:46,728 - INFO - joeynmt.training - 	Reference:  The arctic ice cap is , in a sense , the beating heart of the global climate system .
2026-05-28 00:21:46,728 - INFO - joeynmt.training - 	Hypothesis: The ice skin on the North Pole is in a sense of the cutting heart of our global climate system .
2026-05-28 00:21:46,728 - INFO - joeynmt.training - Example #3
2026-05-28 00:21:46,728 - DEBUG - joeynmt.training - 	Tokenized source:     ['Het', 'z@@', 'et', 'uit', 'in', 'de', 'win@@', 'ter', 'en', 'k@@', 'ri@@', 'mp@@', 't', 'in', 'de', 'z@@', 'om@@', 'er', '.']
2026-05-28 00:21:46,728 - DEBUG - joeynmt.training - 	Tokenized reference:  ['It', 'exp@@', 'and@@', 's', 'in', 'win@@', 'ter', 'and', 'con@@', 'tr@@', 'ac@@', 'ts', 'in', 'su@@', 'mm@@', 'er', '.']
2026-05-28 00:21:46,728 - DEBUG - joeynmt.training - 	Tokenized hypothesis: ['It', '&apos;s', 'just', 'in', 'the', 'win@@', 'ter', 'and', 'cr@@', 'y@@', 'mp@@', 's', 'in', 'the', 'su@@', 'mm@@', 'er', '.', '</s>']
2026-05-28 00:21:46,728 - INFO - joeynmt.training - 	Source:     Het zet uit in de winter en krimpt in de zomer .
2026-05-28 00:21:46,728 - INFO - joeynmt.training - 	Reference:  It expands in winter and contracts in summer .
2026-05-28 00:21:46,728 - INFO - joeynmt.training - 	Hypothesis: It &apos;s just in the winter and crymps in the summer .
2026-05-28 00:21:46,728 - INFO - joeynmt.training - Example #4
2026-05-28 00:21:46,728 - DEBUG - joeynmt.training - 	Tokenized source:     ['De', 'volgende', 'dia', 'die', 'ik', 'laat', 'zien', 'is', 'een', 'vers@@', 'n@@', 'el@@', 'de', 'ver@@', 'sie', 'van', 'wat', 'er', 'de', 'af@@', 'gel@@', 'open', '2@@', '5', 'jaar', 'is', 'gebeur@@', 'd', '.']
2026-05-28 00:21:46,728 - DEBUG - joeynmt.training - 	Tokenized reference:  ['The', 'next', 'sli@@', 'de', 'I', 'show', 'you', 'will', 'be', 'a', 'r@@', 'ap@@', 'id', 'fa@@', 'st@@', '-@@', 'for@@', 'ward', 'of', 'what', '&apos;s', 'happened', 'over', 'the', 'last', '2@@', '5', 'years', '.']
2026-05-28 00:21:46,728 - DEBUG - joeynmt.training - 	Tokenized hypothesis: ['The', 'next', 'sli@@', 'de', 'I', 'sho@@', 'ws', 'is', 'a', 'ac@@', 'cel@@', 'er@@', 'ated', 'ver@@', 'sion', 'of', 'what', 'has', 'happened', 'to', 'the', 'last', '2@@', '5', 'years', '.', '</s>']
2026-05-28 00:21:46,728 - INFO - joeynmt.training - 	Source:     De volgende dia die ik laat zien is een versnelde versie van wat er de afgelopen 25 jaar is gebeurd .
2026-05-28 00:21:46,729 - INFO - joeynmt.training - 	Reference:  The next slide I show you will be a rapid fast-forward of what &apos;s happened over the last 25 years .
2026-05-28 00:21:46,729 - INFO - joeynmt.training - 	Hypothesis: The next slide I shows is a accelerated version of what has happened to the last 25 years .
2026-05-28 00:21:58,504 - INFO - joeynmt.training - Epoch  10, Step:    35100, Batch Loss:     1.293819, Batch Acc: 0.663315, Tokens per Sec:     6236, Lr: 0.000300
2026-05-28 00:22:11,249 - INFO - joeynmt.training - Epoch  10, Step:    35200, Batch Loss:     1.063070, Batch Acc: 0.661039, Tokens per Sec:     6042, Lr: 0.000300
2026-05-28 00:22:23,688 - INFO - joeynmt.training - Epoch  10, Step:    35300, Batch Loss:     1.048348, Batch Acc: 0.665307, Tokens per Sec:     5992, Lr: 0.000300
2026-05-28 00:22:35,890 - INFO - joeynmt.training - Epoch  10, Step:    35400, Batch Loss:     1.414413, Batch Acc: 0.662346, Tokens per Sec:     6349, Lr: 0.000300
2026-05-28 00:22:48,305 - INFO - joeynmt.training - Epoch  10, Step:    35500, Batch Loss:     1.243296, Batch Acc: 0.661975, Tokens per Sec:     6123, Lr: 0.000300
2026-05-28 00:22:48,306 - WARNING - joeynmt.helpers - `alpha` option is obsolete. Please use `beam_alpha`, instead.
2026-05-28 00:22:48,306 - INFO - joeynmt.prediction - Predicting 1003 example(s)... (Greedy decoding with min_output_length=1, max_output_length=-1, return_prob='none', generate_unk=True, repetition_penalty=-1, no_repeat_ngram_size=-1)
2026-05-28 00:23:14,429 - INFO - joeynmt.prediction - Evaluation result (greedy) loss:   1.64, ppl:   5.18, acc:   0.54, generation: 26.1129[sec], evaluation: 0.0000[sec]
2026-05-28 00:23:14,546 - INFO - joeynmt.helpers - delete models/tf_bpe_2000_nl_en/33000.ckpt
2026-05-28 00:23:14,547 - INFO - joeynmt.training - Example #0
2026-05-28 00:23:14,547 - DEBUG - joeynmt.training - 	Tokenized source:     ['V@@', 'or@@', 'ig', 'jaar', 'li@@', 'et', 'ik', 'deze', 'twee', 'dia', '&apos;', 's', 'zien', 'om', 'aan', 'te', 't@@', 'onen', 'dat', 'de', 'p@@', 'oo@@', 'lij@@', 'sk@@', 'a@@', 'p', ',', 'die', 'de', 'af@@', 'gel@@', 'open', 'drie', 'miljoen', 'jaar', 'ongeveer', 'de', 'groot@@', 'te', 'had', 'van', 'het', 'va@@', 'stel@@', 'and', 'van', 'de', 'V@@', 'S', ',', 'met', '4@@', '0', '%', 'ge@@', 'k@@', 'r@@', 'om@@', 'pen', 'was', '.']
2026-05-28 00:23:14,547 - DEBUG - joeynmt.training - 	Tokenized reference:  ['La@@', 'st', 'year', 'I', 'sho@@', 'w@@', 'ed', 'these', 'two', 'sli@@', 'des', 'so', 'that', 'de@@', 'mon@@', 'str@@', 'ate', 'that', 'the', 'ar@@', 'c@@', 'ti@@', 'c', 'ice', 'ca@@', 'p', ',', 'which', 'for', 'most', 'of', 'the', 'last', 'three', 'million', 'years', 'has', 'been', 'the', 'si@@', 'ze', 'of', 'the', 'lo@@', 'wer', '4@@', '8', 'st@@', 'ates', ',', 'has', 'sh@@', 'r@@', 'un@@', 'k', 'by', '4@@', '0', 'percent', '.']
2026-05-28 00:23:14,547 - DEBUG - joeynmt.training - 	Tokenized hypothesis: ['La@@', 'st', 'year', ',', 'I', 'le@@', 'ft', 'these', 'two', 'sli@@', 'des', 'to', 'show', 'that', 'the', 'p@@', 'oo@@', 'li@@', 'a@@', 'p', ',', 'which', 'was', 'the', 'P@@', 'o@@', 'c', ',', 'which', 'was', 'about', 'the', 'last', 'three', 'million', 'years', 'of', 'the', 'ma@@', 'g@@', 'n@@', 'itu@@', 'de', 'of', 'the', 'U@@', 'n@@', 'ited', 'St@@', 'ates', ',', 'with', '4@@', '0', 'percent', 'of', 'the', 'U@@', 'n@@', 'ited', 'St@@', 'ates', ',', 'with', '4@@', '0', 'percent', '.', '</s>']
2026-05-28 00:23:14,548 - INFO - joeynmt.training - 	Source:     Vorig jaar liet ik deze twee dia &apos; s zien om aan te tonen dat de poolijskap , die de afgelopen drie miljoen jaar ongeveer de grootte had van het vasteland van de VS , met 40 % gekrompen was .
2026-05-28 00:23:14,548 - INFO - joeynmt.training - 	Reference:  Last year I showed these two slides so that demonstrate that the arctic ice cap , which for most of the last three million years has been the size of the lower 48 states , has shrunk by 40 percent .
2026-05-28 00:23:14,548 - INFO - joeynmt.training - 	Hypothesis: Last year , I left these two slides to show that the pooliap , which was the Poc , which was about the last three million years of the magnitude of the United States , with 40 percent of the United States , with 40 percent .
2026-05-28 00:23:14,548 - INFO - joeynmt.training - Example #1
2026-05-28 00:23:14,548 - DEBUG - joeynmt.training - 	Tokenized source:     ['Maar', 'dit', 'onder@@', 'sch@@', 'at', 'eigenlijk', 'de', 'er@@', 'n@@', 'st', 'van', 'dit', 'speci@@', 'f@@', 'ieke', 'probleem', 'omdat', 'het', 'niet', 'de', 'di@@', 'kte', 'van', 'het', 'ij@@', 's', 'laat', 'zien', '.']
2026-05-28 00:23:14,548 - DEBUG - joeynmt.training - 	Tokenized reference:  ['But', 'this', 'under@@', 'st@@', 'ates', 'the', 'ser@@', 'i@@', 'ous@@', 'ness', 'of', 'this', 'parti@@', 'cu@@', 'lar', 'problem', 'because', 'it', 'doesn', '&apos;t', 'show', 'the', 'th@@', 'ic@@', 'k@@', 'ness', 'of', 'the', 'ice', '.']
2026-05-28 00:23:14,548 - DEBUG - joeynmt.training - 	Tokenized hypothesis: ['But', 'this', 'is', 'actually', 'the', 'point', 'of', 'this', 'parti@@', 'cu@@', 'lar', 'problem', 'because', 'it', 'doesn', '&apos;t', 'show', 'the', 'di@@', 'se@@', 'ase', 'of', 'the', 'ice', '.', '</s>']
2026-05-28 00:23:14,548 - INFO - joeynmt.training - 	Source:     Maar dit onderschat eigenlijk de ernst van dit specifieke probleem omdat het niet de dikte van het ijs laat zien .
2026-05-28 00:23:14,548 - INFO - joeynmt.training - 	Reference:  But this understates the seriousness of this particular problem because it doesn &apos;t show the thickness of the ice .
2026-05-28 00:23:14,548 - INFO - joeynmt.training - 	Hypothesis: But this is actually the point of this particular problem because it doesn &apos;t show the disease of the ice .
2026-05-28 00:23:14,548 - INFO - joeynmt.training - Example #2
2026-05-28 00:23:14,548 - DEBUG - joeynmt.training - 	Tokenized source:     ['De', 'ij@@', 'sk@@', 'a@@', 'p', 'op', 'de', 'N@@', 'oor@@', 'd@@', 'p@@', 'ool', 'is', 'in', 'ze@@', 'k@@', 'ere', 'z@@', 'in', 'het', 'kl@@', 'op@@', 'p@@', 'end', 'har@@', 't', 'van', 'ons', 'glob@@', 'aal', 'k@@', 'li@@', 'ma@@', 'at@@', 'systeem', '.']
2026-05-28 00:23:14,548 - DEBUG - joeynmt.training - 	Tokenized reference:  ['The', 'ar@@', 'c@@', 'ti@@', 'c', 'ice', 'ca@@', 'p', 'is', ',', 'in', 'a', 'sense', ',', 'the', 'be@@', 'ating', 'he@@', 'art', 'of', 'the', 'glob@@', 'al', 'c@@', 'lim@@', 'ate', 'system', '.']
2026-05-28 00:23:14,548 - DEBUG - joeynmt.training - 	Tokenized hypothesis: ['The', 'G@@', 'u@@', 'al', 'S@@', 'p@@', 'ole', 'is', 'in', 'a', 'sense', 'of', 'the', 'N@@', 'or@@', 'th', 'P@@', 'ole', 'is', 'in', 'a', 'sense', 'of', 'our', 'glob@@', 'al', 'c@@', 'lim@@', 'ate', 'system', '.', '</s>']
2026-05-28 00:23:14,549 - INFO - joeynmt.training - 	Source:     De ijskap op de Noordpool is in zekere zin het kloppend hart van ons globaal klimaatsysteem .
2026-05-28 00:23:14,549 - INFO - joeynmt.training - 	Reference:  The arctic ice cap is , in a sense , the beating heart of the global climate system .
2026-05-28 00:23:14,549 - INFO - joeynmt.training - 	Hypothesis: The Gual Spole is in a sense of the North Pole is in a sense of our global climate system .
2026-05-28 00:23:14,549 - INFO - joeynmt.training - Example #3
2026-05-28 00:23:14,549 - DEBUG - joeynmt.training - 	Tokenized source:     ['Het', 'z@@', 'et', 'uit', 'in', 'de', 'win@@', 'ter', 'en', 'k@@', 'ri@@', 'mp@@', 't', 'in', 'de', 'z@@', 'om@@', 'er', '.']
2026-05-28 00:23:14,549 - DEBUG - joeynmt.training - 	Tokenized reference:  ['It', 'exp@@', 'and@@', 's', 'in', 'win@@', 'ter', 'and', 'con@@', 'tr@@', 'ac@@', 'ts', 'in', 'su@@', 'mm@@', 'er', '.']
2026-05-28 00:23:14,549 - DEBUG - joeynmt.training - 	Tokenized hypothesis: ['It', '&apos;s', 'a', 'pu@@', 'tting', 'out', 'in', 'the', 'win@@', 'ter', 'and', 'cr@@', 'y@@', 'mp@@', 's', 'in', 'the', 'su@@', 'mm@@', 'er', '.', '</s>']
2026-05-28 00:23:14,549 - INFO - joeynmt.training - 	Source:     Het zet uit in de winter en krimpt in de zomer .
2026-05-28 00:23:14,549 - INFO - joeynmt.training - 	Reference:  It expands in winter and contracts in summer .
2026-05-28 00:23:14,549 - INFO - joeynmt.training - 	Hypothesis: It &apos;s a putting out in the winter and crymps in the summer .
2026-05-28 00:23:14,549 - INFO - joeynmt.training - Example #4
2026-05-28 00:23:14,549 - DEBUG - joeynmt.training - 	Tokenized source:     ['De', 'volgende', 'dia', 'die', 'ik', 'laat', 'zien', 'is', 'een', 'vers@@', 'n@@', 'el@@', 'de', 'ver@@', 'sie', 'van', 'wat', 'er', 'de', 'af@@', 'gel@@', 'open', '2@@', '5', 'jaar', 'is', 'gebeur@@', 'd', '.']
2026-05-28 00:23:14,549 - DEBUG - joeynmt.training - 	Tokenized reference:  ['The', 'next', 'sli@@', 'de', 'I', 'show', 'you', 'will', 'be', 'a', 'r@@', 'ap@@', 'id', 'fa@@', 'st@@', '-@@', 'for@@', 'ward', 'of', 'what', '&apos;s', 'happened', 'over', 'the', 'last', '2@@', '5', 'years', '.']
2026-05-28 00:23:14,549 - DEBUG - joeynmt.training - 	Tokenized hypothesis: ['The', 'next', 'sli@@', 'de', 'I', '&apos;m', 'sho@@', 'wing', 'is', 'a', 'ac@@', 'cel@@', 'er@@', 'ated', 'ver@@', 'sion', 'of', 'what', 'has', 'happened', 'in', 'the', 'last', '2@@', '5', 'years', '.', '</s>']
2026-05-28 00:23:14,549 - INFO - joeynmt.training - 	Source:     De volgende dia die ik laat zien is een versnelde versie van wat er de afgelopen 25 jaar is gebeurd .
2026-05-28 00:23:14,549 - INFO - joeynmt.training - 	Reference:  The next slide I show you will be a rapid fast-forward of what &apos;s happened over the last 25 years .
2026-05-28 00:23:14,549 - INFO - joeynmt.training - 	Hypothesis: The next slide I &apos;m showing is a accelerated version of what has happened in the last 25 years .
2026-05-28 00:23:27,417 - INFO - joeynmt.training - Epoch  10, Step:    35600, Batch Loss:     1.190922, Batch Acc: 0.664197, Tokens per Sec:     5955, Lr: 0.000300
2026-05-28 00:23:40,007 - INFO - joeynmt.training - Epoch  10, Step:    35700, Batch Loss:     1.318679, Batch Acc: 0.659458, Tokens per Sec:     5943, Lr: 0.000300
2026-05-28 00:23:52,487 - INFO - joeynmt.training - Epoch  10, Step:    35800, Batch Loss:     1.097947, Batch Acc: 0.659709, Tokens per Sec:     6062, Lr: 0.000300
2026-05-28 00:24:04,189 - INFO - joeynmt.training - Epoch  10, Step:    35900, Batch Loss:     1.176471, Batch Acc: 0.655579, Tokens per Sec:     6482, Lr: 0.000300
2026-05-28 00:24:16,761 - INFO - joeynmt.training - Epoch  10, Step:    36000, Batch Loss:     1.166798, Batch Acc: 0.658992, Tokens per Sec:     6060, Lr: 0.000300
2026-05-28 00:24:16,762 - WARNING - joeynmt.helpers - `alpha` option is obsolete. Please use `beam_alpha`, instead.
2026-05-28 00:24:16,762 - INFO - joeynmt.prediction - Predicting 1003 example(s)... (Greedy decoding with min_output_length=1, max_output_length=-1, return_prob='none', generate_unk=True, repetition_penalty=-1, no_repeat_ngram_size=-1)
2026-05-28 00:24:44,329 - INFO - joeynmt.prediction - Evaluation result (greedy) loss:   1.65, ppl:   5.18, acc:   0.54, generation: 27.5571[sec], evaluation: 0.0000[sec]
2026-05-28 00:24:44,332 - INFO - joeynmt.training - Example #0
2026-05-28 00:24:44,332 - DEBUG - joeynmt.training - 	Tokenized source:     ['V@@', 'or@@', 'ig', 'jaar', 'li@@', 'et', 'ik', 'deze', 'twee', 'dia', '&apos;', 's', 'zien', 'om', 'aan', 'te', 't@@', 'onen', 'dat', 'de', 'p@@', 'oo@@', 'lij@@', 'sk@@', 'a@@', 'p', ',', 'die', 'de', 'af@@', 'gel@@', 'open', 'drie', 'miljoen', 'jaar', 'ongeveer', 'de', 'groot@@', 'te', 'had', 'van', 'het', 'va@@', 'stel@@', 'and', 'van', 'de', 'V@@', 'S', ',', 'met', '4@@', '0', '%', 'ge@@', 'k@@', 'r@@', 'om@@', 'pen', 'was', '.']
2026-05-28 00:24:44,332 - DEBUG - joeynmt.training - 	Tokenized reference:  ['La@@', 'st', 'year', 'I', 'sho@@', 'w@@', 'ed', 'these', 'two', 'sli@@', 'des', 'so', 'that', 'de@@', 'mon@@', 'str@@', 'ate', 'that', 'the', 'ar@@', 'c@@', 'ti@@', 'c', 'ice', 'ca@@', 'p', ',', 'which', 'for', 'most', 'of', 'the', 'last', 'three', 'million', 'years', 'has', 'been', 'the', 'si@@', 'ze', 'of', 'the', 'lo@@', 'wer', '4@@', '8', 'st@@', 'ates', ',', 'has', 'sh@@', 'r@@', 'un@@', 'k', 'by', '4@@', '0', 'percent', '.']
2026-05-28 00:24:44,332 - DEBUG - joeynmt.training - 	Tokenized hypothesis: ['And', 'last', 'year', ',', 'I', 'le@@', 'ft', 'these', 'two', 'sli@@', 'des', 'to', 'see', 'that', 'the', 'P@@', 'o@@', 'li@@', 'f@@', 'ic', 'a@@', 'p', ',', 'which', 'was', 'the', 'P@@', 'oo@@', 't', ',', 'which', 'was', 'about', 'the', 'last', 'three', 'million', 'years', 'of', 'the', 'ma@@', 'g@@', 'n@@', 'itu@@', 'ation', 'of', 'the', 'U@@', 'n@@', 'ited', 'St@@', 'ates', ',', 'with', '4@@', '0', 'percent', 'of', 'the', 'U@@', 'n@@', 'ited', 'St@@', 'ates', ',', 'with', '4@@', '0', 'percent', '.', '</s>']
2026-05-28 00:24:44,333 - INFO - joeynmt.training - 	Source:     Vorig jaar liet ik deze twee dia &apos; s zien om aan te tonen dat de poolijskap , die de afgelopen drie miljoen jaar ongeveer de grootte had van het vasteland van de VS , met 40 % gekrompen was .
2026-05-28 00:24:44,333 - INFO - joeynmt.training - 	Reference:  Last year I showed these two slides so that demonstrate that the arctic ice cap , which for most of the last three million years has been the size of the lower 48 states , has shrunk by 40 percent .
2026-05-28 00:24:44,333 - INFO - joeynmt.training - 	Hypothesis: And last year , I left these two slides to see that the Polific ap , which was the Poot , which was about the last three million years of the magnituation of the United States , with 40 percent of the United States , with 40 percent .
2026-05-28 00:24:44,333 - INFO - joeynmt.training - Example #1
2026-05-28 00:24:44,333 - DEBUG - joeynmt.training - 	Tokenized source:     ['Maar', 'dit', 'onder@@', 'sch@@', 'at', 'eigenlijk', 'de', 'er@@', 'n@@', 'st', 'van', 'dit', 'speci@@', 'f@@', 'ieke', 'probleem', 'omdat', 'het', 'niet', 'de', 'di@@', 'kte', 'van', 'het', 'ij@@', 's', 'laat', 'zien', '.']
2026-05-28 00:24:44,333 - DEBUG - joeynmt.training - 	Tokenized reference:  ['But', 'this', 'under@@', 'st@@', 'ates', 'the', 'ser@@', 'i@@', 'ous@@', 'ness', 'of', 'this', 'parti@@', 'cu@@', 'lar', 'problem', 'because', 'it', 'doesn', '&apos;t', 'show', 'the', 'th@@', 'ic@@', 'k@@', 'ness', 'of', 'the', 'ice', '.']
2026-05-28 00:24:44,333 - DEBUG - joeynmt.training - 	Tokenized hypothesis: ['But', 'this', 'is', 'actually', 'under@@', 'est@@', 'im@@', 'ate', 'the', 'point', 'of', 'this', 'parti@@', 'cu@@', 'lar', 'problem', 'because', 'it', 'doesn', '&apos;t', 'show', 'the', 'ice', 'of', 'the', 'ice', '.', '</s>']
2026-05-28 00:24:44,333 - INFO - joeynmt.training - 	Source:     Maar dit onderschat eigenlijk de ernst van dit specifieke probleem omdat het niet de dikte van het ijs laat zien .
2026-05-28 00:24:44,333 - INFO - joeynmt.training - 	Reference:  But this understates the seriousness of this particular problem because it doesn &apos;t show the thickness of the ice .
2026-05-28 00:24:44,333 - INFO - joeynmt.training - 	Hypothesis: But this is actually underestimate the point of this particular problem because it doesn &apos;t show the ice of the ice .
2026-05-28 00:24:44,333 - INFO - joeynmt.training - Example #2
2026-05-28 00:24:44,333 - DEBUG - joeynmt.training - 	Tokenized source:     ['De', 'ij@@', 'sk@@', 'a@@', 'p', 'op', 'de', 'N@@', 'oor@@', 'd@@', 'p@@', 'ool', 'is', 'in', 'ze@@', 'k@@', 'ere', 'z@@', 'in', 'het', 'kl@@', 'op@@', 'p@@', 'end', 'har@@', 't', 'van', 'ons', 'glob@@', 'aal', 'k@@', 'li@@', 'ma@@', 'at@@', 'systeem', '.']
2026-05-28 00:24:44,334 - DEBUG - joeynmt.training - 	Tokenized reference:  ['The', 'ar@@', 'c@@', 'ti@@', 'c', 'ice', 'ca@@', 'p', 'is', ',', 'in', 'a', 'sense', ',', 'the', 'be@@', 'ating', 'he@@', 'art', 'of', 'the', 'glob@@', 'al', 'c@@', 'lim@@', 'ate', 'system', '.']
2026-05-28 00:24:44,334 - DEBUG - joeynmt.training - 	Tokenized hypothesis: ['The', 'ice', 'sk@@', 'a@@', 'p', 'on', 'the', 'N@@', 'or@@', 'th', 'P@@', 'ole', 'is', 'in', 'a', 'way', ',', 'the', 'cu@@', 'tting', 'he@@', 'art', 'of', 'our', 'glob@@', 'al', 'c@@', 'lim@@', 'ate', 'system', '.', '</s>']
2026-05-28 00:24:44,334 - INFO - joeynmt.training - 	Source:     De ijskap op de Noordpool is in zekere zin het kloppend hart van ons globaal klimaatsysteem .
2026-05-28 00:24:44,334 - INFO - joeynmt.training - 	Reference:  The arctic ice cap is , in a sense , the beating heart of the global climate system .
2026-05-28 00:24:44,334 - INFO - joeynmt.training - 	Hypothesis: The ice skap on the North Pole is in a way , the cutting heart of our global climate system .
2026-05-28 00:24:44,334 - INFO - joeynmt.training - Example #3
2026-05-28 00:24:44,334 - DEBUG - joeynmt.training - 	Tokenized source:     ['Het', 'z@@', 'et', 'uit', 'in', 'de', 'win@@', 'ter', 'en', 'k@@', 'ri@@', 'mp@@', 't', 'in', 'de', 'z@@', 'om@@', 'er', '.']
2026-05-28 00:24:44,334 - DEBUG - joeynmt.training - 	Tokenized reference:  ['It', 'exp@@', 'and@@', 's', 'in', 'win@@', 'ter', 'and', 'con@@', 'tr@@', 'ac@@', 'ts', 'in', 'su@@', 'mm@@', 'er', '.']
2026-05-28 00:24:44,334 - DEBUG - joeynmt.training - 	Tokenized hypothesis: ['It', '&apos;s', 'put', 'out', 'in', 'the', 'win@@', 'ter', 'and', 'cr@@', 'it@@', 'ical', 'in', 'the', 'su@@', 'mm@@', 'er', '.', '</s>']
2026-05-28 00:24:44,334 - INFO - joeynmt.training - 	Source:     Het zet uit in de winter en krimpt in de zomer .
2026-05-28 00:24:44,334 - INFO - joeynmt.training - 	Reference:  It expands in winter and contracts in summer .
2026-05-28 00:24:44,334 - INFO - joeynmt.training - 	Hypothesis: It &apos;s put out in the winter and critical in the summer .
2026-05-28 00:24:44,334 - INFO - joeynmt.training - Example #4
2026-05-28 00:24:44,335 - DEBUG - joeynmt.training - 	Tokenized source:     ['De', 'volgende', 'dia', 'die', 'ik', 'laat', 'zien', 'is', 'een', 'vers@@', 'n@@', 'el@@', 'de', 'ver@@', 'sie', 'van', 'wat', 'er', 'de', 'af@@', 'gel@@', 'open', '2@@', '5', 'jaar', 'is', 'gebeur@@', 'd', '.']
2026-05-28 00:24:44,335 - DEBUG - joeynmt.training - 	Tokenized reference:  ['The', 'next', 'sli@@', 'de', 'I', 'show', 'you', 'will', 'be', 'a', 'r@@', 'ap@@', 'id', 'fa@@', 'st@@', '-@@', 'for@@', 'ward', 'of', 'what', '&apos;s', 'happened', 'over', 'the', 'last', '2@@', '5', 'years', '.']
2026-05-28 00:24:44,335 - DEBUG - joeynmt.training - 	Tokenized hypothesis: ['The', 'next', 'sli@@', 'de', 'I', '&apos;m', 'sho@@', 'wing', 'is', 'a', 'ac@@', 'cel@@', 'er@@', 'ated', 'ver@@', 'sion', 'of', 'what', 'has', 'happened', 'in', 'the', 'last', '2@@', '5', 'years', '.', '</s>']
2026-05-28 00:24:44,335 - INFO - joeynmt.training - 	Source:     De volgende dia die ik laat zien is een versnelde versie van wat er de afgelopen 25 jaar is gebeurd .
2026-05-28 00:24:44,335 - INFO - joeynmt.training - 	Reference:  The next slide I show you will be a rapid fast-forward of what &apos;s happened over the last 25 years .
2026-05-28 00:24:44,335 - INFO - joeynmt.training - 	Hypothesis: The next slide I &apos;m showing is a accelerated version of what has happened in the last 25 years .
2026-05-28 00:24:56,431 - INFO - joeynmt.training - Epoch  10, Step:    36100, Batch Loss:     1.250466, Batch Acc: 0.652458, Tokens per Sec:     6217, Lr: 0.000300
2026-05-28 00:25:08,921 - INFO - joeynmt.training - Epoch  10, Step:    36200, Batch Loss:     1.215454, Batch Acc: 0.650414, Tokens per Sec:     5787, Lr: 0.000300
2026-05-28 00:25:21,208 - INFO - joeynmt.training - Epoch  10, Step:    36300, Batch Loss:     1.152410, Batch Acc: 0.656094, Tokens per Sec:     6243, Lr: 0.000300
2026-05-28 00:25:33,652 - INFO - joeynmt.training - Epoch  10, Step:    36400, Batch Loss:     1.285098, Batch Acc: 0.658313, Tokens per Sec:     6071, Lr: 0.000300
2026-05-28 00:25:47,162 - INFO - joeynmt.training - Epoch  10, Step:    36500, Batch Loss:     1.242743, Batch Acc: 0.657177, Tokens per Sec:     5752, Lr: 0.000300
2026-05-28 00:25:47,163 - WARNING - joeynmt.helpers - `alpha` option is obsolete. Please use `beam_alpha`, instead.
2026-05-28 00:25:47,163 - INFO - joeynmt.prediction - Predicting 1003 example(s)... (Greedy decoding with min_output_length=1, max_output_length=-1, return_prob='none', generate_unk=True, repetition_penalty=-1, no_repeat_ngram_size=-1)
2026-05-28 00:26:15,689 - INFO - joeynmt.prediction - Evaluation result (greedy) loss:   1.64, ppl:   5.15, acc:   0.54, generation: 28.5156[sec], evaluation: 0.0000[sec]
2026-05-28 00:26:15,813 - INFO - joeynmt.helpers - delete models/tf_bpe_2000_nl_en/35500.ckpt
2026-05-28 00:26:15,814 - INFO - joeynmt.helpers - delete /Users/annajung/Desktop/MT/exercise_4/mt-exercise-04/models/tf_bpe_2000_nl_en/35500.ckpt
2026-05-28 00:26:15,814 - WARNING - joeynmt.helpers - Wanted to delete old checkpoint /Users/annajung/Desktop/MT/exercise_4/mt-exercise-04/models/tf_bpe_2000_nl_en/35500.ckpt but file does not exist. ([Errno 2] No such file or directory: '/Users/annajung/Desktop/MT/exercise_4/mt-exercise-04/models/tf_bpe_2000_nl_en/35500.ckpt')
2026-05-28 00:26:15,815 - INFO - joeynmt.training - Example #0
2026-05-28 00:26:15,815 - DEBUG - joeynmt.training - 	Tokenized source:     ['V@@', 'or@@', 'ig', 'jaar', 'li@@', 'et', 'ik', 'deze', 'twee', 'dia', '&apos;', 's', 'zien', 'om', 'aan', 'te', 't@@', 'onen', 'dat', 'de', 'p@@', 'oo@@', 'lij@@', 'sk@@', 'a@@', 'p', ',', 'die', 'de', 'af@@', 'gel@@', 'open', 'drie', 'miljoen', 'jaar', 'ongeveer', 'de', 'groot@@', 'te', 'had', 'van', 'het', 'va@@', 'stel@@', 'and', 'van', 'de', 'V@@', 'S', ',', 'met', '4@@', '0', '%', 'ge@@', 'k@@', 'r@@', 'om@@', 'pen', 'was', '.']
2026-05-28 00:26:15,815 - DEBUG - joeynmt.training - 	Tokenized reference:  ['La@@', 'st', 'year', 'I', 'sho@@', 'w@@', 'ed', 'these', 'two', 'sli@@', 'des', 'so', 'that', 'de@@', 'mon@@', 'str@@', 'ate', 'that', 'the', 'ar@@', 'c@@', 'ti@@', 'c', 'ice', 'ca@@', 'p', ',', 'which', 'for', 'most', 'of', 'the', 'last', 'three', 'million', 'years', 'has', 'been', 'the', 'si@@', 'ze', 'of', 'the', 'lo@@', 'wer', '4@@', '8', 'st@@', 'ates', ',', 'has', 'sh@@', 'r@@', 'un@@', 'k', 'by', '4@@', '0', 'percent', '.']
2026-05-28 00:26:15,815 - DEBUG - joeynmt.training - 	Tokenized hypothesis: ['La@@', 'st', 'year', ',', 'I', 'sho@@', 'w@@', 'ed', 'these', 'two', 'sli@@', 'des', 'to', 'show', 'that', 'the', 'p@@', 'oo@@', 'li@@', 'a@@', 'p', ',', 'which', 'was', 'the', 'P@@', 'oo@@', 'li@@', 'ce', ',', 'which', 'was', 'about', 'the', 'si@@', 'ze', 'of', 'the', 'U@@', 'n@@', 'ited', 'St@@', 'ates', ',', 'with', '4@@', '0', 'percent', 'of', 'the', 'U@@', 'n@@', 'ited', 'St@@', 'ates', ',', 'with', '4@@', '0', 'percent', '.', '</s>']
2026-05-28 00:26:15,815 - INFO - joeynmt.training - 	Source:     Vorig jaar liet ik deze twee dia &apos; s zien om aan te tonen dat de poolijskap , die de afgelopen drie miljoen jaar ongeveer de grootte had van het vasteland van de VS , met 40 % gekrompen was .
2026-05-28 00:26:15,815 - INFO - joeynmt.training - 	Reference:  Last year I showed these two slides so that demonstrate that the arctic ice cap , which for most of the last three million years has been the size of the lower 48 states , has shrunk by 40 percent .
2026-05-28 00:26:15,815 - INFO - joeynmt.training - 	Hypothesis: Last year , I showed these two slides to show that the pooliap , which was the Poolice , which was about the size of the United States , with 40 percent of the United States , with 40 percent .
2026-05-28 00:26:15,815 - INFO - joeynmt.training - Example #1
2026-05-28 00:26:15,815 - DEBUG - joeynmt.training - 	Tokenized source:     ['Maar', 'dit', 'onder@@', 'sch@@', 'at', 'eigenlijk', 'de', 'er@@', 'n@@', 'st', 'van', 'dit', 'speci@@', 'f@@', 'ieke', 'probleem', 'omdat', 'het', 'niet', 'de', 'di@@', 'kte', 'van', 'het', 'ij@@', 's', 'laat', 'zien', '.']
2026-05-28 00:26:15,815 - DEBUG - joeynmt.training - 	Tokenized reference:  ['But', 'this', 'under@@', 'st@@', 'ates', 'the', 'ser@@', 'i@@', 'ous@@', 'ness', 'of', 'this', 'parti@@', 'cu@@', 'lar', 'problem', 'because', 'it', 'doesn', '&apos;t', 'show', 'the', 'th@@', 'ic@@', 'k@@', 'ness', 'of', 'the', 'ice', '.']
2026-05-28 00:26:15,815 - DEBUG - joeynmt.training - 	Tokenized hypothesis: ['But', 'this', 'is', 'actually', 'the', 'n@@', 'ice', 'of', 'this', 'parti@@', 'cu@@', 'lar', 'problem', 'because', 'it', 'doesn', '&apos;t', 'show', 'the', 'di@@', 'se@@', 'ase', 'the', 'ice', 'of', 'the', 'ice', '.', '</s>']
2026-05-28 00:26:15,816 - INFO - joeynmt.training - 	Source:     Maar dit onderschat eigenlijk de ernst van dit specifieke probleem omdat het niet de dikte van het ijs laat zien .
2026-05-28 00:26:15,816 - INFO - joeynmt.training - 	Reference:  But this understates the seriousness of this particular problem because it doesn &apos;t show the thickness of the ice .
2026-05-28 00:26:15,816 - INFO - joeynmt.training - 	Hypothesis: But this is actually the nice of this particular problem because it doesn &apos;t show the disease the ice of the ice .
2026-05-28 00:26:15,816 - INFO - joeynmt.training - Example #2
2026-05-28 00:26:15,816 - DEBUG - joeynmt.training - 	Tokenized source:     ['De', 'ij@@', 'sk@@', 'a@@', 'p', 'op', 'de', 'N@@', 'oor@@', 'd@@', 'p@@', 'ool', 'is', 'in', 'ze@@', 'k@@', 'ere', 'z@@', 'in', 'het', 'kl@@', 'op@@', 'p@@', 'end', 'har@@', 't', 'van', 'ons', 'glob@@', 'aal', 'k@@', 'li@@', 'ma@@', 'at@@', 'systeem', '.']
2026-05-28 00:26:15,816 - DEBUG - joeynmt.training - 	Tokenized reference:  ['The', 'ar@@', 'c@@', 'ti@@', 'c', 'ice', 'ca@@', 'p', 'is', ',', 'in', 'a', 'sense', ',', 'the', 'be@@', 'ating', 'he@@', 'art', 'of', 'the', 'glob@@', 'al', 'c@@', 'lim@@', 'ate', 'system', '.']
2026-05-28 00:26:15,816 - DEBUG - joeynmt.training - 	Tokenized hypothesis: ['The', 'ice', 'S@@', 'a@@', 'p', 'on', 'the', 'N@@', 'or@@', 'th', 'P@@', 'ole', 'is', 'in', 'a', 'sense', 'of', 'the', 's@@', 'hel@@', 'ter', 'of', 'us', 'glob@@', 'al', 'c@@', 'lim@@', 'ate', 'system', '.', '</s>']
2026-05-28 00:26:15,816 - INFO - joeynmt.training - 	Source:     De ijskap op de Noordpool is in zekere zin het kloppend hart van ons globaal klimaatsysteem .
2026-05-28 00:26:15,816 - INFO - joeynmt.training - 	Reference:  The arctic ice cap is , in a sense , the beating heart of the global climate system .
2026-05-28 00:26:15,816 - INFO - joeynmt.training - 	Hypothesis: The ice Sap on the North Pole is in a sense of the shelter of us global climate system .
2026-05-28 00:26:15,816 - INFO - joeynmt.training - Example #3
2026-05-28 00:26:15,816 - DEBUG - joeynmt.training - 	Tokenized source:     ['Het', 'z@@', 'et', 'uit', 'in', 'de', 'win@@', 'ter', 'en', 'k@@', 'ri@@', 'mp@@', 't', 'in', 'de', 'z@@', 'om@@', 'er', '.']
2026-05-28 00:26:15,816 - DEBUG - joeynmt.training - 	Tokenized reference:  ['It', 'exp@@', 'and@@', 's', 'in', 'win@@', 'ter', 'and', 'con@@', 'tr@@', 'ac@@', 'ts', 'in', 'su@@', 'mm@@', 'er', '.']
2026-05-28 00:26:15,816 - DEBUG - joeynmt.training - 	Tokenized hypothesis: ['It', '&apos;s', 'put', 'out', 'in', 'the', 'win@@', 'ter', 'and', 'cr@@', 'y@@', 'mp@@', 's', 'in', 'the', 'su@@', 'mm@@', 'er', '.', '</s>']
2026-05-28 00:26:15,816 - INFO - joeynmt.training - 	Source:     Het zet uit in de winter en krimpt in de zomer .
2026-05-28 00:26:15,816 - INFO - joeynmt.training - 	Reference:  It expands in winter and contracts in summer .
2026-05-28 00:26:15,817 - INFO - joeynmt.training - 	Hypothesis: It &apos;s put out in the winter and crymps in the summer .
2026-05-28 00:26:15,817 - INFO - joeynmt.training - Example #4
2026-05-28 00:26:15,817 - DEBUG - joeynmt.training - 	Tokenized source:     ['De', 'volgende', 'dia', 'die', 'ik', 'laat', 'zien', 'is', 'een', 'vers@@', 'n@@', 'el@@', 'de', 'ver@@', 'sie', 'van', 'wat', 'er', 'de', 'af@@', 'gel@@', 'open', '2@@', '5', 'jaar', 'is', 'gebeur@@', 'd', '.']
2026-05-28 00:26:15,817 - DEBUG - joeynmt.training - 	Tokenized reference:  ['The', 'next', 'sli@@', 'de', 'I', 'show', 'you', 'will', 'be', 'a', 'r@@', 'ap@@', 'id', 'fa@@', 'st@@', '-@@', 'for@@', 'ward', 'of', 'what', '&apos;s', 'happened', 'over', 'the', 'last', '2@@', '5', 'years', '.']
2026-05-28 00:26:15,817 - DEBUG - joeynmt.training - 	Tokenized hypothesis: ['The', 'next', 'sli@@', 'de', 'I', '&apos;m', 'going', 'to', 'show', 'is', 'a', 'vers@@', 'al', 'ver@@', 'sion', 'of', 'what', '&apos;s', 'happened', 'in', 'the', 'last', '2@@', '5', 'years', '.', '</s>']
2026-05-28 00:26:15,817 - INFO - joeynmt.training - 	Source:     De volgende dia die ik laat zien is een versnelde versie van wat er de afgelopen 25 jaar is gebeurd .
2026-05-28 00:26:15,817 - INFO - joeynmt.training - 	Reference:  The next slide I show you will be a rapid fast-forward of what &apos;s happened over the last 25 years .
2026-05-28 00:26:15,817 - INFO - joeynmt.training - 	Hypothesis: The next slide I &apos;m going to show is a versal version of what &apos;s happened in the last 25 years .
2026-05-28 00:26:28,525 - INFO - joeynmt.training - Epoch  10, Step:    36600, Batch Loss:     1.198422, Batch Acc: 0.655752, Tokens per Sec:     5884, Lr: 0.000300
2026-05-28 00:26:41,137 - INFO - joeynmt.training - Epoch  10, Step:    36700, Batch Loss:     1.170811, Batch Acc: 0.654951, Tokens per Sec:     5949, Lr: 0.000300
2026-05-28 00:26:53,779 - INFO - joeynmt.training - Epoch  10, Step:    36800, Batch Loss:     1.176115, Batch Acc: 0.659025, Tokens per Sec:     5832, Lr: 0.000300
2026-05-28 00:27:09,032 - INFO - joeynmt.training - Epoch  10, Step:    36900, Batch Loss:     1.390493, Batch Acc: 0.654416, Tokens per Sec:     4867, Lr: 0.000300
2026-05-28 00:27:24,523 - INFO - joeynmt.training - Epoch  10, Step:    37000, Batch Loss:     1.127784, Batch Acc: 0.650053, Tokens per Sec:     4823, Lr: 0.000300
2026-05-28 00:27:24,524 - WARNING - joeynmt.helpers - `alpha` option is obsolete. Please use `beam_alpha`, instead.
2026-05-28 00:27:24,524 - INFO - joeynmt.prediction - Predicting 1003 example(s)... (Greedy decoding with min_output_length=1, max_output_length=-1, return_prob='none', generate_unk=True, repetition_penalty=-1, no_repeat_ngram_size=-1)
2026-05-28 00:27:56,447 - INFO - joeynmt.prediction - Evaluation result (greedy) loss:   1.64, ppl:   5.15, acc:   0.54, generation: 31.9094[sec], evaluation: 0.0000[sec]
2026-05-28 00:27:56,609 - INFO - joeynmt.helpers - delete models/tf_bpe_2000_nl_en/35000.ckpt
2026-05-28 00:27:56,611 - INFO - joeynmt.training - Example #0
2026-05-28 00:27:56,612 - DEBUG - joeynmt.training - 	Tokenized source:     ['V@@', 'or@@', 'ig', 'jaar', 'li@@', 'et', 'ik', 'deze', 'twee', 'dia', '&apos;', 's', 'zien', 'om', 'aan', 'te', 't@@', 'onen', 'dat', 'de', 'p@@', 'oo@@', 'lij@@', 'sk@@', 'a@@', 'p', ',', 'die', 'de', 'af@@', 'gel@@', 'open', 'drie', 'miljoen', 'jaar', 'ongeveer', 'de', 'groot@@', 'te', 'had', 'van', 'het', 'va@@', 'stel@@', 'and', 'van', 'de', 'V@@', 'S', ',', 'met', '4@@', '0', '%', 'ge@@', 'k@@', 'r@@', 'om@@', 'pen', 'was', '.']
2026-05-28 00:27:56,612 - DEBUG - joeynmt.training - 	Tokenized reference:  ['La@@', 'st', 'year', 'I', 'sho@@', 'w@@', 'ed', 'these', 'two', 'sli@@', 'des', 'so', 'that', 'de@@', 'mon@@', 'str@@', 'ate', 'that', 'the', 'ar@@', 'c@@', 'ti@@', 'c', 'ice', 'ca@@', 'p', ',', 'which', 'for', 'most', 'of', 'the', 'last', 'three', 'million', 'years', 'has', 'been', 'the', 'si@@', 'ze', 'of', 'the', 'lo@@', 'wer', '4@@', '8', 'st@@', 'ates', ',', 'has', 'sh@@', 'r@@', 'un@@', 'k', 'by', '4@@', '0', 'percent', '.']
2026-05-28 00:27:56,612 - DEBUG - joeynmt.training - 	Tokenized hypothesis: ['And', 'last', 'year', ',', 'I', 'sho@@', 'w@@', 'ed', 'these', 'two', 'sli@@', 'des', 'to', 'show', 'that', 'the', 'P@@', 'oo@@', 'l@@', 'b@@', 'le@@', 'ss@@', 'ly', 'had', 'the', 'P@@', 'oo@@', 'l@@', 'b@@', 'le@@', 'ss@@', 'ly', 'the', 'last', 'three', 'million', 'years', 'of', 'the', 'U@@', 'n@@', 'ited', 'St@@', 'ates', ',', 'with', '4@@', '0', 'percent', 'of', 'the', 'U@@', '.@@', 'S@@', '.', ',', 'with', '4@@', '0', 'percent', '.', '</s>']
2026-05-28 00:27:56,612 - INFO - joeynmt.training - 	Source:     Vorig jaar liet ik deze twee dia &apos; s zien om aan te tonen dat de poolijskap , die de afgelopen drie miljoen jaar ongeveer de grootte had van het vasteland van de VS , met 40 % gekrompen was .
2026-05-28 00:27:56,612 - INFO - joeynmt.training - 	Reference:  Last year I showed these two slides so that demonstrate that the arctic ice cap , which for most of the last three million years has been the size of the lower 48 states , has shrunk by 40 percent .
2026-05-28 00:27:56,612 - INFO - joeynmt.training - 	Hypothesis: And last year , I showed these two slides to show that the Poolblessly had the Poolblessly the last three million years of the United States , with 40 percent of the U.S. , with 40 percent .
2026-05-28 00:27:56,612 - INFO - joeynmt.training - Example #1
2026-05-28 00:27:56,612 - DEBUG - joeynmt.training - 	Tokenized source:     ['Maar', 'dit', 'onder@@', 'sch@@', 'at', 'eigenlijk', 'de', 'er@@', 'n@@', 'st', 'van', 'dit', 'speci@@', 'f@@', 'ieke', 'probleem', 'omdat', 'het', 'niet', 'de', 'di@@', 'kte', 'van', 'het', 'ij@@', 's', 'laat', 'zien', '.']
2026-05-28 00:27:56,612 - DEBUG - joeynmt.training - 	Tokenized reference:  ['But', 'this', 'under@@', 'st@@', 'ates', 'the', 'ser@@', 'i@@', 'ous@@', 'ness', 'of', 'this', 'parti@@', 'cu@@', 'lar', 'problem', 'because', 'it', 'doesn', '&apos;t', 'show', 'the', 'th@@', 'ic@@', 'k@@', 'ness', 'of', 'the', 'ice', '.']
2026-05-28 00:27:56,612 - DEBUG - joeynmt.training - 	Tokenized hypothesis: ['But', 'this', 'di@@', 'st@@', 'in@@', 'c@@', 'tion', 'actually', ',', 'the', 'n@@', 'on@@', '-@@', 'the@@', '-@@', 'the@@', '-@@', 'the@@', '-@@', 'the@@', '-@@', 'the@@', '-@@', 'sho@@', 'wing', 'the', 'ice', '.', '</s>']
2026-05-28 00:27:56,613 - INFO - joeynmt.training - 	Source:     Maar dit onderschat eigenlijk de ernst van dit specifieke probleem omdat het niet de dikte van het ijs laat zien .
2026-05-28 00:27:56,613 - INFO - joeynmt.training - 	Reference:  But this understates the seriousness of this particular problem because it doesn &apos;t show the thickness of the ice .
2026-05-28 00:27:56,613 - INFO - joeynmt.training - 	Hypothesis: But this distinction actually , the non-the-the-the-the-the-showing the ice .
2026-05-28 00:27:56,613 - INFO - joeynmt.training - Example #2
2026-05-28 00:27:56,613 - DEBUG - joeynmt.training - 	Tokenized source:     ['De', 'ij@@', 'sk@@', 'a@@', 'p', 'op', 'de', 'N@@', 'oor@@', 'd@@', 'p@@', 'ool', 'is', 'in', 'ze@@', 'k@@', 'ere', 'z@@', 'in', 'het', 'kl@@', 'op@@', 'p@@', 'end', 'har@@', 't', 'van', 'ons', 'glob@@', 'aal', 'k@@', 'li@@', 'ma@@', 'at@@', 'systeem', '.']
2026-05-28 00:27:56,613 - DEBUG - joeynmt.training - 	Tokenized reference:  ['The', 'ar@@', 'c@@', 'ti@@', 'c', 'ice', 'ca@@', 'p', 'is', ',', 'in', 'a', 'sense', ',', 'the', 'be@@', 'ating', 'he@@', 'art', 'of', 'the', 'glob@@', 'al', 'c@@', 'lim@@', 'ate', 'system', '.']
2026-05-28 00:27:56,613 - DEBUG - joeynmt.training - 	Tokenized hypothesis: ['The', 'ice', 'sk@@', 'a@@', 'p', 'on', 'the', 'N@@', 'or@@', 'th', 'P@@', 'ole', 'is', 'in', 'a', 'sense', 'of', 'the', 'right', 'he@@', 'art', 'of', 'our', 'glob@@', 'al', 'c@@', 'lim@@', 'ate', 'system', '.', '</s>']
2026-05-28 00:27:56,613 - INFO - joeynmt.training - 	Source:     De ijskap op de Noordpool is in zekere zin het kloppend hart van ons globaal klimaatsysteem .
2026-05-28 00:27:56,613 - INFO - joeynmt.training - 	Reference:  The arctic ice cap is , in a sense , the beating heart of the global climate system .
2026-05-28 00:27:56,613 - INFO - joeynmt.training - 	Hypothesis: The ice skap on the North Pole is in a sense of the right heart of our global climate system .
2026-05-28 00:27:56,613 - INFO - joeynmt.training - Example #3
2026-05-28 00:27:56,613 - DEBUG - joeynmt.training - 	Tokenized source:     ['Het', 'z@@', 'et', 'uit', 'in', 'de', 'win@@', 'ter', 'en', 'k@@', 'ri@@', 'mp@@', 't', 'in', 'de', 'z@@', 'om@@', 'er', '.']
2026-05-28 00:27:56,613 - DEBUG - joeynmt.training - 	Tokenized reference:  ['It', 'exp@@', 'and@@', 's', 'in', 'win@@', 'ter', 'and', 'con@@', 'tr@@', 'ac@@', 'ts', 'in', 'su@@', 'mm@@', 'er', '.']
2026-05-28 00:27:56,613 - DEBUG - joeynmt.training - 	Tokenized hypothesis: ['It', '&apos;s', 'in', 'the', 'win@@', 'ter', 'and', 'cr@@', 'os@@', 's@@', 'ed', 'in', 'the', 'su@@', 'mm@@', 'er', '.', '</s>']
2026-05-28 00:27:56,614 - INFO - joeynmt.training - 	Source:     Het zet uit in de winter en krimpt in de zomer .
2026-05-28 00:27:56,614 - INFO - joeynmt.training - 	Reference:  It expands in winter and contracts in summer .
2026-05-28 00:27:56,614 - INFO - joeynmt.training - 	Hypothesis: It &apos;s in the winter and crossed in the summer .
2026-05-28 00:27:56,614 - INFO - joeynmt.training - Example #4
2026-05-28 00:27:56,614 - DEBUG - joeynmt.training - 	Tokenized source:     ['De', 'volgende', 'dia', 'die', 'ik', 'laat', 'zien', 'is', 'een', 'vers@@', 'n@@', 'el@@', 'de', 'ver@@', 'sie', 'van', 'wat', 'er', 'de', 'af@@', 'gel@@', 'open', '2@@', '5', 'jaar', 'is', 'gebeur@@', 'd', '.']
2026-05-28 00:27:56,614 - DEBUG - joeynmt.training - 	Tokenized reference:  ['The', 'next', 'sli@@', 'de', 'I', 'show', 'you', 'will', 'be', 'a', 'r@@', 'ap@@', 'id', 'fa@@', 'st@@', '-@@', 'for@@', 'ward', 'of', 'what', '&apos;s', 'happened', 'over', 'the', 'last', '2@@', '5', 'years', '.']
2026-05-28 00:27:56,614 - DEBUG - joeynmt.training - 	Tokenized hypothesis: ['The', 'next', 'sli@@', 'de', 'I', 'show', 'you', 'is', 'a', 'ac@@', 'cel@@', 'er@@', 'ated', 'ver@@', 'sion', 'of', 'what', 'happened', 'the', 'last', '2@@', '5', 'years', '.', '</s>']
2026-05-28 00:27:56,614 - INFO - joeynmt.training - 	Source:     De volgende dia die ik laat zien is een versnelde versie van wat er de afgelopen 25 jaar is gebeurd .
2026-05-28 00:27:56,614 - INFO - joeynmt.training - 	Reference:  The next slide I show you will be a rapid fast-forward of what &apos;s happened over the last 25 years .
2026-05-28 00:27:56,614 - INFO - joeynmt.training - 	Hypothesis: The next slide I show you is a accelerated version of what happened the last 25 years .
2026-05-28 00:28:12,755 - INFO - joeynmt.training - Epoch  10, Step:    37100, Batch Loss:     1.145125, Batch Acc: 0.657317, Tokens per Sec:     4747, Lr: 0.000300
2026-05-28 00:28:27,871 - INFO - joeynmt.training - Epoch  10, Step:    37200, Batch Loss:     1.255920, Batch Acc: 0.651478, Tokens per Sec:     5075, Lr: 0.000300
2026-05-28 00:28:43,746 - INFO - joeynmt.training - Epoch  10, Step:    37300, Batch Loss:     1.308511, Batch Acc: 0.648506, Tokens per Sec:     4833, Lr: 0.000300
2026-05-28 00:28:59,478 - INFO - joeynmt.training - Epoch  10, Step:    37400, Batch Loss:     1.304216, Batch Acc: 0.648517, Tokens per Sec:     4856, Lr: 0.000300
2026-05-28 00:29:15,611 - INFO - joeynmt.training - Epoch  10, Step:    37500, Batch Loss:     1.260563, Batch Acc: 0.651265, Tokens per Sec:     4599, Lr: 0.000300
2026-05-28 00:29:15,612 - WARNING - joeynmt.helpers - `alpha` option is obsolete. Please use `beam_alpha`, instead.
2026-05-28 00:29:15,612 - INFO - joeynmt.prediction - Predicting 1003 example(s)... (Greedy decoding with min_output_length=1, max_output_length=-1, return_prob='none', generate_unk=True, repetition_penalty=-1, no_repeat_ngram_size=-1)
2026-05-28 00:29:45,701 - INFO - joeynmt.prediction - Evaluation result (greedy) loss:   1.64, ppl:   5.14, acc:   0.54, generation: 30.0746[sec], evaluation: 0.0000[sec]
2026-05-28 00:29:45,870 - INFO - joeynmt.helpers - delete models/tf_bpe_2000_nl_en/34000.ckpt
2026-05-28 00:29:45,872 - INFO - joeynmt.training - Example #0
2026-05-28 00:29:45,872 - DEBUG - joeynmt.training - 	Tokenized source:     ['V@@', 'or@@', 'ig', 'jaar', 'li@@', 'et', 'ik', 'deze', 'twee', 'dia', '&apos;', 's', 'zien', 'om', 'aan', 'te', 't@@', 'onen', 'dat', 'de', 'p@@', 'oo@@', 'lij@@', 'sk@@', 'a@@', 'p', ',', 'die', 'de', 'af@@', 'gel@@', 'open', 'drie', 'miljoen', 'jaar', 'ongeveer', 'de', 'groot@@', 'te', 'had', 'van', 'het', 'va@@', 'stel@@', 'and', 'van', 'de', 'V@@', 'S', ',', 'met', '4@@', '0', '%', 'ge@@', 'k@@', 'r@@', 'om@@', 'pen', 'was', '.']
2026-05-28 00:29:45,872 - DEBUG - joeynmt.training - 	Tokenized reference:  ['La@@', 'st', 'year', 'I', 'sho@@', 'w@@', 'ed', 'these', 'two', 'sli@@', 'des', 'so', 'that', 'de@@', 'mon@@', 'str@@', 'ate', 'that', 'the', 'ar@@', 'c@@', 'ti@@', 'c', 'ice', 'ca@@', 'p', ',', 'which', 'for', 'most', 'of', 'the', 'last', 'three', 'million', 'years', 'has', 'been', 'the', 'si@@', 'ze', 'of', 'the', 'lo@@', 'wer', '4@@', '8', 'st@@', 'ates', ',', 'has', 'sh@@', 'r@@', 'un@@', 'k', 'by', '4@@', '0', 'percent', '.']
2026-05-28 00:29:45,872 - DEBUG - joeynmt.training - 	Tokenized hypothesis: ['And', 'last', 'year', ',', 'I', 'sho@@', 'w@@', 'ed', 'these', 'two', 'sli@@', 'des', 'to', 'show', 'that', 'the', 'p@@', 'oo@@', 'l@@', 'b@@', 'y@@', '-@@', 'mil@@', 'e', ',', 'which', 'was', 'about', 'the', 'P@@', 'oo@@', 'l', ',', 'which', 'was', 'about', 'three', 'million', 'years', 'of', 'the', 'ma@@', 'g@@', 'ni@@', 'fic@@', 'ant', 'had', 'been', 'about', '4@@', '0', 'percent', '.', '</s>']
2026-05-28 00:29:45,873 - INFO - joeynmt.training - 	Source:     Vorig jaar liet ik deze twee dia &apos; s zien om aan te tonen dat de poolijskap , die de afgelopen drie miljoen jaar ongeveer de grootte had van het vasteland van de VS , met 40 % gekrompen was .
2026-05-28 00:29:45,873 - INFO - joeynmt.training - 	Reference:  Last year I showed these two slides so that demonstrate that the arctic ice cap , which for most of the last three million years has been the size of the lower 48 states , has shrunk by 40 percent .
2026-05-28 00:29:45,873 - INFO - joeynmt.training - 	Hypothesis: And last year , I showed these two slides to show that the poolby-mile , which was about the Pool , which was about three million years of the magnificant had been about 40 percent .
2026-05-28 00:29:45,873 - INFO - joeynmt.training - Example #1
2026-05-28 00:29:45,873 - DEBUG - joeynmt.training - 	Tokenized source:     ['Maar', 'dit', 'onder@@', 'sch@@', 'at', 'eigenlijk', 'de', 'er@@', 'n@@', 'st', 'van', 'dit', 'speci@@', 'f@@', 'ieke', 'probleem', 'omdat', 'het', 'niet', 'de', 'di@@', 'kte', 'van', 'het', 'ij@@', 's', 'laat', 'zien', '.']
2026-05-28 00:29:45,873 - DEBUG - joeynmt.training - 	Tokenized reference:  ['But', 'this', 'under@@', 'st@@', 'ates', 'the', 'ser@@', 'i@@', 'ous@@', 'ness', 'of', 'this', 'parti@@', 'cu@@', 'lar', 'problem', 'because', 'it', 'doesn', '&apos;t', 'show', 'the', 'th@@', 'ic@@', 'k@@', 'ness', 'of', 'the', 'ice', '.']
2026-05-28 00:29:45,873 - DEBUG - joeynmt.training - 	Tokenized hypothesis: ['But', 'this', 'under@@', 'est@@', 'im@@', 'ated', 'the', 'ser@@', 'i@@', 'ous', 'problem', 'because', 'it', 'doesn', '&apos;t', 'show', 'the', 'ice', 'of', 'the', 'ice', 'of', 'the', 'ice', '.', '</s>']
2026-05-28 00:29:45,873 - INFO - joeynmt.training - 	Source:     Maar dit onderschat eigenlijk de ernst van dit specifieke probleem omdat het niet de dikte van het ijs laat zien .
2026-05-28 00:29:45,873 - INFO - joeynmt.training - 	Reference:  But this understates the seriousness of this particular problem because it doesn &apos;t show the thickness of the ice .
2026-05-28 00:29:45,873 - INFO - joeynmt.training - 	Hypothesis: But this underestimated the serious problem because it doesn &apos;t show the ice of the ice of the ice .
2026-05-28 00:29:45,873 - INFO - joeynmt.training - Example #2
2026-05-28 00:29:45,873 - DEBUG - joeynmt.training - 	Tokenized source:     ['De', 'ij@@', 'sk@@', 'a@@', 'p', 'op', 'de', 'N@@', 'oor@@', 'd@@', 'p@@', 'ool', 'is', 'in', 'ze@@', 'k@@', 'ere', 'z@@', 'in', 'het', 'kl@@', 'op@@', 'p@@', 'end', 'har@@', 't', 'van', 'ons', 'glob@@', 'aal', 'k@@', 'li@@', 'ma@@', 'at@@', 'systeem', '.']
2026-05-28 00:29:45,873 - DEBUG - joeynmt.training - 	Tokenized reference:  ['The', 'ar@@', 'c@@', 'ti@@', 'c', 'ice', 'ca@@', 'p', 'is', ',', 'in', 'a', 'sense', ',', 'the', 'be@@', 'ating', 'he@@', 'art', 'of', 'the', 'glob@@', 'al', 'c@@', 'lim@@', 'ate', 'system', '.']
2026-05-28 00:29:45,873 - DEBUG - joeynmt.training - 	Tokenized hypothesis: ['The', 'ice', 'sk@@', 'a@@', 'p', 'on', 'the', 'N@@', 'or@@', 'th', 'P@@', 'ole', 'is', 'in', 'a', 'sense', 'of', 'the', 'cu@@', 'tting', 'he@@', 'art', 'of', 'our', 'glob@@', 'al', 'c@@', 'lim@@', 'ate', 'system', '.', '</s>']
2026-05-28 00:29:45,874 - INFO - joeynmt.training - 	Source:     De ijskap op de Noordpool is in zekere zin het kloppend hart van ons globaal klimaatsysteem .
2026-05-28 00:29:45,874 - INFO - joeynmt.training - 	Reference:  The arctic ice cap is , in a sense , the beating heart of the global climate system .
2026-05-28 00:29:45,874 - INFO - joeynmt.training - 	Hypothesis: The ice skap on the North Pole is in a sense of the cutting heart of our global climate system .
2026-05-28 00:29:45,874 - INFO - joeynmt.training - Example #3
2026-05-28 00:29:45,874 - DEBUG - joeynmt.training - 	Tokenized source:     ['Het', 'z@@', 'et', 'uit', 'in', 'de', 'win@@', 'ter', 'en', 'k@@', 'ri@@', 'mp@@', 't', 'in', 'de', 'z@@', 'om@@', 'er', '.']
2026-05-28 00:29:45,874 - DEBUG - joeynmt.training - 	Tokenized reference:  ['It', 'exp@@', 'and@@', 's', 'in', 'win@@', 'ter', 'and', 'con@@', 'tr@@', 'ac@@', 'ts', 'in', 'su@@', 'mm@@', 'er', '.']
2026-05-28 00:29:45,874 - DEBUG - joeynmt.training - 	Tokenized hypothesis: ['It', '&apos;s', 'in', 'the', 'win@@', 'ter', 'and', 'cr@@', 'y@@', 'mp@@', 's', 'in', 'the', 'su@@', 'mm@@', 'er', '.', '</s>']
2026-05-28 00:29:45,874 - INFO - joeynmt.training - 	Source:     Het zet uit in de winter en krimpt in de zomer .
2026-05-28 00:29:45,874 - INFO - joeynmt.training - 	Reference:  It expands in winter and contracts in summer .
2026-05-28 00:29:45,874 - INFO - joeynmt.training - 	Hypothesis: It &apos;s in the winter and crymps in the summer .
2026-05-28 00:29:45,874 - INFO - joeynmt.training - Example #4
2026-05-28 00:29:45,874 - DEBUG - joeynmt.training - 	Tokenized source:     ['De', 'volgende', 'dia', 'die', 'ik', 'laat', 'zien', 'is', 'een', 'vers@@', 'n@@', 'el@@', 'de', 'ver@@', 'sie', 'van', 'wat', 'er', 'de', 'af@@', 'gel@@', 'open', '2@@', '5', 'jaar', 'is', 'gebeur@@', 'd', '.']
2026-05-28 00:29:45,875 - DEBUG - joeynmt.training - 	Tokenized reference:  ['The', 'next', 'sli@@', 'de', 'I', 'show', 'you', 'will', 'be', 'a', 'r@@', 'ap@@', 'id', 'fa@@', 'st@@', '-@@', 'for@@', 'ward', 'of', 'what', '&apos;s', 'happened', 'over', 'the', 'last', '2@@', '5', 'years', '.']
2026-05-28 00:29:45,875 - DEBUG - joeynmt.training - 	Tokenized hypothesis: ['The', 'next', 'sli@@', 'de', 'I', 'sho@@', 'ws', 'is', 'a', 'ac@@', 'cel@@', 'er@@', 'ated', 'ver@@', 'sion', 'of', 'what', '&apos;s', 'happened', 'in', 'the', 'last', '2@@', '5', 'years', '.', '</s>']
2026-05-28 00:29:45,875 - INFO - joeynmt.training - 	Source:     De volgende dia die ik laat zien is een versnelde versie van wat er de afgelopen 25 jaar is gebeurd .
2026-05-28 00:29:45,875 - INFO - joeynmt.training - 	Reference:  The next slide I show you will be a rapid fast-forward of what &apos;s happened over the last 25 years .
2026-05-28 00:29:45,875 - INFO - joeynmt.training - 	Hypothesis: The next slide I shows is a accelerated version of what &apos;s happened in the last 25 years .
2026-05-28 00:30:01,518 - INFO - joeynmt.training - Epoch  10, Step:    37600, Batch Loss:     1.181609, Batch Acc: 0.647598, Tokens per Sec:     4738, Lr: 0.000300
2026-05-28 00:30:14,732 - INFO - joeynmt.training - Epoch  10, Step:    37700, Batch Loss:     1.145146, Batch Acc: 0.647348, Tokens per Sec:     5752, Lr: 0.000300
2026-05-28 00:30:27,033 - INFO - joeynmt.training - Epoch  10, Step:    37800, Batch Loss:     1.408837, Batch Acc: 0.647523, Tokens per Sec:     6203, Lr: 0.000300
2026-05-28 00:30:39,801 - INFO - joeynmt.training - Epoch  10, Step:    37900, Batch Loss:     1.109856, Batch Acc: 0.650003, Tokens per Sec:     6086, Lr: 0.000300
2026-05-28 00:30:52,271 - INFO - joeynmt.training - Epoch  10, Step:    38000, Batch Loss:     1.238751, Batch Acc: 0.650912, Tokens per Sec:     6078, Lr: 0.000300
2026-05-28 00:30:52,271 - WARNING - joeynmt.helpers - `alpha` option is obsolete. Please use `beam_alpha`, instead.
2026-05-28 00:30:52,271 - INFO - joeynmt.prediction - Predicting 1003 example(s)... (Greedy decoding with min_output_length=1, max_output_length=-1, return_prob='none', generate_unk=True, repetition_penalty=-1, no_repeat_ngram_size=-1)
2026-05-28 00:31:16,992 - INFO - joeynmt.prediction - Evaluation result (greedy) loss:   1.63, ppl:   5.11, acc:   0.54, generation: 24.7098[sec], evaluation: 0.0000[sec]
2026-05-28 00:31:16,993 - INFO - joeynmt.training - Hooray! New best validation result [ppl]!
2026-05-28 00:31:17,110 - INFO - joeynmt.helpers - delete models/tf_bpe_2000_nl_en/37000.ckpt
2026-05-28 00:31:17,111 - INFO - joeynmt.training - Example #0
2026-05-28 00:31:17,111 - DEBUG - joeynmt.training - 	Tokenized source:     ['V@@', 'or@@', 'ig', 'jaar', 'li@@', 'et', 'ik', 'deze', 'twee', 'dia', '&apos;', 's', 'zien', 'om', 'aan', 'te', 't@@', 'onen', 'dat', 'de', 'p@@', 'oo@@', 'lij@@', 'sk@@', 'a@@', 'p', ',', 'die', 'de', 'af@@', 'gel@@', 'open', 'drie', 'miljoen', 'jaar', 'ongeveer', 'de', 'groot@@', 'te', 'had', 'van', 'het', 'va@@', 'stel@@', 'and', 'van', 'de', 'V@@', 'S', ',', 'met', '4@@', '0', '%', 'ge@@', 'k@@', 'r@@', 'om@@', 'pen', 'was', '.']
2026-05-28 00:31:17,111 - DEBUG - joeynmt.training - 	Tokenized reference:  ['La@@', 'st', 'year', 'I', 'sho@@', 'w@@', 'ed', 'these', 'two', 'sli@@', 'des', 'so', 'that', 'de@@', 'mon@@', 'str@@', 'ate', 'that', 'the', 'ar@@', 'c@@', 'ti@@', 'c', 'ice', 'ca@@', 'p', ',', 'which', 'for', 'most', 'of', 'the', 'last', 'three', 'million', 'years', 'has', 'been', 'the', 'si@@', 'ze', 'of', 'the', 'lo@@', 'wer', '4@@', '8', 'st@@', 'ates', ',', 'has', 'sh@@', 'r@@', 'un@@', 'k', 'by', '4@@', '0', 'percent', '.']
2026-05-28 00:31:17,111 - DEBUG - joeynmt.training - 	Tokenized hypothesis: ['La@@', 'st', 'year', ',', 'I', 'sho@@', 'w@@', 'ed', 'these', 'two', 'sli@@', 'des', 'to', 'show', 'that', 'the', 'p@@', 'oo@@', 'l@@', 'b@@', 'ig@@', 'ger', ',', 'which', 'was', 'the', 'last', 'three', 'million', 'years', 'of', 'the', 'ma@@', 'g@@', 'n@@', 'itu@@', 'de', 'of', 'the', 'ma@@', 'g@@', 'n@@', 'itu@@', 'de', 'of', 'the', 'U@@', 'n@@', 'ited', 'St@@', 'ates', ',', 'with', '4@@', '0', 'percent', ',', 'with', '4@@', '0', 'percent', '.', '</s>']
2026-05-28 00:31:17,112 - INFO - joeynmt.training - 	Source:     Vorig jaar liet ik deze twee dia &apos; s zien om aan te tonen dat de poolijskap , die de afgelopen drie miljoen jaar ongeveer de grootte had van het vasteland van de VS , met 40 % gekrompen was .
2026-05-28 00:31:17,112 - INFO - joeynmt.training - 	Reference:  Last year I showed these two slides so that demonstrate that the arctic ice cap , which for most of the last three million years has been the size of the lower 48 states , has shrunk by 40 percent .
2026-05-28 00:31:17,112 - INFO - joeynmt.training - 	Hypothesis: Last year , I showed these two slides to show that the poolbigger , which was the last three million years of the magnitude of the magnitude of the United States , with 40 percent , with 40 percent .
2026-05-28 00:31:17,112 - INFO - joeynmt.training - Example #1
2026-05-28 00:31:17,112 - DEBUG - joeynmt.training - 	Tokenized source:     ['Maar', 'dit', 'onder@@', 'sch@@', 'at', 'eigenlijk', 'de', 'er@@', 'n@@', 'st', 'van', 'dit', 'speci@@', 'f@@', 'ieke', 'probleem', 'omdat', 'het', 'niet', 'de', 'di@@', 'kte', 'van', 'het', 'ij@@', 's', 'laat', 'zien', '.']
2026-05-28 00:31:17,112 - DEBUG - joeynmt.training - 	Tokenized reference:  ['But', 'this', 'under@@', 'st@@', 'ates', 'the', 'ser@@', 'i@@', 'ous@@', 'ness', 'of', 'this', 'parti@@', 'cu@@', 'lar', 'problem', 'because', 'it', 'doesn', '&apos;t', 'show', 'the', 'th@@', 'ic@@', 'k@@', 'ness', 'of', 'the', 'ice', '.']
2026-05-28 00:31:17,112 - DEBUG - joeynmt.training - 	Tokenized hypothesis: ['But', 'this', 'under@@', 'est@@', 'im@@', 'ate', 'the', 'ser@@', 'i@@', 'ous', 'problem', 'because', 'it', 'doesn', '&apos;t', 'show', 'the', 'di@@', 'se@@', 'ase', 'of', 'the', 'ice', '.', '</s>']
2026-05-28 00:31:17,112 - INFO - joeynmt.training - 	Source:     Maar dit onderschat eigenlijk de ernst van dit specifieke probleem omdat het niet de dikte van het ijs laat zien .
2026-05-28 00:31:17,112 - INFO - joeynmt.training - 	Reference:  But this understates the seriousness of this particular problem because it doesn &apos;t show the thickness of the ice .
2026-05-28 00:31:17,112 - INFO - joeynmt.training - 	Hypothesis: But this underestimate the serious problem because it doesn &apos;t show the disease of the ice .
2026-05-28 00:31:17,112 - INFO - joeynmt.training - Example #2
2026-05-28 00:31:17,112 - DEBUG - joeynmt.training - 	Tokenized source:     ['De', 'ij@@', 'sk@@', 'a@@', 'p', 'op', 'de', 'N@@', 'oor@@', 'd@@', 'p@@', 'ool', 'is', 'in', 'ze@@', 'k@@', 'ere', 'z@@', 'in', 'het', 'kl@@', 'op@@', 'p@@', 'end', 'har@@', 't', 'van', 'ons', 'glob@@', 'aal', 'k@@', 'li@@', 'ma@@', 'at@@', 'systeem', '.']
2026-05-28 00:31:17,112 - DEBUG - joeynmt.training - 	Tokenized reference:  ['The', 'ar@@', 'c@@', 'ti@@', 'c', 'ice', 'ca@@', 'p', 'is', ',', 'in', 'a', 'sense', ',', 'the', 'be@@', 'ating', 'he@@', 'art', 'of', 'the', 'glob@@', 'al', 'c@@', 'lim@@', 'ate', 'system', '.']
2026-05-28 00:31:17,112 - DEBUG - joeynmt.training - 	Tokenized hypothesis: ['The', 'ice', 'sk@@', 'y', 'is', 'on', 'the', 'N@@', 'or@@', 'th', 'P@@', 'ole', 'is', 'in', 'a', 'cer@@', 'ta@@', 'in', 'sense', ',', 'the', 'way', ',', 'the', 'c@@', 'lim@@', 'ate', 'system', 'of', 'our', 'glob@@', 'al', 'c@@', 'lim@@', 'ate', 'system', '.', '</s>']
2026-05-28 00:31:17,112 - INFO - joeynmt.training - 	Source:     De ijskap op de Noordpool is in zekere zin het kloppend hart van ons globaal klimaatsysteem .
2026-05-28 00:31:17,113 - INFO - joeynmt.training - 	Reference:  The arctic ice cap is , in a sense , the beating heart of the global climate system .
2026-05-28 00:31:17,113 - INFO - joeynmt.training - 	Hypothesis: The ice sky is on the North Pole is in a certain sense , the way , the climate system of our global climate system .
2026-05-28 00:31:17,113 - INFO - joeynmt.training - Example #3
2026-05-28 00:31:17,113 - DEBUG - joeynmt.training - 	Tokenized source:     ['Het', 'z@@', 'et', 'uit', 'in', 'de', 'win@@', 'ter', 'en', 'k@@', 'ri@@', 'mp@@', 't', 'in', 'de', 'z@@', 'om@@', 'er', '.']
2026-05-28 00:31:17,113 - DEBUG - joeynmt.training - 	Tokenized reference:  ['It', 'exp@@', 'and@@', 's', 'in', 'win@@', 'ter', 'and', 'con@@', 'tr@@', 'ac@@', 'ts', 'in', 'su@@', 'mm@@', 'er', '.']
2026-05-28 00:31:17,113 - DEBUG - joeynmt.training - 	Tokenized hypothesis: ['It', '&apos;s', 'the', 'pu@@', 'tting', 'out', 'in', 'the', 'win@@', 'ter', 'and', 'cr@@', 'os@@', 's', 'in', 'the', 'su@@', 'mm@@', 'er', '.', '</s>']
2026-05-28 00:31:17,113 - INFO - joeynmt.training - 	Source:     Het zet uit in de winter en krimpt in de zomer .
2026-05-28 00:31:17,113 - INFO - joeynmt.training - 	Reference:  It expands in winter and contracts in summer .
2026-05-28 00:31:17,113 - INFO - joeynmt.training - 	Hypothesis: It &apos;s the putting out in the winter and cross in the summer .
2026-05-28 00:31:17,113 - INFO - joeynmt.training - Example #4
2026-05-28 00:31:17,113 - DEBUG - joeynmt.training - 	Tokenized source:     ['De', 'volgende', 'dia', 'die', 'ik', 'laat', 'zien', 'is', 'een', 'vers@@', 'n@@', 'el@@', 'de', 'ver@@', 'sie', 'van', 'wat', 'er', 'de', 'af@@', 'gel@@', 'open', '2@@', '5', 'jaar', 'is', 'gebeur@@', 'd', '.']
2026-05-28 00:31:17,113 - DEBUG - joeynmt.training - 	Tokenized reference:  ['The', 'next', 'sli@@', 'de', 'I', 'show', 'you', 'will', 'be', 'a', 'r@@', 'ap@@', 'id', 'fa@@', 'st@@', '-@@', 'for@@', 'ward', 'of', 'what', '&apos;s', 'happened', 'over', 'the', 'last', '2@@', '5', 'years', '.']
2026-05-28 00:31:17,113 - DEBUG - joeynmt.training - 	Tokenized hypothesis: ['The', 'next', 'sli@@', 'de', 'I', 'sho@@', 'ws', 'is', 'a', 'ac@@', 'cel@@', 'er@@', 'ate', 'ver@@', 'sion', 'of', 'what', 'happened', 'in', 'the', 'last', '2@@', '5', 'years', '.', '</s>']
2026-05-28 00:31:17,113 - INFO - joeynmt.training - 	Source:     De volgende dia die ik laat zien is een versnelde versie van wat er de afgelopen 25 jaar is gebeurd .
2026-05-28 00:31:17,113 - INFO - joeynmt.training - 	Reference:  The next slide I show you will be a rapid fast-forward of what &apos;s happened over the last 25 years .
2026-05-28 00:31:17,113 - INFO - joeynmt.training - 	Hypothesis: The next slide I shows is a accelerate version of what happened in the last 25 years .
2026-05-28 00:31:28,941 - INFO - joeynmt.training - Epoch  10, Step:    38100, Batch Loss:     1.224989, Batch Acc: 0.654291, Tokens per Sec:     6258, Lr: 0.000300
2026-05-28 00:31:41,791 - INFO - joeynmt.training - Epoch  10, Step:    38200, Batch Loss:     1.312066, Batch Acc: 0.653237, Tokens per Sec:     6018, Lr: 0.000300
2026-05-28 00:31:53,821 - INFO - joeynmt.training - Epoch  10, Step:    38300, Batch Loss:     1.200522, Batch Acc: 0.651068, Tokens per Sec:     6404, Lr: 0.000300
2026-05-28 00:32:06,040 - INFO - joeynmt.training - Epoch  10, Step:    38400, Batch Loss:     1.281584, Batch Acc: 0.651890, Tokens per Sec:     6405, Lr: 0.000300
2026-05-28 00:32:18,652 - INFO - joeynmt.training - Epoch  10, Step:    38500, Batch Loss:     1.181800, Batch Acc: 0.649352, Tokens per Sec:     6046, Lr: 0.000300
2026-05-28 00:32:18,652 - WARNING - joeynmt.helpers - `alpha` option is obsolete. Please use `beam_alpha`, instead.
2026-05-28 00:32:18,653 - INFO - joeynmt.prediction - Predicting 1003 example(s)... (Greedy decoding with min_output_length=1, max_output_length=-1, return_prob='none', generate_unk=True, repetition_penalty=-1, no_repeat_ngram_size=-1)
2026-05-28 00:32:46,886 - INFO - joeynmt.prediction - Evaluation result (greedy) loss:   1.62, ppl:   5.08, acc:   0.54, generation: 28.2223[sec], evaluation: 0.0000[sec]
2026-05-28 00:32:46,888 - INFO - joeynmt.training - Hooray! New best validation result [ppl]!
2026-05-28 00:32:47,017 - INFO - joeynmt.helpers - delete models/tf_bpe_2000_nl_en/36500.ckpt
2026-05-28 00:32:47,018 - INFO - joeynmt.training - Example #0
2026-05-28 00:32:47,018 - DEBUG - joeynmt.training - 	Tokenized source:     ['V@@', 'or@@', 'ig', 'jaar', 'li@@', 'et', 'ik', 'deze', 'twee', 'dia', '&apos;', 's', 'zien', 'om', 'aan', 'te', 't@@', 'onen', 'dat', 'de', 'p@@', 'oo@@', 'lij@@', 'sk@@', 'a@@', 'p', ',', 'die', 'de', 'af@@', 'gel@@', 'open', 'drie', 'miljoen', 'jaar', 'ongeveer', 'de', 'groot@@', 'te', 'had', 'van', 'het', 'va@@', 'stel@@', 'and', 'van', 'de', 'V@@', 'S', ',', 'met', '4@@', '0', '%', 'ge@@', 'k@@', 'r@@', 'om@@', 'pen', 'was', '.']
2026-05-28 00:32:47,019 - DEBUG - joeynmt.training - 	Tokenized reference:  ['La@@', 'st', 'year', 'I', 'sho@@', 'w@@', 'ed', 'these', 'two', 'sli@@', 'des', 'so', 'that', 'de@@', 'mon@@', 'str@@', 'ate', 'that', 'the', 'ar@@', 'c@@', 'ti@@', 'c', 'ice', 'ca@@', 'p', ',', 'which', 'for', 'most', 'of', 'the', 'last', 'three', 'million', 'years', 'has', 'been', 'the', 'si@@', 'ze', 'of', 'the', 'lo@@', 'wer', '4@@', '8', 'st@@', 'ates', ',', 'has', 'sh@@', 'r@@', 'un@@', 'k', 'by', '4@@', '0', 'percent', '.']
2026-05-28 00:32:47,019 - DEBUG - joeynmt.training - 	Tokenized hypothesis: ['La@@', 'st', 'year', ',', 'I', 'sho@@', 'w@@', 'ed', 'these', 'two', 'sli@@', 'des', 'to', 'show', 'that', 'the', 'p@@', 'oo@@', 'l@@', 'b@@', 'le@@', 'y', ',', 'which', 'was', 'the', 'last', 'three', 'million', 'years', 'of', 'the', 'ma@@', 'g@@', 'n@@', 'itu@@', 'de', 'had', 'about', 'the', 'ma@@', 'g@@', 'n@@', 'itu@@', 'de', 'of', 'the', 'U@@', '.@@', 'S@@', '.', ',', 'with', '4@@', '0', 'percent', 'of', 'the', 'U@@', '.@@', 'S@@', '.', ',', 'with', '4@@', '0', 'percent', 'of', 'the', 'U@@', '.@@', 'S@@', '.', ',', 'with', '4@@', '0', 'percent', 'of', 'the', 'U@@', '.@@', 'S@@', '.', ',', 'with', '4@@', '0', 'percent', 'of', 'the', 'U@@', '.@@', 'S@@', '.', ',', 'I', 'sho@@', 'w@@', 'ed', 'these', 'two', 'sli@@', 'des', 'to', 'be', 'about', 'the', 'si@@', 'ze', 'of']
2026-05-28 00:32:47,019 - INFO - joeynmt.training - 	Source:     Vorig jaar liet ik deze twee dia &apos; s zien om aan te tonen dat de poolijskap , die de afgelopen drie miljoen jaar ongeveer de grootte had van het vasteland van de VS , met 40 % gekrompen was .
2026-05-28 00:32:47,019 - INFO - joeynmt.training - 	Reference:  Last year I showed these two slides so that demonstrate that the arctic ice cap , which for most of the last three million years has been the size of the lower 48 states , has shrunk by 40 percent .
2026-05-28 00:32:47,019 - INFO - joeynmt.training - 	Hypothesis: Last year , I showed these two slides to show that the poolbley , which was the last three million years of the magnitude had about the magnitude of the U.S. , with 40 percent of the U.S. , with 40 percent of the U.S. , with 40 percent of the U.S. , with 40 percent of the U.S. , I showed these two slides to be about the size of
2026-05-28 00:32:47,019 - INFO - joeynmt.training - Example #1
2026-05-28 00:32:47,019 - DEBUG - joeynmt.training - 	Tokenized source:     ['Maar', 'dit', 'onder@@', 'sch@@', 'at', 'eigenlijk', 'de', 'er@@', 'n@@', 'st', 'van', 'dit', 'speci@@', 'f@@', 'ieke', 'probleem', 'omdat', 'het', 'niet', 'de', 'di@@', 'kte', 'van', 'het', 'ij@@', 's', 'laat', 'zien', '.']
2026-05-28 00:32:47,019 - DEBUG - joeynmt.training - 	Tokenized reference:  ['But', 'this', 'under@@', 'st@@', 'ates', 'the', 'ser@@', 'i@@', 'ous@@', 'ness', 'of', 'this', 'parti@@', 'cu@@', 'lar', 'problem', 'because', 'it', 'doesn', '&apos;t', 'show', 'the', 'th@@', 'ic@@', 'k@@', 'ness', 'of', 'the', 'ice', '.']
2026-05-28 00:32:47,019 - DEBUG - joeynmt.training - 	Tokenized hypothesis: ['But', 'this', 'is', 'actually', 'the', 'di@@', 'st@@', 'in@@', 'c@@', 'tion', 'of', 'this', 'parti@@', 'cu@@', 'lar', 'problem', 'because', 'it', 'doesn', '&apos;t', 'show', 'the', 'ice', 'of', 'the', 'ice', '.', '</s>']
2026-05-28 00:32:47,019 - INFO - joeynmt.training - 	Source:     Maar dit onderschat eigenlijk de ernst van dit specifieke probleem omdat het niet de dikte van het ijs laat zien .
2026-05-28 00:32:47,019 - INFO - joeynmt.training - 	Reference:  But this understates the seriousness of this particular problem because it doesn &apos;t show the thickness of the ice .
2026-05-28 00:32:47,019 - INFO - joeynmt.training - 	Hypothesis: But this is actually the distinction of this particular problem because it doesn &apos;t show the ice of the ice .
2026-05-28 00:32:47,019 - INFO - joeynmt.training - Example #2
2026-05-28 00:32:47,020 - DEBUG - joeynmt.training - 	Tokenized source:     ['De', 'ij@@', 'sk@@', 'a@@', 'p', 'op', 'de', 'N@@', 'oor@@', 'd@@', 'p@@', 'ool', 'is', 'in', 'ze@@', 'k@@', 'ere', 'z@@', 'in', 'het', 'kl@@', 'op@@', 'p@@', 'end', 'har@@', 't', 'van', 'ons', 'glob@@', 'aal', 'k@@', 'li@@', 'ma@@', 'at@@', 'systeem', '.']
2026-05-28 00:32:47,020 - DEBUG - joeynmt.training - 	Tokenized reference:  ['The', 'ar@@', 'c@@', 'ti@@', 'c', 'ice', 'ca@@', 'p', 'is', ',', 'in', 'a', 'sense', ',', 'the', 'be@@', 'ating', 'he@@', 'art', 'of', 'the', 'glob@@', 'al', 'c@@', 'lim@@', 'ate', 'system', '.']
2026-05-28 00:32:47,020 - DEBUG - joeynmt.training - 	Tokenized hypothesis: ['The', 'ice', 'co@@', 'at', 'the', 'N@@', 'or@@', 'th', 'P@@', 'ole', 'is', 'in', 'a', 'cer@@', 'ta@@', 'in', 'sense', ',', 'the', 'c@@', 'li@@', 'm@@', 'p', 'he@@', 'art', 'of', 'our', 'glob@@', 'al', 'c@@', 'lim@@', 'ate', 'system', '.', '</s>']
2026-05-28 00:32:47,020 - INFO - joeynmt.training - 	Source:     De ijskap op de Noordpool is in zekere zin het kloppend hart van ons globaal klimaatsysteem .
2026-05-28 00:32:47,020 - INFO - joeynmt.training - 	Reference:  The arctic ice cap is , in a sense , the beating heart of the global climate system .
2026-05-28 00:32:47,020 - INFO - joeynmt.training - 	Hypothesis: The ice coat the North Pole is in a certain sense , the climp heart of our global climate system .
2026-05-28 00:32:47,020 - INFO - joeynmt.training - Example #3
2026-05-28 00:32:47,020 - DEBUG - joeynmt.training - 	Tokenized source:     ['Het', 'z@@', 'et', 'uit', 'in', 'de', 'win@@', 'ter', 'en', 'k@@', 'ri@@', 'mp@@', 't', 'in', 'de', 'z@@', 'om@@', 'er', '.']
2026-05-28 00:32:47,020 - DEBUG - joeynmt.training - 	Tokenized reference:  ['It', 'exp@@', 'and@@', 's', 'in', 'win@@', 'ter', 'and', 'con@@', 'tr@@', 'ac@@', 'ts', 'in', 'su@@', 'mm@@', 'er', '.']
2026-05-28 00:32:47,020 - DEBUG - joeynmt.training - 	Tokenized hypothesis: ['It', '&apos;s', 'just', 'in', 'the', 'win@@', 'ter', 'and', 'cr@@', 'y@@', 'mp@@', 's', 'in', 'the', 'su@@', 'mm@@', 'er', '.', '</s>']
2026-05-28 00:32:47,020 - INFO - joeynmt.training - 	Source:     Het zet uit in de winter en krimpt in de zomer .
2026-05-28 00:32:47,020 - INFO - joeynmt.training - 	Reference:  It expands in winter and contracts in summer .
2026-05-28 00:32:47,020 - INFO - joeynmt.training - 	Hypothesis: It &apos;s just in the winter and crymps in the summer .
2026-05-28 00:32:47,020 - INFO - joeynmt.training - Example #4
2026-05-28 00:32:47,020 - DEBUG - joeynmt.training - 	Tokenized source:     ['De', 'volgende', 'dia', 'die', 'ik', 'laat', 'zien', 'is', 'een', 'vers@@', 'n@@', 'el@@', 'de', 'ver@@', 'sie', 'van', 'wat', 'er', 'de', 'af@@', 'gel@@', 'open', '2@@', '5', 'jaar', 'is', 'gebeur@@', 'd', '.']
2026-05-28 00:32:47,020 - DEBUG - joeynmt.training - 	Tokenized reference:  ['The', 'next', 'sli@@', 'de', 'I', 'show', 'you', 'will', 'be', 'a', 'r@@', 'ap@@', 'id', 'fa@@', 'st@@', '-@@', 'for@@', 'ward', 'of', 'what', '&apos;s', 'happened', 'over', 'the', 'last', '2@@', '5', 'years', '.']
2026-05-28 00:32:47,020 - DEBUG - joeynmt.training - 	Tokenized hypothesis: ['The', 'next', 'sli@@', 'de', 'I', '&apos;m', 'going', 'to', 'show', 'is', 'a', 'ac@@', 'cel@@', 'er@@', 'ated', 'ver@@', 'sion', 'of', 'what', 'happened', 'in', 'the', 'last', '2@@', '5', 'years', '.', '</s>']
2026-05-28 00:32:47,024 - INFO - joeynmt.training - 	Source:     De volgende dia die ik laat zien is een versnelde versie van wat er de afgelopen 25 jaar is gebeurd .
2026-05-28 00:32:47,025 - INFO - joeynmt.training - 	Reference:  The next slide I show you will be a rapid fast-forward of what &apos;s happened over the last 25 years .
2026-05-28 00:32:47,025 - INFO - joeynmt.training - 	Hypothesis: The next slide I &apos;m going to show is a accelerated version of what happened in the last 25 years .
2026-05-28 00:32:59,775 - INFO - joeynmt.training - Epoch  10, Step:    38600, Batch Loss:     1.369666, Batch Acc: 0.646712, Tokens per Sec:     5940, Lr: 0.000300
2026-05-28 00:33:12,129 - INFO - joeynmt.training - Epoch  10, Step:    38700, Batch Loss:     1.219101, Batch Acc: 0.649642, Tokens per Sec:     6181, Lr: 0.000300
2026-05-28 00:33:19,858 - INFO - joeynmt.training - Epoch  10: total training loss 4639.81
2026-05-28 00:33:19,859 - INFO - joeynmt.training - Training ended after  10 epochs.
2026-05-28 00:33:19,859 - INFO - joeynmt.training - Best validation result (greedy) at step    38500:   5.08 ppl.
2026-05-28 00:33:19,872 - INFO - joeynmt.model - Building an encoder-decoder model...
2026-05-28 00:33:19,912 - INFO - joeynmt.model - Enc-dec model built.
2026-05-28 00:33:19,956 - INFO - joeynmt.helpers - Load model from /Users/annajung/Desktop/MT/exercise_4/mt-exercise-04/models/tf_bpe_2000_nl_en/38500.ckpt.
2026-05-28 00:33:19,960 - INFO - joeynmt.prediction - Model(
	encoder=TransformerEncoder(num_layers=4, num_heads=2, alpha=1.0, layer_norm="pre", activation=ReLU()),
	decoder=TransformerDecoder(num_layers=1, num_heads=2, alpha=1.0, layer_norm="post", activation=ReLU()),
	src_embed=Embeddings(embedding_dim=256, vocab_size=1996),
	trg_embed=Embeddings(embedding_dim=256, vocab_size=1996),
	loss_function=None)
2026-05-28 00:33:19,968 - INFO - joeynmt.prediction - Decoding on dev set...
2026-05-28 00:33:19,968 - WARNING - joeynmt.helpers - `alpha` option is obsolete. Please use `beam_alpha`, instead.
2026-05-28 00:33:19,968 - INFO - joeynmt.prediction - Predicting 1003 example(s)... (Beam search with beam_size=5, beam_alpha=1.0, n_best=1, min_output_length=1, max_output_length=-1, return_prob='none', generate_unk=True, repetition_penalty=-1, no_repeat_ngram_size=-1)
2026-05-28 00:33:55,847 - INFO - joeynmt.prediction - Evaluation result (beam search) , generation: 35.8684[sec], evaluation: 0.0000[sec]
2026-05-28 00:33:55,849 - INFO - joeynmt.prediction - Translations saved to: /Users/annajung/Desktop/MT/exercise_4/mt-exercise-04/models/tf_bpe_2000_nl_en/00038500.hyps.dev.
2026-05-28 00:33:55,849 - INFO - joeynmt.prediction - Decoding on test set...
2026-05-28 00:33:55,849 - WARNING - joeynmt.helpers - `alpha` option is obsolete. Please use `beam_alpha`, instead.
2026-05-28 00:33:55,849 - INFO - joeynmt.prediction - Predicting 1777 example(s)... (Beam search with beam_size=5, beam_alpha=1.0, n_best=1, min_output_length=1, max_output_length=-1, return_prob='none', generate_unk=True, repetition_penalty=-1, no_repeat_ngram_size=-1)
2026-05-28 00:34:46,793 - INFO - joeynmt.prediction - Evaluation result (beam search) , generation: 50.9286[sec], evaluation: 0.0000[sec]
2026-05-28 00:34:46,797 - INFO - joeynmt.prediction - Translations saved to: /Users/annajung/Desktop/MT/exercise_4/mt-exercise-04/models/tf_bpe_2000_nl_en/00038500.hyps.test.
