2026-05-27 13:53:51,786 - INFO - root - Hello! This is Joey-NMT (version 2.2.0).
2026-05-27 13:53:51,786 - INFO - joeynmt.helpers -                           cfg.name : tf_word_nl_en
2026-05-27 13:53:51,786 - INFO - joeynmt.helpers -                cfg.joeynmt_version : 2.0.0
2026-05-27 13:53:51,786 - INFO - joeynmt.helpers -                     cfg.data.train : data/train
2026-05-27 13:53:51,786 - INFO - joeynmt.helpers -                       cfg.data.dev : data/dev
2026-05-27 13:53:51,786 - INFO - joeynmt.helpers -                      cfg.data.test : data/test
2026-05-27 13:53:51,786 - INFO - joeynmt.helpers -              cfg.data.dataset_type : plain
2026-05-27 13:53:51,786 - INFO - joeynmt.helpers -                  cfg.data.src.lang : nl
2026-05-27 13:53:51,786 - INFO - joeynmt.helpers -                 cfg.data.src.level : word
2026-05-27 13:53:51,786 - INFO - joeynmt.helpers -             cfg.data.src.lowercase : False
2026-05-27 13:53:51,786 - INFO - joeynmt.helpers -       cfg.data.src.max_sent_length : 100
2026-05-27 13:53:51,786 - INFO - joeynmt.helpers -             cfg.data.src.voc_limit : 2000
2026-05-27 13:53:51,786 - INFO - joeynmt.helpers -        cfg.data.src.tokenizer_type : moses
2026-05-27 13:53:51,786 - INFO - joeynmt.helpers -    cfg.data.src.tokenizer_cfg.lang : nl
2026-05-27 13:53:51,786 - INFO - joeynmt.helpers -                  cfg.data.trg.lang : en
2026-05-27 13:53:51,787 - INFO - joeynmt.helpers -                 cfg.data.trg.level : word
2026-05-27 13:53:51,787 - INFO - joeynmt.helpers -             cfg.data.trg.lowercase : False
2026-05-27 13:53:51,787 - INFO - joeynmt.helpers -       cfg.data.trg.max_sent_length : 100
2026-05-27 13:53:51,787 - INFO - joeynmt.helpers -             cfg.data.trg.voc_limit : 2000
2026-05-27 13:53:51,787 - INFO - joeynmt.helpers -        cfg.data.trg.tokenizer_type : moses
2026-05-27 13:53:51,787 - INFO - joeynmt.helpers -    cfg.data.trg.tokenizer_cfg.lang : en
2026-05-27 13:53:51,787 - INFO - joeynmt.helpers -              cfg.testing.beam_size : 5
2026-05-27 13:53:51,787 - INFO - joeynmt.helpers -                  cfg.testing.alpha : 1.0
2026-05-27 13:53:51,787 - INFO - joeynmt.helpers -           cfg.training.random_seed : 42
2026-05-27 13:53:51,787 - INFO - joeynmt.helpers -             cfg.training.optimizer : adam
2026-05-27 13:53:51,787 - INFO - joeynmt.helpers -         cfg.training.normalization : tokens
2026-05-27 13:53:51,787 - INFO - joeynmt.helpers -         cfg.training.learning_rate : 0.0003
2026-05-27 13:53:51,787 - INFO - joeynmt.helpers -            cfg.training.batch_size : 2048
2026-05-27 13:53:51,787 - INFO - joeynmt.helpers -            cfg.training.batch_type : token
2026-05-27 13:53:51,787 - INFO - joeynmt.helpers -       cfg.training.eval_batch_size : 1024
2026-05-27 13:53:51,787 - INFO - joeynmt.helpers -       cfg.training.eval_batch_type : token
2026-05-27 13:53:51,787 - INFO - joeynmt.helpers -            cfg.training.scheduling : plateau
2026-05-27 13:53:51,787 - INFO - joeynmt.helpers -              cfg.training.patience : 8
2026-05-27 13:53:51,787 - INFO - joeynmt.helpers -          cfg.training.weight_decay : 0.0
2026-05-27 13:53:51,787 - INFO - joeynmt.helpers -       cfg.training.decrease_factor : 0.7
2026-05-27 13:53:51,787 - INFO - joeynmt.helpers - cfg.training.early_stopping_metric : ppl
2026-05-27 13:53:51,787 - INFO - joeynmt.helpers -                cfg.training.epochs : 10
2026-05-27 13:53:51,787 - INFO - joeynmt.helpers -       cfg.training.validation_freq : 500
2026-05-27 13:53:51,787 - INFO - joeynmt.helpers -          cfg.training.logging_freq : 100
2026-05-27 13:53:51,787 - INFO - joeynmt.helpers -           cfg.training.eval_metric : bleu
2026-05-27 13:53:51,787 - INFO - joeynmt.helpers -             cfg.training.model_dir : models/tf_word_nl_en
2026-05-27 13:53:51,787 - INFO - joeynmt.helpers -             cfg.training.overwrite : False
2026-05-27 13:53:51,787 - INFO - joeynmt.helpers -               cfg.training.shuffle : True
2026-05-27 13:53:51,787 - INFO - joeynmt.helpers -              cfg.training.use_cuda : False
2026-05-27 13:53:51,787 - INFO - joeynmt.helpers -     cfg.training.max_output_length : 100
2026-05-27 13:53:51,787 - INFO - joeynmt.helpers -     cfg.training.print_valid_sents : [0, 1, 2, 3, 4]
2026-05-27 13:53:51,787 - INFO - joeynmt.helpers -       cfg.training.label_smoothing : 0.3
2026-05-27 13:53:51,787 - INFO - joeynmt.helpers -              cfg.model.initializer : xavier_uniform
2026-05-27 13:53:51,787 - INFO - joeynmt.helpers -         cfg.model.bias_initializer : zeros
2026-05-27 13:53:51,787 - INFO - joeynmt.helpers -                cfg.model.init_gain : 1.0
2026-05-27 13:53:51,787 - INFO - joeynmt.helpers -        cfg.model.embed_initializer : xavier_uniform
2026-05-27 13:53:51,787 - INFO - joeynmt.helpers -          cfg.model.embed_init_gain : 1.0
2026-05-27 13:53:51,787 - INFO - joeynmt.helpers -          cfg.model.tied_embeddings : False
2026-05-27 13:53:51,787 - INFO - joeynmt.helpers -             cfg.model.tied_softmax : True
2026-05-27 13:53:51,787 - INFO - joeynmt.helpers -             cfg.model.encoder.type : transformer
2026-05-27 13:53:51,787 - INFO - joeynmt.helpers -       cfg.model.encoder.num_layers : 4
2026-05-27 13:53:51,788 - INFO - joeynmt.helpers -        cfg.model.encoder.num_heads : 2
2026-05-27 13:53:51,788 - INFO - joeynmt.helpers - cfg.model.encoder.embeddings.embedding_dim : 256
2026-05-27 13:53:51,788 - INFO - joeynmt.helpers - cfg.model.encoder.embeddings.scale : True
2026-05-27 13:53:51,788 - INFO - joeynmt.helpers - cfg.model.encoder.embeddings.dropout : 0
2026-05-27 13:53:51,788 - INFO - joeynmt.helpers -      cfg.model.encoder.hidden_size : 256
2026-05-27 13:53:51,788 - INFO - joeynmt.helpers -          cfg.model.encoder.ff_size : 512
2026-05-27 13:53:51,788 - INFO - joeynmt.helpers -          cfg.model.encoder.dropout : 0
2026-05-27 13:53:51,788 - INFO - joeynmt.helpers -             cfg.model.decoder.type : transformer
2026-05-27 13:53:51,788 - INFO - joeynmt.helpers -       cfg.model.decoder.num_layers : 1
2026-05-27 13:53:51,788 - INFO - joeynmt.helpers -        cfg.model.decoder.num_heads : 2
2026-05-27 13:53:51,788 - INFO - joeynmt.helpers - cfg.model.decoder.embeddings.embedding_dim : 256
2026-05-27 13:53:51,788 - INFO - joeynmt.helpers - cfg.model.decoder.embeddings.scale : True
2026-05-27 13:53:51,788 - INFO - joeynmt.helpers - cfg.model.decoder.embeddings.dropout : 0
2026-05-27 13:53:51,788 - INFO - joeynmt.helpers -      cfg.model.decoder.hidden_size : 256
2026-05-27 13:53:51,788 - INFO - joeynmt.helpers -          cfg.model.decoder.ff_size : 512
2026-05-27 13:53:51,788 - INFO - joeynmt.helpers -          cfg.model.decoder.dropout : 0
2026-05-27 13:53:51,789 - INFO - joeynmt.data - Building tokenizer...
2026-05-27 13:53:51,789 - INFO - joeynmt.tokenizers - nl tokenizer: BasicTokenizer(level=word, lowercase=False, normalize=False, filter_by_length=(-1, -1), pretokenizer=none)
2026-05-27 13:53:51,789 - INFO - joeynmt.tokenizers - en tokenizer: BasicTokenizer(level=word, lowercase=False, normalize=False, filter_by_length=(-1, -1), pretokenizer=none)
2026-05-27 13:53:51,789 - INFO - joeynmt.data - Loading train set...
2026-05-27 13:53:51,884 - INFO - joeynmt.data - Building vocabulary...
2026-05-27 13:53:52,638 - INFO - joeynmt.data - Loading dev set...
2026-05-27 13:53:52,639 - INFO - joeynmt.data - Loading test set...
2026-05-27 13:53:52,642 - INFO - joeynmt.data - Data loaded.
2026-05-27 13:53:52,642 - INFO - joeynmt.data - Train dataset: PlaintextDataset(split=train, len=100000, src_lang=nl, trg_lang=en, has_trg=True, random_subset=-1)
2026-05-27 13:53:52,642 - INFO - joeynmt.data - Valid dataset: PlaintextDataset(split=dev, len=1003, src_lang=nl, trg_lang=en, has_trg=True, random_subset=-1)
2026-05-27 13:53:52,642 - INFO - joeynmt.data -  Test dataset: PlaintextDataset(split=test, len=1777, src_lang=nl, trg_lang=en, has_trg=True, random_subset=-1)
2026-05-27 13:53:52,642 - INFO - joeynmt.data - First training example:
	[SRC] Hartelijk bedankt, Chris, het is werkelijk een eer de gelegenheid te hebben twee keer op dit podium te staan. Ik ben hiervoor erg dankbaar.
	[TRG] Thank you so much, Chris. And it's truly a great honor to have the opportunity to come to this stage twice; I'm extremely grateful.
2026-05-27 13:53:52,642 - INFO - joeynmt.data - First 10 Src tokens: (0) <unk> (1) <pad> (2) <s> (3) </s> (4) de (5) een (6) het (7) van (8) en (9) dat
2026-05-27 13:53:52,642 - INFO - joeynmt.data - First 10 Trg tokens: (0) <unk> (1) <pad> (2) <s> (3) </s> (4) the (5) to (6) of (7) a (8) and (9) that
2026-05-27 13:53:52,642 - INFO - joeynmt.data - Number of unique Src tokens (vocab_size): 2004
2026-05-27 13:53:52,642 - INFO - joeynmt.data - Number of unique Trg tokens (vocab_size): 2004
2026-05-27 13:53:52,643 - INFO - joeynmt.model - Building an encoder-decoder model...
2026-05-27 13:53:52,701 - INFO - joeynmt.model - Enc-dec model built.
2026-05-27 13:53:52,702 - INFO - joeynmt.model - Total params: 3925248
2026-05-27 13:53:52,702 - DEBUG - joeynmt.model - Trainable parameters: ['decoder.layers.0.dec_layer_norm.bias', 'decoder.layers.0.dec_layer_norm.weight', 'decoder.layers.0.feed_forward.layer_norm.bias', 'decoder.layers.0.feed_forward.layer_norm.weight', 'decoder.layers.0.feed_forward.pwff_layer.0.bias', 'decoder.layers.0.feed_forward.pwff_layer.0.weight', 'decoder.layers.0.feed_forward.pwff_layer.3.bias', 'decoder.layers.0.feed_forward.pwff_layer.3.weight', 'decoder.layers.0.src_trg_att.k_layer.bias', 'decoder.layers.0.src_trg_att.k_layer.weight', 'decoder.layers.0.src_trg_att.output_layer.bias', 'decoder.layers.0.src_trg_att.output_layer.weight', 'decoder.layers.0.src_trg_att.q_layer.bias', 'decoder.layers.0.src_trg_att.q_layer.weight', 'decoder.layers.0.src_trg_att.v_layer.bias', 'decoder.layers.0.src_trg_att.v_layer.weight', 'decoder.layers.0.trg_trg_att.k_layer.bias', 'decoder.layers.0.trg_trg_att.k_layer.weight', 'decoder.layers.0.trg_trg_att.output_layer.bias', 'decoder.layers.0.trg_trg_att.output_layer.weight', 'decoder.layers.0.trg_trg_att.q_layer.bias', 'decoder.layers.0.trg_trg_att.q_layer.weight', 'decoder.layers.0.trg_trg_att.v_layer.bias', 'decoder.layers.0.trg_trg_att.v_layer.weight', 'decoder.layers.0.x_layer_norm.bias', 'decoder.layers.0.x_layer_norm.weight', 'encoder.layers.0.feed_forward.layer_norm.bias', 'encoder.layers.0.feed_forward.layer_norm.weight', 'encoder.layers.0.feed_forward.pwff_layer.0.bias', 'encoder.layers.0.feed_forward.pwff_layer.0.weight', 'encoder.layers.0.feed_forward.pwff_layer.3.bias', 'encoder.layers.0.feed_forward.pwff_layer.3.weight', 'encoder.layers.0.layer_norm.bias', 'encoder.layers.0.layer_norm.weight', 'encoder.layers.0.src_src_att.k_layer.bias', 'encoder.layers.0.src_src_att.k_layer.weight', 'encoder.layers.0.src_src_att.output_layer.bias', 'encoder.layers.0.src_src_att.output_layer.weight', 'encoder.layers.0.src_src_att.q_layer.bias', 'encoder.layers.0.src_src_att.q_layer.weight', 'encoder.layers.0.src_src_att.v_layer.bias', 'encoder.layers.0.src_src_att.v_layer.weight', 'encoder.layers.1.feed_forward.layer_norm.bias', 'encoder.layers.1.feed_forward.layer_norm.weight', 'encoder.layers.1.feed_forward.pwff_layer.0.bias', 'encoder.layers.1.feed_forward.pwff_layer.0.weight', 'encoder.layers.1.feed_forward.pwff_layer.3.bias', 'encoder.layers.1.feed_forward.pwff_layer.3.weight', 'encoder.layers.1.layer_norm.bias', 'encoder.layers.1.layer_norm.weight', 'encoder.layers.1.src_src_att.k_layer.bias', 'encoder.layers.1.src_src_att.k_layer.weight', 'encoder.layers.1.src_src_att.output_layer.bias', 'encoder.layers.1.src_src_att.output_layer.weight', 'encoder.layers.1.src_src_att.q_layer.bias', 'encoder.layers.1.src_src_att.q_layer.weight', 'encoder.layers.1.src_src_att.v_layer.bias', 'encoder.layers.1.src_src_att.v_layer.weight', 'encoder.layers.2.feed_forward.layer_norm.bias', 'encoder.layers.2.feed_forward.layer_norm.weight', 'encoder.layers.2.feed_forward.pwff_layer.0.bias', 'encoder.layers.2.feed_forward.pwff_layer.0.weight', 'encoder.layers.2.feed_forward.pwff_layer.3.bias', 'encoder.layers.2.feed_forward.pwff_layer.3.weight', 'encoder.layers.2.layer_norm.bias', 'encoder.layers.2.layer_norm.weight', 'encoder.layers.2.src_src_att.k_layer.bias', 'encoder.layers.2.src_src_att.k_layer.weight', 'encoder.layers.2.src_src_att.output_layer.bias', 'encoder.layers.2.src_src_att.output_layer.weight', 'encoder.layers.2.src_src_att.q_layer.bias', 'encoder.layers.2.src_src_att.q_layer.weight', 'encoder.layers.2.src_src_att.v_layer.bias', 'encoder.layers.2.src_src_att.v_layer.weight', 'encoder.layers.3.feed_forward.layer_norm.bias', 'encoder.layers.3.feed_forward.layer_norm.weight', 'encoder.layers.3.feed_forward.pwff_layer.0.bias', 'encoder.layers.3.feed_forward.pwff_layer.0.weight', 'encoder.layers.3.feed_forward.pwff_layer.3.bias', 'encoder.layers.3.feed_forward.pwff_layer.3.weight', 'encoder.layers.3.layer_norm.bias', 'encoder.layers.3.layer_norm.weight', 'encoder.layers.3.src_src_att.k_layer.bias', 'encoder.layers.3.src_src_att.k_layer.weight', 'encoder.layers.3.src_src_att.output_layer.bias', 'encoder.layers.3.src_src_att.output_layer.weight', 'encoder.layers.3.src_src_att.q_layer.bias', 'encoder.layers.3.src_src_att.q_layer.weight', 'encoder.layers.3.src_src_att.v_layer.bias', 'encoder.layers.3.src_src_att.v_layer.weight', 'src_embed.lut.weight', 'trg_embed.lut.weight']
2026-05-27 13:53:52,702 - INFO - joeynmt.training - Model(
	encoder=TransformerEncoder(num_layers=4, num_heads=2, alpha=1.0, layer_norm="pre", activation=ReLU()),
	decoder=TransformerDecoder(num_layers=1, num_heads=2, alpha=1.0, layer_norm="post", activation=ReLU()),
	src_embed=Embeddings(embedding_dim=256, vocab_size=2004),
	trg_embed=Embeddings(embedding_dim=256, vocab_size=2004),
	loss_function=XentLoss(criterion=KLDivLoss(), smoothing=0.3))
2026-05-27 13:53:53,155 - INFO - joeynmt.builders - Adam(lr=0.0003, weight_decay=0.0, betas=(0.9, 0.999))
2026-05-27 13:53:53,162 - INFO - joeynmt.builders - ReduceLROnPlateau(mode=min, verbose=False, threshold_mode=abs, eps=0.0, factor=0.7, patience=8)
2026-05-27 13:53:53,162 - INFO - joeynmt.training - Train stats:
	device: cpu
	n_gpu: 0
	16-bits training: False
	gradient accumulation: 1
	batch size per device: 2048
	effective batch size (w. parallel & accumulation): 2048
2026-05-27 13:53:53,162 - INFO - joeynmt.training - EPOCH 1
2026-05-27 13:54:12,195 - INFO - joeynmt.training - Epoch   1, Step:      100, Batch Loss:     3.024011, Batch Acc: 0.208285, Tokens per Sec:     3697, Lr: 0.000300
2026-05-27 13:54:29,869 - INFO - joeynmt.training - Epoch   1, Step:      200, Batch Loss:     2.933691, Batch Acc: 0.237311, Tokens per Sec:     3931, Lr: 0.000300
2026-05-27 13:54:49,077 - INFO - joeynmt.training - Epoch   1, Step:      300, Batch Loss:     2.819719, Batch Acc: 0.271690, Tokens per Sec:     3518, Lr: 0.000300
2026-05-27 13:55:08,182 - INFO - joeynmt.training - Epoch   1, Step:      400, Batch Loss:     2.534636, Batch Acc: 0.308364, Tokens per Sec:     3483, Lr: 0.000300
2026-05-27 13:55:23,614 - INFO - joeynmt.training - Epoch   1, Step:      500, Batch Loss:     2.476538, Batch Acc: 0.321915, Tokens per Sec:     4372, Lr: 0.000300
2026-05-27 13:55:23,615 - WARNING - joeynmt.helpers - `alpha` option is obsolete. Please use `beam_alpha`, instead.
2026-05-27 13:55:23,615 - INFO - joeynmt.prediction - Predicting 1003 example(s)... (Greedy decoding with min_output_length=1, max_output_length=-1, return_prob='none', generate_unk=True, repetition_penalty=-1, no_repeat_ngram_size=-1)
2026-05-27 13:55:33,305 - INFO - joeynmt.prediction - Evaluation result (greedy) loss:   2.57, ppl:  13.08, acc:   0.31, generation: 9.6856[sec], evaluation: 0.0000[sec]
2026-05-27 13:55:33,307 - INFO - joeynmt.training - Hooray! New best validation result [ppl]!
2026-05-27 13:55:33,443 - INFO - joeynmt.training - Example #0
2026-05-27 13:55:33,443 - DEBUG - joeynmt.training - 	Tokenized source:     ['Vorig', 'jaar', 'liet', 'ik', 'deze', 'twee', "dia's", 'zien', 'om', 'aan', '', 'te', 'tonen', 'dat', 'de', 'poolijskap,', '', 'die', 'de', 'afgelopen', 'drie', 'miljoen', 'jaar', '', 'ongeveer', 'de', 'grootte', 'had', 'van', 'het', 'vasteland', 'van', 'de', 'VS,', '', 'met', '40%', 'gekrompen', 'was.']
2026-05-27 13:55:33,443 - DEBUG - joeynmt.training - 	Tokenized reference:  ['Last', 'year', 'I', 'showed', 'these', 'two', 'slides', 'so', 'that', 'demonstrate', 'that', 'the', 'arctic', 'ice', 'cap,', 'which', 'for', 'most', 'of', 'the', 'last', 'three', 'million', 'years', 'has', 'been', 'the', 'size', 'of', 'the', 'lower', '48', 'states,', 'has', 'shrunk', 'by', '40', 'percent.']
2026-05-27 13:55:33,443 - DEBUG - joeynmt.training - 	Tokenized hypothesis: ['<unk>', 'I', '<unk>', '<unk>', '<unk>', '<unk>', 'to', '<unk>', '<unk>', 'to', '<unk>', 'to', '<unk>', 'the', '<unk>', 'that', '<unk>', '<unk>', '<unk>', '<unk>', '<unk>', '<unk>', '<unk>', '<unk>', '<unk>', '<unk>', '</s>']
2026-05-27 13:55:33,444 - INFO - joeynmt.training - 	Source:     Vorig jaar liet ik deze twee dia's zien om aan  te tonen dat de poolijskap,  die de afgelopen drie miljoen jaar  ongeveer de grootte had van het vasteland van de VS,  met 40% gekrompen was.
2026-05-27 13:55:33,444 - INFO - joeynmt.training - 	Reference:  Last year I showed these two slides so that demonstrate that the arctic ice cap, which for most of the last three million years has been the size of the lower 48 states, has shrunk by 40 percent.
2026-05-27 13:55:33,444 - INFO - joeynmt.training - 	Hypothesis: <unk> I <unk> <unk> <unk> <unk> to <unk> <unk> to <unk> to <unk> the <unk> that <unk> <unk> <unk> <unk> <unk> <unk> <unk> <unk> <unk> <unk>
2026-05-27 13:55:33,444 - INFO - joeynmt.training - Example #1
2026-05-27 13:55:33,444 - DEBUG - joeynmt.training - 	Tokenized source:     ['Maar', 'dit', 'onderschat', 'eigenlijk', 'de', 'ernst', 'van', 'dit', 'specifieke', 'probleem', '', 'omdat', 'het', 'niet', 'de', 'dikte', 'van', 'het', 'ijs', 'laat', 'zien.']
2026-05-27 13:55:33,444 - DEBUG - joeynmt.training - 	Tokenized reference:  ['But', 'this', 'understates', 'the', 'seriousness', 'of', 'this', 'particular', 'problem', 'because', 'it', "doesn't", 'show', 'the', 'thickness', 'of', 'the', 'ice.']
2026-05-27 13:55:33,444 - DEBUG - joeynmt.training - 	Tokenized hypothesis: ['But', 'this', '<unk>', '<unk>', '<unk>', '<unk>', 'this', '<unk>', '</s>']
2026-05-27 13:55:33,444 - INFO - joeynmt.training - 	Source:     Maar dit onderschat eigenlijk de ernst van dit specifieke probleem  omdat het niet de dikte van het ijs laat zien.
2026-05-27 13:55:33,444 - INFO - joeynmt.training - 	Reference:  But this understates the seriousness of this particular problem because it doesn't show the thickness of the ice.
2026-05-27 13:55:33,444 - INFO - joeynmt.training - 	Hypothesis: But this <unk> <unk> <unk> <unk> this <unk>
2026-05-27 13:55:33,444 - INFO - joeynmt.training - Example #2
2026-05-27 13:55:33,444 - DEBUG - joeynmt.training - 	Tokenized source:     ['De', 'ijskap', 'op', 'de', 'Noordpool', 'is', 'in', 'zekere', 'zin', '', 'het', 'kloppend', 'hart', 'van', 'ons', 'globaal', 'klimaatsysteem.']
2026-05-27 13:55:33,444 - DEBUG - joeynmt.training - 	Tokenized reference:  ['The', 'arctic', 'ice', 'cap', 'is,', 'in', 'a', 'sense,', 'the', 'beating', 'heart', 'of', 'the', 'global', 'climate', 'system.']
2026-05-27 13:55:33,444 - DEBUG - joeynmt.training - 	Tokenized hypothesis: ['The', '<unk>', '<unk>', '<unk>', 'is', 'in', '<unk>', '<unk>', '<unk>', '<unk>', '</s>']
2026-05-27 13:55:33,444 - INFO - joeynmt.training - 	Source:     De ijskap op de Noordpool is in zekere zin  het kloppend hart van ons globaal klimaatsysteem.
2026-05-27 13:55:33,444 - INFO - joeynmt.training - 	Reference:  The arctic ice cap is, in a sense, the beating heart of the global climate system.
2026-05-27 13:55:33,444 - INFO - joeynmt.training - 	Hypothesis: The <unk> <unk> <unk> is in <unk> <unk> <unk> <unk>
2026-05-27 13:55:33,444 - INFO - joeynmt.training - Example #3
2026-05-27 13:55:33,444 - DEBUG - joeynmt.training - 	Tokenized source:     ['Het', 'zet', 'uit', 'in', 'de', 'winter', 'en', 'krimpt', 'in', 'de', 'zomer.']
2026-05-27 13:55:33,444 - DEBUG - joeynmt.training - 	Tokenized reference:  ['It', 'expands', 'in', 'winter', 'and', 'contracts', 'in', 'summer.']
2026-05-27 13:55:33,445 - DEBUG - joeynmt.training - 	Tokenized hypothesis: ['The', '<unk>', 'in', 'the', '<unk>', '<unk>', 'and', '<unk>', 'in', 'the', '<unk>', '</s>']
2026-05-27 13:55:33,445 - INFO - joeynmt.training - 	Source:     Het zet uit in de winter en krimpt in de zomer.
2026-05-27 13:55:33,445 - INFO - joeynmt.training - 	Reference:  It expands in winter and contracts in summer.
2026-05-27 13:55:33,445 - INFO - joeynmt.training - 	Hypothesis: The <unk> in the <unk> <unk> and <unk> in the <unk>
2026-05-27 13:55:33,445 - INFO - joeynmt.training - Example #4
2026-05-27 13:55:33,445 - DEBUG - joeynmt.training - 	Tokenized source:     ['De', 'volgende', 'dia', 'die', 'ik', 'laat', 'zien', '', 'is', 'een', 'versnelde', 'versie', 'van', 'wat', 'er', 'de', 'afgelopen', '25', 'jaar', 'is', 'gebeurd.']
2026-05-27 13:55:33,445 - DEBUG - joeynmt.training - 	Tokenized reference:  ['The', 'next', 'slide', 'I', 'show', 'you', 'will', 'be', 'a', 'rapid', 'fast-forward', 'of', "what's", 'happened', 'over', 'the', 'last', '25', 'years.']
2026-05-27 13:55:33,445 - DEBUG - joeynmt.training - 	Tokenized hypothesis: ['The', '<unk>', 'I', '<unk>', '<unk>', '<unk>', 'is', 'a', '<unk>', '<unk>', '</s>']
2026-05-27 13:55:33,445 - INFO - joeynmt.training - 	Source:     De volgende dia die ik laat zien  is een versnelde versie van wat er de afgelopen 25 jaar is gebeurd.
2026-05-27 13:55:33,445 - INFO - joeynmt.training - 	Reference:  The next slide I show you will be a rapid fast-forward of what's happened over the last 25 years.
2026-05-27 13:55:33,445 - INFO - joeynmt.training - 	Hypothesis: The <unk> I <unk> <unk> <unk> is a <unk> <unk>
2026-05-27 13:55:44,184 - INFO - joeynmt.training - Epoch   1, Step:      600, Batch Loss:     2.340674, Batch Acc: 0.341480, Tokens per Sec:     6251, Lr: 0.000300
2026-05-27 13:55:54,533 - INFO - joeynmt.training - Epoch   1, Step:      700, Batch Loss:     2.373612, Batch Acc: 0.351200, Tokens per Sec:     6602, Lr: 0.000300
2026-05-27 13:56:04,545 - INFO - joeynmt.training - Epoch   1, Step:      800, Batch Loss:     2.396394, Batch Acc: 0.366119, Tokens per Sec:     6927, Lr: 0.000300
2026-05-27 13:56:20,170 - INFO - joeynmt.training - Epoch   1, Step:      900, Batch Loss:     2.166461, Batch Acc: 0.367764, Tokens per Sec:     4461, Lr: 0.000300
2026-05-27 13:56:31,369 - INFO - joeynmt.training - Epoch   1, Step:     1000, Batch Loss:     2.333589, Batch Acc: 0.383893, Tokens per Sec:     6201, Lr: 0.000300
2026-05-27 13:56:31,371 - WARNING - joeynmt.helpers - `alpha` option is obsolete. Please use `beam_alpha`, instead.
2026-05-27 13:56:31,372 - INFO - joeynmt.prediction - Predicting 1003 example(s)... (Greedy decoding with min_output_length=1, max_output_length=-1, return_prob='none', generate_unk=True, repetition_penalty=-1, no_repeat_ngram_size=-1)
2026-05-27 13:56:40,884 - INFO - joeynmt.prediction - Evaluation result (greedy) loss:   2.36, ppl:  10.60, acc:   0.35, generation: 9.5075[sec], evaluation: 0.0000[sec]
2026-05-27 13:56:40,886 - INFO - joeynmt.training - Hooray! New best validation result [ppl]!
2026-05-27 13:56:41,020 - INFO - joeynmt.training - Example #0
2026-05-27 13:56:41,020 - DEBUG - joeynmt.training - 	Tokenized source:     ['Vorig', 'jaar', 'liet', 'ik', 'deze', 'twee', "dia's", 'zien', 'om', 'aan', '', 'te', 'tonen', 'dat', 'de', 'poolijskap,', '', 'die', 'de', 'afgelopen', 'drie', 'miljoen', 'jaar', '', 'ongeveer', 'de', 'grootte', 'had', 'van', 'het', 'vasteland', 'van', 'de', 'VS,', '', 'met', '40%', 'gekrompen', 'was.']
2026-05-27 13:56:41,020 - DEBUG - joeynmt.training - 	Tokenized reference:  ['Last', 'year', 'I', 'showed', 'these', 'two', 'slides', 'so', 'that', 'demonstrate', 'that', 'the', 'arctic', 'ice', 'cap,', 'which', 'for', 'most', 'of', 'the', 'last', 'three', 'million', 'years', 'has', 'been', 'the', 'size', 'of', 'the', 'lower', '48', 'states,', 'has', 'shrunk', 'by', '40', 'percent.']
2026-05-27 13:56:41,020 - DEBUG - joeynmt.training - 	Tokenized hypothesis: ['<unk>', 'years', 'I', 'had', 'this', 'two', '<unk>', 'to', '<unk>', 'to', '<unk>', 'to', '<unk>', '<unk>', '<unk>', '<unk>', '<unk>', '<unk>', '<unk>', '<unk>', '</s>']
2026-05-27 13:56:41,020 - INFO - joeynmt.training - 	Source:     Vorig jaar liet ik deze twee dia's zien om aan  te tonen dat de poolijskap,  die de afgelopen drie miljoen jaar  ongeveer de grootte had van het vasteland van de VS,  met 40% gekrompen was.
2026-05-27 13:56:41,020 - INFO - joeynmt.training - 	Reference:  Last year I showed these two slides so that demonstrate that the arctic ice cap, which for most of the last three million years has been the size of the lower 48 states, has shrunk by 40 percent.
2026-05-27 13:56:41,020 - INFO - joeynmt.training - 	Hypothesis: <unk> years I had this two <unk> to <unk> to <unk> to <unk> <unk> <unk> <unk> <unk> <unk> <unk> <unk>
2026-05-27 13:56:41,020 - INFO - joeynmt.training - Example #1
2026-05-27 13:56:41,020 - DEBUG - joeynmt.training - 	Tokenized source:     ['Maar', 'dit', 'onderschat', 'eigenlijk', 'de', 'ernst', 'van', 'dit', 'specifieke', 'probleem', '', 'omdat', 'het', 'niet', 'de', 'dikte', 'van', 'het', 'ijs', 'laat', 'zien.']
2026-05-27 13:56:41,020 - DEBUG - joeynmt.training - 	Tokenized reference:  ['But', 'this', 'understates', 'the', 'seriousness', 'of', 'this', 'particular', 'problem', 'because', 'it', "doesn't", 'show', 'the', 'thickness', 'of', 'the', 'ice.']
2026-05-27 13:56:41,020 - DEBUG - joeynmt.training - 	Tokenized hypothesis: ['But', 'this', 'is', '<unk>', 'the', '<unk>', 'of', 'this', 'is', 'not', 'not', 'the', '<unk>', 'of', 'the', '<unk>', 'of', 'the', '<unk>', 'of', 'the', '<unk>', '</s>']
2026-05-27 13:56:41,021 - INFO - joeynmt.training - 	Source:     Maar dit onderschat eigenlijk de ernst van dit specifieke probleem  omdat het niet de dikte van het ijs laat zien.
2026-05-27 13:56:41,021 - INFO - joeynmt.training - 	Reference:  But this understates the seriousness of this particular problem because it doesn't show the thickness of the ice.
2026-05-27 13:56:41,021 - INFO - joeynmt.training - 	Hypothesis: But this is <unk> the <unk> of this is not not the <unk> of the <unk> of the <unk> of the <unk>
2026-05-27 13:56:41,021 - INFO - joeynmt.training - Example #2
2026-05-27 13:56:41,021 - DEBUG - joeynmt.training - 	Tokenized source:     ['De', 'ijskap', 'op', 'de', 'Noordpool', 'is', 'in', 'zekere', 'zin', '', 'het', 'kloppend', 'hart', 'van', 'ons', 'globaal', 'klimaatsysteem.']
2026-05-27 13:56:41,021 - DEBUG - joeynmt.training - 	Tokenized reference:  ['The', 'arctic', 'ice', 'cap', 'is,', 'in', 'a', 'sense,', 'the', 'beating', 'heart', 'of', 'the', 'global', 'climate', 'system.']
2026-05-27 13:56:41,021 - DEBUG - joeynmt.training - 	Tokenized hypothesis: ['The', '<unk>', 'on', 'the', '<unk>', 'is', 'in', 'a', '<unk>', 'of', '<unk>', '<unk>', 'of', 'our', '<unk>', '<unk>', '<unk>', '</s>']
2026-05-27 13:56:41,021 - INFO - joeynmt.training - 	Source:     De ijskap op de Noordpool is in zekere zin  het kloppend hart van ons globaal klimaatsysteem.
2026-05-27 13:56:41,021 - INFO - joeynmt.training - 	Reference:  The arctic ice cap is, in a sense, the beating heart of the global climate system.
2026-05-27 13:56:41,021 - INFO - joeynmt.training - 	Hypothesis: The <unk> on the <unk> is in a <unk> of <unk> <unk> of our <unk> <unk> <unk>
2026-05-27 13:56:41,021 - INFO - joeynmt.training - Example #3
2026-05-27 13:56:41,021 - DEBUG - joeynmt.training - 	Tokenized source:     ['Het', 'zet', 'uit', 'in', 'de', 'winter', 'en', 'krimpt', 'in', 'de', 'zomer.']
2026-05-27 13:56:41,021 - DEBUG - joeynmt.training - 	Tokenized reference:  ['It', 'expands', 'in', 'winter', 'and', 'contracts', 'in', 'summer.']
2026-05-27 13:56:41,021 - DEBUG - joeynmt.training - 	Tokenized hypothesis: ['It', 'was', '<unk>', 'in', 'the', '<unk>', 'and', '<unk>', 'in', 'the', '<unk>', 'and', '<unk>', '</s>']
2026-05-27 13:56:41,021 - INFO - joeynmt.training - 	Source:     Het zet uit in de winter en krimpt in de zomer.
2026-05-27 13:56:41,021 - INFO - joeynmt.training - 	Reference:  It expands in winter and contracts in summer.
2026-05-27 13:56:41,021 - INFO - joeynmt.training - 	Hypothesis: It was <unk> in the <unk> and <unk> in the <unk> and <unk>
2026-05-27 13:56:41,021 - INFO - joeynmt.training - Example #4
2026-05-27 13:56:41,021 - DEBUG - joeynmt.training - 	Tokenized source:     ['De', 'volgende', 'dia', 'die', 'ik', 'laat', 'zien', '', 'is', 'een', 'versnelde', 'versie', 'van', 'wat', 'er', 'de', 'afgelopen', '25', 'jaar', 'is', 'gebeurd.']
2026-05-27 13:56:41,021 - DEBUG - joeynmt.training - 	Tokenized reference:  ['The', 'next', 'slide', 'I', 'show', 'you', 'will', 'be', 'a', 'rapid', 'fast-forward', 'of', "what's", 'happened', 'over', 'the', 'last', '25', 'years.']
2026-05-27 13:56:41,021 - DEBUG - joeynmt.training - 	Tokenized hypothesis: ['The', '<unk>', 'I', 'think', 'that', 'I', 'think', 'is', 'a', '<unk>', 'of', '<unk>', '<unk>', 'of', 'what', 'there', 'is', '<unk>', 'in', 'the', '<unk>', '</s>']
2026-05-27 13:56:41,022 - INFO - joeynmt.training - 	Source:     De volgende dia die ik laat zien  is een versnelde versie van wat er de afgelopen 25 jaar is gebeurd.
2026-05-27 13:56:41,022 - INFO - joeynmt.training - 	Reference:  The next slide I show you will be a rapid fast-forward of what's happened over the last 25 years.
2026-05-27 13:56:41,022 - INFO - joeynmt.training - 	Hypothesis: The <unk> I think that I think is a <unk> of <unk> <unk> of what there is <unk> in the <unk>
2026-05-27 13:56:51,912 - INFO - joeynmt.training - Epoch   1, Step:     1100, Batch Loss:     2.272067, Batch Acc: 0.389979, Tokens per Sec:     6167, Lr: 0.000300
2026-05-27 13:57:03,621 - INFO - joeynmt.training - Epoch   1, Step:     1200, Batch Loss:     2.274377, Batch Acc: 0.403883, Tokens per Sec:     5780, Lr: 0.000300
2026-05-27 13:57:15,653 - INFO - joeynmt.training - Epoch   1, Step:     1300, Batch Loss:     2.085661, Batch Acc: 0.407062, Tokens per Sec:     5541, Lr: 0.000300
2026-05-27 13:57:26,738 - INFO - joeynmt.training - Epoch   1, Step:     1400, Batch Loss:     2.041324, Batch Acc: 0.417659, Tokens per Sec:     6256, Lr: 0.000300
2026-05-27 13:57:38,429 - INFO - joeynmt.training - Epoch   1, Step:     1500, Batch Loss:     2.054122, Batch Acc: 0.425659, Tokens per Sec:     5886, Lr: 0.000300
2026-05-27 13:57:38,430 - WARNING - joeynmt.helpers - `alpha` option is obsolete. Please use `beam_alpha`, instead.
2026-05-27 13:57:38,430 - INFO - joeynmt.prediction - Predicting 1003 example(s)... (Greedy decoding with min_output_length=1, max_output_length=-1, return_prob='none', generate_unk=True, repetition_penalty=-1, no_repeat_ngram_size=-1)
2026-05-27 13:57:47,738 - INFO - joeynmt.prediction - Evaluation result (greedy) loss:   2.25, ppl:   9.49, acc:   0.37, generation: 9.3021[sec], evaluation: 0.0000[sec]
2026-05-27 13:57:47,739 - INFO - joeynmt.training - Hooray! New best validation result [ppl]!
2026-05-27 13:57:47,897 - INFO - joeynmt.training - Example #0
2026-05-27 13:57:47,897 - DEBUG - joeynmt.training - 	Tokenized source:     ['Vorig', 'jaar', 'liet', 'ik', 'deze', 'twee', "dia's", 'zien', 'om', 'aan', '', 'te', 'tonen', 'dat', 'de', 'poolijskap,', '', 'die', 'de', 'afgelopen', 'drie', 'miljoen', 'jaar', '', 'ongeveer', 'de', 'grootte', 'had', 'van', 'het', 'vasteland', 'van', 'de', 'VS,', '', 'met', '40%', 'gekrompen', 'was.']
2026-05-27 13:57:47,897 - DEBUG - joeynmt.training - 	Tokenized reference:  ['Last', 'year', 'I', 'showed', 'these', 'two', 'slides', 'so', 'that', 'demonstrate', 'that', 'the', 'arctic', 'ice', 'cap,', 'which', 'for', 'most', 'of', 'the', 'last', 'three', 'million', 'years', 'has', 'been', 'the', 'size', 'of', 'the', 'lower', '48', 'states,', 'has', 'shrunk', 'by', '40', 'percent.']
2026-05-27 13:57:47,897 - DEBUG - joeynmt.training - 	Tokenized hypothesis: ['<unk>', 'years', 'I', '<unk>', 'I', 'was', 'two', '<unk>', 'to', '<unk>', '', '', 'that', 'the', '<unk>', '<unk>', '<unk>', '<unk>', '</s>']
2026-05-27 13:57:47,897 - INFO - joeynmt.training - 	Source:     Vorig jaar liet ik deze twee dia's zien om aan  te tonen dat de poolijskap,  die de afgelopen drie miljoen jaar  ongeveer de grootte had van het vasteland van de VS,  met 40% gekrompen was.
2026-05-27 13:57:47,897 - INFO - joeynmt.training - 	Reference:  Last year I showed these two slides so that demonstrate that the arctic ice cap, which for most of the last three million years has been the size of the lower 48 states, has shrunk by 40 percent.
2026-05-27 13:57:47,897 - INFO - joeynmt.training - 	Hypothesis: <unk> years I <unk> I was two <unk> to <unk>   that the <unk> <unk> <unk> <unk>
2026-05-27 13:57:47,898 - INFO - joeynmt.training - Example #1
2026-05-27 13:57:47,898 - DEBUG - joeynmt.training - 	Tokenized source:     ['Maar', 'dit', 'onderschat', 'eigenlijk', 'de', 'ernst', 'van', 'dit', 'specifieke', 'probleem', '', 'omdat', 'het', 'niet', 'de', 'dikte', 'van', 'het', 'ijs', 'laat', 'zien.']
2026-05-27 13:57:47,898 - DEBUG - joeynmt.training - 	Tokenized reference:  ['But', 'this', 'understates', 'the', 'seriousness', 'of', 'this', 'particular', 'problem', 'because', 'it', "doesn't", 'show', 'the', 'thickness', 'of', 'the', 'ice.']
2026-05-27 13:57:47,898 - DEBUG - joeynmt.training - 	Tokenized hypothesis: ['But', 'this', 'is', '<unk>', 'the', '<unk>', 'of', 'this', 'problem', '', 'because', 'it', "doesn't", '<unk>', 'the', '<unk>', 'of', 'the', '<unk>', '</s>']
2026-05-27 13:57:47,898 - INFO - joeynmt.training - 	Source:     Maar dit onderschat eigenlijk de ernst van dit specifieke probleem  omdat het niet de dikte van het ijs laat zien.
2026-05-27 13:57:47,898 - INFO - joeynmt.training - 	Reference:  But this understates the seriousness of this particular problem because it doesn't show the thickness of the ice.
2026-05-27 13:57:47,898 - INFO - joeynmt.training - 	Hypothesis: But this is <unk> the <unk> of this problem  because it doesn't <unk> the <unk> of the <unk>
2026-05-27 13:57:47,898 - INFO - joeynmt.training - Example #2
2026-05-27 13:57:47,898 - DEBUG - joeynmt.training - 	Tokenized source:     ['De', 'ijskap', 'op', 'de', 'Noordpool', 'is', 'in', 'zekere', 'zin', '', 'het', 'kloppend', 'hart', 'van', 'ons', 'globaal', 'klimaatsysteem.']
2026-05-27 13:57:47,898 - DEBUG - joeynmt.training - 	Tokenized reference:  ['The', 'arctic', 'ice', 'cap', 'is,', 'in', 'a', 'sense,', 'the', 'beating', 'heart', 'of', 'the', 'global', 'climate', 'system.']
2026-05-27 13:57:47,898 - DEBUG - joeynmt.training - 	Tokenized hypothesis: ['The', '<unk>', 'on', 'the', '<unk>', 'is', 'in', 'a', '<unk>', '', '', 'it', '<unk>', '<unk>', '</s>']
2026-05-27 13:57:47,898 - INFO - joeynmt.training - 	Source:     De ijskap op de Noordpool is in zekere zin  het kloppend hart van ons globaal klimaatsysteem.
2026-05-27 13:57:47,898 - INFO - joeynmt.training - 	Reference:  The arctic ice cap is, in a sense, the beating heart of the global climate system.
2026-05-27 13:57:47,898 - INFO - joeynmt.training - 	Hypothesis: The <unk> on the <unk> is in a <unk>   it <unk> <unk>
2026-05-27 13:57:47,898 - INFO - joeynmt.training - Example #3
2026-05-27 13:57:47,898 - DEBUG - joeynmt.training - 	Tokenized source:     ['Het', 'zet', 'uit', 'in', 'de', 'winter', 'en', 'krimpt', 'in', 'de', 'zomer.']
2026-05-27 13:57:47,898 - DEBUG - joeynmt.training - 	Tokenized reference:  ['It', 'expands', 'in', 'winter', 'and', 'contracts', 'in', 'summer.']
2026-05-27 13:57:47,898 - DEBUG - joeynmt.training - 	Tokenized hypothesis: ['It', '<unk>', 'in', 'the', '<unk>', 'and', '<unk>', 'in', 'the', '<unk>', '</s>']
2026-05-27 13:57:47,899 - INFO - joeynmt.training - 	Source:     Het zet uit in de winter en krimpt in de zomer.
2026-05-27 13:57:47,899 - INFO - joeynmt.training - 	Reference:  It expands in winter and contracts in summer.
2026-05-27 13:57:47,899 - INFO - joeynmt.training - 	Hypothesis: It <unk> in the <unk> and <unk> in the <unk>
2026-05-27 13:57:47,899 - INFO - joeynmt.training - Example #4
2026-05-27 13:57:47,899 - DEBUG - joeynmt.training - 	Tokenized source:     ['De', 'volgende', 'dia', 'die', 'ik', 'laat', 'zien', '', 'is', 'een', 'versnelde', 'versie', 'van', 'wat', 'er', 'de', 'afgelopen', '25', 'jaar', 'is', 'gebeurd.']
2026-05-27 13:57:47,899 - DEBUG - joeynmt.training - 	Tokenized reference:  ['The', 'next', 'slide', 'I', 'show', 'you', 'will', 'be', 'a', 'rapid', 'fast-forward', 'of', "what's", 'happened', 'over', 'the', 'last', '25', 'years.']
2026-05-27 13:57:47,899 - DEBUG - joeynmt.training - 	Tokenized hypothesis: ['The', 'next', '<unk>', 'I', 'think', 'I', 'see', '', 'is', 'a', '<unk>', 'of', 'what', 'there', 'is', 'a', '<unk>', 'of', 'what', 'the', 'last', 'years', 'years', 'years', 'years', 'years', 'years', 'years', '</s>']
2026-05-27 13:57:47,899 - INFO - joeynmt.training - 	Source:     De volgende dia die ik laat zien  is een versnelde versie van wat er de afgelopen 25 jaar is gebeurd.
2026-05-27 13:57:47,899 - INFO - joeynmt.training - 	Reference:  The next slide I show you will be a rapid fast-forward of what's happened over the last 25 years.
2026-05-27 13:57:47,899 - INFO - joeynmt.training - 	Hypothesis: The next <unk> I think I see  is a <unk> of what there is a <unk> of what the last years years years years years years years
2026-05-27 13:57:59,073 - INFO - joeynmt.training - Epoch   1, Step:     1600, Batch Loss:     1.921002, Batch Acc: 0.428851, Tokens per Sec:     6041, Lr: 0.000300
2026-05-27 13:58:11,160 - INFO - joeynmt.training - Epoch   1, Step:     1700, Batch Loss:     1.960745, Batch Acc: 0.437059, Tokens per Sec:     5804, Lr: 0.000300
2026-05-27 13:58:23,005 - INFO - joeynmt.training - Epoch   1, Step:     1800, Batch Loss:     2.050468, Batch Acc: 0.436695, Tokens per Sec:     5754, Lr: 0.000300
2026-05-27 13:58:34,622 - INFO - joeynmt.training - Epoch   1, Step:     1900, Batch Loss:     1.825271, Batch Acc: 0.451820, Tokens per Sec:     6127, Lr: 0.000300
2026-05-27 13:58:46,451 - INFO - joeynmt.training - Epoch   1, Step:     2000, Batch Loss:     2.029968, Batch Acc: 0.451060, Tokens per Sec:     5776, Lr: 0.000300
2026-05-27 13:58:46,451 - WARNING - joeynmt.helpers - `alpha` option is obsolete. Please use `beam_alpha`, instead.
2026-05-27 13:58:46,451 - INFO - joeynmt.prediction - Predicting 1003 example(s)... (Greedy decoding with min_output_length=1, max_output_length=-1, return_prob='none', generate_unk=True, repetition_penalty=-1, no_repeat_ngram_size=-1)
2026-05-27 13:58:55,851 - INFO - joeynmt.prediction - Evaluation result (greedy) loss:   2.14, ppl:   8.53, acc:   0.39, generation: 9.3940[sec], evaluation: 0.0000[sec]
2026-05-27 13:58:55,852 - INFO - joeynmt.training - Hooray! New best validation result [ppl]!
2026-05-27 13:58:56,017 - INFO - joeynmt.training - Example #0
2026-05-27 13:58:56,017 - DEBUG - joeynmt.training - 	Tokenized source:     ['Vorig', 'jaar', 'liet', 'ik', 'deze', 'twee', "dia's", 'zien', 'om', 'aan', '', 'te', 'tonen', 'dat', 'de', 'poolijskap,', '', 'die', 'de', 'afgelopen', 'drie', 'miljoen', 'jaar', '', 'ongeveer', 'de', 'grootte', 'had', 'van', 'het', 'vasteland', 'van', 'de', 'VS,', '', 'met', '40%', 'gekrompen', 'was.']
2026-05-27 13:58:56,017 - DEBUG - joeynmt.training - 	Tokenized reference:  ['Last', 'year', 'I', 'showed', 'these', 'two', 'slides', 'so', 'that', 'demonstrate', 'that', 'the', 'arctic', 'ice', 'cap,', 'which', 'for', 'most', 'of', 'the', 'last', 'three', 'million', 'years', 'has', 'been', 'the', 'size', 'of', 'the', 'lower', '48', 'states,', 'has', 'shrunk', 'by', '40', 'percent.']
2026-05-27 13:58:56,017 - DEBUG - joeynmt.training - 	Tokenized hypothesis: ['<unk>', 'years', 'I', '<unk>', 'this', 'two', '<unk>', 'to', 'see', 'this', 'two', '<unk>', 'that', 'the', '<unk>', '', 'who', '<unk>', 'the', 'last', 'three', 'million', 'years', 'of', 'the', '<unk>', '<unk>', '<unk>', 'of', 'the', '<unk>', '<unk>', '</s>']
2026-05-27 13:58:56,017 - INFO - joeynmt.training - 	Source:     Vorig jaar liet ik deze twee dia's zien om aan  te tonen dat de poolijskap,  die de afgelopen drie miljoen jaar  ongeveer de grootte had van het vasteland van de VS,  met 40% gekrompen was.
2026-05-27 13:58:56,018 - INFO - joeynmt.training - 	Reference:  Last year I showed these two slides so that demonstrate that the arctic ice cap, which for most of the last three million years has been the size of the lower 48 states, has shrunk by 40 percent.
2026-05-27 13:58:56,018 - INFO - joeynmt.training - 	Hypothesis: <unk> years I <unk> this two <unk> to see this two <unk> that the <unk>  who <unk> the last three million years of the <unk> <unk> <unk> of the <unk> <unk>
2026-05-27 13:58:56,018 - INFO - joeynmt.training - Example #1
2026-05-27 13:58:56,018 - DEBUG - joeynmt.training - 	Tokenized source:     ['Maar', 'dit', 'onderschat', 'eigenlijk', 'de', 'ernst', 'van', 'dit', 'specifieke', 'probleem', '', 'omdat', 'het', 'niet', 'de', 'dikte', 'van', 'het', 'ijs', 'laat', 'zien.']
2026-05-27 13:58:56,018 - DEBUG - joeynmt.training - 	Tokenized reference:  ['But', 'this', 'understates', 'the', 'seriousness', 'of', 'this', 'particular', 'problem', 'because', 'it', "doesn't", 'show', 'the', 'thickness', 'of', 'the', 'ice.']
2026-05-27 13:58:56,018 - DEBUG - joeynmt.training - 	Tokenized hypothesis: ['But', 'this', 'is', 'actually', 'the', '<unk>', 'of', 'this', '<unk>', '</s>']
2026-05-27 13:58:56,018 - INFO - joeynmt.training - 	Source:     Maar dit onderschat eigenlijk de ernst van dit specifieke probleem  omdat het niet de dikte van het ijs laat zien.
2026-05-27 13:58:56,018 - INFO - joeynmt.training - 	Reference:  But this understates the seriousness of this particular problem because it doesn't show the thickness of the ice.
2026-05-27 13:58:56,018 - INFO - joeynmt.training - 	Hypothesis: But this is actually the <unk> of this <unk>
2026-05-27 13:58:56,018 - INFO - joeynmt.training - Example #2
2026-05-27 13:58:56,018 - DEBUG - joeynmt.training - 	Tokenized source:     ['De', 'ijskap', 'op', 'de', 'Noordpool', 'is', 'in', 'zekere', 'zin', '', 'het', 'kloppend', 'hart', 'van', 'ons', 'globaal', 'klimaatsysteem.']
2026-05-27 13:58:56,018 - DEBUG - joeynmt.training - 	Tokenized reference:  ['The', 'arctic', 'ice', 'cap', 'is,', 'in', 'a', 'sense,', 'the', 'beating', 'heart', 'of', 'the', 'global', 'climate', 'system.']
2026-05-27 13:58:56,018 - DEBUG - joeynmt.training - 	Tokenized hypothesis: ['The', '<unk>', 'on', 'the', '<unk>', 'is', 'in', 'a', '<unk>', '', 'the', '<unk>', 'of', 'our', '<unk>', '</s>']
2026-05-27 13:58:56,018 - INFO - joeynmt.training - 	Source:     De ijskap op de Noordpool is in zekere zin  het kloppend hart van ons globaal klimaatsysteem.
2026-05-27 13:58:56,018 - INFO - joeynmt.training - 	Reference:  The arctic ice cap is, in a sense, the beating heart of the global climate system.
2026-05-27 13:58:56,018 - INFO - joeynmt.training - 	Hypothesis: The <unk> on the <unk> is in a <unk>  the <unk> of our <unk>
2026-05-27 13:58:56,018 - INFO - joeynmt.training - Example #3
2026-05-27 13:58:56,019 - DEBUG - joeynmt.training - 	Tokenized source:     ['Het', 'zet', 'uit', 'in', 'de', 'winter', 'en', 'krimpt', 'in', 'de', 'zomer.']
2026-05-27 13:58:56,019 - DEBUG - joeynmt.training - 	Tokenized reference:  ['It', 'expands', 'in', 'winter', 'and', 'contracts', 'in', 'summer.']
2026-05-27 13:58:56,019 - DEBUG - joeynmt.training - 	Tokenized hypothesis: ['It', '<unk>', 'in', 'the', '<unk>', 'and', '<unk>', 'in', 'the', '<unk>', '</s>']
2026-05-27 13:58:56,019 - INFO - joeynmt.training - 	Source:     Het zet uit in de winter en krimpt in de zomer.
2026-05-27 13:58:56,019 - INFO - joeynmt.training - 	Reference:  It expands in winter and contracts in summer.
2026-05-27 13:58:56,019 - INFO - joeynmt.training - 	Hypothesis: It <unk> in the <unk> and <unk> in the <unk>
2026-05-27 13:58:56,019 - INFO - joeynmt.training - Example #4
2026-05-27 13:58:56,019 - DEBUG - joeynmt.training - 	Tokenized source:     ['De', 'volgende', 'dia', 'die', 'ik', 'laat', 'zien', '', 'is', 'een', 'versnelde', 'versie', 'van', 'wat', 'er', 'de', 'afgelopen', '25', 'jaar', 'is', 'gebeurd.']
2026-05-27 13:58:56,019 - DEBUG - joeynmt.training - 	Tokenized reference:  ['The', 'next', 'slide', 'I', 'show', 'you', 'will', 'be', 'a', 'rapid', 'fast-forward', 'of', "what's", 'happened', 'over', 'the', 'last', '25', 'years.']
2026-05-27 13:58:56,019 - DEBUG - joeynmt.training - 	Tokenized hypothesis: ['The', 'next', '<unk>', 'I', 'show', 'that', 'I', 'see', '', 'is', 'a', '<unk>', '<unk>', '<unk>', 'of', 'what', 'there', 'is', 'the', 'last', 'last', 'last', 'last', 'last', 'last', 'last', 'last', 'years', 'of', 'the', 'the', 'last', 'last', 'last', 'last', 'last', 'years', 'of', 'the', '<unk>', '</s>']
2026-05-27 13:58:56,019 - INFO - joeynmt.training - 	Source:     De volgende dia die ik laat zien  is een versnelde versie van wat er de afgelopen 25 jaar is gebeurd.
2026-05-27 13:58:56,019 - INFO - joeynmt.training - 	Reference:  The next slide I show you will be a rapid fast-forward of what's happened over the last 25 years.
2026-05-27 13:58:56,019 - INFO - joeynmt.training - 	Hypothesis: The next <unk> I show that I see  is a <unk> <unk> <unk> of what there is the last last last last last last last last years of the the last last last last last years of the <unk>
2026-05-27 13:59:07,438 - INFO - joeynmt.training - Epoch   1, Step:     2100, Batch Loss:     1.864451, Batch Acc: 0.452967, Tokens per Sec:     5790, Lr: 0.000300
2026-05-27 13:59:19,442 - INFO - joeynmt.training - Epoch   1, Step:     2200, Batch Loss:     1.942514, Batch Acc: 0.457728, Tokens per Sec:     5899, Lr: 0.000300
2026-05-27 13:59:30,784 - INFO - joeynmt.training - Epoch   1, Step:     2300, Batch Loss:     2.122037, Batch Acc: 0.466057, Tokens per Sec:     5994, Lr: 0.000300
2026-05-27 13:59:43,066 - INFO - joeynmt.training - Epoch   1, Step:     2400, Batch Loss:     1.916043, Batch Acc: 0.465663, Tokens per Sec:     5568, Lr: 0.000300
2026-05-27 13:59:50,805 - INFO - joeynmt.training - Epoch   1: total training loss 5518.26
2026-05-27 13:59:50,806 - INFO - joeynmt.training - EPOCH 2
2026-05-27 13:59:54,053 - INFO - joeynmt.training - Epoch   2, Step:     2500, Batch Loss:     1.736732, Batch Acc: 0.472305, Tokens per Sec:     6205, Lr: 0.000300
2026-05-27 13:59:54,054 - WARNING - joeynmt.helpers - `alpha` option is obsolete. Please use `beam_alpha`, instead.
2026-05-27 13:59:54,054 - INFO - joeynmt.prediction - Predicting 1003 example(s)... (Greedy decoding with min_output_length=1, max_output_length=-1, return_prob='none', generate_unk=True, repetition_penalty=-1, no_repeat_ngram_size=-1)
2026-05-27 14:00:05,251 - INFO - joeynmt.prediction - Evaluation result (greedy) loss:   2.14, ppl:   8.50, acc:   0.39, generation: 11.1905[sec], evaluation: 0.0000[sec]
2026-05-27 14:00:05,252 - INFO - joeynmt.training - Hooray! New best validation result [ppl]!
2026-05-27 14:00:05,404 - INFO - joeynmt.training - Example #0
2026-05-27 14:00:05,404 - DEBUG - joeynmt.training - 	Tokenized source:     ['Vorig', 'jaar', 'liet', 'ik', 'deze', 'twee', "dia's", 'zien', 'om', 'aan', '', 'te', 'tonen', 'dat', 'de', 'poolijskap,', '', 'die', 'de', 'afgelopen', 'drie', 'miljoen', 'jaar', '', 'ongeveer', 'de', 'grootte', 'had', 'van', 'het', 'vasteland', 'van', 'de', 'VS,', '', 'met', '40%', 'gekrompen', 'was.']
2026-05-27 14:00:05,404 - DEBUG - joeynmt.training - 	Tokenized reference:  ['Last', 'year', 'I', 'showed', 'these', 'two', 'slides', 'so', 'that', 'demonstrate', 'that', 'the', 'arctic', 'ice', 'cap,', 'which', 'for', 'most', 'of', 'the', 'last', 'three', 'million', 'years', 'has', 'been', 'the', 'size', 'of', 'the', 'lower', '48', 'states,', 'has', 'shrunk', 'by', '40', 'percent.']
2026-05-27 14:00:05,404 - DEBUG - joeynmt.training - 	Tokenized hypothesis: ['<unk>', 'years', 'I', 'I', 'was', 'two', '<unk>', 'to', 'show', 'this', '<unk>', 'to', 'show', 'this', '<unk>', '<unk>', '', 'who', 'the', 'last', 'three', 'million', 'years', 'of', 'the', '<unk>', 'of', 'the', '<unk>', 'of', 'the', '<unk>', '<unk>', '<unk>', '<unk>', '<unk>', '<unk>', '<unk>', '<unk>', '', '<unk>', '</s>']
2026-05-27 14:00:05,404 - INFO - joeynmt.training - 	Source:     Vorig jaar liet ik deze twee dia's zien om aan  te tonen dat de poolijskap,  die de afgelopen drie miljoen jaar  ongeveer de grootte had van het vasteland van de VS,  met 40% gekrompen was.
2026-05-27 14:00:05,405 - INFO - joeynmt.training - 	Reference:  Last year I showed these two slides so that demonstrate that the arctic ice cap, which for most of the last three million years has been the size of the lower 48 states, has shrunk by 40 percent.
2026-05-27 14:00:05,405 - INFO - joeynmt.training - 	Hypothesis: <unk> years I I was two <unk> to show this <unk> to show this <unk> <unk>  who the last three million years of the <unk> of the <unk> of the <unk> <unk> <unk> <unk> <unk> <unk> <unk> <unk>  <unk>
2026-05-27 14:00:05,405 - INFO - joeynmt.training - Example #1
2026-05-27 14:00:05,405 - DEBUG - joeynmt.training - 	Tokenized source:     ['Maar', 'dit', 'onderschat', 'eigenlijk', 'de', 'ernst', 'van', 'dit', 'specifieke', 'probleem', '', 'omdat', 'het', 'niet', 'de', 'dikte', 'van', 'het', 'ijs', 'laat', 'zien.']
2026-05-27 14:00:05,405 - DEBUG - joeynmt.training - 	Tokenized reference:  ['But', 'this', 'understates', 'the', 'seriousness', 'of', 'this', 'particular', 'problem', 'because', 'it', "doesn't", 'show', 'the', 'thickness', 'of', 'the', 'ice.']
2026-05-27 14:00:05,405 - DEBUG - joeynmt.training - 	Tokenized hypothesis: ['But', 'this', '<unk>', '<unk>', 'the', '<unk>', 'of', 'this', 'particular', 'problem', '', 'because', 'the', '<unk>', 'of', 'the', '<unk>', 'of', 'the', '<unk>', '</s>']
2026-05-27 14:00:05,405 - INFO - joeynmt.training - 	Source:     Maar dit onderschat eigenlijk de ernst van dit specifieke probleem  omdat het niet de dikte van het ijs laat zien.
2026-05-27 14:00:05,405 - INFO - joeynmt.training - 	Reference:  But this understates the seriousness of this particular problem because it doesn't show the thickness of the ice.
2026-05-27 14:00:05,405 - INFO - joeynmt.training - 	Hypothesis: But this <unk> <unk> the <unk> of this particular problem  because the <unk> of the <unk> of the <unk>
2026-05-27 14:00:05,406 - INFO - joeynmt.training - Example #2
2026-05-27 14:00:05,406 - DEBUG - joeynmt.training - 	Tokenized source:     ['De', 'ijskap', 'op', 'de', 'Noordpool', 'is', 'in', 'zekere', 'zin', '', 'het', 'kloppend', 'hart', 'van', 'ons', 'globaal', 'klimaatsysteem.']
2026-05-27 14:00:05,406 - DEBUG - joeynmt.training - 	Tokenized reference:  ['The', 'arctic', 'ice', 'cap', 'is,', 'in', 'a', 'sense,', 'the', 'beating', 'heart', 'of', 'the', 'global', 'climate', 'system.']
2026-05-27 14:00:05,406 - DEBUG - joeynmt.training - 	Tokenized hypothesis: ['The', '<unk>', 'on', 'the', '<unk>', 'is', 'in', 'a', 'certain', '<unk>', '', 'the', '<unk>', '<unk>', '<unk>', '</s>']
2026-05-27 14:00:05,406 - INFO - joeynmt.training - 	Source:     De ijskap op de Noordpool is in zekere zin  het kloppend hart van ons globaal klimaatsysteem.
2026-05-27 14:00:05,406 - INFO - joeynmt.training - 	Reference:  The arctic ice cap is, in a sense, the beating heart of the global climate system.
2026-05-27 14:00:05,406 - INFO - joeynmt.training - 	Hypothesis: The <unk> on the <unk> is in a certain <unk>  the <unk> <unk> <unk>
2026-05-27 14:00:05,406 - INFO - joeynmt.training - Example #3
2026-05-27 14:00:05,406 - DEBUG - joeynmt.training - 	Tokenized source:     ['Het', 'zet', 'uit', 'in', 'de', 'winter', 'en', 'krimpt', 'in', 'de', 'zomer.']
2026-05-27 14:00:05,406 - DEBUG - joeynmt.training - 	Tokenized reference:  ['It', 'expands', 'in', 'winter', 'and', 'contracts', 'in', 'summer.']
2026-05-27 14:00:05,406 - DEBUG - joeynmt.training - 	Tokenized hypothesis: ['It', '<unk>', 'out', 'of', 'the', '<unk>', 'and', '<unk>', 'in', 'the', '<unk>', '</s>']
2026-05-27 14:00:05,406 - INFO - joeynmt.training - 	Source:     Het zet uit in de winter en krimpt in de zomer.
2026-05-27 14:00:05,406 - INFO - joeynmt.training - 	Reference:  It expands in winter and contracts in summer.
2026-05-27 14:00:05,406 - INFO - joeynmt.training - 	Hypothesis: It <unk> out of the <unk> and <unk> in the <unk>
2026-05-27 14:00:05,406 - INFO - joeynmt.training - Example #4
2026-05-27 14:00:05,406 - DEBUG - joeynmt.training - 	Tokenized source:     ['De', 'volgende', 'dia', 'die', 'ik', 'laat', 'zien', '', 'is', 'een', 'versnelde', 'versie', 'van', 'wat', 'er', 'de', 'afgelopen', '25', 'jaar', 'is', 'gebeurd.']
2026-05-27 14:00:05,406 - DEBUG - joeynmt.training - 	Tokenized reference:  ['The', 'next', 'slide', 'I', 'show', 'you', 'will', 'be', 'a', 'rapid', 'fast-forward', 'of', "what's", 'happened', 'over', 'the', 'last', '25', 'years.']
2026-05-27 14:00:05,407 - DEBUG - joeynmt.training - 	Tokenized hypothesis: ['The', 'next', '<unk>', 'I', 'show', 'I', 'see', '', 'is', 'a', '<unk>', '<unk>', '<unk>', 'of', 'what', 'there', 'is', 'the', 'last', 'last', '10', 'years', 'is', '<unk>', '</s>']
2026-05-27 14:00:05,407 - INFO - joeynmt.training - 	Source:     De volgende dia die ik laat zien  is een versnelde versie van wat er de afgelopen 25 jaar is gebeurd.
2026-05-27 14:00:05,407 - INFO - joeynmt.training - 	Reference:  The next slide I show you will be a rapid fast-forward of what's happened over the last 25 years.
2026-05-27 14:00:05,407 - INFO - joeynmt.training - 	Hypothesis: The next <unk> I show I see  is a <unk> <unk> <unk> of what there is the last last 10 years is <unk>
2026-05-27 14:00:17,283 - INFO - joeynmt.training - Epoch   2, Step:     2600, Batch Loss:     1.737191, Batch Acc: 0.480492, Tokens per Sec:     5813, Lr: 0.000300
2026-05-27 14:00:28,537 - INFO - joeynmt.training - Epoch   2, Step:     2700, Batch Loss:     1.792285, Batch Acc: 0.483360, Tokens per Sec:     6200, Lr: 0.000300
2026-05-27 14:00:40,731 - INFO - joeynmt.training - Epoch   2, Step:     2800, Batch Loss:     1.695406, Batch Acc: 0.488123, Tokens per Sec:     5583, Lr: 0.000300
2026-05-27 14:00:52,394 - INFO - joeynmt.training - Epoch   2, Step:     2900, Batch Loss:     1.785944, Batch Acc: 0.487063, Tokens per Sec:     6025, Lr: 0.000300
2026-05-27 14:01:03,900 - INFO - joeynmt.training - Epoch   2, Step:     3000, Batch Loss:     1.884964, Batch Acc: 0.490056, Tokens per Sec:     5904, Lr: 0.000300
2026-05-27 14:01:03,901 - WARNING - joeynmt.helpers - `alpha` option is obsolete. Please use `beam_alpha`, instead.
2026-05-27 14:01:03,901 - INFO - joeynmt.prediction - Predicting 1003 example(s)... (Greedy decoding with min_output_length=1, max_output_length=-1, return_prob='none', generate_unk=True, repetition_penalty=-1, no_repeat_ngram_size=-1)
2026-05-27 14:01:14,262 - INFO - joeynmt.prediction - Evaluation result (greedy) loss:   2.07, ppl:   7.94, acc:   0.41, generation: 10.3544[sec], evaluation: 0.0000[sec]
2026-05-27 14:01:14,262 - INFO - joeynmt.training - Hooray! New best validation result [ppl]!
2026-05-27 14:01:14,391 - INFO - joeynmt.helpers - delete models/tf_word_nl_en/500.ckpt
2026-05-27 14:01:14,392 - INFO - joeynmt.training - Example #0
2026-05-27 14:01:14,392 - DEBUG - joeynmt.training - 	Tokenized source:     ['Vorig', 'jaar', 'liet', 'ik', 'deze', 'twee', "dia's", 'zien', 'om', 'aan', '', 'te', 'tonen', 'dat', 'de', 'poolijskap,', '', 'die', 'de', 'afgelopen', 'drie', 'miljoen', 'jaar', '', 'ongeveer', 'de', 'grootte', 'had', 'van', 'het', 'vasteland', 'van', 'de', 'VS,', '', 'met', '40%', 'gekrompen', 'was.']
2026-05-27 14:01:14,392 - DEBUG - joeynmt.training - 	Tokenized reference:  ['Last', 'year', 'I', 'showed', 'these', 'two', 'slides', 'so', 'that', 'demonstrate', 'that', 'the', 'arctic', 'ice', 'cap,', 'which', 'for', 'most', 'of', 'the', 'last', 'three', 'million', 'years', 'has', 'been', 'the', 'size', 'of', 'the', 'lower', '48', 'states,', 'has', 'shrunk', 'by', '40', 'percent.']
2026-05-27 14:01:14,392 - DEBUG - joeynmt.training - 	Tokenized hypothesis: ['<unk>', 'years', 'I', 'showed', 'these', 'two', '<unk>', 'to', 'show', 'this', '<unk>', '<unk>', '', 'that', 'the', '<unk>', '', 'that', 'the', 'last', 'three', 'million', 'years', 'of', 'the', 'size', 'of', 'the', '<unk>', 'of', 'the', '<unk>', '<unk>', '<unk>', '<unk>', '</s>']
2026-05-27 14:01:14,393 - INFO - joeynmt.training - 	Source:     Vorig jaar liet ik deze twee dia's zien om aan  te tonen dat de poolijskap,  die de afgelopen drie miljoen jaar  ongeveer de grootte had van het vasteland van de VS,  met 40% gekrompen was.
2026-05-27 14:01:14,393 - INFO - joeynmt.training - 	Reference:  Last year I showed these two slides so that demonstrate that the arctic ice cap, which for most of the last three million years has been the size of the lower 48 states, has shrunk by 40 percent.
2026-05-27 14:01:14,393 - INFO - joeynmt.training - 	Hypothesis: <unk> years I showed these two <unk> to show this <unk> <unk>  that the <unk>  that the last three million years of the size of the <unk> of the <unk> <unk> <unk> <unk>
2026-05-27 14:01:14,393 - INFO - joeynmt.training - Example #1
2026-05-27 14:01:14,393 - DEBUG - joeynmt.training - 	Tokenized source:     ['Maar', 'dit', 'onderschat', 'eigenlijk', 'de', 'ernst', 'van', 'dit', 'specifieke', 'probleem', '', 'omdat', 'het', 'niet', 'de', 'dikte', 'van', 'het', 'ijs', 'laat', 'zien.']
2026-05-27 14:01:14,393 - DEBUG - joeynmt.training - 	Tokenized reference:  ['But', 'this', 'understates', 'the', 'seriousness', 'of', 'this', 'particular', 'problem', 'because', 'it', "doesn't", 'show', 'the', 'thickness', 'of', 'the', 'ice.']
2026-05-27 14:01:14,393 - DEBUG - joeynmt.training - 	Tokenized hypothesis: ['But', 'this', 'is', 'actually', 'the', '<unk>', 'of', 'this', '<unk>', '', 'because', 'it', "doesn't", 'see', 'the', '<unk>', 'of', 'the', '<unk>', '</s>']
2026-05-27 14:01:14,393 - INFO - joeynmt.training - 	Source:     Maar dit onderschat eigenlijk de ernst van dit specifieke probleem  omdat het niet de dikte van het ijs laat zien.
2026-05-27 14:01:14,393 - INFO - joeynmt.training - 	Reference:  But this understates the seriousness of this particular problem because it doesn't show the thickness of the ice.
2026-05-27 14:01:14,393 - INFO - joeynmt.training - 	Hypothesis: But this is actually the <unk> of this <unk>  because it doesn't see the <unk> of the <unk>
2026-05-27 14:01:14,393 - INFO - joeynmt.training - Example #2
2026-05-27 14:01:14,393 - DEBUG - joeynmt.training - 	Tokenized source:     ['De', 'ijskap', 'op', 'de', 'Noordpool', 'is', 'in', 'zekere', 'zin', '', 'het', 'kloppend', 'hart', 'van', 'ons', 'globaal', 'klimaatsysteem.']
2026-05-27 14:01:14,393 - DEBUG - joeynmt.training - 	Tokenized reference:  ['The', 'arctic', 'ice', 'cap', 'is,', 'in', 'a', 'sense,', 'the', 'beating', 'heart', 'of', 'the', 'global', 'climate', 'system.']
2026-05-27 14:01:14,393 - DEBUG - joeynmt.training - 	Tokenized hypothesis: ['The', '<unk>', 'on', 'the', '<unk>', 'is', 'in', 'a', 'sense,', '', 'the', '<unk>', '<unk>', '<unk>', 'of', 'our', '<unk>', '</s>']
2026-05-27 14:01:14,393 - INFO - joeynmt.training - 	Source:     De ijskap op de Noordpool is in zekere zin  het kloppend hart van ons globaal klimaatsysteem.
2026-05-27 14:01:14,394 - INFO - joeynmt.training - 	Reference:  The arctic ice cap is, in a sense, the beating heart of the global climate system.
2026-05-27 14:01:14,394 - INFO - joeynmt.training - 	Hypothesis: The <unk> on the <unk> is in a sense,  the <unk> <unk> <unk> of our <unk>
2026-05-27 14:01:14,394 - INFO - joeynmt.training - Example #3
2026-05-27 14:01:14,394 - DEBUG - joeynmt.training - 	Tokenized source:     ['Het', 'zet', 'uit', 'in', 'de', 'winter', 'en', 'krimpt', 'in', 'de', 'zomer.']
2026-05-27 14:01:14,394 - DEBUG - joeynmt.training - 	Tokenized reference:  ['It', 'expands', 'in', 'winter', 'and', 'contracts', 'in', 'summer.']
2026-05-27 14:01:14,394 - DEBUG - joeynmt.training - 	Tokenized hypothesis: ['It', '<unk>', 'in', 'the', '<unk>', 'and', '<unk>', 'in', 'the', '<unk>', '</s>']
2026-05-27 14:01:14,394 - INFO - joeynmt.training - 	Source:     Het zet uit in de winter en krimpt in de zomer.
2026-05-27 14:01:14,394 - INFO - joeynmt.training - 	Reference:  It expands in winter and contracts in summer.
2026-05-27 14:01:14,394 - INFO - joeynmt.training - 	Hypothesis: It <unk> in the <unk> and <unk> in the <unk>
2026-05-27 14:01:14,394 - INFO - joeynmt.training - Example #4
2026-05-27 14:01:14,394 - DEBUG - joeynmt.training - 	Tokenized source:     ['De', 'volgende', 'dia', 'die', 'ik', 'laat', 'zien', '', 'is', 'een', 'versnelde', 'versie', 'van', 'wat', 'er', 'de', 'afgelopen', '25', 'jaar', 'is', 'gebeurd.']
2026-05-27 14:01:14,394 - DEBUG - joeynmt.training - 	Tokenized reference:  ['The', 'next', 'slide', 'I', 'show', 'you', 'will', 'be', 'a', 'rapid', 'fast-forward', 'of', "what's", 'happened', 'over', 'the', 'last', '25', 'years.']
2026-05-27 14:01:14,394 - DEBUG - joeynmt.training - 	Tokenized hypothesis: ['The', 'next', '<unk>', 'I', 'show', 'that', 'I', 'see', '', 'is', 'a', '<unk>', '<unk>', '<unk>', 'of', 'what', 'there', 'is', 'the', 'last', '25', 'years', 'is', '<unk>', '</s>']
2026-05-27 14:01:14,394 - INFO - joeynmt.training - 	Source:     De volgende dia die ik laat zien  is een versnelde versie van wat er de afgelopen 25 jaar is gebeurd.
2026-05-27 14:01:14,394 - INFO - joeynmt.training - 	Reference:  The next slide I show you will be a rapid fast-forward of what's happened over the last 25 years.
2026-05-27 14:01:14,394 - INFO - joeynmt.training - 	Hypothesis: The next <unk> I show that I see  is a <unk> <unk> <unk> of what there is the last 25 years is <unk>
2026-05-27 14:01:26,327 - INFO - joeynmt.training - Epoch   2, Step:     3100, Batch Loss:     1.775675, Batch Acc: 0.490491, Tokens per Sec:     5727, Lr: 0.000300
2026-05-27 14:01:37,489 - INFO - joeynmt.training - Epoch   2, Step:     3200, Batch Loss:     1.706612, Batch Acc: 0.487276, Tokens per Sec:     6136, Lr: 0.000300
2026-05-27 14:01:48,806 - INFO - joeynmt.training - Epoch   2, Step:     3300, Batch Loss:     1.787147, Batch Acc: 0.491869, Tokens per Sec:     6027, Lr: 0.000300
2026-05-27 14:02:00,554 - INFO - joeynmt.training - Epoch   2, Step:     3400, Batch Loss:     1.693483, Batch Acc: 0.493781, Tokens per Sec:     5715, Lr: 0.000300
2026-05-27 14:02:11,868 - INFO - joeynmt.training - Epoch   2, Step:     3500, Batch Loss:     1.623372, Batch Acc: 0.492148, Tokens per Sec:     6056, Lr: 0.000300
2026-05-27 14:02:11,869 - WARNING - joeynmt.helpers - `alpha` option is obsolete. Please use `beam_alpha`, instead.
2026-05-27 14:02:11,869 - INFO - joeynmt.prediction - Predicting 1003 example(s)... (Greedy decoding with min_output_length=1, max_output_length=-1, return_prob='none', generate_unk=True, repetition_penalty=-1, no_repeat_ngram_size=-1)
2026-05-27 14:02:21,301 - INFO - joeynmt.prediction - Evaluation result (greedy) loss:   2.06, ppl:   7.86, acc:   0.41, generation: 9.4270[sec], evaluation: 0.0000[sec]
2026-05-27 14:02:21,302 - INFO - joeynmt.training - Hooray! New best validation result [ppl]!
2026-05-27 14:02:21,431 - INFO - joeynmt.helpers - delete models/tf_word_nl_en/1000.ckpt
2026-05-27 14:02:21,434 - INFO - joeynmt.training - Example #0
2026-05-27 14:02:21,434 - DEBUG - joeynmt.training - 	Tokenized source:     ['Vorig', 'jaar', 'liet', 'ik', 'deze', 'twee', "dia's", 'zien', 'om', 'aan', '', 'te', 'tonen', 'dat', 'de', 'poolijskap,', '', 'die', 'de', 'afgelopen', 'drie', 'miljoen', 'jaar', '', 'ongeveer', 'de', 'grootte', 'had', 'van', 'het', 'vasteland', 'van', 'de', 'VS,', '', 'met', '40%', 'gekrompen', 'was.']
2026-05-27 14:02:21,434 - DEBUG - joeynmt.training - 	Tokenized reference:  ['Last', 'year', 'I', 'showed', 'these', 'two', 'slides', 'so', 'that', 'demonstrate', 'that', 'the', 'arctic', 'ice', 'cap,', 'which', 'for', 'most', 'of', 'the', 'last', 'three', 'million', 'years', 'has', 'been', 'the', 'size', 'of', 'the', 'lower', '48', 'states,', 'has', 'shrunk', 'by', '40', 'percent.']
2026-05-27 14:02:21,434 - DEBUG - joeynmt.training - 	Tokenized hypothesis: ['<unk>', 'years', 'I', 'showed', 'these', 'two', '<unk>', 'to', 'show', 'you', 'that', 'the', '<unk>', '', 'that', 'the', 'last', 'three', 'million', 'years', '', 'about', 'the', 'size', 'of', 'the', 'size', 'of', 'the', 'size', 'of', 'the', '<unk>', '<unk>', '<unk>', '</s>']
2026-05-27 14:02:21,434 - INFO - joeynmt.training - 	Source:     Vorig jaar liet ik deze twee dia's zien om aan  te tonen dat de poolijskap,  die de afgelopen drie miljoen jaar  ongeveer de grootte had van het vasteland van de VS,  met 40% gekrompen was.
2026-05-27 14:02:21,434 - INFO - joeynmt.training - 	Reference:  Last year I showed these two slides so that demonstrate that the arctic ice cap, which for most of the last three million years has been the size of the lower 48 states, has shrunk by 40 percent.
2026-05-27 14:02:21,434 - INFO - joeynmt.training - 	Hypothesis: <unk> years I showed these two <unk> to show you that the <unk>  that the last three million years  about the size of the size of the size of the <unk> <unk> <unk>
2026-05-27 14:02:21,434 - INFO - joeynmt.training - Example #1
2026-05-27 14:02:21,434 - DEBUG - joeynmt.training - 	Tokenized source:     ['Maar', 'dit', 'onderschat', 'eigenlijk', 'de', 'ernst', 'van', 'dit', 'specifieke', 'probleem', '', 'omdat', 'het', 'niet', 'de', 'dikte', 'van', 'het', 'ijs', 'laat', 'zien.']
2026-05-27 14:02:21,434 - DEBUG - joeynmt.training - 	Tokenized reference:  ['But', 'this', 'understates', 'the', 'seriousness', 'of', 'this', 'particular', 'problem', 'because', 'it', "doesn't", 'show', 'the', 'thickness', 'of', 'the', 'ice.']
2026-05-27 14:02:21,434 - DEBUG - joeynmt.training - 	Tokenized hypothesis: ['But', 'this', '<unk>', 'actually', 'the', '<unk>', 'of', 'this', 'problem', '', 'because', 'it', "doesn't", '<unk>', 'the', '<unk>', 'of', 'the', 'ice', '<unk>', '</s>']
2026-05-27 14:02:21,435 - INFO - joeynmt.training - 	Source:     Maar dit onderschat eigenlijk de ernst van dit specifieke probleem  omdat het niet de dikte van het ijs laat zien.
2026-05-27 14:02:21,435 - INFO - joeynmt.training - 	Reference:  But this understates the seriousness of this particular problem because it doesn't show the thickness of the ice.
2026-05-27 14:02:21,435 - INFO - joeynmt.training - 	Hypothesis: But this <unk> actually the <unk> of this problem  because it doesn't <unk> the <unk> of the ice <unk>
2026-05-27 14:02:21,435 - INFO - joeynmt.training - Example #2
2026-05-27 14:02:21,435 - DEBUG - joeynmt.training - 	Tokenized source:     ['De', 'ijskap', 'op', 'de', 'Noordpool', 'is', 'in', 'zekere', 'zin', '', 'het', 'kloppend', 'hart', 'van', 'ons', 'globaal', 'klimaatsysteem.']
2026-05-27 14:02:21,435 - DEBUG - joeynmt.training - 	Tokenized reference:  ['The', 'arctic', 'ice', 'cap', 'is,', 'in', 'a', 'sense,', 'the', 'beating', 'heart', 'of', 'the', 'global', 'climate', 'system.']
2026-05-27 14:02:21,435 - DEBUG - joeynmt.training - 	Tokenized hypothesis: ['The', '<unk>', 'on', 'the', '<unk>', 'is', 'in', 'a', 'certain', 'sense', '', 'the', 'heart', 'of', 'our', '<unk>', '</s>']
2026-05-27 14:02:21,435 - INFO - joeynmt.training - 	Source:     De ijskap op de Noordpool is in zekere zin  het kloppend hart van ons globaal klimaatsysteem.
2026-05-27 14:02:21,435 - INFO - joeynmt.training - 	Reference:  The arctic ice cap is, in a sense, the beating heart of the global climate system.
2026-05-27 14:02:21,435 - INFO - joeynmt.training - 	Hypothesis: The <unk> on the <unk> is in a certain sense  the heart of our <unk>
2026-05-27 14:02:21,435 - INFO - joeynmt.training - Example #3
2026-05-27 14:02:21,435 - DEBUG - joeynmt.training - 	Tokenized source:     ['Het', 'zet', 'uit', 'in', 'de', 'winter', 'en', 'krimpt', 'in', 'de', 'zomer.']
2026-05-27 14:02:21,435 - DEBUG - joeynmt.training - 	Tokenized reference:  ['It', 'expands', 'in', 'winter', 'and', 'contracts', 'in', 'summer.']
2026-05-27 14:02:21,435 - DEBUG - joeynmt.training - 	Tokenized hypothesis: ['It', '<unk>', 'in', 'the', '<unk>', 'and', '<unk>', 'in', 'the', '<unk>', '</s>']
2026-05-27 14:02:21,436 - INFO - joeynmt.training - 	Source:     Het zet uit in de winter en krimpt in de zomer.
2026-05-27 14:02:21,436 - INFO - joeynmt.training - 	Reference:  It expands in winter and contracts in summer.
2026-05-27 14:02:21,436 - INFO - joeynmt.training - 	Hypothesis: It <unk> in the <unk> and <unk> in the <unk>
2026-05-27 14:02:21,436 - INFO - joeynmt.training - Example #4
2026-05-27 14:02:21,436 - DEBUG - joeynmt.training - 	Tokenized source:     ['De', 'volgende', 'dia', 'die', 'ik', 'laat', 'zien', '', 'is', 'een', 'versnelde', 'versie', 'van', 'wat', 'er', 'de', 'afgelopen', '25', 'jaar', 'is', 'gebeurd.']
2026-05-27 14:02:21,436 - DEBUG - joeynmt.training - 	Tokenized reference:  ['The', 'next', 'slide', 'I', 'show', 'you', 'will', 'be', 'a', 'rapid', 'fast-forward', 'of', "what's", 'happened', 'over', 'the', 'last', '25', 'years.']
2026-05-27 14:02:21,436 - DEBUG - joeynmt.training - 	Tokenized hypothesis: ['The', 'next', '<unk>', 'I', 'show', 'that', 'I', 'see', '', 'is', 'a', '<unk>', 'version', 'of', 'what', 'there', 'is', 'the', 'last', '25', 'years', 'of', '<unk>', '</s>']
2026-05-27 14:02:21,436 - INFO - joeynmt.training - 	Source:     De volgende dia die ik laat zien  is een versnelde versie van wat er de afgelopen 25 jaar is gebeurd.
2026-05-27 14:02:21,436 - INFO - joeynmt.training - 	Reference:  The next slide I show you will be a rapid fast-forward of what's happened over the last 25 years.
2026-05-27 14:02:21,436 - INFO - joeynmt.training - 	Hypothesis: The next <unk> I show that I see  is a <unk> version of what there is the last 25 years of <unk>
2026-05-27 14:02:33,212 - INFO - joeynmt.training - Epoch   2, Step:     3600, Batch Loss:     1.727402, Batch Acc: 0.495917, Tokens per Sec:     5717, Lr: 0.000300
2026-05-27 14:02:44,875 - INFO - joeynmt.training - Epoch   2, Step:     3700, Batch Loss:     1.760421, Batch Acc: 0.497036, Tokens per Sec:     5800, Lr: 0.000300
2026-05-27 14:02:55,897 - INFO - joeynmt.training - Epoch   2, Step:     3800, Batch Loss:     1.727204, Batch Acc: 0.501982, Tokens per Sec:     6293, Lr: 0.000300
2026-05-27 14:03:07,954 - INFO - joeynmt.training - Epoch   2, Step:     3900, Batch Loss:     1.817745, Batch Acc: 0.501819, Tokens per Sec:     5723, Lr: 0.000300
2026-05-27 14:03:20,911 - INFO - joeynmt.training - Epoch   2, Step:     4000, Batch Loss:     1.630744, Batch Acc: 0.499292, Tokens per Sec:     5233, Lr: 0.000300
2026-05-27 14:03:20,911 - WARNING - joeynmt.helpers - `alpha` option is obsolete. Please use `beam_alpha`, instead.
2026-05-27 14:03:20,911 - INFO - joeynmt.prediction - Predicting 1003 example(s)... (Greedy decoding with min_output_length=1, max_output_length=-1, return_prob='none', generate_unk=True, repetition_penalty=-1, no_repeat_ngram_size=-1)
2026-05-27 14:03:31,736 - INFO - joeynmt.prediction - Evaluation result (greedy) loss:   2.01, ppl:   7.48, acc:   0.42, generation: 10.8183[sec], evaluation: 0.0000[sec]
2026-05-27 14:03:31,737 - INFO - joeynmt.training - Hooray! New best validation result [ppl]!
2026-05-27 14:03:31,911 - INFO - joeynmt.helpers - delete models/tf_word_nl_en/1500.ckpt
2026-05-27 14:03:31,913 - INFO - joeynmt.training - Example #0
2026-05-27 14:03:31,913 - DEBUG - joeynmt.training - 	Tokenized source:     ['Vorig', 'jaar', 'liet', 'ik', 'deze', 'twee', "dia's", 'zien', 'om', 'aan', '', 'te', 'tonen', 'dat', 'de', 'poolijskap,', '', 'die', 'de', 'afgelopen', 'drie', 'miljoen', 'jaar', '', 'ongeveer', 'de', 'grootte', 'had', 'van', 'het', 'vasteland', 'van', 'de', 'VS,', '', 'met', '40%', 'gekrompen', 'was.']
2026-05-27 14:03:31,913 - DEBUG - joeynmt.training - 	Tokenized reference:  ['Last', 'year', 'I', 'showed', 'these', 'two', 'slides', 'so', 'that', 'demonstrate', 'that', 'the', 'arctic', 'ice', 'cap,', 'which', 'for', 'most', 'of', 'the', 'last', 'three', 'million', 'years', 'has', 'been', 'the', 'size', 'of', 'the', 'lower', '48', 'states,', 'has', 'shrunk', 'by', '40', 'percent.']
2026-05-27 14:03:31,913 - DEBUG - joeynmt.training - 	Tokenized hypothesis: ['<unk>', 'years', 'I', 'showed', 'these', 'two', '<unk>', 'to', 'show', 'that', 'the', '<unk>', '', 'that', 'the', '<unk>', '', 'that', 'the', 'last', 'three', 'million', 'years', '', 'about', 'the', 'size', 'of', 'the', '<unk>', '<unk>', '<unk>', '<unk>', '<unk>', '</s>']
2026-05-27 14:03:31,914 - INFO - joeynmt.training - 	Source:     Vorig jaar liet ik deze twee dia's zien om aan  te tonen dat de poolijskap,  die de afgelopen drie miljoen jaar  ongeveer de grootte had van het vasteland van de VS,  met 40% gekrompen was.
2026-05-27 14:03:31,914 - INFO - joeynmt.training - 	Reference:  Last year I showed these two slides so that demonstrate that the arctic ice cap, which for most of the last three million years has been the size of the lower 48 states, has shrunk by 40 percent.
2026-05-27 14:03:31,914 - INFO - joeynmt.training - 	Hypothesis: <unk> years I showed these two <unk> to show that the <unk>  that the <unk>  that the last three million years  about the size of the <unk> <unk> <unk> <unk> <unk>
2026-05-27 14:03:31,914 - INFO - joeynmt.training - Example #1
2026-05-27 14:03:31,914 - DEBUG - joeynmt.training - 	Tokenized source:     ['Maar', 'dit', 'onderschat', 'eigenlijk', 'de', 'ernst', 'van', 'dit', 'specifieke', 'probleem', '', 'omdat', 'het', 'niet', 'de', 'dikte', 'van', 'het', 'ijs', 'laat', 'zien.']
2026-05-27 14:03:31,914 - DEBUG - joeynmt.training - 	Tokenized reference:  ['But', 'this', 'understates', 'the', 'seriousness', 'of', 'this', 'particular', 'problem', 'because', 'it', "doesn't", 'show', 'the', 'thickness', 'of', 'the', 'ice.']
2026-05-27 14:03:31,914 - DEBUG - joeynmt.training - 	Tokenized hypothesis: ['But', 'this', '<unk>', 'actually', 'the', '<unk>', 'of', 'this', 'particular', 'problem', '', 'because', 'it', "doesn't", 'see', 'the', '<unk>', 'of', 'the', 'ice', '<unk>', '</s>']
2026-05-27 14:03:31,914 - INFO - joeynmt.training - 	Source:     Maar dit onderschat eigenlijk de ernst van dit specifieke probleem  omdat het niet de dikte van het ijs laat zien.
2026-05-27 14:03:31,914 - INFO - joeynmt.training - 	Reference:  But this understates the seriousness of this particular problem because it doesn't show the thickness of the ice.
2026-05-27 14:03:31,914 - INFO - joeynmt.training - 	Hypothesis: But this <unk> actually the <unk> of this particular problem  because it doesn't see the <unk> of the ice <unk>
2026-05-27 14:03:31,914 - INFO - joeynmt.training - Example #2
2026-05-27 14:03:31,914 - DEBUG - joeynmt.training - 	Tokenized source:     ['De', 'ijskap', 'op', 'de', 'Noordpool', 'is', 'in', 'zekere', 'zin', '', 'het', 'kloppend', 'hart', 'van', 'ons', 'globaal', 'klimaatsysteem.']
2026-05-27 14:03:31,914 - DEBUG - joeynmt.training - 	Tokenized reference:  ['The', 'arctic', 'ice', 'cap', 'is,', 'in', 'a', 'sense,', 'the', 'beating', 'heart', 'of', 'the', 'global', 'climate', 'system.']
2026-05-27 14:03:31,915 - DEBUG - joeynmt.training - 	Tokenized hypothesis: ['The', '<unk>', 'on', 'the', '<unk>', 'is', 'in', 'a', 'sense', '', 'the', 'heart', 'of', 'our', '<unk>', '<unk>', '</s>']
2026-05-27 14:03:31,915 - INFO - joeynmt.training - 	Source:     De ijskap op de Noordpool is in zekere zin  het kloppend hart van ons globaal klimaatsysteem.
2026-05-27 14:03:31,915 - INFO - joeynmt.training - 	Reference:  The arctic ice cap is, in a sense, the beating heart of the global climate system.
2026-05-27 14:03:31,915 - INFO - joeynmt.training - 	Hypothesis: The <unk> on the <unk> is in a sense  the heart of our <unk> <unk>
2026-05-27 14:03:31,915 - INFO - joeynmt.training - Example #3
2026-05-27 14:03:31,915 - DEBUG - joeynmt.training - 	Tokenized source:     ['Het', 'zet', 'uit', 'in', 'de', 'winter', 'en', 'krimpt', 'in', 'de', 'zomer.']
2026-05-27 14:03:31,915 - DEBUG - joeynmt.training - 	Tokenized reference:  ['It', 'expands', 'in', 'winter', 'and', 'contracts', 'in', 'summer.']
2026-05-27 14:03:31,915 - DEBUG - joeynmt.training - 	Tokenized hypothesis: ['It', '<unk>', 'in', 'the', '<unk>', 'and', '<unk>', 'in', 'the', '<unk>', '</s>']
2026-05-27 14:03:31,915 - INFO - joeynmt.training - 	Source:     Het zet uit in de winter en krimpt in de zomer.
2026-05-27 14:03:31,915 - INFO - joeynmt.training - 	Reference:  It expands in winter and contracts in summer.
2026-05-27 14:03:31,915 - INFO - joeynmt.training - 	Hypothesis: It <unk> in the <unk> and <unk> in the <unk>
2026-05-27 14:03:31,915 - INFO - joeynmt.training - Example #4
2026-05-27 14:03:31,915 - DEBUG - joeynmt.training - 	Tokenized source:     ['De', 'volgende', 'dia', 'die', 'ik', 'laat', 'zien', '', 'is', 'een', 'versnelde', 'versie', 'van', 'wat', 'er', 'de', 'afgelopen', '25', 'jaar', 'is', 'gebeurd.']
2026-05-27 14:03:31,915 - DEBUG - joeynmt.training - 	Tokenized reference:  ['The', 'next', 'slide', 'I', 'show', 'you', 'will', 'be', 'a', 'rapid', 'fast-forward', 'of', "what's", 'happened', 'over', 'the', 'last', '25', 'years.']
2026-05-27 14:03:31,915 - DEBUG - joeynmt.training - 	Tokenized hypothesis: ['The', 'next', '<unk>', 'I', 'show', 'you', '', 'is', 'a', '<unk>', 'version', 'of', 'what', 'was', 'the', 'last', '25', 'years', 'of', 'what', 'was', '<unk>', '</s>']
2026-05-27 14:03:31,916 - INFO - joeynmt.training - 	Source:     De volgende dia die ik laat zien  is een versnelde versie van wat er de afgelopen 25 jaar is gebeurd.
2026-05-27 14:03:31,916 - INFO - joeynmt.training - 	Reference:  The next slide I show you will be a rapid fast-forward of what's happened over the last 25 years.
2026-05-27 14:03:31,916 - INFO - joeynmt.training - 	Hypothesis: The next <unk> I show you  is a <unk> version of what was the last 25 years of what was <unk>
2026-05-27 14:03:48,841 - INFO - joeynmt.training - Epoch   2, Step:     4100, Batch Loss:     1.635838, Batch Acc: 0.503249, Tokens per Sec:     4040, Lr: 0.000300
2026-05-27 14:04:13,011 - INFO - joeynmt.training - Epoch   2, Step:     4200, Batch Loss:     1.669904, Batch Acc: 0.504707, Tokens per Sec:     2909, Lr: 0.000300
2026-05-27 14:04:34,439 - INFO - joeynmt.training - Epoch   2, Step:     4300, Batch Loss:     1.593973, Batch Acc: 0.506795, Tokens per Sec:     3170, Lr: 0.000300
2026-05-27 14:04:54,191 - INFO - joeynmt.training - Epoch   2, Step:     4400, Batch Loss:     1.740197, Batch Acc: 0.507745, Tokens per Sec:     3432, Lr: 0.000300
2026-05-27 14:05:14,265 - INFO - joeynmt.training - Epoch   2, Step:     4500, Batch Loss:     1.564687, Batch Acc: 0.511805, Tokens per Sec:     3442, Lr: 0.000300
2026-05-27 14:05:14,266 - WARNING - joeynmt.helpers - `alpha` option is obsolete. Please use `beam_alpha`, instead.
2026-05-27 14:05:14,266 - INFO - joeynmt.prediction - Predicting 1003 example(s)... (Greedy decoding with min_output_length=1, max_output_length=-1, return_prob='none', generate_unk=True, repetition_penalty=-1, no_repeat_ngram_size=-1)
2026-05-27 14:05:34,256 - INFO - joeynmt.prediction - Evaluation result (greedy) loss:   2.02, ppl:   7.54, acc:   0.42, generation: 19.9789[sec], evaluation: 0.0000[sec]
2026-05-27 14:05:34,523 - INFO - joeynmt.helpers - delete models/tf_word_nl_en/2000.ckpt
2026-05-27 14:05:34,525 - INFO - joeynmt.training - Example #0
2026-05-27 14:05:34,525 - DEBUG - joeynmt.training - 	Tokenized source:     ['Vorig', 'jaar', 'liet', 'ik', 'deze', 'twee', "dia's", 'zien', 'om', 'aan', '', 'te', 'tonen', 'dat', 'de', 'poolijskap,', '', 'die', 'de', 'afgelopen', 'drie', 'miljoen', 'jaar', '', 'ongeveer', 'de', 'grootte', 'had', 'van', 'het', 'vasteland', 'van', 'de', 'VS,', '', 'met', '40%', 'gekrompen', 'was.']
2026-05-27 14:05:34,525 - DEBUG - joeynmt.training - 	Tokenized reference:  ['Last', 'year', 'I', 'showed', 'these', 'two', 'slides', 'so', 'that', 'demonstrate', 'that', 'the', 'arctic', 'ice', 'cap,', 'which', 'for', 'most', 'of', 'the', 'last', 'three', 'million', 'years', 'has', 'been', 'the', 'size', 'of', 'the', 'lower', '48', 'states,', 'has', 'shrunk', 'by', '40', 'percent.']
2026-05-27 14:05:34,525 - DEBUG - joeynmt.training - 	Tokenized hypothesis: ['<unk>', 'years', 'I', 'showed', 'these', 'two', '<unk>', 'to', 'show', 'you', '', 'that', 'the', '<unk>', '', 'who', 'had', 'the', 'last', 'three', 'million', 'years', '', 'about', 'the', 'size', 'of', 'the', 'size', 'of', 'the', '<unk>', '<unk>', '', 'about', 'the', '<unk>', '</s>']
2026-05-27 14:05:34,526 - INFO - joeynmt.training - 	Source:     Vorig jaar liet ik deze twee dia's zien om aan  te tonen dat de poolijskap,  die de afgelopen drie miljoen jaar  ongeveer de grootte had van het vasteland van de VS,  met 40% gekrompen was.
2026-05-27 14:05:34,526 - INFO - joeynmt.training - 	Reference:  Last year I showed these two slides so that demonstrate that the arctic ice cap, which for most of the last three million years has been the size of the lower 48 states, has shrunk by 40 percent.
2026-05-27 14:05:34,526 - INFO - joeynmt.training - 	Hypothesis: <unk> years I showed these two <unk> to show you  that the <unk>  who had the last three million years  about the size of the size of the <unk> <unk>  about the <unk>
2026-05-27 14:05:34,526 - INFO - joeynmt.training - Example #1
2026-05-27 14:05:34,526 - DEBUG - joeynmt.training - 	Tokenized source:     ['Maar', 'dit', 'onderschat', 'eigenlijk', 'de', 'ernst', 'van', 'dit', 'specifieke', 'probleem', '', 'omdat', 'het', 'niet', 'de', 'dikte', 'van', 'het', 'ijs', 'laat', 'zien.']
2026-05-27 14:05:34,526 - DEBUG - joeynmt.training - 	Tokenized reference:  ['But', 'this', 'understates', 'the', 'seriousness', 'of', 'this', 'particular', 'problem', 'because', 'it', "doesn't", 'show', 'the', 'thickness', 'of', 'the', 'ice.']
2026-05-27 14:05:34,526 - DEBUG - joeynmt.training - 	Tokenized hypothesis: ['But', 'this', '<unk>', 'actually', 'the', '<unk>', 'of', 'this', 'particular', 'problem', '', 'because', 'it', "doesn't", 'see', 'the', '<unk>', 'of', 'the', '<unk>', '</s>']
2026-05-27 14:05:34,526 - INFO - joeynmt.training - 	Source:     Maar dit onderschat eigenlijk de ernst van dit specifieke probleem  omdat het niet de dikte van het ijs laat zien.
2026-05-27 14:05:34,526 - INFO - joeynmt.training - 	Reference:  But this understates the seriousness of this particular problem because it doesn't show the thickness of the ice.
2026-05-27 14:05:34,526 - INFO - joeynmt.training - 	Hypothesis: But this <unk> actually the <unk> of this particular problem  because it doesn't see the <unk> of the <unk>
2026-05-27 14:05:34,526 - INFO - joeynmt.training - Example #2
2026-05-27 14:05:34,527 - DEBUG - joeynmt.training - 	Tokenized source:     ['De', 'ijskap', 'op', 'de', 'Noordpool', 'is', 'in', 'zekere', 'zin', '', 'het', 'kloppend', 'hart', 'van', 'ons', 'globaal', 'klimaatsysteem.']
2026-05-27 14:05:34,527 - DEBUG - joeynmt.training - 	Tokenized reference:  ['The', 'arctic', 'ice', 'cap', 'is,', 'in', 'a', 'sense,', 'the', 'beating', 'heart', 'of', 'the', 'global', 'climate', 'system.']
2026-05-27 14:05:34,527 - DEBUG - joeynmt.training - 	Tokenized hypothesis: ['The', '<unk>', 'on', 'the', '<unk>', 'is', 'in', 'a', 'certain', 'sense', '', 'the', 'heart', 'of', 'our', '<unk>', '<unk>', '</s>']
2026-05-27 14:05:34,527 - INFO - joeynmt.training - 	Source:     De ijskap op de Noordpool is in zekere zin  het kloppend hart van ons globaal klimaatsysteem.
2026-05-27 14:05:34,527 - INFO - joeynmt.training - 	Reference:  The arctic ice cap is, in a sense, the beating heart of the global climate system.
2026-05-27 14:05:34,527 - INFO - joeynmt.training - 	Hypothesis: The <unk> on the <unk> is in a certain sense  the heart of our <unk> <unk>
2026-05-27 14:05:34,527 - INFO - joeynmt.training - Example #3
2026-05-27 14:05:34,527 - DEBUG - joeynmt.training - 	Tokenized source:     ['Het', 'zet', 'uit', 'in', 'de', 'winter', 'en', 'krimpt', 'in', 'de', 'zomer.']
2026-05-27 14:05:34,527 - DEBUG - joeynmt.training - 	Tokenized reference:  ['It', 'expands', 'in', 'winter', 'and', 'contracts', 'in', 'summer.']
2026-05-27 14:05:34,527 - DEBUG - joeynmt.training - 	Tokenized hypothesis: ['It', '<unk>', 'in', 'the', '<unk>', 'and', '<unk>', 'in', 'the', '<unk>', '</s>']
2026-05-27 14:05:34,527 - INFO - joeynmt.training - 	Source:     Het zet uit in de winter en krimpt in de zomer.
2026-05-27 14:05:34,528 - INFO - joeynmt.training - 	Reference:  It expands in winter and contracts in summer.
2026-05-27 14:05:34,528 - INFO - joeynmt.training - 	Hypothesis: It <unk> in the <unk> and <unk> in the <unk>
2026-05-27 14:05:34,528 - INFO - joeynmt.training - Example #4
2026-05-27 14:05:34,528 - DEBUG - joeynmt.training - 	Tokenized source:     ['De', 'volgende', 'dia', 'die', 'ik', 'laat', 'zien', '', 'is', 'een', 'versnelde', 'versie', 'van', 'wat', 'er', 'de', 'afgelopen', '25', 'jaar', 'is', 'gebeurd.']
2026-05-27 14:05:34,528 - DEBUG - joeynmt.training - 	Tokenized reference:  ['The', 'next', 'slide', 'I', 'show', 'you', 'will', 'be', 'a', 'rapid', 'fast-forward', 'of', "what's", 'happened', 'over', 'the', 'last', '25', 'years.']
2026-05-27 14:05:34,528 - DEBUG - joeynmt.training - 	Tokenized hypothesis: ['The', 'next', '<unk>', 'I', 'show', 'you', '', 'is', 'a', '<unk>', 'version', 'of', 'what', 'there', 'is', 'the', 'last', '25', 'years.', '</s>']
2026-05-27 14:05:34,528 - INFO - joeynmt.training - 	Source:     De volgende dia die ik laat zien  is een versnelde versie van wat er de afgelopen 25 jaar is gebeurd.
2026-05-27 14:05:34,528 - INFO - joeynmt.training - 	Reference:  The next slide I show you will be a rapid fast-forward of what's happened over the last 25 years.
2026-05-27 14:05:34,528 - INFO - joeynmt.training - 	Hypothesis: The next <unk> I show you  is a <unk> version of what there is the last 25 years.
2026-05-27 14:05:52,555 - INFO - joeynmt.training - Epoch   2, Step:     4600, Batch Loss:     1.712160, Batch Acc: 0.508644, Tokens per Sec:     3715, Lr: 0.000300
2026-05-27 14:06:13,253 - INFO - joeynmt.training - Epoch   2, Step:     4700, Batch Loss:     1.674494, Batch Acc: 0.511286, Tokens per Sec:     3335, Lr: 0.000300
2026-05-27 14:06:33,292 - INFO - joeynmt.training - Epoch   2, Step:     4800, Batch Loss:     1.713966, Batch Acc: 0.507389, Tokens per Sec:     3455, Lr: 0.000300
2026-05-27 14:06:52,099 - INFO - joeynmt.training - Epoch   2, Step:     4900, Batch Loss:     1.831083, Batch Acc: 0.509141, Tokens per Sec:     3598, Lr: 0.000300
2026-05-27 14:06:58,705 - INFO - joeynmt.training - Epoch   2: total training loss 4234.84
2026-05-27 14:06:58,705 - INFO - joeynmt.training - EPOCH 3
2026-05-27 14:07:09,680 - INFO - joeynmt.training - Epoch   3, Step:     5000, Batch Loss:     1.608696, Batch Acc: 0.530181, Tokens per Sec:     3681, Lr: 0.000300
2026-05-27 14:07:09,681 - WARNING - joeynmt.helpers - `alpha` option is obsolete. Please use `beam_alpha`, instead.
2026-05-27 14:07:09,681 - INFO - joeynmt.prediction - Predicting 1003 example(s)... (Greedy decoding with min_output_length=1, max_output_length=-1, return_prob='none', generate_unk=True, repetition_penalty=-1, no_repeat_ngram_size=-1)
2026-05-27 14:07:22,774 - INFO - joeynmt.prediction - Evaluation result (greedy) loss:   1.98, ppl:   7.21, acc:   0.43, generation: 13.0830[sec], evaluation: 0.0000[sec]
2026-05-27 14:07:22,775 - INFO - joeynmt.training - Hooray! New best validation result [ppl]!
2026-05-27 14:07:22,964 - INFO - joeynmt.helpers - delete models/tf_word_nl_en/2500.ckpt
2026-05-27 14:07:22,966 - INFO - joeynmt.training - Example #0
2026-05-27 14:07:22,966 - DEBUG - joeynmt.training - 	Tokenized source:     ['Vorig', 'jaar', 'liet', 'ik', 'deze', 'twee', "dia's", 'zien', 'om', 'aan', '', 'te', 'tonen', 'dat', 'de', 'poolijskap,', '', 'die', 'de', 'afgelopen', 'drie', 'miljoen', 'jaar', '', 'ongeveer', 'de', 'grootte', 'had', 'van', 'het', 'vasteland', 'van', 'de', 'VS,', '', 'met', '40%', 'gekrompen', 'was.']
2026-05-27 14:07:22,966 - DEBUG - joeynmt.training - 	Tokenized reference:  ['Last', 'year', 'I', 'showed', 'these', 'two', 'slides', 'so', 'that', 'demonstrate', 'that', 'the', 'arctic', 'ice', 'cap,', 'which', 'for', 'most', 'of', 'the', 'last', 'three', 'million', 'years', 'has', 'been', 'the', 'size', 'of', 'the', 'lower', '48', 'states,', 'has', 'shrunk', 'by', '40', 'percent.']
2026-05-27 14:07:22,966 - DEBUG - joeynmt.training - 	Tokenized hypothesis: ['<unk>', 'years', 'I', 'showed', 'these', 'two', '<unk>', 'to', 'show', 'that', 'the', '<unk>', '', 'that', 'the', 'last', 'three', 'million', 'years', '--', '', 'about', 'the', 'size', 'of', 'the', 'size', 'of', 'the', '<unk>', '<unk>', '', 'with', '<unk>', '<unk>', '</s>']
2026-05-27 14:07:22,967 - INFO - joeynmt.training - 	Source:     Vorig jaar liet ik deze twee dia's zien om aan  te tonen dat de poolijskap,  die de afgelopen drie miljoen jaar  ongeveer de grootte had van het vasteland van de VS,  met 40% gekrompen was.
2026-05-27 14:07:22,967 - INFO - joeynmt.training - 	Reference:  Last year I showed these two slides so that demonstrate that the arctic ice cap, which for most of the last three million years has been the size of the lower 48 states, has shrunk by 40 percent.
2026-05-27 14:07:22,967 - INFO - joeynmt.training - 	Hypothesis: <unk> years I showed these two <unk> to show that the <unk>  that the last three million years --  about the size of the size of the <unk> <unk>  with <unk> <unk>
2026-05-27 14:07:22,967 - INFO - joeynmt.training - Example #1
2026-05-27 14:07:22,967 - DEBUG - joeynmt.training - 	Tokenized source:     ['Maar', 'dit', 'onderschat', 'eigenlijk', 'de', 'ernst', 'van', 'dit', 'specifieke', 'probleem', '', 'omdat', 'het', 'niet', 'de', 'dikte', 'van', 'het', 'ijs', 'laat', 'zien.']
2026-05-27 14:07:22,967 - DEBUG - joeynmt.training - 	Tokenized reference:  ['But', 'this', 'understates', 'the', 'seriousness', 'of', 'this', 'particular', 'problem', 'because', 'it', "doesn't", 'show', 'the', 'thickness', 'of', 'the', 'ice.']
2026-05-27 14:07:22,967 - DEBUG - joeynmt.training - 	Tokenized hypothesis: ['But', 'this', 'is', 'actually', 'the', '<unk>', 'of', 'this', 'problem', '<unk>', '', 'because', 'it', "doesn't", 'see', 'the', '<unk>', 'of', 'the', '<unk>', 'of', 'the', 'ice', '<unk>', '</s>']
2026-05-27 14:07:22,967 - INFO - joeynmt.training - 	Source:     Maar dit onderschat eigenlijk de ernst van dit specifieke probleem  omdat het niet de dikte van het ijs laat zien.
2026-05-27 14:07:22,967 - INFO - joeynmt.training - 	Reference:  But this understates the seriousness of this particular problem because it doesn't show the thickness of the ice.
2026-05-27 14:07:22,967 - INFO - joeynmt.training - 	Hypothesis: But this is actually the <unk> of this problem <unk>  because it doesn't see the <unk> of the <unk> of the ice <unk>
2026-05-27 14:07:22,967 - INFO - joeynmt.training - Example #2
2026-05-27 14:07:22,968 - DEBUG - joeynmt.training - 	Tokenized source:     ['De', 'ijskap', 'op', 'de', 'Noordpool', 'is', 'in', 'zekere', 'zin', '', 'het', 'kloppend', 'hart', 'van', 'ons', 'globaal', 'klimaatsysteem.']
2026-05-27 14:07:22,968 - DEBUG - joeynmt.training - 	Tokenized reference:  ['The', 'arctic', 'ice', 'cap', 'is,', 'in', 'a', 'sense,', 'the', 'beating', 'heart', 'of', 'the', 'global', 'climate', 'system.']
2026-05-27 14:07:22,968 - DEBUG - joeynmt.training - 	Tokenized hypothesis: ['The', '<unk>', 'on', 'the', '<unk>', 'is', 'in', 'a', 'certain', 'sense,', '', 'the', '<unk>', 'of', 'our', '<unk>', '<unk>', '</s>']
2026-05-27 14:07:22,968 - INFO - joeynmt.training - 	Source:     De ijskap op de Noordpool is in zekere zin  het kloppend hart van ons globaal klimaatsysteem.
2026-05-27 14:07:22,968 - INFO - joeynmt.training - 	Reference:  The arctic ice cap is, in a sense, the beating heart of the global climate system.
2026-05-27 14:07:22,968 - INFO - joeynmt.training - 	Hypothesis: The <unk> on the <unk> is in a certain sense,  the <unk> of our <unk> <unk>
2026-05-27 14:07:22,968 - INFO - joeynmt.training - Example #3
2026-05-27 14:07:22,968 - DEBUG - joeynmt.training - 	Tokenized source:     ['Het', 'zet', 'uit', 'in', 'de', 'winter', 'en', 'krimpt', 'in', 'de', 'zomer.']
2026-05-27 14:07:22,968 - DEBUG - joeynmt.training - 	Tokenized reference:  ['It', 'expands', 'in', 'winter', 'and', 'contracts', 'in', 'summer.']
2026-05-27 14:07:22,968 - DEBUG - joeynmt.training - 	Tokenized hypothesis: ['It', '<unk>', 'in', 'the', '<unk>', 'and', '<unk>', 'in', 'the', '<unk>', '</s>']
2026-05-27 14:07:22,969 - INFO - joeynmt.training - 	Source:     Het zet uit in de winter en krimpt in de zomer.
2026-05-27 14:07:22,969 - INFO - joeynmt.training - 	Reference:  It expands in winter and contracts in summer.
2026-05-27 14:07:22,969 - INFO - joeynmt.training - 	Hypothesis: It <unk> in the <unk> and <unk> in the <unk>
2026-05-27 14:07:22,969 - INFO - joeynmt.training - Example #4
2026-05-27 14:07:22,969 - DEBUG - joeynmt.training - 	Tokenized source:     ['De', 'volgende', 'dia', 'die', 'ik', 'laat', 'zien', '', 'is', 'een', 'versnelde', 'versie', 'van', 'wat', 'er', 'de', 'afgelopen', '25', 'jaar', 'is', 'gebeurd.']
2026-05-27 14:07:22,969 - DEBUG - joeynmt.training - 	Tokenized reference:  ['The', 'next', 'slide', 'I', 'show', 'you', 'will', 'be', 'a', 'rapid', 'fast-forward', 'of', "what's", 'happened', 'over', 'the', 'last', '25', 'years.']
2026-05-27 14:07:22,969 - DEBUG - joeynmt.training - 	Tokenized hypothesis: ['The', 'next', '<unk>', 'I', 'show', 'show', 'you', '', 'is', 'a', '<unk>', 'version', 'of', 'what', 'there', 'is', 'the', 'last', '25', 'years.', '</s>']
2026-05-27 14:07:22,970 - INFO - joeynmt.training - 	Source:     De volgende dia die ik laat zien  is een versnelde versie van wat er de afgelopen 25 jaar is gebeurd.
2026-05-27 14:07:22,970 - INFO - joeynmt.training - 	Reference:  The next slide I show you will be a rapid fast-forward of what's happened over the last 25 years.
2026-05-27 14:07:22,970 - INFO - joeynmt.training - 	Hypothesis: The next <unk> I show show you  is a <unk> version of what there is the last 25 years.
2026-05-27 14:07:42,047 - INFO - joeynmt.training - Epoch   3, Step:     5100, Batch Loss:     1.609615, Batch Acc: 0.535021, Tokens per Sec:     3599, Lr: 0.000300
2026-05-27 14:08:00,905 - INFO - joeynmt.training - Epoch   3, Step:     5200, Batch Loss:     1.587365, Batch Acc: 0.529018, Tokens per Sec:     3602, Lr: 0.000300
2026-05-27 14:08:21,793 - INFO - joeynmt.training - Epoch   3, Step:     5300, Batch Loss:     1.605931, Batch Acc: 0.530190, Tokens per Sec:     3285, Lr: 0.000300
2026-05-27 14:08:42,451 - INFO - joeynmt.training - Epoch   3, Step:     5400, Batch Loss:     1.612286, Batch Acc: 0.527356, Tokens per Sec:     3242, Lr: 0.000300
2026-05-27 14:09:01,694 - INFO - joeynmt.training - Epoch   3, Step:     5500, Batch Loss:     1.586522, Batch Acc: 0.522332, Tokens per Sec:     3560, Lr: 0.000300
2026-05-27 14:09:01,695 - WARNING - joeynmt.helpers - `alpha` option is obsolete. Please use `beam_alpha`, instead.
2026-05-27 14:09:01,695 - INFO - joeynmt.prediction - Predicting 1003 example(s)... (Greedy decoding with min_output_length=1, max_output_length=-1, return_prob='none', generate_unk=True, repetition_penalty=-1, no_repeat_ngram_size=-1)
2026-05-27 14:09:28,437 - INFO - joeynmt.prediction - Evaluation result (greedy) loss:   2.00, ppl:   7.36, acc:   0.42, generation: 26.7310[sec], evaluation: 0.0000[sec]
2026-05-27 14:09:28,728 - INFO - joeynmt.helpers - delete models/tf_word_nl_en/3000.ckpt
2026-05-27 14:09:28,732 - INFO - joeynmt.training - Example #0
2026-05-27 14:09:28,732 - DEBUG - joeynmt.training - 	Tokenized source:     ['Vorig', 'jaar', 'liet', 'ik', 'deze', 'twee', "dia's", 'zien', 'om', 'aan', '', 'te', 'tonen', 'dat', 'de', 'poolijskap,', '', 'die', 'de', 'afgelopen', 'drie', 'miljoen', 'jaar', '', 'ongeveer', 'de', 'grootte', 'had', 'van', 'het', 'vasteland', 'van', 'de', 'VS,', '', 'met', '40%', 'gekrompen', 'was.']
2026-05-27 14:09:28,733 - DEBUG - joeynmt.training - 	Tokenized reference:  ['Last', 'year', 'I', 'showed', 'these', 'two', 'slides', 'so', 'that', 'demonstrate', 'that', 'the', 'arctic', 'ice', 'cap,', 'which', 'for', 'most', 'of', 'the', 'last', 'three', 'million', 'years', 'has', 'been', 'the', 'size', 'of', 'the', 'lower', '48', 'states,', 'has', 'shrunk', 'by', '40', 'percent.']
2026-05-27 14:09:28,733 - DEBUG - joeynmt.training - 	Tokenized hypothesis: ['<unk>', 'years', 'I', 'showed', 'these', 'two', '<unk>', 'to', 'show', 'this', 'two', '<unk>', 'to', 'show', 'that', 'the', '<unk>', '', 'that', 'the', '<unk>', '<unk>', '<unk>', '', 'about', 'the', 'size', 'of', 'the', '<unk>', '<unk>', '<unk>', '', 'with', '<unk>', '<unk>', '</s>']
2026-05-27 14:09:28,733 - INFO - joeynmt.training - 	Source:     Vorig jaar liet ik deze twee dia's zien om aan  te tonen dat de poolijskap,  die de afgelopen drie miljoen jaar  ongeveer de grootte had van het vasteland van de VS,  met 40% gekrompen was.
2026-05-27 14:09:28,733 - INFO - joeynmt.training - 	Reference:  Last year I showed these two slides so that demonstrate that the arctic ice cap, which for most of the last three million years has been the size of the lower 48 states, has shrunk by 40 percent.
2026-05-27 14:09:28,733 - INFO - joeynmt.training - 	Hypothesis: <unk> years I showed these two <unk> to show this two <unk> to show that the <unk>  that the <unk> <unk> <unk>  about the size of the <unk> <unk> <unk>  with <unk> <unk>
2026-05-27 14:09:28,733 - INFO - joeynmt.training - Example #1
2026-05-27 14:09:28,734 - DEBUG - joeynmt.training - 	Tokenized source:     ['Maar', 'dit', 'onderschat', 'eigenlijk', 'de', 'ernst', 'van', 'dit', 'specifieke', 'probleem', '', 'omdat', 'het', 'niet', 'de', 'dikte', 'van', 'het', 'ijs', 'laat', 'zien.']
2026-05-27 14:09:28,734 - DEBUG - joeynmt.training - 	Tokenized reference:  ['But', 'this', 'understates', 'the', 'seriousness', 'of', 'this', 'particular', 'problem', 'because', 'it', "doesn't", 'show', 'the', 'thickness', 'of', 'the', 'ice.']
2026-05-27 14:09:28,734 - DEBUG - joeynmt.training - 	Tokenized hypothesis: ['But', 'this', '<unk>', 'actually', 'the', '<unk>', 'of', 'this', 'particular', 'problem', '--', 'because', 'it', "doesn't", '<unk>', 'the', '<unk>', 'of', 'the', 'ice', '<unk>', '</s>']
2026-05-27 14:09:28,734 - INFO - joeynmt.training - 	Source:     Maar dit onderschat eigenlijk de ernst van dit specifieke probleem  omdat het niet de dikte van het ijs laat zien.
2026-05-27 14:09:28,734 - INFO - joeynmt.training - 	Reference:  But this understates the seriousness of this particular problem because it doesn't show the thickness of the ice.
2026-05-27 14:09:28,735 - INFO - joeynmt.training - 	Hypothesis: But this <unk> actually the <unk> of this particular problem -- because it doesn't <unk> the <unk> of the ice <unk>
2026-05-27 14:09:28,735 - INFO - joeynmt.training - Example #2
2026-05-27 14:09:28,735 - DEBUG - joeynmt.training - 	Tokenized source:     ['De', 'ijskap', 'op', 'de', 'Noordpool', 'is', 'in', 'zekere', 'zin', '', 'het', 'kloppend', 'hart', 'van', 'ons', 'globaal', 'klimaatsysteem.']
2026-05-27 14:09:28,735 - DEBUG - joeynmt.training - 	Tokenized reference:  ['The', 'arctic', 'ice', 'cap', 'is,', 'in', 'a', 'sense,', 'the', 'beating', 'heart', 'of', 'the', 'global', 'climate', 'system.']
2026-05-27 14:09:28,735 - DEBUG - joeynmt.training - 	Tokenized hypothesis: ['The', '<unk>', 'on', 'the', '<unk>', 'is', 'in', 'a', 'certain', 'sense', '', 'the', '<unk>', 'of', '<unk>', '<unk>', '</s>']
2026-05-27 14:09:28,735 - INFO - joeynmt.training - 	Source:     De ijskap op de Noordpool is in zekere zin  het kloppend hart van ons globaal klimaatsysteem.
2026-05-27 14:09:28,735 - INFO - joeynmt.training - 	Reference:  The arctic ice cap is, in a sense, the beating heart of the global climate system.
2026-05-27 14:09:28,735 - INFO - joeynmt.training - 	Hypothesis: The <unk> on the <unk> is in a certain sense  the <unk> of <unk> <unk>
2026-05-27 14:09:28,735 - INFO - joeynmt.training - Example #3
2026-05-27 14:09:28,735 - DEBUG - joeynmt.training - 	Tokenized source:     ['Het', 'zet', 'uit', 'in', 'de', 'winter', 'en', 'krimpt', 'in', 'de', 'zomer.']
2026-05-27 14:09:28,735 - DEBUG - joeynmt.training - 	Tokenized reference:  ['It', 'expands', 'in', 'winter', 'and', 'contracts', 'in', 'summer.']
2026-05-27 14:09:28,735 - DEBUG - joeynmt.training - 	Tokenized hypothesis: ['It', '<unk>', 'in', 'the', '<unk>', 'and', '<unk>', 'in', 'the', '<unk>', '</s>']
2026-05-27 14:09:28,736 - INFO - joeynmt.training - 	Source:     Het zet uit in de winter en krimpt in de zomer.
2026-05-27 14:09:28,736 - INFO - joeynmt.training - 	Reference:  It expands in winter and contracts in summer.
2026-05-27 14:09:28,736 - INFO - joeynmt.training - 	Hypothesis: It <unk> in the <unk> and <unk> in the <unk>
2026-05-27 14:09:28,736 - INFO - joeynmt.training - Example #4
2026-05-27 14:09:28,736 - DEBUG - joeynmt.training - 	Tokenized source:     ['De', 'volgende', 'dia', 'die', 'ik', 'laat', 'zien', '', 'is', 'een', 'versnelde', 'versie', 'van', 'wat', 'er', 'de', 'afgelopen', '25', 'jaar', 'is', 'gebeurd.']
2026-05-27 14:09:28,736 - DEBUG - joeynmt.training - 	Tokenized reference:  ['The', 'next', 'slide', 'I', 'show', 'you', 'will', 'be', 'a', 'rapid', 'fast-forward', 'of', "what's", 'happened', 'over', 'the', 'last', '25', 'years.']
2026-05-27 14:09:28,736 - DEBUG - joeynmt.training - 	Tokenized hypothesis: ['The', 'next', '<unk>', 'that', 'I', 'show', 'you', '', 'is', 'a', '<unk>', 'version', 'of', 'what', 'there', 'is', 'the', 'last', '25', 'years', 'of', 'what', 'happened', 'in', 'the', 'last', '25', 'years.', '</s>']
2026-05-27 14:09:28,736 - INFO - joeynmt.training - 	Source:     De volgende dia die ik laat zien  is een versnelde versie van wat er de afgelopen 25 jaar is gebeurd.
2026-05-27 14:09:28,736 - INFO - joeynmt.training - 	Reference:  The next slide I show you will be a rapid fast-forward of what's happened over the last 25 years.
2026-05-27 14:09:28,737 - INFO - joeynmt.training - 	Hypothesis: The next <unk> that I show you  is a <unk> version of what there is the last 25 years of what happened in the last 25 years.
2026-05-27 14:09:53,935 - INFO - joeynmt.training - Epoch   3, Step:     5600, Batch Loss:     1.673757, Batch Acc: 0.530196, Tokens per Sec:     2708, Lr: 0.000300
2026-05-27 14:10:13,941 - INFO - joeynmt.training - Epoch   3, Step:     5700, Batch Loss:     1.612843, Batch Acc: 0.524870, Tokens per Sec:     3491, Lr: 0.000300
2026-05-27 14:10:32,098 - INFO - joeynmt.training - Epoch   3, Step:     5800, Batch Loss:     1.830692, Batch Acc: 0.527371, Tokens per Sec:     3828, Lr: 0.000300
2026-05-27 14:10:50,047 - INFO - joeynmt.training - Epoch   3, Step:     5900, Batch Loss:     1.617430, Batch Acc: 0.533612, Tokens per Sec:     3814, Lr: 0.000300
2026-05-27 14:11:08,544 - INFO - joeynmt.training - Epoch   3, Step:     6000, Batch Loss:     1.690725, Batch Acc: 0.523663, Tokens per Sec:     3635, Lr: 0.000300
2026-05-27 14:11:08,545 - WARNING - joeynmt.helpers - `alpha` option is obsolete. Please use `beam_alpha`, instead.
2026-05-27 14:11:08,545 - INFO - joeynmt.prediction - Predicting 1003 example(s)... (Greedy decoding with min_output_length=1, max_output_length=-1, return_prob='none', generate_unk=True, repetition_penalty=-1, no_repeat_ngram_size=-1)
2026-05-27 14:11:26,381 - INFO - joeynmt.prediction - Evaluation result (greedy) loss:   1.96, ppl:   7.11, acc:   0.43, generation: 17.8266[sec], evaluation: 0.0000[sec]
2026-05-27 14:11:26,382 - INFO - joeynmt.training - Hooray! New best validation result [ppl]!
2026-05-27 14:11:26,579 - INFO - joeynmt.helpers - delete models/tf_word_nl_en/3500.ckpt
2026-05-27 14:11:26,581 - INFO - joeynmt.training - Example #0
2026-05-27 14:11:26,581 - DEBUG - joeynmt.training - 	Tokenized source:     ['Vorig', 'jaar', 'liet', 'ik', 'deze', 'twee', "dia's", 'zien', 'om', 'aan', '', 'te', 'tonen', 'dat', 'de', 'poolijskap,', '', 'die', 'de', 'afgelopen', 'drie', 'miljoen', 'jaar', '', 'ongeveer', 'de', 'grootte', 'had', 'van', 'het', 'vasteland', 'van', 'de', 'VS,', '', 'met', '40%', 'gekrompen', 'was.']
2026-05-27 14:11:26,581 - DEBUG - joeynmt.training - 	Tokenized reference:  ['Last', 'year', 'I', 'showed', 'these', 'two', 'slides', 'so', 'that', 'demonstrate', 'that', 'the', 'arctic', 'ice', 'cap,', 'which', 'for', 'most', 'of', 'the', 'last', 'three', 'million', 'years', 'has', 'been', 'the', 'size', 'of', 'the', 'lower', '48', 'states,', 'has', 'shrunk', 'by', '40', 'percent.']
2026-05-27 14:11:26,581 - DEBUG - joeynmt.training - 	Tokenized hypothesis: ['<unk>', 'years', 'I', 'showed', 'these', 'two', '<unk>', 'to', 'show', 'that', 'the', '<unk>', '', 'that', 'the', '<unk>', '', 'that', 'the', 'last', 'three', 'million', 'years', '', 'about', 'the', 'size', 'of', 'the', '<unk>', 'of', 'the', '<unk>', '<unk>', '</s>']
2026-05-27 14:11:26,581 - INFO - joeynmt.training - 	Source:     Vorig jaar liet ik deze twee dia's zien om aan  te tonen dat de poolijskap,  die de afgelopen drie miljoen jaar  ongeveer de grootte had van het vasteland van de VS,  met 40% gekrompen was.
2026-05-27 14:11:26,582 - INFO - joeynmt.training - 	Reference:  Last year I showed these two slides so that demonstrate that the arctic ice cap, which for most of the last three million years has been the size of the lower 48 states, has shrunk by 40 percent.
2026-05-27 14:11:26,582 - INFO - joeynmt.training - 	Hypothesis: <unk> years I showed these two <unk> to show that the <unk>  that the <unk>  that the last three million years  about the size of the <unk> of the <unk> <unk>
2026-05-27 14:11:26,582 - INFO - joeynmt.training - Example #1
2026-05-27 14:11:26,582 - DEBUG - joeynmt.training - 	Tokenized source:     ['Maar', 'dit', 'onderschat', 'eigenlijk', 'de', 'ernst', 'van', 'dit', 'specifieke', 'probleem', '', 'omdat', 'het', 'niet', 'de', 'dikte', 'van', 'het', 'ijs', 'laat', 'zien.']
2026-05-27 14:11:26,582 - DEBUG - joeynmt.training - 	Tokenized reference:  ['But', 'this', 'understates', 'the', 'seriousness', 'of', 'this', 'particular', 'problem', 'because', 'it', "doesn't", 'show', 'the', 'thickness', 'of', 'the', 'ice.']
2026-05-27 14:11:26,582 - DEBUG - joeynmt.training - 	Tokenized hypothesis: ['But', 'this', 'is', 'actually', 'the', '<unk>', 'of', 'this', 'particular', 'problem', '--', 'because', 'it', "doesn't", '<unk>', 'the', '<unk>', 'of', 'the', 'ice', '<unk>', '</s>']
2026-05-27 14:11:26,582 - INFO - joeynmt.training - 	Source:     Maar dit onderschat eigenlijk de ernst van dit specifieke probleem  omdat het niet de dikte van het ijs laat zien.
2026-05-27 14:11:26,582 - INFO - joeynmt.training - 	Reference:  But this understates the seriousness of this particular problem because it doesn't show the thickness of the ice.
2026-05-27 14:11:26,582 - INFO - joeynmt.training - 	Hypothesis: But this is actually the <unk> of this particular problem -- because it doesn't <unk> the <unk> of the ice <unk>
2026-05-27 14:11:26,582 - INFO - joeynmt.training - Example #2
2026-05-27 14:11:26,582 - DEBUG - joeynmt.training - 	Tokenized source:     ['De', 'ijskap', 'op', 'de', 'Noordpool', 'is', 'in', 'zekere', 'zin', '', 'het', 'kloppend', 'hart', 'van', 'ons', 'globaal', 'klimaatsysteem.']
2026-05-27 14:11:26,582 - DEBUG - joeynmt.training - 	Tokenized reference:  ['The', 'arctic', 'ice', 'cap', 'is,', 'in', 'a', 'sense,', 'the', 'beating', 'heart', 'of', 'the', 'global', 'climate', 'system.']
2026-05-27 14:11:26,582 - DEBUG - joeynmt.training - 	Tokenized hypothesis: ['The', '<unk>', 'on', 'the', '<unk>', 'is', 'in', 'a', 'certain', 'sense', 'of', 'our', '<unk>', '<unk>', '</s>']
2026-05-27 14:11:26,583 - INFO - joeynmt.training - 	Source:     De ijskap op de Noordpool is in zekere zin  het kloppend hart van ons globaal klimaatsysteem.
2026-05-27 14:11:26,583 - INFO - joeynmt.training - 	Reference:  The arctic ice cap is, in a sense, the beating heart of the global climate system.
2026-05-27 14:11:26,583 - INFO - joeynmt.training - 	Hypothesis: The <unk> on the <unk> is in a certain sense of our <unk> <unk>
2026-05-27 14:11:26,583 - INFO - joeynmt.training - Example #3
2026-05-27 14:11:26,583 - DEBUG - joeynmt.training - 	Tokenized source:     ['Het', 'zet', 'uit', 'in', 'de', 'winter', 'en', 'krimpt', 'in', 'de', 'zomer.']
2026-05-27 14:11:26,583 - DEBUG - joeynmt.training - 	Tokenized reference:  ['It', 'expands', 'in', 'winter', 'and', 'contracts', 'in', 'summer.']
2026-05-27 14:11:26,583 - DEBUG - joeynmt.training - 	Tokenized hypothesis: ['It', '<unk>', 'in', 'the', '<unk>', 'and', '<unk>', 'in', 'the', '<unk>', '</s>']
2026-05-27 14:11:26,583 - INFO - joeynmt.training - 	Source:     Het zet uit in de winter en krimpt in de zomer.
2026-05-27 14:11:26,583 - INFO - joeynmt.training - 	Reference:  It expands in winter and contracts in summer.
2026-05-27 14:11:26,583 - INFO - joeynmt.training - 	Hypothesis: It <unk> in the <unk> and <unk> in the <unk>
2026-05-27 14:11:26,583 - INFO - joeynmt.training - Example #4
2026-05-27 14:11:26,583 - DEBUG - joeynmt.training - 	Tokenized source:     ['De', 'volgende', 'dia', 'die', 'ik', 'laat', 'zien', '', 'is', 'een', 'versnelde', 'versie', 'van', 'wat', 'er', 'de', 'afgelopen', '25', 'jaar', 'is', 'gebeurd.']
2026-05-27 14:11:26,583 - DEBUG - joeynmt.training - 	Tokenized reference:  ['The', 'next', 'slide', 'I', 'show', 'you', 'will', 'be', 'a', 'rapid', 'fast-forward', 'of', "what's", 'happened', 'over', 'the', 'last', '25', 'years.']
2026-05-27 14:11:26,583 - DEBUG - joeynmt.training - 	Tokenized hypothesis: ['The', 'next', '<unk>', 'that', 'I', 'show', 'you', 'the', 'next', '25', 'years', 'of', 'what', 'there', 'is', 'the', 'last', '25', 'years', 'is', '<unk>', '</s>']
2026-05-27 14:11:26,584 - INFO - joeynmt.training - 	Source:     De volgende dia die ik laat zien  is een versnelde versie van wat er de afgelopen 25 jaar is gebeurd.
2026-05-27 14:11:26,584 - INFO - joeynmt.training - 	Reference:  The next slide I show you will be a rapid fast-forward of what's happened over the last 25 years.
2026-05-27 14:11:26,584 - INFO - joeynmt.training - 	Hypothesis: The next <unk> that I show you the next 25 years of what there is the last 25 years is <unk>
2026-05-27 14:11:44,466 - INFO - joeynmt.training - Epoch   3, Step:     6100, Batch Loss:     1.624603, Batch Acc: 0.526020, Tokens per Sec:     3779, Lr: 0.000300
2026-05-27 14:12:04,632 - INFO - joeynmt.training - Epoch   3, Step:     6200, Batch Loss:     1.578000, Batch Acc: 0.527736, Tokens per Sec:     3377, Lr: 0.000300
2026-05-27 14:12:26,087 - INFO - joeynmt.training - Epoch   3, Step:     6300, Batch Loss:     1.555694, Batch Acc: 0.527025, Tokens per Sec:     3211, Lr: 0.000300
2026-05-27 14:12:53,752 - INFO - joeynmt.training - Epoch   3, Step:     6400, Batch Loss:     1.424938, Batch Acc: 0.524775, Tokens per Sec:     2433, Lr: 0.000300
2026-05-27 14:13:19,001 - INFO - joeynmt.training - Epoch   3, Step:     6500, Batch Loss:     1.458436, Batch Acc: 0.527554, Tokens per Sec:     2719, Lr: 0.000300
2026-05-27 14:13:19,002 - WARNING - joeynmt.helpers - `alpha` option is obsolete. Please use `beam_alpha`, instead.
2026-05-27 14:13:19,002 - INFO - joeynmt.prediction - Predicting 1003 example(s)... (Greedy decoding with min_output_length=1, max_output_length=-1, return_prob='none', generate_unk=True, repetition_penalty=-1, no_repeat_ngram_size=-1)
2026-05-27 14:13:37,994 - INFO - joeynmt.prediction - Evaluation result (greedy) loss:   1.93, ppl:   6.89, acc:   0.43, generation: 18.9814[sec], evaluation: 0.0000[sec]
2026-05-27 14:13:37,996 - INFO - joeynmt.training - Hooray! New best validation result [ppl]!
2026-05-27 14:13:38,223 - INFO - joeynmt.helpers - delete models/tf_word_nl_en/4500.ckpt
2026-05-27 14:13:38,225 - INFO - joeynmt.training - Example #0
2026-05-27 14:13:38,225 - DEBUG - joeynmt.training - 	Tokenized source:     ['Vorig', 'jaar', 'liet', 'ik', 'deze', 'twee', "dia's", 'zien', 'om', 'aan', '', 'te', 'tonen', 'dat', 'de', 'poolijskap,', '', 'die', 'de', 'afgelopen', 'drie', 'miljoen', 'jaar', '', 'ongeveer', 'de', 'grootte', 'had', 'van', 'het', 'vasteland', 'van', 'de', 'VS,', '', 'met', '40%', 'gekrompen', 'was.']
2026-05-27 14:13:38,225 - DEBUG - joeynmt.training - 	Tokenized reference:  ['Last', 'year', 'I', 'showed', 'these', 'two', 'slides', 'so', 'that', 'demonstrate', 'that', 'the', 'arctic', 'ice', 'cap,', 'which', 'for', 'most', 'of', 'the', 'last', 'three', 'million', 'years', 'has', 'been', 'the', 'size', 'of', 'the', 'lower', '48', 'states,', 'has', 'shrunk', 'by', '40', 'percent.']
2026-05-27 14:13:38,226 - DEBUG - joeynmt.training - 	Tokenized hypothesis: ['<unk>', 'years', 'I', 'showed', 'these', 'two', '<unk>', 'to', 'see', 'the', '<unk>', '', 'that', 'the', '<unk>', '', 'that', 'the', '<unk>', '<unk>', '--', 'the', 'last', 'three', 'million', 'years', '--', '', 'about', 'the', 'size', 'of', 'the', '<unk>', '<unk>', '<unk>', '</s>']
2026-05-27 14:13:38,226 - INFO - joeynmt.training - 	Source:     Vorig jaar liet ik deze twee dia's zien om aan  te tonen dat de poolijskap,  die de afgelopen drie miljoen jaar  ongeveer de grootte had van het vasteland van de VS,  met 40% gekrompen was.
2026-05-27 14:13:38,226 - INFO - joeynmt.training - 	Reference:  Last year I showed these two slides so that demonstrate that the arctic ice cap, which for most of the last three million years has been the size of the lower 48 states, has shrunk by 40 percent.
2026-05-27 14:13:38,226 - INFO - joeynmt.training - 	Hypothesis: <unk> years I showed these two <unk> to see the <unk>  that the <unk>  that the <unk> <unk> -- the last three million years --  about the size of the <unk> <unk> <unk>
2026-05-27 14:13:38,226 - INFO - joeynmt.training - Example #1
2026-05-27 14:13:38,226 - DEBUG - joeynmt.training - 	Tokenized source:     ['Maar', 'dit', 'onderschat', 'eigenlijk', 'de', 'ernst', 'van', 'dit', 'specifieke', 'probleem', '', 'omdat', 'het', 'niet', 'de', 'dikte', 'van', 'het', 'ijs', 'laat', 'zien.']
2026-05-27 14:13:38,226 - DEBUG - joeynmt.training - 	Tokenized reference:  ['But', 'this', 'understates', 'the', 'seriousness', 'of', 'this', 'particular', 'problem', 'because', 'it', "doesn't", 'show', 'the', 'thickness', 'of', 'the', 'ice.']
2026-05-27 14:13:38,226 - DEBUG - joeynmt.training - 	Tokenized hypothesis: ['But', 'this', 'is', 'actually', 'the', '<unk>', 'of', 'this', 'particular', 'problem', '--', 'because', 'it', "doesn't", '<unk>', 'the', '<unk>', 'of', 'the', 'ice', '<unk>', '</s>']
2026-05-27 14:13:38,227 - INFO - joeynmt.training - 	Source:     Maar dit onderschat eigenlijk de ernst van dit specifieke probleem  omdat het niet de dikte van het ijs laat zien.
2026-05-27 14:13:38,227 - INFO - joeynmt.training - 	Reference:  But this understates the seriousness of this particular problem because it doesn't show the thickness of the ice.
2026-05-27 14:13:38,227 - INFO - joeynmt.training - 	Hypothesis: But this is actually the <unk> of this particular problem -- because it doesn't <unk> the <unk> of the ice <unk>
2026-05-27 14:13:38,227 - INFO - joeynmt.training - Example #2
2026-05-27 14:13:38,227 - DEBUG - joeynmt.training - 	Tokenized source:     ['De', 'ijskap', 'op', 'de', 'Noordpool', 'is', 'in', 'zekere', 'zin', '', 'het', 'kloppend', 'hart', 'van', 'ons', 'globaal', 'klimaatsysteem.']
2026-05-27 14:13:38,227 - DEBUG - joeynmt.training - 	Tokenized reference:  ['The', 'arctic', 'ice', 'cap', 'is,', 'in', 'a', 'sense,', 'the', 'beating', 'heart', 'of', 'the', 'global', 'climate', 'system.']
2026-05-27 14:13:38,227 - DEBUG - joeynmt.training - 	Tokenized hypothesis: ['The', '<unk>', 'on', 'the', '<unk>', 'is', 'in', 'some', 'sense', 'of', '<unk>', '', 'the', '<unk>', '<unk>', 'of', 'our', '<unk>', '</s>']
2026-05-27 14:13:38,227 - INFO - joeynmt.training - 	Source:     De ijskap op de Noordpool is in zekere zin  het kloppend hart van ons globaal klimaatsysteem.
2026-05-27 14:13:38,227 - INFO - joeynmt.training - 	Reference:  The arctic ice cap is, in a sense, the beating heart of the global climate system.
2026-05-27 14:13:38,227 - INFO - joeynmt.training - 	Hypothesis: The <unk> on the <unk> is in some sense of <unk>  the <unk> <unk> of our <unk>
2026-05-27 14:13:38,227 - INFO - joeynmt.training - Example #3
2026-05-27 14:13:38,227 - DEBUG - joeynmt.training - 	Tokenized source:     ['Het', 'zet', 'uit', 'in', 'de', 'winter', 'en', 'krimpt', 'in', 'de', 'zomer.']
2026-05-27 14:13:38,227 - DEBUG - joeynmt.training - 	Tokenized reference:  ['It', 'expands', 'in', 'winter', 'and', 'contracts', 'in', 'summer.']
2026-05-27 14:13:38,227 - DEBUG - joeynmt.training - 	Tokenized hypothesis: ['It', '<unk>', 'it', 'into', 'the', '<unk>', 'and', '<unk>', 'in', 'the', '<unk>', '</s>']
2026-05-27 14:13:38,228 - INFO - joeynmt.training - 	Source:     Het zet uit in de winter en krimpt in de zomer.
2026-05-27 14:13:38,228 - INFO - joeynmt.training - 	Reference:  It expands in winter and contracts in summer.
2026-05-27 14:13:38,228 - INFO - joeynmt.training - 	Hypothesis: It <unk> it into the <unk> and <unk> in the <unk>
2026-05-27 14:13:38,228 - INFO - joeynmt.training - Example #4
2026-05-27 14:13:38,228 - DEBUG - joeynmt.training - 	Tokenized source:     ['De', 'volgende', 'dia', 'die', 'ik', 'laat', 'zien', '', 'is', 'een', 'versnelde', 'versie', 'van', 'wat', 'er', 'de', 'afgelopen', '25', 'jaar', 'is', 'gebeurd.']
2026-05-27 14:13:38,228 - DEBUG - joeynmt.training - 	Tokenized reference:  ['The', 'next', 'slide', 'I', 'show', 'you', 'will', 'be', 'a', 'rapid', 'fast-forward', 'of', "what's", 'happened', 'over', 'the', 'last', '25', 'years.']
2026-05-27 14:13:38,228 - DEBUG - joeynmt.training - 	Tokenized hypothesis: ['The', 'next', '<unk>', 'I', 'show', 'you', '', 'is', 'a', '<unk>', 'version', 'of', 'what', 'was', 'the', 'last', '25', 'years.', '</s>']
2026-05-27 14:13:38,228 - INFO - joeynmt.training - 	Source:     De volgende dia die ik laat zien  is een versnelde versie van wat er de afgelopen 25 jaar is gebeurd.
2026-05-27 14:13:38,228 - INFO - joeynmt.training - 	Reference:  The next slide I show you will be a rapid fast-forward of what's happened over the last 25 years.
2026-05-27 14:13:38,228 - INFO - joeynmt.training - 	Hypothesis: The next <unk> I show you  is a <unk> version of what was the last 25 years.
2026-05-27 14:13:54,384 - INFO - joeynmt.training - Epoch   3, Step:     6600, Batch Loss:     1.556055, Batch Acc: 0.525487, Tokens per Sec:     4229, Lr: 0.000300
2026-05-27 14:14:11,683 - INFO - joeynmt.training - Epoch   3, Step:     6700, Batch Loss:     1.595712, Batch Acc: 0.527840, Tokens per Sec:     3931, Lr: 0.000300
2026-05-27 14:14:27,675 - INFO - joeynmt.training - Epoch   3, Step:     6800, Batch Loss:     1.720473, Batch Acc: 0.531017, Tokens per Sec:     4318, Lr: 0.000300
2026-05-27 14:14:44,689 - INFO - joeynmt.training - Epoch   3, Step:     6900, Batch Loss:     1.644518, Batch Acc: 0.523438, Tokens per Sec:     3988, Lr: 0.000300
2026-05-27 14:15:01,005 - INFO - joeynmt.training - Epoch   3, Step:     7000, Batch Loss:     1.529714, Batch Acc: 0.530783, Tokens per Sec:     4056, Lr: 0.000300
2026-05-27 14:15:01,006 - WARNING - joeynmt.helpers - `alpha` option is obsolete. Please use `beam_alpha`, instead.
2026-05-27 14:15:01,006 - INFO - joeynmt.prediction - Predicting 1003 example(s)... (Greedy decoding with min_output_length=1, max_output_length=-1, return_prob='none', generate_unk=True, repetition_penalty=-1, no_repeat_ngram_size=-1)
2026-05-27 14:15:20,090 - INFO - joeynmt.prediction - Evaluation result (greedy) loss:   1.96, ppl:   7.10, acc:   0.43, generation: 19.0746[sec], evaluation: 0.0000[sec]
2026-05-27 14:15:20,288 - INFO - joeynmt.helpers - delete models/tf_word_nl_en/4000.ckpt
2026-05-27 14:15:20,290 - INFO - joeynmt.training - Example #0
2026-05-27 14:15:20,290 - DEBUG - joeynmt.training - 	Tokenized source:     ['Vorig', 'jaar', 'liet', 'ik', 'deze', 'twee', "dia's", 'zien', 'om', 'aan', '', 'te', 'tonen', 'dat', 'de', 'poolijskap,', '', 'die', 'de', 'afgelopen', 'drie', 'miljoen', 'jaar', '', 'ongeveer', 'de', 'grootte', 'had', 'van', 'het', 'vasteland', 'van', 'de', 'VS,', '', 'met', '40%', 'gekrompen', 'was.']
2026-05-27 14:15:20,290 - DEBUG - joeynmt.training - 	Tokenized reference:  ['Last', 'year', 'I', 'showed', 'these', 'two', 'slides', 'so', 'that', 'demonstrate', 'that', 'the', 'arctic', 'ice', 'cap,', 'which', 'for', 'most', 'of', 'the', 'last', 'three', 'million', 'years', 'has', 'been', 'the', 'size', 'of', 'the', 'lower', '48', 'states,', 'has', 'shrunk', 'by', '40', 'percent.']
2026-05-27 14:15:20,290 - DEBUG - joeynmt.training - 	Tokenized hypothesis: ['<unk>', 'years', 'I', 'showed', 'these', 'two', '<unk>', 'to', 'show', 'that', 'the', '<unk>', '', 'that', 'the', '<unk>', '<unk>', '', 'that', 'the', 'last', 'three', 'million', 'years', '--', 'about', 'the', 'size', 'of', 'the', '<unk>', '<unk>', '</s>']
2026-05-27 14:15:20,291 - INFO - joeynmt.training - 	Source:     Vorig jaar liet ik deze twee dia's zien om aan  te tonen dat de poolijskap,  die de afgelopen drie miljoen jaar  ongeveer de grootte had van het vasteland van de VS,  met 40% gekrompen was.
2026-05-27 14:15:20,291 - INFO - joeynmt.training - 	Reference:  Last year I showed these two slides so that demonstrate that the arctic ice cap, which for most of the last three million years has been the size of the lower 48 states, has shrunk by 40 percent.
2026-05-27 14:15:20,291 - INFO - joeynmt.training - 	Hypothesis: <unk> years I showed these two <unk> to show that the <unk>  that the <unk> <unk>  that the last three million years -- about the size of the <unk> <unk>
2026-05-27 14:15:20,291 - INFO - joeynmt.training - Example #1
2026-05-27 14:15:20,291 - DEBUG - joeynmt.training - 	Tokenized source:     ['Maar', 'dit', 'onderschat', 'eigenlijk', 'de', 'ernst', 'van', 'dit', 'specifieke', 'probleem', '', 'omdat', 'het', 'niet', 'de', 'dikte', 'van', 'het', 'ijs', 'laat', 'zien.']
2026-05-27 14:15:20,291 - DEBUG - joeynmt.training - 	Tokenized reference:  ['But', 'this', 'understates', 'the', 'seriousness', 'of', 'this', 'particular', 'problem', 'because', 'it', "doesn't", 'show', 'the', 'thickness', 'of', 'the', 'ice.']
2026-05-27 14:15:20,291 - DEBUG - joeynmt.training - 	Tokenized hypothesis: ['But', 'this', 'is', 'actually', 'the', '<unk>', 'of', 'this', 'particular', 'problem', '--', '', 'because', 'it', "doesn't", 'show', 'the', '<unk>', 'of', 'the', 'ice', '<unk>', '</s>']
2026-05-27 14:15:20,291 - INFO - joeynmt.training - 	Source:     Maar dit onderschat eigenlijk de ernst van dit specifieke probleem  omdat het niet de dikte van het ijs laat zien.
2026-05-27 14:15:20,291 - INFO - joeynmt.training - 	Reference:  But this understates the seriousness of this particular problem because it doesn't show the thickness of the ice.
2026-05-27 14:15:20,291 - INFO - joeynmt.training - 	Hypothesis: But this is actually the <unk> of this particular problem --  because it doesn't show the <unk> of the ice <unk>
2026-05-27 14:15:20,291 - INFO - joeynmt.training - Example #2
2026-05-27 14:15:20,291 - DEBUG - joeynmt.training - 	Tokenized source:     ['De', 'ijskap', 'op', 'de', 'Noordpool', 'is', 'in', 'zekere', 'zin', '', 'het', 'kloppend', 'hart', 'van', 'ons', 'globaal', 'klimaatsysteem.']
2026-05-27 14:15:20,292 - DEBUG - joeynmt.training - 	Tokenized reference:  ['The', 'arctic', 'ice', 'cap', 'is,', 'in', 'a', 'sense,', 'the', 'beating', 'heart', 'of', 'the', 'global', 'climate', 'system.']
2026-05-27 14:15:20,292 - DEBUG - joeynmt.training - 	Tokenized hypothesis: ['The', '<unk>', 'on', 'the', '<unk>', 'is', 'in', 'a', 'sense,', '', 'the', '<unk>', 'heart', 'of', 'our', '<unk>', '</s>']
2026-05-27 14:15:20,292 - INFO - joeynmt.training - 	Source:     De ijskap op de Noordpool is in zekere zin  het kloppend hart van ons globaal klimaatsysteem.
2026-05-27 14:15:20,292 - INFO - joeynmt.training - 	Reference:  The arctic ice cap is, in a sense, the beating heart of the global climate system.
2026-05-27 14:15:20,292 - INFO - joeynmt.training - 	Hypothesis: The <unk> on the <unk> is in a sense,  the <unk> heart of our <unk>
2026-05-27 14:15:20,292 - INFO - joeynmt.training - Example #3
2026-05-27 14:15:20,292 - DEBUG - joeynmt.training - 	Tokenized source:     ['Het', 'zet', 'uit', 'in', 'de', 'winter', 'en', 'krimpt', 'in', 'de', 'zomer.']
2026-05-27 14:15:20,292 - DEBUG - joeynmt.training - 	Tokenized reference:  ['It', 'expands', 'in', 'winter', 'and', 'contracts', 'in', 'summer.']
2026-05-27 14:15:20,292 - DEBUG - joeynmt.training - 	Tokenized hypothesis: ['It', '<unk>', 'in', 'the', '<unk>', 'and', '<unk>', 'in', 'the', '<unk>', '</s>']
2026-05-27 14:15:20,292 - INFO - joeynmt.training - 	Source:     Het zet uit in de winter en krimpt in de zomer.
2026-05-27 14:15:20,292 - INFO - joeynmt.training - 	Reference:  It expands in winter and contracts in summer.
2026-05-27 14:15:20,293 - INFO - joeynmt.training - 	Hypothesis: It <unk> in the <unk> and <unk> in the <unk>
2026-05-27 14:15:20,293 - INFO - joeynmt.training - Example #4
2026-05-27 14:15:20,293 - DEBUG - joeynmt.training - 	Tokenized source:     ['De', 'volgende', 'dia', 'die', 'ik', 'laat', 'zien', '', 'is', 'een', 'versnelde', 'versie', 'van', 'wat', 'er', 'de', 'afgelopen', '25', 'jaar', 'is', 'gebeurd.']
2026-05-27 14:15:20,293 - DEBUG - joeynmt.training - 	Tokenized reference:  ['The', 'next', 'slide', 'I', 'show', 'you', 'will', 'be', 'a', 'rapid', 'fast-forward', 'of', "what's", 'happened', 'over', 'the', 'last', '25', 'years.']
2026-05-27 14:15:20,293 - DEBUG - joeynmt.training - 	Tokenized hypothesis: ['The', 'next', '<unk>', 'I', 'show', 'that', 'I', 'just', 'just', 'just', 'show', 'you', 'a', '<unk>', 'version', 'of', 'what', 'there', 'was', '25', 'years', '--', '</s>']
2026-05-27 14:15:20,293 - INFO - joeynmt.training - 	Source:     De volgende dia die ik laat zien  is een versnelde versie van wat er de afgelopen 25 jaar is gebeurd.
2026-05-27 14:15:20,293 - INFO - joeynmt.training - 	Reference:  The next slide I show you will be a rapid fast-forward of what's happened over the last 25 years.
2026-05-27 14:15:20,293 - INFO - joeynmt.training - 	Hypothesis: The next <unk> I show that I just just just show you a <unk> version of what there was 25 years --
2026-05-27 14:15:37,820 - INFO - joeynmt.training - Epoch   3, Step:     7100, Batch Loss:     1.557177, Batch Acc: 0.528646, Tokens per Sec:     3951, Lr: 0.000300
2026-05-27 14:15:55,045 - INFO - joeynmt.training - Epoch   3, Step:     7200, Batch Loss:     1.475620, Batch Acc: 0.531053, Tokens per Sec:     3859, Lr: 0.000300
2026-05-27 14:16:13,322 - INFO - joeynmt.training - Epoch   3, Step:     7300, Batch Loss:     1.656230, Batch Acc: 0.533371, Tokens per Sec:     3772, Lr: 0.000300
2026-05-27 14:16:30,430 - INFO - joeynmt.training - Epoch   3, Step:     7400, Batch Loss:     1.637230, Batch Acc: 0.530434, Tokens per Sec:     4093, Lr: 0.000300
2026-05-27 14:16:33,608 - INFO - joeynmt.training - Epoch   3: total training loss 3920.26
2026-05-27 14:16:33,609 - INFO - joeynmt.training - EPOCH 4
2026-05-27 14:16:48,477 - INFO - joeynmt.training - Epoch   4, Step:     7500, Batch Loss:     1.530151, Batch Acc: 0.546035, Tokens per Sec:     3929, Lr: 0.000300
2026-05-27 14:16:48,477 - WARNING - joeynmt.helpers - `alpha` option is obsolete. Please use `beam_alpha`, instead.
2026-05-27 14:16:48,478 - INFO - joeynmt.prediction - Predicting 1003 example(s)... (Greedy decoding with min_output_length=1, max_output_length=-1, return_prob='none', generate_unk=True, repetition_penalty=-1, no_repeat_ngram_size=-1)
2026-05-27 14:17:09,262 - INFO - joeynmt.prediction - Evaluation result (greedy) loss:   1.90, ppl:   6.72, acc:   0.44, generation: 20.7727[sec], evaluation: 0.0000[sec]
2026-05-27 14:17:09,264 - INFO - joeynmt.training - Hooray! New best validation result [ppl]!
2026-05-27 14:17:09,464 - INFO - joeynmt.helpers - delete models/tf_word_nl_en/5500.ckpt
2026-05-27 14:17:09,466 - INFO - joeynmt.training - Example #0
2026-05-27 14:17:09,466 - DEBUG - joeynmt.training - 	Tokenized source:     ['Vorig', 'jaar', 'liet', 'ik', 'deze', 'twee', "dia's", 'zien', 'om', 'aan', '', 'te', 'tonen', 'dat', 'de', 'poolijskap,', '', 'die', 'de', 'afgelopen', 'drie', 'miljoen', 'jaar', '', 'ongeveer', 'de', 'grootte', 'had', 'van', 'het', 'vasteland', 'van', 'de', 'VS,', '', 'met', '40%', 'gekrompen', 'was.']
2026-05-27 14:17:09,466 - DEBUG - joeynmt.training - 	Tokenized reference:  ['Last', 'year', 'I', 'showed', 'these', 'two', 'slides', 'so', 'that', 'demonstrate', 'that', 'the', 'arctic', 'ice', 'cap,', 'which', 'for', 'most', 'of', 'the', 'last', 'three', 'million', 'years', 'has', 'been', 'the', 'size', 'of', 'the', 'lower', '48', 'states,', 'has', 'shrunk', 'by', '40', 'percent.']
2026-05-27 14:17:09,466 - DEBUG - joeynmt.training - 	Tokenized hypothesis: ['<unk>', 'years', 'I', 'showed', 'these', 'two', '<unk>', 'to', 'show', 'that', 'the', '<unk>', '<unk>', '', 'that', 'the', '<unk>', '<unk>', 'had', 'three', 'million', 'years', '--', '', 'about', 'the', 'size', 'of', 'the', '<unk>', '<unk>', '<unk>', '<unk>', '</s>']
2026-05-27 14:17:09,467 - INFO - joeynmt.training - 	Source:     Vorig jaar liet ik deze twee dia's zien om aan  te tonen dat de poolijskap,  die de afgelopen drie miljoen jaar  ongeveer de grootte had van het vasteland van de VS,  met 40% gekrompen was.
2026-05-27 14:17:09,467 - INFO - joeynmt.training - 	Reference:  Last year I showed these two slides so that demonstrate that the arctic ice cap, which for most of the last three million years has been the size of the lower 48 states, has shrunk by 40 percent.
2026-05-27 14:17:09,467 - INFO - joeynmt.training - 	Hypothesis: <unk> years I showed these two <unk> to show that the <unk> <unk>  that the <unk> <unk> had three million years --  about the size of the <unk> <unk> <unk> <unk>
2026-05-27 14:17:09,467 - INFO - joeynmt.training - Example #1
2026-05-27 14:17:09,467 - DEBUG - joeynmt.training - 	Tokenized source:     ['Maar', 'dit', 'onderschat', 'eigenlijk', 'de', 'ernst', 'van', 'dit', 'specifieke', 'probleem', '', 'omdat', 'het', 'niet', 'de', 'dikte', 'van', 'het', 'ijs', 'laat', 'zien.']
2026-05-27 14:17:09,467 - DEBUG - joeynmt.training - 	Tokenized reference:  ['But', 'this', 'understates', 'the', 'seriousness', 'of', 'this', 'particular', 'problem', 'because', 'it', "doesn't", 'show', 'the', 'thickness', 'of', 'the', 'ice.']
2026-05-27 14:17:09,467 - DEBUG - joeynmt.training - 	Tokenized hypothesis: ['But', 'this', 'is', 'actually', 'the', '<unk>', 'of', 'this', 'particular', 'problem', '--', '', 'because', 'it', "doesn't", '<unk>', 'the', '<unk>', 'of', 'the', 'ice', '<unk>', '</s>']
2026-05-27 14:17:09,467 - INFO - joeynmt.training - 	Source:     Maar dit onderschat eigenlijk de ernst van dit specifieke probleem  omdat het niet de dikte van het ijs laat zien.
2026-05-27 14:17:09,467 - INFO - joeynmt.training - 	Reference:  But this understates the seriousness of this particular problem because it doesn't show the thickness of the ice.
2026-05-27 14:17:09,467 - INFO - joeynmt.training - 	Hypothesis: But this is actually the <unk> of this particular problem --  because it doesn't <unk> the <unk> of the ice <unk>
2026-05-27 14:17:09,467 - INFO - joeynmt.training - Example #2
2026-05-27 14:17:09,467 - DEBUG - joeynmt.training - 	Tokenized source:     ['De', 'ijskap', 'op', 'de', 'Noordpool', 'is', 'in', 'zekere', 'zin', '', 'het', 'kloppend', 'hart', 'van', 'ons', 'globaal', 'klimaatsysteem.']
2026-05-27 14:17:09,467 - DEBUG - joeynmt.training - 	Tokenized reference:  ['The', 'arctic', 'ice', 'cap', 'is,', 'in', 'a', 'sense,', 'the', 'beating', 'heart', 'of', 'the', 'global', 'climate', 'system.']
2026-05-27 14:17:09,467 - DEBUG - joeynmt.training - 	Tokenized hypothesis: ['The', '<unk>', 'on', 'the', '<unk>', 'is', 'in', 'some', 'sense', 'of', 'the', '<unk>', 'heart', 'of', 'our', '<unk>', '<unk>', '</s>']
2026-05-27 14:17:09,468 - INFO - joeynmt.training - 	Source:     De ijskap op de Noordpool is in zekere zin  het kloppend hart van ons globaal klimaatsysteem.
2026-05-27 14:17:09,468 - INFO - joeynmt.training - 	Reference:  The arctic ice cap is, in a sense, the beating heart of the global climate system.
2026-05-27 14:17:09,468 - INFO - joeynmt.training - 	Hypothesis: The <unk> on the <unk> is in some sense of the <unk> heart of our <unk> <unk>
2026-05-27 14:17:09,468 - INFO - joeynmt.training - Example #3
2026-05-27 14:17:09,468 - DEBUG - joeynmt.training - 	Tokenized source:     ['Het', 'zet', 'uit', 'in', 'de', 'winter', 'en', 'krimpt', 'in', 'de', 'zomer.']
2026-05-27 14:17:09,468 - DEBUG - joeynmt.training - 	Tokenized reference:  ['It', 'expands', 'in', 'winter', 'and', 'contracts', 'in', 'summer.']
2026-05-27 14:17:09,468 - DEBUG - joeynmt.training - 	Tokenized hypothesis: ['It', '<unk>', 'in', 'the', '<unk>', 'and', '<unk>', 'in', 'the', '<unk>', '</s>']
2026-05-27 14:17:09,468 - INFO - joeynmt.training - 	Source:     Het zet uit in de winter en krimpt in de zomer.
2026-05-27 14:17:09,468 - INFO - joeynmt.training - 	Reference:  It expands in winter and contracts in summer.
2026-05-27 14:17:09,468 - INFO - joeynmt.training - 	Hypothesis: It <unk> in the <unk> and <unk> in the <unk>
2026-05-27 14:17:09,468 - INFO - joeynmt.training - Example #4
2026-05-27 14:17:09,468 - DEBUG - joeynmt.training - 	Tokenized source:     ['De', 'volgende', 'dia', 'die', 'ik', 'laat', 'zien', '', 'is', 'een', 'versnelde', 'versie', 'van', 'wat', 'er', 'de', 'afgelopen', '25', 'jaar', 'is', 'gebeurd.']
2026-05-27 14:17:09,468 - DEBUG - joeynmt.training - 	Tokenized reference:  ['The', 'next', 'slide', 'I', 'show', 'you', 'will', 'be', 'a', 'rapid', 'fast-forward', 'of', "what's", 'happened', 'over', 'the', 'last', '25', 'years.']
2026-05-27 14:17:09,469 - DEBUG - joeynmt.training - 	Tokenized hypothesis: ['The', 'next', '<unk>', 'I', 'show', 'you', '', 'is', 'a', '<unk>', 'version', 'of', 'what', 'there', 'is', 'the', 'last', '25', 'years', 'of', '<unk>', '</s>']
2026-05-27 14:17:09,469 - INFO - joeynmt.training - 	Source:     De volgende dia die ik laat zien  is een versnelde versie van wat er de afgelopen 25 jaar is gebeurd.
2026-05-27 14:17:09,469 - INFO - joeynmt.training - 	Reference:  The next slide I show you will be a rapid fast-forward of what's happened over the last 25 years.
2026-05-27 14:17:09,469 - INFO - joeynmt.training - 	Hypothesis: The next <unk> I show you  is a <unk> version of what there is the last 25 years of <unk>
2026-05-27 14:17:26,329 - INFO - joeynmt.training - Epoch   4, Step:     7600, Batch Loss:     1.397481, Batch Acc: 0.552624, Tokens per Sec:     4072, Lr: 0.000300
2026-05-27 14:17:43,977 - INFO - joeynmt.training - Epoch   4, Step:     7700, Batch Loss:     1.623168, Batch Acc: 0.543464, Tokens per Sec:     3859, Lr: 0.000300
2026-05-27 14:18:00,074 - INFO - joeynmt.training - Epoch   4, Step:     7800, Batch Loss:     1.526935, Batch Acc: 0.544639, Tokens per Sec:     4260, Lr: 0.000300
2026-05-27 14:18:18,927 - INFO - joeynmt.training - Epoch   4, Step:     7900, Batch Loss:     1.584923, Batch Acc: 0.544974, Tokens per Sec:     3723, Lr: 0.000300
2026-05-27 14:18:36,507 - INFO - joeynmt.training - Epoch   4, Step:     8000, Batch Loss:     1.587018, Batch Acc: 0.546563, Tokens per Sec:     3867, Lr: 0.000300
2026-05-27 14:18:36,507 - WARNING - joeynmt.helpers - `alpha` option is obsolete. Please use `beam_alpha`, instead.
2026-05-27 14:18:36,508 - INFO - joeynmt.prediction - Predicting 1003 example(s)... (Greedy decoding with min_output_length=1, max_output_length=-1, return_prob='none', generate_unk=True, repetition_penalty=-1, no_repeat_ngram_size=-1)
2026-05-27 14:18:58,123 - INFO - joeynmt.prediction - Evaluation result (greedy) loss:   1.95, ppl:   7.04, acc:   0.43, generation: 21.6061[sec], evaluation: 0.0000[sec]
2026-05-27 14:18:58,326 - INFO - joeynmt.helpers - delete models/tf_word_nl_en/5000.ckpt
2026-05-27 14:18:58,328 - INFO - joeynmt.training - Example #0
2026-05-27 14:18:58,328 - DEBUG - joeynmt.training - 	Tokenized source:     ['Vorig', 'jaar', 'liet', 'ik', 'deze', 'twee', "dia's", 'zien', 'om', 'aan', '', 'te', 'tonen', 'dat', 'de', 'poolijskap,', '', 'die', 'de', 'afgelopen', 'drie', 'miljoen', 'jaar', '', 'ongeveer', 'de', 'grootte', 'had', 'van', 'het', 'vasteland', 'van', 'de', 'VS,', '', 'met', '40%', 'gekrompen', 'was.']
2026-05-27 14:18:58,328 - DEBUG - joeynmt.training - 	Tokenized reference:  ['Last', 'year', 'I', 'showed', 'these', 'two', 'slides', 'so', 'that', 'demonstrate', 'that', 'the', 'arctic', 'ice', 'cap,', 'which', 'for', 'most', 'of', 'the', 'last', 'three', 'million', 'years', 'has', 'been', 'the', 'size', 'of', 'the', 'lower', '48', 'states,', 'has', 'shrunk', 'by', '40', 'percent.']
2026-05-27 14:18:58,328 - DEBUG - joeynmt.training - 	Tokenized hypothesis: ['<unk>', 'year', 'I', 'showed', 'these', 'two', '<unk>', 'to', 'show', 'you', 'that', 'the', '<unk>', '', 'that', 'the', '<unk>', '', 'that', 'was', 'the', '<unk>', '', 'that', 'was', '<unk>', '<unk>', '</s>']
2026-05-27 14:18:58,328 - INFO - joeynmt.training - 	Source:     Vorig jaar liet ik deze twee dia's zien om aan  te tonen dat de poolijskap,  die de afgelopen drie miljoen jaar  ongeveer de grootte had van het vasteland van de VS,  met 40% gekrompen was.
2026-05-27 14:18:58,328 - INFO - joeynmt.training - 	Reference:  Last year I showed these two slides so that demonstrate that the arctic ice cap, which for most of the last three million years has been the size of the lower 48 states, has shrunk by 40 percent.
2026-05-27 14:18:58,328 - INFO - joeynmt.training - 	Hypothesis: <unk> year I showed these two <unk> to show you that the <unk>  that the <unk>  that was the <unk>  that was <unk> <unk>
2026-05-27 14:18:58,328 - INFO - joeynmt.training - Example #1
2026-05-27 14:18:58,328 - DEBUG - joeynmt.training - 	Tokenized source:     ['Maar', 'dit', 'onderschat', 'eigenlijk', 'de', 'ernst', 'van', 'dit', 'specifieke', 'probleem', '', 'omdat', 'het', 'niet', 'de', 'dikte', 'van', 'het', 'ijs', 'laat', 'zien.']
2026-05-27 14:18:58,328 - DEBUG - joeynmt.training - 	Tokenized reference:  ['But', 'this', 'understates', 'the', 'seriousness', 'of', 'this', 'particular', 'problem', 'because', 'it', "doesn't", 'show', 'the', 'thickness', 'of', 'the', 'ice.']
2026-05-27 14:18:58,328 - DEBUG - joeynmt.training - 	Tokenized hypothesis: ['But', 'this', 'is', 'actually', 'the', '<unk>', 'of', 'this', 'particular', 'problem', '--', '', 'because', 'it', "doesn't", 'see', 'the', '<unk>', 'of', 'the', '<unk>', '</s>']
2026-05-27 14:18:58,329 - INFO - joeynmt.training - 	Source:     Maar dit onderschat eigenlijk de ernst van dit specifieke probleem  omdat het niet de dikte van het ijs laat zien.
2026-05-27 14:18:58,329 - INFO - joeynmt.training - 	Reference:  But this understates the seriousness of this particular problem because it doesn't show the thickness of the ice.
2026-05-27 14:18:58,329 - INFO - joeynmt.training - 	Hypothesis: But this is actually the <unk> of this particular problem --  because it doesn't see the <unk> of the <unk>
2026-05-27 14:18:58,329 - INFO - joeynmt.training - Example #2
2026-05-27 14:18:58,329 - DEBUG - joeynmt.training - 	Tokenized source:     ['De', 'ijskap', 'op', 'de', 'Noordpool', 'is', 'in', 'zekere', 'zin', '', 'het', 'kloppend', 'hart', 'van', 'ons', 'globaal', 'klimaatsysteem.']
2026-05-27 14:18:58,329 - DEBUG - joeynmt.training - 	Tokenized reference:  ['The', 'arctic', 'ice', 'cap', 'is,', 'in', 'a', 'sense,', 'the', 'beating', 'heart', 'of', 'the', 'global', 'climate', 'system.']
2026-05-27 14:18:58,329 - DEBUG - joeynmt.training - 	Tokenized hypothesis: ['The', '<unk>', 'on', 'the', '<unk>', 'is', 'in', 'some', 'sense', 'of', 'the', '<unk>', '<unk>', '</s>']
2026-05-27 14:18:58,329 - INFO - joeynmt.training - 	Source:     De ijskap op de Noordpool is in zekere zin  het kloppend hart van ons globaal klimaatsysteem.
2026-05-27 14:18:58,329 - INFO - joeynmt.training - 	Reference:  The arctic ice cap is, in a sense, the beating heart of the global climate system.
2026-05-27 14:18:58,329 - INFO - joeynmt.training - 	Hypothesis: The <unk> on the <unk> is in some sense of the <unk> <unk>
2026-05-27 14:18:58,329 - INFO - joeynmt.training - Example #3
2026-05-27 14:18:58,330 - DEBUG - joeynmt.training - 	Tokenized source:     ['Het', 'zet', 'uit', 'in', 'de', 'winter', 'en', 'krimpt', 'in', 'de', 'zomer.']
2026-05-27 14:18:58,330 - DEBUG - joeynmt.training - 	Tokenized reference:  ['It', 'expands', 'in', 'winter', 'and', 'contracts', 'in', 'summer.']
2026-05-27 14:18:58,330 - DEBUG - joeynmt.training - 	Tokenized hypothesis: ['It', '<unk>', 'in', 'the', '<unk>', 'and', '<unk>', 'in', 'the', '<unk>', '</s>']
2026-05-27 14:18:58,330 - INFO - joeynmt.training - 	Source:     Het zet uit in de winter en krimpt in de zomer.
2026-05-27 14:18:58,330 - INFO - joeynmt.training - 	Reference:  It expands in winter and contracts in summer.
2026-05-27 14:18:58,330 - INFO - joeynmt.training - 	Hypothesis: It <unk> in the <unk> and <unk> in the <unk>
2026-05-27 14:18:58,330 - INFO - joeynmt.training - Example #4
2026-05-27 14:18:58,330 - DEBUG - joeynmt.training - 	Tokenized source:     ['De', 'volgende', 'dia', 'die', 'ik', 'laat', 'zien', '', 'is', 'een', 'versnelde', 'versie', 'van', 'wat', 'er', 'de', 'afgelopen', '25', 'jaar', 'is', 'gebeurd.']
2026-05-27 14:18:58,330 - DEBUG - joeynmt.training - 	Tokenized reference:  ['The', 'next', 'slide', 'I', 'show', 'you', 'will', 'be', 'a', 'rapid', 'fast-forward', 'of', "what's", 'happened', 'over', 'the', 'last', '25', 'years.']
2026-05-27 14:18:58,330 - DEBUG - joeynmt.training - 	Tokenized hypothesis: ['The', 'next', '<unk>', 'I', 'show', 'you', '', 'is', 'a', '<unk>', 'version', 'of', 'what', 'was', 'the', '<unk>', 'of', 'what', 'was', 'the', 'last', '25', 'years.', '</s>']
2026-05-27 14:18:58,330 - INFO - joeynmt.training - 	Source:     De volgende dia die ik laat zien  is een versnelde versie van wat er de afgelopen 25 jaar is gebeurd.
2026-05-27 14:18:58,330 - INFO - joeynmt.training - 	Reference:  The next slide I show you will be a rapid fast-forward of what's happened over the last 25 years.
2026-05-27 14:18:58,331 - INFO - joeynmt.training - 	Hypothesis: The next <unk> I show you  is a <unk> version of what was the <unk> of what was the last 25 years.
2026-05-27 14:19:16,216 - INFO - joeynmt.training - Epoch   4, Step:     8100, Batch Loss:     1.491569, Batch Acc: 0.547548, Tokens per Sec:     3771, Lr: 0.000300
2026-05-27 14:19:34,007 - INFO - joeynmt.training - Epoch   4, Step:     8200, Batch Loss:     1.537548, Batch Acc: 0.546214, Tokens per Sec:     3875, Lr: 0.000300
2026-05-27 14:19:52,092 - INFO - joeynmt.training - Epoch   4, Step:     8300, Batch Loss:     1.513889, Batch Acc: 0.540588, Tokens per Sec:     3782, Lr: 0.000300
2026-05-27 14:20:08,386 - INFO - joeynmt.training - Epoch   4, Step:     8400, Batch Loss:     1.413421, Batch Acc: 0.543343, Tokens per Sec:     4247, Lr: 0.000300
2026-05-27 14:20:26,730 - INFO - joeynmt.training - Epoch   4, Step:     8500, Batch Loss:     1.450969, Batch Acc: 0.544803, Tokens per Sec:     3658, Lr: 0.000300
2026-05-27 14:20:26,731 - WARNING - joeynmt.helpers - `alpha` option is obsolete. Please use `beam_alpha`, instead.
2026-05-27 14:20:26,731 - INFO - joeynmt.prediction - Predicting 1003 example(s)... (Greedy decoding with min_output_length=1, max_output_length=-1, return_prob='none', generate_unk=True, repetition_penalty=-1, no_repeat_ngram_size=-1)
2026-05-27 14:20:47,276 - INFO - joeynmt.prediction - Evaluation result (greedy) loss:   1.91, ppl:   6.78, acc:   0.44, generation: 20.5345[sec], evaluation: 0.0000[sec]
2026-05-27 14:20:47,530 - INFO - joeynmt.helpers - delete models/tf_word_nl_en/6000.ckpt
2026-05-27 14:20:47,532 - INFO - joeynmt.training - Example #0
2026-05-27 14:20:47,532 - DEBUG - joeynmt.training - 	Tokenized source:     ['Vorig', 'jaar', 'liet', 'ik', 'deze', 'twee', "dia's", 'zien', 'om', 'aan', '', 'te', 'tonen', 'dat', 'de', 'poolijskap,', '', 'die', 'de', 'afgelopen', 'drie', 'miljoen', 'jaar', '', 'ongeveer', 'de', 'grootte', 'had', 'van', 'het', 'vasteland', 'van', 'de', 'VS,', '', 'met', '40%', 'gekrompen', 'was.']
2026-05-27 14:20:47,532 - DEBUG - joeynmt.training - 	Tokenized reference:  ['Last', 'year', 'I', 'showed', 'these', 'two', 'slides', 'so', 'that', 'demonstrate', 'that', 'the', 'arctic', 'ice', 'cap,', 'which', 'for', 'most', 'of', 'the', 'last', 'three', 'million', 'years', 'has', 'been', 'the', 'size', 'of', 'the', 'lower', '48', 'states,', 'has', 'shrunk', 'by', '40', 'percent.']
2026-05-27 14:20:47,533 - DEBUG - joeynmt.training - 	Tokenized hypothesis: ['<unk>', 'years', 'I', 'showed', 'these', 'two', '<unk>', 'to', 'show', 'you', 'that', 'the', '<unk>', '', 'that', 'the', '<unk>', '', 'that', 'had', 'been', '<unk>', 'the', 'last', 'three', 'million', 'years', 'of', 'the', '<unk>', '<unk>', '<unk>', '<unk>', '</s>']
2026-05-27 14:20:47,533 - INFO - joeynmt.training - 	Source:     Vorig jaar liet ik deze twee dia's zien om aan  te tonen dat de poolijskap,  die de afgelopen drie miljoen jaar  ongeveer de grootte had van het vasteland van de VS,  met 40% gekrompen was.
2026-05-27 14:20:47,533 - INFO - joeynmt.training - 	Reference:  Last year I showed these two slides so that demonstrate that the arctic ice cap, which for most of the last three million years has been the size of the lower 48 states, has shrunk by 40 percent.
2026-05-27 14:20:47,533 - INFO - joeynmt.training - 	Hypothesis: <unk> years I showed these two <unk> to show you that the <unk>  that the <unk>  that had been <unk> the last three million years of the <unk> <unk> <unk> <unk>
2026-05-27 14:20:47,533 - INFO - joeynmt.training - Example #1
2026-05-27 14:20:47,533 - DEBUG - joeynmt.training - 	Tokenized source:     ['Maar', 'dit', 'onderschat', 'eigenlijk', 'de', 'ernst', 'van', 'dit', 'specifieke', 'probleem', '', 'omdat', 'het', 'niet', 'de', 'dikte', 'van', 'het', 'ijs', 'laat', 'zien.']
2026-05-27 14:20:47,533 - DEBUG - joeynmt.training - 	Tokenized reference:  ['But', 'this', 'understates', 'the', 'seriousness', 'of', 'this', 'particular', 'problem', 'because', 'it', "doesn't", 'show', 'the', 'thickness', 'of', 'the', 'ice.']
2026-05-27 14:20:47,533 - DEBUG - joeynmt.training - 	Tokenized hypothesis: ['But', 'this', 'is', 'actually', 'the', '<unk>', 'of', 'this', 'specific', 'problem', '--', '', 'because', 'it', "doesn't", '<unk>', 'the', '<unk>', 'of', 'the', 'ice', '<unk>', '</s>']
2026-05-27 14:20:47,534 - INFO - joeynmt.training - 	Source:     Maar dit onderschat eigenlijk de ernst van dit specifieke probleem  omdat het niet de dikte van het ijs laat zien.
2026-05-27 14:20:47,534 - INFO - joeynmt.training - 	Reference:  But this understates the seriousness of this particular problem because it doesn't show the thickness of the ice.
2026-05-27 14:20:47,534 - INFO - joeynmt.training - 	Hypothesis: But this is actually the <unk> of this specific problem --  because it doesn't <unk> the <unk> of the ice <unk>
2026-05-27 14:20:47,534 - INFO - joeynmt.training - Example #2
2026-05-27 14:20:47,534 - DEBUG - joeynmt.training - 	Tokenized source:     ['De', 'ijskap', 'op', 'de', 'Noordpool', 'is', 'in', 'zekere', 'zin', '', 'het', 'kloppend', 'hart', 'van', 'ons', 'globaal', 'klimaatsysteem.']
2026-05-27 14:20:47,534 - DEBUG - joeynmt.training - 	Tokenized reference:  ['The', 'arctic', 'ice', 'cap', 'is,', 'in', 'a', 'sense,', 'the', 'beating', 'heart', 'of', 'the', 'global', 'climate', 'system.']
2026-05-27 14:20:47,534 - DEBUG - joeynmt.training - 	Tokenized hypothesis: ['The', '<unk>', 'on', 'the', '<unk>', 'is', 'in', 'some', 'sense,', '', 'the', '<unk>', '<unk>', '<unk>', '</s>']
2026-05-27 14:20:47,534 - INFO - joeynmt.training - 	Source:     De ijskap op de Noordpool is in zekere zin  het kloppend hart van ons globaal klimaatsysteem.
2026-05-27 14:20:47,534 - INFO - joeynmt.training - 	Reference:  The arctic ice cap is, in a sense, the beating heart of the global climate system.
2026-05-27 14:20:47,535 - INFO - joeynmt.training - 	Hypothesis: The <unk> on the <unk> is in some sense,  the <unk> <unk> <unk>
2026-05-27 14:20:47,535 - INFO - joeynmt.training - Example #3
2026-05-27 14:20:47,535 - DEBUG - joeynmt.training - 	Tokenized source:     ['Het', 'zet', 'uit', 'in', 'de', 'winter', 'en', 'krimpt', 'in', 'de', 'zomer.']
2026-05-27 14:20:47,535 - DEBUG - joeynmt.training - 	Tokenized reference:  ['It', 'expands', 'in', 'winter', 'and', 'contracts', 'in', 'summer.']
2026-05-27 14:20:47,535 - DEBUG - joeynmt.training - 	Tokenized hypothesis: ['It', '<unk>', 'in', 'the', '<unk>', 'and', '<unk>', 'in', 'the', '<unk>', '</s>']
2026-05-27 14:20:47,535 - INFO - joeynmt.training - 	Source:     Het zet uit in de winter en krimpt in de zomer.
2026-05-27 14:20:47,535 - INFO - joeynmt.training - 	Reference:  It expands in winter and contracts in summer.
2026-05-27 14:20:47,535 - INFO - joeynmt.training - 	Hypothesis: It <unk> in the <unk> and <unk> in the <unk>
2026-05-27 14:20:47,535 - INFO - joeynmt.training - Example #4
2026-05-27 14:20:47,535 - DEBUG - joeynmt.training - 	Tokenized source:     ['De', 'volgende', 'dia', 'die', 'ik', 'laat', 'zien', '', 'is', 'een', 'versnelde', 'versie', 'van', 'wat', 'er', 'de', 'afgelopen', '25', 'jaar', 'is', 'gebeurd.']
2026-05-27 14:20:47,535 - DEBUG - joeynmt.training - 	Tokenized reference:  ['The', 'next', 'slide', 'I', 'show', 'you', 'will', 'be', 'a', 'rapid', 'fast-forward', 'of', "what's", 'happened', 'over', 'the', 'last', '25', 'years.']
2026-05-27 14:20:47,535 - DEBUG - joeynmt.training - 	Tokenized hypothesis: ['The', 'next', '<unk>', 'that', 'I', 'show', 'you', '', 'is', 'a', '<unk>', 'version', 'of', 'what', 'happened', 'in', 'the', 'last', '25', 'years.', '</s>']
2026-05-27 14:20:47,536 - INFO - joeynmt.training - 	Source:     De volgende dia die ik laat zien  is een versnelde versie van wat er de afgelopen 25 jaar is gebeurd.
2026-05-27 14:20:47,536 - INFO - joeynmt.training - 	Reference:  The next slide I show you will be a rapid fast-forward of what's happened over the last 25 years.
2026-05-27 14:20:47,536 - INFO - joeynmt.training - 	Hypothesis: The next <unk> that I show you  is a <unk> version of what happened in the last 25 years.
2026-05-27 14:21:07,234 - INFO - joeynmt.training - Epoch   4, Step:     8600, Batch Loss:     1.554161, Batch Acc: 0.548545, Tokens per Sec:     3258, Lr: 0.000300
2026-05-27 14:21:25,130 - INFO - joeynmt.training - Epoch   4, Step:     8700, Batch Loss:     1.516515, Batch Acc: 0.542448, Tokens per Sec:     3826, Lr: 0.000300
2026-05-27 14:21:44,753 - INFO - joeynmt.training - Epoch   4, Step:     8800, Batch Loss:     1.565226, Batch Acc: 0.545296, Tokens per Sec:     3484, Lr: 0.000300
2026-05-27 14:22:06,543 - INFO - joeynmt.training - Epoch   4, Step:     8900, Batch Loss:     1.612779, Batch Acc: 0.545957, Tokens per Sec:     3175, Lr: 0.000300
2026-05-27 14:22:28,474 - INFO - joeynmt.training - Epoch   4, Step:     9000, Batch Loss:     1.455952, Batch Acc: 0.548464, Tokens per Sec:     3172, Lr: 0.000300
2026-05-27 14:22:28,475 - WARNING - joeynmt.helpers - `alpha` option is obsolete. Please use `beam_alpha`, instead.
2026-05-27 14:22:28,475 - INFO - joeynmt.prediction - Predicting 1003 example(s)... (Greedy decoding with min_output_length=1, max_output_length=-1, return_prob='none', generate_unk=True, repetition_penalty=-1, no_repeat_ngram_size=-1)
2026-05-27 14:22:54,908 - INFO - joeynmt.prediction - Evaluation result (greedy) loss:   1.93, ppl:   6.92, acc:   0.44, generation: 26.4222[sec], evaluation: 0.0000[sec]
2026-05-27 14:22:55,158 - INFO - joeynmt.helpers - delete models/tf_word_nl_en/7000.ckpt
2026-05-27 14:22:55,161 - INFO - joeynmt.training - Example #0
2026-05-27 14:22:55,161 - DEBUG - joeynmt.training - 	Tokenized source:     ['Vorig', 'jaar', 'liet', 'ik', 'deze', 'twee', "dia's", 'zien', 'om', 'aan', '', 'te', 'tonen', 'dat', 'de', 'poolijskap,', '', 'die', 'de', 'afgelopen', 'drie', 'miljoen', 'jaar', '', 'ongeveer', 'de', 'grootte', 'had', 'van', 'het', 'vasteland', 'van', 'de', 'VS,', '', 'met', '40%', 'gekrompen', 'was.']
2026-05-27 14:22:55,161 - DEBUG - joeynmt.training - 	Tokenized reference:  ['Last', 'year', 'I', 'showed', 'these', 'two', 'slides', 'so', 'that', 'demonstrate', 'that', 'the', 'arctic', 'ice', 'cap,', 'which', 'for', 'most', 'of', 'the', 'last', 'three', 'million', 'years', 'has', 'been', 'the', 'size', 'of', 'the', 'lower', '48', 'states,', 'has', 'shrunk', 'by', '40', 'percent.']
2026-05-27 14:22:55,161 - DEBUG - joeynmt.training - 	Tokenized hypothesis: ['<unk>', 'years', 'I', 'showed', 'these', 'two', '<unk>', 'to', 'show', 'you', 'a', '<unk>', 'to', 'show', 'that', 'the', '<unk>', '', 'that', 'the', '<unk>', '<unk>', '', 'that', 'the', '<unk>', '<unk>', 'had', 'three', 'million', 'years', 'of', 'the', 'size', 'of', 'the', '<unk>', '<unk>', '<unk>', '</s>']
2026-05-27 14:22:55,162 - INFO - joeynmt.training - 	Source:     Vorig jaar liet ik deze twee dia's zien om aan  te tonen dat de poolijskap,  die de afgelopen drie miljoen jaar  ongeveer de grootte had van het vasteland van de VS,  met 40% gekrompen was.
2026-05-27 14:22:55,162 - INFO - joeynmt.training - 	Reference:  Last year I showed these two slides so that demonstrate that the arctic ice cap, which for most of the last three million years has been the size of the lower 48 states, has shrunk by 40 percent.
2026-05-27 14:22:55,162 - INFO - joeynmt.training - 	Hypothesis: <unk> years I showed these two <unk> to show you a <unk> to show that the <unk>  that the <unk> <unk>  that the <unk> <unk> had three million years of the size of the <unk> <unk> <unk>
2026-05-27 14:22:55,162 - INFO - joeynmt.training - Example #1
2026-05-27 14:22:55,162 - DEBUG - joeynmt.training - 	Tokenized source:     ['Maar', 'dit', 'onderschat', 'eigenlijk', 'de', 'ernst', 'van', 'dit', 'specifieke', 'probleem', '', 'omdat', 'het', 'niet', 'de', 'dikte', 'van', 'het', 'ijs', 'laat', 'zien.']
2026-05-27 14:22:55,162 - DEBUG - joeynmt.training - 	Tokenized reference:  ['But', 'this', 'understates', 'the', 'seriousness', 'of', 'this', 'particular', 'problem', 'because', 'it', "doesn't", 'show', 'the', 'thickness', 'of', 'the', 'ice.']
2026-05-27 14:22:55,162 - DEBUG - joeynmt.training - 	Tokenized hypothesis: ['But', 'this', 'is', 'actually', 'the', '<unk>', 'of', 'this', 'particular', 'problem', '--', '', 'because', 'it', "doesn't", '<unk>', 'the', '<unk>', 'of', 'the', '<unk>', '</s>']
2026-05-27 14:22:55,162 - INFO - joeynmt.training - 	Source:     Maar dit onderschat eigenlijk de ernst van dit specifieke probleem  omdat het niet de dikte van het ijs laat zien.
2026-05-27 14:22:55,162 - INFO - joeynmt.training - 	Reference:  But this understates the seriousness of this particular problem because it doesn't show the thickness of the ice.
2026-05-27 14:22:55,162 - INFO - joeynmt.training - 	Hypothesis: But this is actually the <unk> of this particular problem --  because it doesn't <unk> the <unk> of the <unk>
2026-05-27 14:22:55,162 - INFO - joeynmt.training - Example #2
2026-05-27 14:22:55,163 - DEBUG - joeynmt.training - 	Tokenized source:     ['De', 'ijskap', 'op', 'de', 'Noordpool', 'is', 'in', 'zekere', 'zin', '', 'het', 'kloppend', 'hart', 'van', 'ons', 'globaal', 'klimaatsysteem.']
2026-05-27 14:22:55,163 - DEBUG - joeynmt.training - 	Tokenized reference:  ['The', 'arctic', 'ice', 'cap', 'is,', 'in', 'a', 'sense,', 'the', 'beating', 'heart', 'of', 'the', 'global', 'climate', 'system.']
2026-05-27 14:22:55,163 - DEBUG - joeynmt.training - 	Tokenized hypothesis: ['The', '<unk>', 'on', 'the', '<unk>', 'is', 'in', 'a', 'certain', 'sense,', '', 'the', '<unk>', 'heart', 'of', 'our', '<unk>', '</s>']
2026-05-27 14:22:55,163 - INFO - joeynmt.training - 	Source:     De ijskap op de Noordpool is in zekere zin  het kloppend hart van ons globaal klimaatsysteem.
2026-05-27 14:22:55,163 - INFO - joeynmt.training - 	Reference:  The arctic ice cap is, in a sense, the beating heart of the global climate system.
2026-05-27 14:22:55,163 - INFO - joeynmt.training - 	Hypothesis: The <unk> on the <unk> is in a certain sense,  the <unk> heart of our <unk>
2026-05-27 14:22:55,163 - INFO - joeynmt.training - Example #3
2026-05-27 14:22:55,163 - DEBUG - joeynmt.training - 	Tokenized source:     ['Het', 'zet', 'uit', 'in', 'de', 'winter', 'en', 'krimpt', 'in', 'de', 'zomer.']
2026-05-27 14:22:55,163 - DEBUG - joeynmt.training - 	Tokenized reference:  ['It', 'expands', 'in', 'winter', 'and', 'contracts', 'in', 'summer.']
2026-05-27 14:22:55,163 - DEBUG - joeynmt.training - 	Tokenized hypothesis: ['It', '<unk>', 'in', 'the', '<unk>', 'and', '<unk>', 'in', 'the', '<unk>', '</s>']
2026-05-27 14:22:55,163 - INFO - joeynmt.training - 	Source:     Het zet uit in de winter en krimpt in de zomer.
2026-05-27 14:22:55,164 - INFO - joeynmt.training - 	Reference:  It expands in winter and contracts in summer.
2026-05-27 14:22:55,164 - INFO - joeynmt.training - 	Hypothesis: It <unk> in the <unk> and <unk> in the <unk>
2026-05-27 14:22:55,164 - INFO - joeynmt.training - Example #4
2026-05-27 14:22:55,164 - DEBUG - joeynmt.training - 	Tokenized source:     ['De', 'volgende', 'dia', 'die', 'ik', 'laat', 'zien', '', 'is', 'een', 'versnelde', 'versie', 'van', 'wat', 'er', 'de', 'afgelopen', '25', 'jaar', 'is', 'gebeurd.']
2026-05-27 14:22:55,164 - DEBUG - joeynmt.training - 	Tokenized reference:  ['The', 'next', 'slide', 'I', 'show', 'you', 'will', 'be', 'a', 'rapid', 'fast-forward', 'of', "what's", 'happened', 'over', 'the', 'last', '25', 'years.']
2026-05-27 14:22:55,164 - DEBUG - joeynmt.training - 	Tokenized hypothesis: ['The', 'next', '<unk>', 'I', 'show', 'you', '', 'is', 'a', '<unk>', 'version', 'of', 'what', 'there', 'was', 'the', 'last', '25', 'years', 'of', "what's", '<unk>', '</s>']
2026-05-27 14:22:55,164 - INFO - joeynmt.training - 	Source:     De volgende dia die ik laat zien  is een versnelde versie van wat er de afgelopen 25 jaar is gebeurd.
2026-05-27 14:22:55,164 - INFO - joeynmt.training - 	Reference:  The next slide I show you will be a rapid fast-forward of what's happened over the last 25 years.
2026-05-27 14:22:55,164 - INFO - joeynmt.training - 	Hypothesis: The next <unk> I show you  is a <unk> version of what there was the last 25 years of what's <unk>
2026-05-27 14:23:19,562 - INFO - joeynmt.training - Epoch   4, Step:     9100, Batch Loss:     1.593263, Batch Acc: 0.545237, Tokens per Sec:     2745, Lr: 0.000300
2026-05-27 14:23:42,622 - INFO - joeynmt.training - Epoch   4, Step:     9200, Batch Loss:     1.621732, Batch Acc: 0.545295, Tokens per Sec:     2932, Lr: 0.000300
2026-05-27 14:24:02,128 - INFO - joeynmt.training - Epoch   4, Step:     9300, Batch Loss:     1.420195, Batch Acc: 0.545502, Tokens per Sec:     3515, Lr: 0.000300
2026-05-27 14:24:21,581 - INFO - joeynmt.training - Epoch   4, Step:     9400, Batch Loss:     1.576715, Batch Acc: 0.546575, Tokens per Sec:     3442, Lr: 0.000300
2026-05-27 14:24:41,270 - INFO - joeynmt.training - Epoch   4, Step:     9500, Batch Loss:     1.415642, Batch Acc: 0.548572, Tokens per Sec:     3481, Lr: 0.000300
2026-05-27 14:24:41,271 - WARNING - joeynmt.helpers - `alpha` option is obsolete. Please use `beam_alpha`, instead.
2026-05-27 14:24:41,271 - INFO - joeynmt.prediction - Predicting 1003 example(s)... (Greedy decoding with min_output_length=1, max_output_length=-1, return_prob='none', generate_unk=True, repetition_penalty=-1, no_repeat_ngram_size=-1)
2026-05-27 14:24:58,662 - INFO - joeynmt.prediction - Evaluation result (greedy) loss:   1.90, ppl:   6.66, acc:   0.44, generation: 17.3807[sec], evaluation: 0.0000[sec]
2026-05-27 14:24:58,663 - INFO - joeynmt.training - Hooray! New best validation result [ppl]!
2026-05-27 14:24:58,887 - INFO - joeynmt.helpers - delete models/tf_word_nl_en/8000.ckpt
2026-05-27 14:24:58,889 - INFO - joeynmt.training - Example #0
2026-05-27 14:24:58,889 - DEBUG - joeynmt.training - 	Tokenized source:     ['Vorig', 'jaar', 'liet', 'ik', 'deze', 'twee', "dia's", 'zien', 'om', 'aan', '', 'te', 'tonen', 'dat', 'de', 'poolijskap,', '', 'die', 'de', 'afgelopen', 'drie', 'miljoen', 'jaar', '', 'ongeveer', 'de', 'grootte', 'had', 'van', 'het', 'vasteland', 'van', 'de', 'VS,', '', 'met', '40%', 'gekrompen', 'was.']
2026-05-27 14:24:58,890 - DEBUG - joeynmt.training - 	Tokenized reference:  ['Last', 'year', 'I', 'showed', 'these', 'two', 'slides', 'so', 'that', 'demonstrate', 'that', 'the', 'arctic', 'ice', 'cap,', 'which', 'for', 'most', 'of', 'the', 'last', 'three', 'million', 'years', 'has', 'been', 'the', 'size', 'of', 'the', 'lower', '48', 'states,', 'has', 'shrunk', 'by', '40', 'percent.']
2026-05-27 14:24:58,890 - DEBUG - joeynmt.training - 	Tokenized hypothesis: ['<unk>', 'year', 'I', 'showed', 'these', 'two', '<unk>', 'to', '<unk>', 'to', 'show', 'you', 'in', 'the', '<unk>', '<unk>', '', 'that', 'the', '<unk>', '<unk>', '<unk>', '<unk>', '</s>']
2026-05-27 14:24:58,890 - INFO - joeynmt.training - 	Source:     Vorig jaar liet ik deze twee dia's zien om aan  te tonen dat de poolijskap,  die de afgelopen drie miljoen jaar  ongeveer de grootte had van het vasteland van de VS,  met 40% gekrompen was.
2026-05-27 14:24:58,890 - INFO - joeynmt.training - 	Reference:  Last year I showed these two slides so that demonstrate that the arctic ice cap, which for most of the last three million years has been the size of the lower 48 states, has shrunk by 40 percent.
2026-05-27 14:24:58,890 - INFO - joeynmt.training - 	Hypothesis: <unk> year I showed these two <unk> to <unk> to show you in the <unk> <unk>  that the <unk> <unk> <unk> <unk>
2026-05-27 14:24:58,890 - INFO - joeynmt.training - Example #1
2026-05-27 14:24:58,890 - DEBUG - joeynmt.training - 	Tokenized source:     ['Maar', 'dit', 'onderschat', 'eigenlijk', 'de', 'ernst', 'van', 'dit', 'specifieke', 'probleem', '', 'omdat', 'het', 'niet', 'de', 'dikte', 'van', 'het', 'ijs', 'laat', 'zien.']
2026-05-27 14:24:58,890 - DEBUG - joeynmt.training - 	Tokenized reference:  ['But', 'this', 'understates', 'the', 'seriousness', 'of', 'this', 'particular', 'problem', 'because', 'it', "doesn't", 'show', 'the', 'thickness', 'of', 'the', 'ice.']
2026-05-27 14:24:58,890 - DEBUG - joeynmt.training - 	Tokenized hypothesis: ['But', 'this', 'is', 'actually', 'the', '<unk>', 'of', 'this', 'particular', 'problem', '--', '', 'because', 'it', "doesn't", '<unk>', 'the', '<unk>', 'of', 'the', '<unk>', 'of', 'the', '<unk>', '</s>']
2026-05-27 14:24:58,891 - INFO - joeynmt.training - 	Source:     Maar dit onderschat eigenlijk de ernst van dit specifieke probleem  omdat het niet de dikte van het ijs laat zien.
2026-05-27 14:24:58,891 - INFO - joeynmt.training - 	Reference:  But this understates the seriousness of this particular problem because it doesn't show the thickness of the ice.
2026-05-27 14:24:58,891 - INFO - joeynmt.training - 	Hypothesis: But this is actually the <unk> of this particular problem --  because it doesn't <unk> the <unk> of the <unk> of the <unk>
2026-05-27 14:24:58,891 - INFO - joeynmt.training - Example #2
2026-05-27 14:24:58,891 - DEBUG - joeynmt.training - 	Tokenized source:     ['De', 'ijskap', 'op', 'de', 'Noordpool', 'is', 'in', 'zekere', 'zin', '', 'het', 'kloppend', 'hart', 'van', 'ons', 'globaal', 'klimaatsysteem.']
2026-05-27 14:24:58,891 - DEBUG - joeynmt.training - 	Tokenized reference:  ['The', 'arctic', 'ice', 'cap', 'is,', 'in', 'a', 'sense,', 'the', 'beating', 'heart', 'of', 'the', 'global', 'climate', 'system.']
2026-05-27 14:24:58,891 - DEBUG - joeynmt.training - 	Tokenized hypothesis: ['The', '<unk>', 'on', 'the', '<unk>', 'is', 'in', 'a', 'certain', 'sense,', '', 'the', '<unk>', 'heart', 'of', 'our', '<unk>', '</s>']
2026-05-27 14:24:58,891 - INFO - joeynmt.training - 	Source:     De ijskap op de Noordpool is in zekere zin  het kloppend hart van ons globaal klimaatsysteem.
2026-05-27 14:24:58,891 - INFO - joeynmt.training - 	Reference:  The arctic ice cap is, in a sense, the beating heart of the global climate system.
2026-05-27 14:24:58,891 - INFO - joeynmt.training - 	Hypothesis: The <unk> on the <unk> is in a certain sense,  the <unk> heart of our <unk>
2026-05-27 14:24:58,891 - INFO - joeynmt.training - Example #3
2026-05-27 14:24:58,891 - DEBUG - joeynmt.training - 	Tokenized source:     ['Het', 'zet', 'uit', 'in', 'de', 'winter', 'en', 'krimpt', 'in', 'de', 'zomer.']
2026-05-27 14:24:58,891 - DEBUG - joeynmt.training - 	Tokenized reference:  ['It', 'expands', 'in', 'winter', 'and', 'contracts', 'in', 'summer.']
2026-05-27 14:24:58,891 - DEBUG - joeynmt.training - 	Tokenized hypothesis: ['It', '<unk>', 'in', 'the', '<unk>', 'and', '<unk>', 'in', 'the', '<unk>', '</s>']
2026-05-27 14:24:58,892 - INFO - joeynmt.training - 	Source:     Het zet uit in de winter en krimpt in de zomer.
2026-05-27 14:24:58,892 - INFO - joeynmt.training - 	Reference:  It expands in winter and contracts in summer.
2026-05-27 14:24:58,892 - INFO - joeynmt.training - 	Hypothesis: It <unk> in the <unk> and <unk> in the <unk>
2026-05-27 14:24:58,892 - INFO - joeynmt.training - Example #4
2026-05-27 14:24:58,892 - DEBUG - joeynmt.training - 	Tokenized source:     ['De', 'volgende', 'dia', 'die', 'ik', 'laat', 'zien', '', 'is', 'een', 'versnelde', 'versie', 'van', 'wat', 'er', 'de', 'afgelopen', '25', 'jaar', 'is', 'gebeurd.']
2026-05-27 14:24:58,892 - DEBUG - joeynmt.training - 	Tokenized reference:  ['The', 'next', 'slide', 'I', 'show', 'you', 'will', 'be', 'a', 'rapid', 'fast-forward', 'of', "what's", 'happened', 'over', 'the', 'last', '25', 'years.']
2026-05-27 14:24:58,892 - DEBUG - joeynmt.training - 	Tokenized hypothesis: ['The', 'next', '<unk>', 'I', 'show', 'you', '', 'is', 'a', '<unk>', 'version', 'of', 'what', 'was', 'the', 'last', '25', 'years', 'of', 'what', 'was', '<unk>', '</s>']
2026-05-27 14:24:58,892 - INFO - joeynmt.training - 	Source:     De volgende dia die ik laat zien  is een versnelde versie van wat er de afgelopen 25 jaar is gebeurd.
2026-05-27 14:24:58,892 - INFO - joeynmt.training - 	Reference:  The next slide I show you will be a rapid fast-forward of what's happened over the last 25 years.
2026-05-27 14:24:58,892 - INFO - joeynmt.training - 	Hypothesis: The next <unk> I show you  is a <unk> version of what was the last 25 years of what was <unk>
2026-05-27 14:25:19,547 - INFO - joeynmt.training - Epoch   4, Step:     9600, Batch Loss:     1.605651, Batch Acc: 0.544456, Tokens per Sec:     3321, Lr: 0.000300
2026-05-27 14:25:39,295 - INFO - joeynmt.training - Epoch   4, Step:     9700, Batch Loss:     1.666453, Batch Acc: 0.542719, Tokens per Sec:     3530, Lr: 0.000300
2026-05-27 14:25:58,883 - INFO - joeynmt.training - Epoch   4, Step:     9800, Batch Loss:     1.584450, Batch Acc: 0.546820, Tokens per Sec:     3524, Lr: 0.000300
2026-05-27 14:26:18,307 - INFO - joeynmt.training - Epoch   4: total training loss 3730.91
2026-05-27 14:26:18,308 - INFO - joeynmt.training - EPOCH 5
2026-05-27 14:26:20,325 - INFO - joeynmt.training - Epoch   5, Step:     9900, Batch Loss:     1.359699, Batch Acc: 0.570722, Tokens per Sec:     3412, Lr: 0.000300
2026-05-27 14:26:42,458 - INFO - joeynmt.training - Epoch   5, Step:    10000, Batch Loss:     1.417006, Batch Acc: 0.569848, Tokens per Sec:     3056, Lr: 0.000300
2026-05-27 14:26:42,460 - WARNING - joeynmt.helpers - `alpha` option is obsolete. Please use `beam_alpha`, instead.
2026-05-27 14:26:42,460 - INFO - joeynmt.prediction - Predicting 1003 example(s)... (Greedy decoding with min_output_length=1, max_output_length=-1, return_prob='none', generate_unk=True, repetition_penalty=-1, no_repeat_ngram_size=-1)
2026-05-27 14:27:04,670 - INFO - joeynmt.prediction - Evaluation result (greedy) loss:   1.93, ppl:   6.88, acc:   0.44, generation: 22.1941[sec], evaluation: 0.0000[sec]
2026-05-27 14:27:04,986 - INFO - joeynmt.helpers - delete models/tf_word_nl_en/9000.ckpt
2026-05-27 14:27:04,988 - INFO - joeynmt.training - Example #0
2026-05-27 14:27:04,989 - DEBUG - joeynmt.training - 	Tokenized source:     ['Vorig', 'jaar', 'liet', 'ik', 'deze', 'twee', "dia's", 'zien', 'om', 'aan', '', 'te', 'tonen', 'dat', 'de', 'poolijskap,', '', 'die', 'de', 'afgelopen', 'drie', 'miljoen', 'jaar', '', 'ongeveer', 'de', 'grootte', 'had', 'van', 'het', 'vasteland', 'van', 'de', 'VS,', '', 'met', '40%', 'gekrompen', 'was.']
2026-05-27 14:27:04,989 - DEBUG - joeynmt.training - 	Tokenized reference:  ['Last', 'year', 'I', 'showed', 'these', 'two', 'slides', 'so', 'that', 'demonstrate', 'that', 'the', 'arctic', 'ice', 'cap,', 'which', 'for', 'most', 'of', 'the', 'last', 'three', 'million', 'years', 'has', 'been', 'the', 'size', 'of', 'the', 'lower', '48', 'states,', 'has', 'shrunk', 'by', '40', 'percent.']
2026-05-27 14:27:04,989 - DEBUG - joeynmt.training - 	Tokenized hypothesis: ['<unk>', 'years', 'I', 'showed', 'these', 'two', '<unk>', 'to', 'show', 'you', '', 'that', 'the', '<unk>', '', 'who', 'was', 'the', '<unk>', '', 'who', 'was', 'about', 'the', 'last', 'three', 'million', 'years', 'of', 'the', '<unk>', '<unk>', '</s>']
2026-05-27 14:27:04,990 - INFO - joeynmt.training - 	Source:     Vorig jaar liet ik deze twee dia's zien om aan  te tonen dat de poolijskap,  die de afgelopen drie miljoen jaar  ongeveer de grootte had van het vasteland van de VS,  met 40% gekrompen was.
2026-05-27 14:27:04,990 - INFO - joeynmt.training - 	Reference:  Last year I showed these two slides so that demonstrate that the arctic ice cap, which for most of the last three million years has been the size of the lower 48 states, has shrunk by 40 percent.
2026-05-27 14:27:04,990 - INFO - joeynmt.training - 	Hypothesis: <unk> years I showed these two <unk> to show you  that the <unk>  who was the <unk>  who was about the last three million years of the <unk> <unk>
2026-05-27 14:27:04,990 - INFO - joeynmt.training - Example #1
2026-05-27 14:27:04,990 - DEBUG - joeynmt.training - 	Tokenized source:     ['Maar', 'dit', 'onderschat', 'eigenlijk', 'de', 'ernst', 'van', 'dit', 'specifieke', 'probleem', '', 'omdat', 'het', 'niet', 'de', 'dikte', 'van', 'het', 'ijs', 'laat', 'zien.']
2026-05-27 14:27:04,990 - DEBUG - joeynmt.training - 	Tokenized reference:  ['But', 'this', 'understates', 'the', 'seriousness', 'of', 'this', 'particular', 'problem', 'because', 'it', "doesn't", 'show', 'the', 'thickness', 'of', 'the', 'ice.']
2026-05-27 14:27:04,990 - DEBUG - joeynmt.training - 	Tokenized hypothesis: ['But', 'this', 'is', 'actually', 'the', '<unk>', 'of', 'this', 'particular', 'problem', '--', '', 'because', 'it', "doesn't", 'show', 'the', '<unk>', 'of', 'the', 'ice', '<unk>', '</s>']
2026-05-27 14:27:04,990 - INFO - joeynmt.training - 	Source:     Maar dit onderschat eigenlijk de ernst van dit specifieke probleem  omdat het niet de dikte van het ijs laat zien.
2026-05-27 14:27:04,990 - INFO - joeynmt.training - 	Reference:  But this understates the seriousness of this particular problem because it doesn't show the thickness of the ice.
2026-05-27 14:27:04,991 - INFO - joeynmt.training - 	Hypothesis: But this is actually the <unk> of this particular problem --  because it doesn't show the <unk> of the ice <unk>
2026-05-27 14:27:04,991 - INFO - joeynmt.training - Example #2
2026-05-27 14:27:04,991 - DEBUG - joeynmt.training - 	Tokenized source:     ['De', 'ijskap', 'op', 'de', 'Noordpool', 'is', 'in', 'zekere', 'zin', '', 'het', 'kloppend', 'hart', 'van', 'ons', 'globaal', 'klimaatsysteem.']
2026-05-27 14:27:04,991 - DEBUG - joeynmt.training - 	Tokenized reference:  ['The', 'arctic', 'ice', 'cap', 'is,', 'in', 'a', 'sense,', 'the', 'beating', 'heart', 'of', 'the', 'global', 'climate', 'system.']
2026-05-27 14:27:04,991 - DEBUG - joeynmt.training - 	Tokenized hypothesis: ['The', '<unk>', 'on', 'the', '<unk>', 'is', 'in', 'some', 'sense', 'of', 'the', '<unk>', 'heart', 'of', 'our', '<unk>', '<unk>', '</s>']
2026-05-27 14:27:04,991 - INFO - joeynmt.training - 	Source:     De ijskap op de Noordpool is in zekere zin  het kloppend hart van ons globaal klimaatsysteem.
2026-05-27 14:27:04,991 - INFO - joeynmt.training - 	Reference:  The arctic ice cap is, in a sense, the beating heart of the global climate system.
2026-05-27 14:27:04,991 - INFO - joeynmt.training - 	Hypothesis: The <unk> on the <unk> is in some sense of the <unk> heart of our <unk> <unk>
2026-05-27 14:27:04,991 - INFO - joeynmt.training - Example #3
2026-05-27 14:27:04,991 - DEBUG - joeynmt.training - 	Tokenized source:     ['Het', 'zet', 'uit', 'in', 'de', 'winter', 'en', 'krimpt', 'in', 'de', 'zomer.']
2026-05-27 14:27:04,991 - DEBUG - joeynmt.training - 	Tokenized reference:  ['It', 'expands', 'in', 'winter', 'and', 'contracts', 'in', 'summer.']
2026-05-27 14:27:04,991 - DEBUG - joeynmt.training - 	Tokenized hypothesis: ['It', '<unk>', 'in', 'the', '<unk>', 'and', '<unk>', 'in', 'the', '<unk>', '</s>']
2026-05-27 14:27:04,992 - INFO - joeynmt.training - 	Source:     Het zet uit in de winter en krimpt in de zomer.
2026-05-27 14:27:04,992 - INFO - joeynmt.training - 	Reference:  It expands in winter and contracts in summer.
2026-05-27 14:27:04,992 - INFO - joeynmt.training - 	Hypothesis: It <unk> in the <unk> and <unk> in the <unk>
2026-05-27 14:27:04,992 - INFO - joeynmt.training - Example #4
2026-05-27 14:27:04,992 - DEBUG - joeynmt.training - 	Tokenized source:     ['De', 'volgende', 'dia', 'die', 'ik', 'laat', 'zien', '', 'is', 'een', 'versnelde', 'versie', 'van', 'wat', 'er', 'de', 'afgelopen', '25', 'jaar', 'is', 'gebeurd.']
2026-05-27 14:27:04,992 - DEBUG - joeynmt.training - 	Tokenized reference:  ['The', 'next', 'slide', 'I', 'show', 'you', 'will', 'be', 'a', 'rapid', 'fast-forward', 'of', "what's", 'happened', 'over', 'the', 'last', '25', 'years.']
2026-05-27 14:27:04,992 - DEBUG - joeynmt.training - 	Tokenized hypothesis: ['The', 'next', '<unk>', 'I', 'show', '', 'is', 'a', '<unk>', 'version', 'of', 'what', 'was', 'the', 'last', '25', 'years.', '</s>']
2026-05-27 14:27:04,992 - INFO - joeynmt.training - 	Source:     De volgende dia die ik laat zien  is een versnelde versie van wat er de afgelopen 25 jaar is gebeurd.
2026-05-27 14:27:04,993 - INFO - joeynmt.training - 	Reference:  The next slide I show you will be a rapid fast-forward of what's happened over the last 25 years.
2026-05-27 14:27:04,993 - INFO - joeynmt.training - 	Hypothesis: The next <unk> I show  is a <unk> version of what was the last 25 years.
2026-05-27 14:27:27,129 - INFO - joeynmt.training - Epoch   5, Step:    10100, Batch Loss:     1.413128, Batch Acc: 0.567492, Tokens per Sec:     3036, Lr: 0.000300
2026-05-27 14:27:48,946 - INFO - joeynmt.training - Epoch   5, Step:    10200, Batch Loss:     1.473153, Batch Acc: 0.563143, Tokens per Sec:     3250, Lr: 0.000300
2026-05-27 14:28:09,742 - INFO - joeynmt.training - Epoch   5, Step:    10300, Batch Loss:     1.456886, Batch Acc: 0.563320, Tokens per Sec:     3225, Lr: 0.000300
2026-05-27 14:28:33,015 - INFO - joeynmt.training - Epoch   5, Step:    10400, Batch Loss:     1.381549, Batch Acc: 0.557796, Tokens per Sec:     2956, Lr: 0.000300
2026-05-27 14:28:56,613 - INFO - joeynmt.training - Epoch   5, Step:    10500, Batch Loss:     1.475643, Batch Acc: 0.562481, Tokens per Sec:     2900, Lr: 0.000300
2026-05-27 14:28:56,614 - WARNING - joeynmt.helpers - `alpha` option is obsolete. Please use `beam_alpha`, instead.
2026-05-27 14:28:56,615 - INFO - joeynmt.prediction - Predicting 1003 example(s)... (Greedy decoding with min_output_length=1, max_output_length=-1, return_prob='none', generate_unk=True, repetition_penalty=-1, no_repeat_ngram_size=-1)
2026-05-27 14:29:24,680 - INFO - joeynmt.prediction - Evaluation result (greedy) loss:   1.95, ppl:   7.03, acc:   0.43, generation: 28.0526[sec], evaluation: 0.0000[sec]
2026-05-27 14:29:24,686 - INFO - joeynmt.training - Example #0
2026-05-27 14:29:24,687 - DEBUG - joeynmt.training - 	Tokenized source:     ['Vorig', 'jaar', 'liet', 'ik', 'deze', 'twee', "dia's", 'zien', 'om', 'aan', '', 'te', 'tonen', 'dat', 'de', 'poolijskap,', '', 'die', 'de', 'afgelopen', 'drie', 'miljoen', 'jaar', '', 'ongeveer', 'de', 'grootte', 'had', 'van', 'het', 'vasteland', 'van', 'de', 'VS,', '', 'met', '40%', 'gekrompen', 'was.']
2026-05-27 14:29:24,687 - DEBUG - joeynmt.training - 	Tokenized reference:  ['Last', 'year', 'I', 'showed', 'these', 'two', 'slides', 'so', 'that', 'demonstrate', 'that', 'the', 'arctic', 'ice', 'cap,', 'which', 'for', 'most', 'of', 'the', 'last', 'three', 'million', 'years', 'has', 'been', 'the', 'size', 'of', 'the', 'lower', '48', 'states,', 'has', 'shrunk', 'by', '40', 'percent.']
2026-05-27 14:29:24,687 - DEBUG - joeynmt.training - 	Tokenized hypothesis: ['<unk>', 'years', 'I', 'showed', 'these', 'two', '<unk>', 'to', 'show', 'you', 'that', 'the', '<unk>', '', 'that', 'the', '<unk>', '', 'who', 'had', 'the', '<unk>', '', 'who', 'had', 'about', 'the', '<unk>', 'of', 'the', '<unk>', '', 'with', '<unk>', '<unk>', '<unk>', '<unk>', '</s>']
2026-05-27 14:29:24,688 - INFO - joeynmt.training - 	Source:     Vorig jaar liet ik deze twee dia's zien om aan  te tonen dat de poolijskap,  die de afgelopen drie miljoen jaar  ongeveer de grootte had van het vasteland van de VS,  met 40% gekrompen was.
2026-05-27 14:29:24,688 - INFO - joeynmt.training - 	Reference:  Last year I showed these two slides so that demonstrate that the arctic ice cap, which for most of the last three million years has been the size of the lower 48 states, has shrunk by 40 percent.
2026-05-27 14:29:24,688 - INFO - joeynmt.training - 	Hypothesis: <unk> years I showed these two <unk> to show you that the <unk>  that the <unk>  who had the <unk>  who had about the <unk> of the <unk>  with <unk> <unk> <unk> <unk>
2026-05-27 14:29:24,688 - INFO - joeynmt.training - Example #1
2026-05-27 14:29:24,688 - DEBUG - joeynmt.training - 	Tokenized source:     ['Maar', 'dit', 'onderschat', 'eigenlijk', 'de', 'ernst', 'van', 'dit', 'specifieke', 'probleem', '', 'omdat', 'het', 'niet', 'de', 'dikte', 'van', 'het', 'ijs', 'laat', 'zien.']
2026-05-27 14:29:24,688 - DEBUG - joeynmt.training - 	Tokenized reference:  ['But', 'this', 'understates', 'the', 'seriousness', 'of', 'this', 'particular', 'problem', 'because', 'it', "doesn't", 'show', 'the', 'thickness', 'of', 'the', 'ice.']
2026-05-27 14:29:24,688 - DEBUG - joeynmt.training - 	Tokenized hypothesis: ['But', 'this', 'is', 'actually', 'the', '<unk>', 'of', 'this', 'particular', 'problem', '--', '', 'because', 'it', "doesn't", 'show', 'the', '<unk>', 'of', 'the', '<unk>', '</s>']
2026-05-27 14:29:24,689 - INFO - joeynmt.training - 	Source:     Maar dit onderschat eigenlijk de ernst van dit specifieke probleem  omdat het niet de dikte van het ijs laat zien.
2026-05-27 14:29:24,689 - INFO - joeynmt.training - 	Reference:  But this understates the seriousness of this particular problem because it doesn't show the thickness of the ice.
2026-05-27 14:29:24,689 - INFO - joeynmt.training - 	Hypothesis: But this is actually the <unk> of this particular problem --  because it doesn't show the <unk> of the <unk>
2026-05-27 14:29:24,689 - INFO - joeynmt.training - Example #2
2026-05-27 14:29:24,689 - DEBUG - joeynmt.training - 	Tokenized source:     ['De', 'ijskap', 'op', 'de', 'Noordpool', 'is', 'in', 'zekere', 'zin', '', 'het', 'kloppend', 'hart', 'van', 'ons', 'globaal', 'klimaatsysteem.']
2026-05-27 14:29:24,689 - DEBUG - joeynmt.training - 	Tokenized reference:  ['The', 'arctic', 'ice', 'cap', 'is,', 'in', 'a', 'sense,', 'the', 'beating', 'heart', 'of', 'the', 'global', 'climate', 'system.']
2026-05-27 14:29:24,689 - DEBUG - joeynmt.training - 	Tokenized hypothesis: ['The', '<unk>', 'on', 'the', '<unk>', 'is', 'in', 'a', 'certain', 'sense', 'of', 'our', '<unk>', '<unk>', '</s>']
2026-05-27 14:29:24,690 - INFO - joeynmt.training - 	Source:     De ijskap op de Noordpool is in zekere zin  het kloppend hart van ons globaal klimaatsysteem.
2026-05-27 14:29:24,690 - INFO - joeynmt.training - 	Reference:  The arctic ice cap is, in a sense, the beating heart of the global climate system.
2026-05-27 14:29:24,690 - INFO - joeynmt.training - 	Hypothesis: The <unk> on the <unk> is in a certain sense of our <unk> <unk>
2026-05-27 14:29:24,690 - INFO - joeynmt.training - Example #3
2026-05-27 14:29:24,690 - DEBUG - joeynmt.training - 	Tokenized source:     ['Het', 'zet', 'uit', 'in', 'de', 'winter', 'en', 'krimpt', 'in', 'de', 'zomer.']
2026-05-27 14:29:24,690 - DEBUG - joeynmt.training - 	Tokenized reference:  ['It', 'expands', 'in', 'winter', 'and', 'contracts', 'in', 'summer.']
2026-05-27 14:29:24,690 - DEBUG - joeynmt.training - 	Tokenized hypothesis: ['It', '<unk>', 'in', 'the', '<unk>', 'and', '<unk>', 'in', 'the', '<unk>', '</s>']
2026-05-27 14:29:24,691 - INFO - joeynmt.training - 	Source:     Het zet uit in de winter en krimpt in de zomer.
2026-05-27 14:29:24,691 - INFO - joeynmt.training - 	Reference:  It expands in winter and contracts in summer.
2026-05-27 14:29:24,691 - INFO - joeynmt.training - 	Hypothesis: It <unk> in the <unk> and <unk> in the <unk>
2026-05-27 14:29:24,691 - INFO - joeynmt.training - Example #4
2026-05-27 14:29:24,691 - DEBUG - joeynmt.training - 	Tokenized source:     ['De', 'volgende', 'dia', 'die', 'ik', 'laat', 'zien', '', 'is', 'een', 'versnelde', 'versie', 'van', 'wat', 'er', 'de', 'afgelopen', '25', 'jaar', 'is', 'gebeurd.']
2026-05-27 14:29:24,691 - DEBUG - joeynmt.training - 	Tokenized reference:  ['The', 'next', 'slide', 'I', 'show', 'you', 'will', 'be', 'a', 'rapid', 'fast-forward', 'of', "what's", 'happened', 'over', 'the', 'last', '25', 'years.']
2026-05-27 14:29:24,691 - DEBUG - joeynmt.training - 	Tokenized hypothesis: ['The', 'next', '<unk>', 'I', 'show', 'you', 'the', 'next', '<unk>', '', 'is', 'a', '<unk>', 'version', 'of', 'what', 'happened', 'for', 'the', 'last', '25', 'years.', '</s>']
2026-05-27 14:29:24,691 - INFO - joeynmt.training - 	Source:     De volgende dia die ik laat zien  is een versnelde versie van wat er de afgelopen 25 jaar is gebeurd.
2026-05-27 14:29:24,691 - INFO - joeynmt.training - 	Reference:  The next slide I show you will be a rapid fast-forward of what's happened over the last 25 years.
2026-05-27 14:29:24,691 - INFO - joeynmt.training - 	Hypothesis: The next <unk> I show you the next <unk>  is a <unk> version of what happened for the last 25 years.
2026-05-27 14:29:45,677 - INFO - joeynmt.training - Epoch   5, Step:    10600, Batch Loss:     1.294976, Batch Acc: 0.557565, Tokens per Sec:     3313, Lr: 0.000300
2026-05-27 14:30:05,878 - INFO - joeynmt.training - Epoch   5, Step:    10700, Batch Loss:     1.511433, Batch Acc: 0.560160, Tokens per Sec:     3473, Lr: 0.000300
2026-05-27 14:30:27,060 - INFO - joeynmt.training - Epoch   5, Step:    10800, Batch Loss:     1.387058, Batch Acc: 0.559700, Tokens per Sec:     3319, Lr: 0.000300
2026-05-27 14:30:47,964 - INFO - joeynmt.training - Epoch   5, Step:    10900, Batch Loss:     1.426010, Batch Acc: 0.555185, Tokens per Sec:     3257, Lr: 0.000300
2026-05-27 14:31:07,496 - INFO - joeynmt.training - Epoch   5, Step:    11000, Batch Loss:     1.433842, Batch Acc: 0.560063, Tokens per Sec:     3513, Lr: 0.000300
2026-05-27 14:31:07,497 - WARNING - joeynmt.helpers - `alpha` option is obsolete. Please use `beam_alpha`, instead.
2026-05-27 14:31:07,497 - INFO - joeynmt.prediction - Predicting 1003 example(s)... (Greedy decoding with min_output_length=1, max_output_length=-1, return_prob='none', generate_unk=True, repetition_penalty=-1, no_repeat_ngram_size=-1)
2026-05-27 14:31:25,802 - INFO - joeynmt.prediction - Evaluation result (greedy) loss:   1.92, ppl:   6.85, acc:   0.44, generation: 18.2927[sec], evaluation: 0.0000[sec]
2026-05-27 14:31:26,024 - INFO - joeynmt.helpers - delete models/tf_word_nl_en/6500.ckpt
2026-05-27 14:31:26,027 - INFO - joeynmt.training - Example #0
2026-05-27 14:31:26,027 - DEBUG - joeynmt.training - 	Tokenized source:     ['Vorig', 'jaar', 'liet', 'ik', 'deze', 'twee', "dia's", 'zien', 'om', 'aan', '', 'te', 'tonen', 'dat', 'de', 'poolijskap,', '', 'die', 'de', 'afgelopen', 'drie', 'miljoen', 'jaar', '', 'ongeveer', 'de', 'grootte', 'had', 'van', 'het', 'vasteland', 'van', 'de', 'VS,', '', 'met', '40%', 'gekrompen', 'was.']
2026-05-27 14:31:26,027 - DEBUG - joeynmt.training - 	Tokenized reference:  ['Last', 'year', 'I', 'showed', 'these', 'two', 'slides', 'so', 'that', 'demonstrate', 'that', 'the', 'arctic', 'ice', 'cap,', 'which', 'for', 'most', 'of', 'the', 'last', 'three', 'million', 'years', 'has', 'been', 'the', 'size', 'of', 'the', 'lower', '48', 'states,', 'has', 'shrunk', 'by', '40', 'percent.']
2026-05-27 14:31:26,028 - DEBUG - joeynmt.training - 	Tokenized hypothesis: ['<unk>', 'years', 'I', 'showed', 'these', 'two', '<unk>', 'to', 'show', 'you', 'that', 'the', '<unk>', '', 'that', 'the', '<unk>', '', 'that', 'the', '<unk>', '', 'that', 'the', '<unk>', 'had', 'been', '<unk>', '</s>']
2026-05-27 14:31:26,028 - INFO - joeynmt.training - 	Source:     Vorig jaar liet ik deze twee dia's zien om aan  te tonen dat de poolijskap,  die de afgelopen drie miljoen jaar  ongeveer de grootte had van het vasteland van de VS,  met 40% gekrompen was.
2026-05-27 14:31:26,028 - INFO - joeynmt.training - 	Reference:  Last year I showed these two slides so that demonstrate that the arctic ice cap, which for most of the last three million years has been the size of the lower 48 states, has shrunk by 40 percent.
2026-05-27 14:31:26,028 - INFO - joeynmt.training - 	Hypothesis: <unk> years I showed these two <unk> to show you that the <unk>  that the <unk>  that the <unk>  that the <unk> had been <unk>
2026-05-27 14:31:26,028 - INFO - joeynmt.training - Example #1
2026-05-27 14:31:26,028 - DEBUG - joeynmt.training - 	Tokenized source:     ['Maar', 'dit', 'onderschat', 'eigenlijk', 'de', 'ernst', 'van', 'dit', 'specifieke', 'probleem', '', 'omdat', 'het', 'niet', 'de', 'dikte', 'van', 'het', 'ijs', 'laat', 'zien.']
2026-05-27 14:31:26,028 - DEBUG - joeynmt.training - 	Tokenized reference:  ['But', 'this', 'understates', 'the', 'seriousness', 'of', 'this', 'particular', 'problem', 'because', 'it', "doesn't", 'show', 'the', 'thickness', 'of', 'the', 'ice.']
2026-05-27 14:31:26,028 - DEBUG - joeynmt.training - 	Tokenized hypothesis: ['But', 'this', 'is', 'actually', 'the', '<unk>', 'of', 'this', 'particular', 'problem', '--', '', 'because', 'it', "doesn't", 'show', 'the', '<unk>', 'of', 'the', '<unk>', '</s>']
2026-05-27 14:31:26,028 - INFO - joeynmt.training - 	Source:     Maar dit onderschat eigenlijk de ernst van dit specifieke probleem  omdat het niet de dikte van het ijs laat zien.
2026-05-27 14:31:26,029 - INFO - joeynmt.training - 	Reference:  But this understates the seriousness of this particular problem because it doesn't show the thickness of the ice.
2026-05-27 14:31:26,029 - INFO - joeynmt.training - 	Hypothesis: But this is actually the <unk> of this particular problem --  because it doesn't show the <unk> of the <unk>
2026-05-27 14:31:26,029 - INFO - joeynmt.training - Example #2
2026-05-27 14:31:26,029 - DEBUG - joeynmt.training - 	Tokenized source:     ['De', 'ijskap', 'op', 'de', 'Noordpool', 'is', 'in', 'zekere', 'zin', '', 'het', 'kloppend', 'hart', 'van', 'ons', 'globaal', 'klimaatsysteem.']
2026-05-27 14:31:26,029 - DEBUG - joeynmt.training - 	Tokenized reference:  ['The', 'arctic', 'ice', 'cap', 'is,', 'in', 'a', 'sense,', 'the', 'beating', 'heart', 'of', 'the', 'global', 'climate', 'system.']
2026-05-27 14:31:26,029 - DEBUG - joeynmt.training - 	Tokenized hypothesis: ['The', '<unk>', 'on', 'the', '<unk>', 'is', 'in', 'a', 'certain', 'sense,', '', 'the', '<unk>', 'heart', 'of', 'our', '<unk>', '</s>']
2026-05-27 14:31:26,029 - INFO - joeynmt.training - 	Source:     De ijskap op de Noordpool is in zekere zin  het kloppend hart van ons globaal klimaatsysteem.
2026-05-27 14:31:26,029 - INFO - joeynmt.training - 	Reference:  The arctic ice cap is, in a sense, the beating heart of the global climate system.
2026-05-27 14:31:26,029 - INFO - joeynmt.training - 	Hypothesis: The <unk> on the <unk> is in a certain sense,  the <unk> heart of our <unk>
2026-05-27 14:31:26,029 - INFO - joeynmt.training - Example #3
2026-05-27 14:31:26,029 - DEBUG - joeynmt.training - 	Tokenized source:     ['Het', 'zet', 'uit', 'in', 'de', 'winter', 'en', 'krimpt', 'in', 'de', 'zomer.']
2026-05-27 14:31:26,029 - DEBUG - joeynmt.training - 	Tokenized reference:  ['It', 'expands', 'in', 'winter', 'and', 'contracts', 'in', 'summer.']
2026-05-27 14:31:26,029 - DEBUG - joeynmt.training - 	Tokenized hypothesis: ['It', '<unk>', 'in', 'the', '<unk>', 'and', '<unk>', 'in', 'the', '<unk>', '</s>']
2026-05-27 14:31:26,030 - INFO - joeynmt.training - 	Source:     Het zet uit in de winter en krimpt in de zomer.
2026-05-27 14:31:26,030 - INFO - joeynmt.training - 	Reference:  It expands in winter and contracts in summer.
2026-05-27 14:31:26,030 - INFO - joeynmt.training - 	Hypothesis: It <unk> in the <unk> and <unk> in the <unk>
2026-05-27 14:31:26,030 - INFO - joeynmt.training - Example #4
2026-05-27 14:31:26,030 - DEBUG - joeynmt.training - 	Tokenized source:     ['De', 'volgende', 'dia', 'die', 'ik', 'laat', 'zien', '', 'is', 'een', 'versnelde', 'versie', 'van', 'wat', 'er', 'de', 'afgelopen', '25', 'jaar', 'is', 'gebeurd.']
2026-05-27 14:31:26,030 - DEBUG - joeynmt.training - 	Tokenized reference:  ['The', 'next', 'slide', 'I', 'show', 'you', 'will', 'be', 'a', 'rapid', 'fast-forward', 'of', "what's", 'happened', 'over', 'the', 'last', '25', 'years.']
2026-05-27 14:31:26,030 - DEBUG - joeynmt.training - 	Tokenized hypothesis: ['The', 'next', '<unk>', 'I', 'show', 'you', 'a', '<unk>', 'version', 'of', 'what', 'was', '<unk>', 'the', 'last', '25', 'years', 'is', '<unk>', '</s>']
2026-05-27 14:31:26,030 - INFO - joeynmt.training - 	Source:     De volgende dia die ik laat zien  is een versnelde versie van wat er de afgelopen 25 jaar is gebeurd.
2026-05-27 14:31:26,030 - INFO - joeynmt.training - 	Reference:  The next slide I show you will be a rapid fast-forward of what's happened over the last 25 years.
2026-05-27 14:31:26,030 - INFO - joeynmt.training - 	Hypothesis: The next <unk> I show you a <unk> version of what was <unk> the last 25 years is <unk>
2026-05-27 14:31:46,797 - INFO - joeynmt.training - Epoch   5, Step:    11100, Batch Loss:     1.591158, Batch Acc: 0.556456, Tokens per Sec:     3275, Lr: 0.000300
2026-05-27 14:32:03,826 - INFO - joeynmt.training - Epoch   5, Step:    11200, Batch Loss:     1.324491, Batch Acc: 0.556249, Tokens per Sec:     4085, Lr: 0.000300
2026-05-27 14:32:22,001 - INFO - joeynmt.training - Epoch   5, Step:    11300, Batch Loss:     1.473671, Batch Acc: 0.557085, Tokens per Sec:     3661, Lr: 0.000300
2026-05-27 14:32:41,110 - INFO - joeynmt.training - Epoch   5, Step:    11400, Batch Loss:     1.474157, Batch Acc: 0.559078, Tokens per Sec:     3582, Lr: 0.000300
2026-05-27 14:33:01,163 - INFO - joeynmt.training - Epoch   5, Step:    11500, Batch Loss:     1.452808, Batch Acc: 0.556070, Tokens per Sec:     3492, Lr: 0.000300
2026-05-27 14:33:01,164 - WARNING - joeynmt.helpers - `alpha` option is obsolete. Please use `beam_alpha`, instead.
2026-05-27 14:33:01,165 - INFO - joeynmt.prediction - Predicting 1003 example(s)... (Greedy decoding with min_output_length=1, max_output_length=-1, return_prob='none', generate_unk=True, repetition_penalty=-1, no_repeat_ngram_size=-1)
2026-05-27 14:33:24,271 - INFO - joeynmt.prediction - Evaluation result (greedy) loss:   1.89, ppl:   6.62, acc:   0.45, generation: 23.0968[sec], evaluation: 0.0000[sec]
2026-05-27 14:33:24,275 - INFO - joeynmt.training - Hooray! New best validation result [ppl]!
2026-05-27 14:33:24,515 - INFO - joeynmt.helpers - delete models/tf_word_nl_en/10000.ckpt
2026-05-27 14:33:24,518 - INFO - joeynmt.training - Example #0
2026-05-27 14:33:24,518 - DEBUG - joeynmt.training - 	Tokenized source:     ['Vorig', 'jaar', 'liet', 'ik', 'deze', 'twee', "dia's", 'zien', 'om', 'aan', '', 'te', 'tonen', 'dat', 'de', 'poolijskap,', '', 'die', 'de', 'afgelopen', 'drie', 'miljoen', 'jaar', '', 'ongeveer', 'de', 'grootte', 'had', 'van', 'het', 'vasteland', 'van', 'de', 'VS,', '', 'met', '40%', 'gekrompen', 'was.']
2026-05-27 14:33:24,519 - DEBUG - joeynmt.training - 	Tokenized reference:  ['Last', 'year', 'I', 'showed', 'these', 'two', 'slides', 'so', 'that', 'demonstrate', 'that', 'the', 'arctic', 'ice', 'cap,', 'which', 'for', 'most', 'of', 'the', 'last', 'three', 'million', 'years', 'has', 'been', 'the', 'size', 'of', 'the', 'lower', '48', 'states,', 'has', 'shrunk', 'by', '40', 'percent.']
2026-05-27 14:33:24,519 - DEBUG - joeynmt.training - 	Tokenized hypothesis: ['<unk>', 'year', 'I', 'showed', 'these', 'two', '<unk>', 'to', 'show', 'you', 'that', 'the', '<unk>', '<unk>', '', 'that', 'the', '<unk>', '<unk>', '<unk>', '<unk>', '</s>']
2026-05-27 14:33:24,519 - INFO - joeynmt.training - 	Source:     Vorig jaar liet ik deze twee dia's zien om aan  te tonen dat de poolijskap,  die de afgelopen drie miljoen jaar  ongeveer de grootte had van het vasteland van de VS,  met 40% gekrompen was.
2026-05-27 14:33:24,519 - INFO - joeynmt.training - 	Reference:  Last year I showed these two slides so that demonstrate that the arctic ice cap, which for most of the last three million years has been the size of the lower 48 states, has shrunk by 40 percent.
2026-05-27 14:33:24,519 - INFO - joeynmt.training - 	Hypothesis: <unk> year I showed these two <unk> to show you that the <unk> <unk>  that the <unk> <unk> <unk> <unk>
2026-05-27 14:33:24,519 - INFO - joeynmt.training - Example #1
2026-05-27 14:33:24,519 - DEBUG - joeynmt.training - 	Tokenized source:     ['Maar', 'dit', 'onderschat', 'eigenlijk', 'de', 'ernst', 'van', 'dit', 'specifieke', 'probleem', '', 'omdat', 'het', 'niet', 'de', 'dikte', 'van', 'het', 'ijs', 'laat', 'zien.']
2026-05-27 14:33:24,519 - DEBUG - joeynmt.training - 	Tokenized reference:  ['But', 'this', 'understates', 'the', 'seriousness', 'of', 'this', 'particular', 'problem', 'because', 'it', "doesn't", 'show', 'the', 'thickness', 'of', 'the', 'ice.']
2026-05-27 14:33:24,519 - DEBUG - joeynmt.training - 	Tokenized hypothesis: ['But', 'this', 'is', 'actually', 'the', '<unk>', 'of', 'this', 'particular', 'problem', '--', '', 'because', 'it', "doesn't", '<unk>', 'the', '<unk>', 'of', 'the', '<unk>', '</s>']
2026-05-27 14:33:24,520 - INFO - joeynmt.training - 	Source:     Maar dit onderschat eigenlijk de ernst van dit specifieke probleem  omdat het niet de dikte van het ijs laat zien.
2026-05-27 14:33:24,520 - INFO - joeynmt.training - 	Reference:  But this understates the seriousness of this particular problem because it doesn't show the thickness of the ice.
2026-05-27 14:33:24,520 - INFO - joeynmt.training - 	Hypothesis: But this is actually the <unk> of this particular problem --  because it doesn't <unk> the <unk> of the <unk>
2026-05-27 14:33:24,520 - INFO - joeynmt.training - Example #2
2026-05-27 14:33:24,520 - DEBUG - joeynmt.training - 	Tokenized source:     ['De', 'ijskap', 'op', 'de', 'Noordpool', 'is', 'in', 'zekere', 'zin', '', 'het', 'kloppend', 'hart', 'van', 'ons', 'globaal', 'klimaatsysteem.']
2026-05-27 14:33:24,520 - DEBUG - joeynmt.training - 	Tokenized reference:  ['The', 'arctic', 'ice', 'cap', 'is,', 'in', 'a', 'sense,', 'the', 'beating', 'heart', 'of', 'the', 'global', 'climate', 'system.']
2026-05-27 14:33:24,520 - DEBUG - joeynmt.training - 	Tokenized hypothesis: ['The', '<unk>', 'on', 'the', '<unk>', 'is', 'in', 'a', 'sense,', '', 'the', '<unk>', 'heart', 'of', 'our', '<unk>', '<unk>', '</s>']
2026-05-27 14:33:24,520 - INFO - joeynmt.training - 	Source:     De ijskap op de Noordpool is in zekere zin  het kloppend hart van ons globaal klimaatsysteem.
2026-05-27 14:33:24,520 - INFO - joeynmt.training - 	Reference:  The arctic ice cap is, in a sense, the beating heart of the global climate system.
2026-05-27 14:33:24,520 - INFO - joeynmt.training - 	Hypothesis: The <unk> on the <unk> is in a sense,  the <unk> heart of our <unk> <unk>
2026-05-27 14:33:24,520 - INFO - joeynmt.training - Example #3
2026-05-27 14:33:24,520 - DEBUG - joeynmt.training - 	Tokenized source:     ['Het', 'zet', 'uit', 'in', 'de', 'winter', 'en', 'krimpt', 'in', 'de', 'zomer.']
2026-05-27 14:33:24,521 - DEBUG - joeynmt.training - 	Tokenized reference:  ['It', 'expands', 'in', 'winter', 'and', 'contracts', 'in', 'summer.']
2026-05-27 14:33:24,521 - DEBUG - joeynmt.training - 	Tokenized hypothesis: ['It', '<unk>', 'in', 'the', '<unk>', 'and', '<unk>', 'in', 'the', '<unk>', '</s>']
2026-05-27 14:33:24,521 - INFO - joeynmt.training - 	Source:     Het zet uit in de winter en krimpt in de zomer.
2026-05-27 14:33:24,521 - INFO - joeynmt.training - 	Reference:  It expands in winter and contracts in summer.
2026-05-27 14:33:24,521 - INFO - joeynmt.training - 	Hypothesis: It <unk> in the <unk> and <unk> in the <unk>
2026-05-27 14:33:24,521 - INFO - joeynmt.training - Example #4
2026-05-27 14:33:24,521 - DEBUG - joeynmt.training - 	Tokenized source:     ['De', 'volgende', 'dia', 'die', 'ik', 'laat', 'zien', '', 'is', 'een', 'versnelde', 'versie', 'van', 'wat', 'er', 'de', 'afgelopen', '25', 'jaar', 'is', 'gebeurd.']
2026-05-27 14:33:24,521 - DEBUG - joeynmt.training - 	Tokenized reference:  ['The', 'next', 'slide', 'I', 'show', 'you', 'will', 'be', 'a', 'rapid', 'fast-forward', 'of', "what's", 'happened', 'over', 'the', 'last', '25', 'years.']
2026-05-27 14:33:24,521 - DEBUG - joeynmt.training - 	Tokenized hypothesis: ['The', 'next', '<unk>', 'I', 'show', 'you', '', 'is', 'a', '<unk>', 'version', 'of', 'what', 'there', 'is', 'the', 'last', '25', 'years.', '</s>']
2026-05-27 14:33:24,521 - INFO - joeynmt.training - 	Source:     De volgende dia die ik laat zien  is een versnelde versie van wat er de afgelopen 25 jaar is gebeurd.
2026-05-27 14:33:24,521 - INFO - joeynmt.training - 	Reference:  The next slide I show you will be a rapid fast-forward of what's happened over the last 25 years.
2026-05-27 14:33:24,522 - INFO - joeynmt.training - 	Hypothesis: The next <unk> I show you  is a <unk> version of what there is the last 25 years.
2026-05-27 14:33:46,805 - INFO - joeynmt.training - Epoch   5, Step:    11600, Batch Loss:     1.485903, Batch Acc: 0.557313, Tokens per Sec:     3128, Lr: 0.000300
2026-05-27 14:34:06,607 - INFO - joeynmt.training - Epoch   5, Step:    11700, Batch Loss:     1.445270, Batch Acc: 0.553410, Tokens per Sec:     3478, Lr: 0.000300
2026-05-27 14:34:29,084 - INFO - joeynmt.training - Epoch   5, Step:    11800, Batch Loss:     1.530414, Batch Acc: 0.557911, Tokens per Sec:     3072, Lr: 0.000300
2026-05-27 14:34:51,268 - INFO - joeynmt.training - Epoch   5, Step:    11900, Batch Loss:     1.511770, Batch Acc: 0.553804, Tokens per Sec:     3023, Lr: 0.000300
2026-05-27 14:35:12,103 - INFO - joeynmt.training - Epoch   5, Step:    12000, Batch Loss:     1.406519, Batch Acc: 0.551584, Tokens per Sec:     3301, Lr: 0.000300
2026-05-27 14:35:12,104 - WARNING - joeynmt.helpers - `alpha` option is obsolete. Please use `beam_alpha`, instead.
2026-05-27 14:35:12,104 - INFO - joeynmt.prediction - Predicting 1003 example(s)... (Greedy decoding with min_output_length=1, max_output_length=-1, return_prob='none', generate_unk=True, repetition_penalty=-1, no_repeat_ngram_size=-1)
2026-05-27 14:35:35,082 - INFO - joeynmt.prediction - Evaluation result (greedy) loss:   1.90, ppl:   6.71, acc:   0.44, generation: 22.9670[sec], evaluation: 0.0000[sec]
2026-05-27 14:35:35,311 - INFO - joeynmt.helpers - delete models/tf_word_nl_en/11000.ckpt
2026-05-27 14:35:35,314 - INFO - joeynmt.training - Example #0
2026-05-27 14:35:35,314 - DEBUG - joeynmt.training - 	Tokenized source:     ['Vorig', 'jaar', 'liet', 'ik', 'deze', 'twee', "dia's", 'zien', 'om', 'aan', '', 'te', 'tonen', 'dat', 'de', 'poolijskap,', '', 'die', 'de', 'afgelopen', 'drie', 'miljoen', 'jaar', '', 'ongeveer', 'de', 'grootte', 'had', 'van', 'het', 'vasteland', 'van', 'de', 'VS,', '', 'met', '40%', 'gekrompen', 'was.']
2026-05-27 14:35:35,314 - DEBUG - joeynmt.training - 	Tokenized reference:  ['Last', 'year', 'I', 'showed', 'these', 'two', 'slides', 'so', 'that', 'demonstrate', 'that', 'the', 'arctic', 'ice', 'cap,', 'which', 'for', 'most', 'of', 'the', 'last', 'three', 'million', 'years', 'has', 'been', 'the', 'size', 'of', 'the', 'lower', '48', 'states,', 'has', 'shrunk', 'by', '40', 'percent.']
2026-05-27 14:35:35,314 - DEBUG - joeynmt.training - 	Tokenized hypothesis: ['<unk>', 'year', 'I', 'showed', 'these', 'two', '<unk>', 'to', 'to', 'show', 'the', '<unk>', '', 'that', 'the', '<unk>', '', 'that', 'the', '<unk>', '<unk>', '<unk>', '', 'that', 'the', '<unk>', 'was', 'the', 'size', 'of', 'the', '<unk>', '<unk>', '</s>']
2026-05-27 14:35:35,315 - INFO - joeynmt.training - 	Source:     Vorig jaar liet ik deze twee dia's zien om aan  te tonen dat de poolijskap,  die de afgelopen drie miljoen jaar  ongeveer de grootte had van het vasteland van de VS,  met 40% gekrompen was.
2026-05-27 14:35:35,315 - INFO - joeynmt.training - 	Reference:  Last year I showed these two slides so that demonstrate that the arctic ice cap, which for most of the last three million years has been the size of the lower 48 states, has shrunk by 40 percent.
2026-05-27 14:35:35,315 - INFO - joeynmt.training - 	Hypothesis: <unk> year I showed these two <unk> to to show the <unk>  that the <unk>  that the <unk> <unk> <unk>  that the <unk> was the size of the <unk> <unk>
2026-05-27 14:35:35,315 - INFO - joeynmt.training - Example #1
2026-05-27 14:35:35,315 - DEBUG - joeynmt.training - 	Tokenized source:     ['Maar', 'dit', 'onderschat', 'eigenlijk', 'de', 'ernst', 'van', 'dit', 'specifieke', 'probleem', '', 'omdat', 'het', 'niet', 'de', 'dikte', 'van', 'het', 'ijs', 'laat', 'zien.']
2026-05-27 14:35:35,315 - DEBUG - joeynmt.training - 	Tokenized reference:  ['But', 'this', 'understates', 'the', 'seriousness', 'of', 'this', 'particular', 'problem', 'because', 'it', "doesn't", 'show', 'the', 'thickness', 'of', 'the', 'ice.']
2026-05-27 14:35:35,315 - DEBUG - joeynmt.training - 	Tokenized hypothesis: ['But', 'this', 'is', 'actually', 'the', '<unk>', 'of', 'this', 'particular', 'problem', '--', '', 'because', 'it', "doesn't", '<unk>', 'the', '<unk>', 'of', 'the', '<unk>', '</s>']
2026-05-27 14:35:35,315 - INFO - joeynmt.training - 	Source:     Maar dit onderschat eigenlijk de ernst van dit specifieke probleem  omdat het niet de dikte van het ijs laat zien.
2026-05-27 14:35:35,315 - INFO - joeynmt.training - 	Reference:  But this understates the seriousness of this particular problem because it doesn't show the thickness of the ice.
2026-05-27 14:35:35,315 - INFO - joeynmt.training - 	Hypothesis: But this is actually the <unk> of this particular problem --  because it doesn't <unk> the <unk> of the <unk>
2026-05-27 14:35:35,316 - INFO - joeynmt.training - Example #2
2026-05-27 14:35:35,316 - DEBUG - joeynmt.training - 	Tokenized source:     ['De', 'ijskap', 'op', 'de', 'Noordpool', 'is', 'in', 'zekere', 'zin', '', 'het', 'kloppend', 'hart', 'van', 'ons', 'globaal', 'klimaatsysteem.']
2026-05-27 14:35:35,316 - DEBUG - joeynmt.training - 	Tokenized reference:  ['The', 'arctic', 'ice', 'cap', 'is,', 'in', 'a', 'sense,', 'the', 'beating', 'heart', 'of', 'the', 'global', 'climate', 'system.']
2026-05-27 14:35:35,316 - DEBUG - joeynmt.training - 	Tokenized hypothesis: ['The', '<unk>', 'on', 'the', '<unk>', 'is', 'in', 'some', 'sense', 'of', 'the', '<unk>', '<unk>', '<unk>', '</s>']
2026-05-27 14:35:35,316 - INFO - joeynmt.training - 	Source:     De ijskap op de Noordpool is in zekere zin  het kloppend hart van ons globaal klimaatsysteem.
2026-05-27 14:35:35,316 - INFO - joeynmt.training - 	Reference:  The arctic ice cap is, in a sense, the beating heart of the global climate system.
2026-05-27 14:35:35,316 - INFO - joeynmt.training - 	Hypothesis: The <unk> on the <unk> is in some sense of the <unk> <unk> <unk>
2026-05-27 14:35:35,316 - INFO - joeynmt.training - Example #3
2026-05-27 14:35:35,316 - DEBUG - joeynmt.training - 	Tokenized source:     ['Het', 'zet', 'uit', 'in', 'de', 'winter', 'en', 'krimpt', 'in', 'de', 'zomer.']
2026-05-27 14:35:35,316 - DEBUG - joeynmt.training - 	Tokenized reference:  ['It', 'expands', 'in', 'winter', 'and', 'contracts', 'in', 'summer.']
2026-05-27 14:35:35,316 - DEBUG - joeynmt.training - 	Tokenized hypothesis: ['It', '<unk>', 'in', 'the', '<unk>', 'and', '<unk>', 'in', 'the', '<unk>', '</s>']
2026-05-27 14:35:35,317 - INFO - joeynmt.training - 	Source:     Het zet uit in de winter en krimpt in de zomer.
2026-05-27 14:35:35,317 - INFO - joeynmt.training - 	Reference:  It expands in winter and contracts in summer.
2026-05-27 14:35:35,317 - INFO - joeynmt.training - 	Hypothesis: It <unk> in the <unk> and <unk> in the <unk>
2026-05-27 14:35:35,317 - INFO - joeynmt.training - Example #4
2026-05-27 14:35:35,317 - DEBUG - joeynmt.training - 	Tokenized source:     ['De', 'volgende', 'dia', 'die', 'ik', 'laat', 'zien', '', 'is', 'een', 'versnelde', 'versie', 'van', 'wat', 'er', 'de', 'afgelopen', '25', 'jaar', 'is', 'gebeurd.']
2026-05-27 14:35:35,317 - DEBUG - joeynmt.training - 	Tokenized reference:  ['The', 'next', 'slide', 'I', 'show', 'you', 'will', 'be', 'a', 'rapid', 'fast-forward', 'of', "what's", 'happened', 'over', 'the', 'last', '25', 'years.']
2026-05-27 14:35:35,317 - DEBUG - joeynmt.training - 	Tokenized hypothesis: ['The', 'next', '<unk>', 'that', 'I', 'show', 'you', '', 'is', 'a', '<unk>', 'version', 'of', "what's", 'going', 'to', 'be', 'the', 'last', '25', 'years', 'of', "what's", '<unk>', '</s>']
2026-05-27 14:35:35,317 - INFO - joeynmt.training - 	Source:     De volgende dia die ik laat zien  is een versnelde versie van wat er de afgelopen 25 jaar is gebeurd.
2026-05-27 14:35:35,317 - INFO - joeynmt.training - 	Reference:  The next slide I show you will be a rapid fast-forward of what's happened over the last 25 years.
2026-05-27 14:35:35,317 - INFO - joeynmt.training - 	Hypothesis: The next <unk> that I show you  is a <unk> version of what's going to be the last 25 years of what's <unk>
2026-05-27 14:36:02,850 - INFO - joeynmt.training - Epoch   5, Step:    12100, Batch Loss:     1.511765, Batch Acc: 0.555323, Tokens per Sec:     2379, Lr: 0.000300
2026-05-27 14:36:18,728 - INFO - joeynmt.training - Epoch   5, Step:    12200, Batch Loss:     1.286624, Batch Acc: 0.554269, Tokens per Sec:     4470, Lr: 0.000300
2026-05-27 14:36:36,889 - INFO - joeynmt.training - Epoch   5, Step:    12300, Batch Loss:     1.456557, Batch Acc: 0.554158, Tokens per Sec:     3726, Lr: 0.000300
2026-05-27 14:36:47,088 - INFO - joeynmt.training - Epoch   5: total training loss 3592.81
2026-05-27 14:36:47,089 - INFO - joeynmt.training - EPOCH 6
2026-05-27 14:36:55,604 - INFO - joeynmt.training - Epoch   6, Step:    12400, Batch Loss:     1.399046, Batch Acc: 0.576958, Tokens per Sec:     3699, Lr: 0.000300
2026-05-27 14:37:10,311 - INFO - joeynmt.training - Epoch   6, Step:    12500, Batch Loss:     1.229357, Batch Acc: 0.578119, Tokens per Sec:     4708, Lr: 0.000300
2026-05-27 14:37:10,312 - WARNING - joeynmt.helpers - `alpha` option is obsolete. Please use `beam_alpha`, instead.
2026-05-27 14:37:10,312 - INFO - joeynmt.prediction - Predicting 1003 example(s)... (Greedy decoding with min_output_length=1, max_output_length=-1, return_prob='none', generate_unk=True, repetition_penalty=-1, no_repeat_ngram_size=-1)
2026-05-27 14:37:35,474 - INFO - joeynmt.prediction - Evaluation result (greedy) loss:   1.92, ppl:   6.85, acc:   0.43, generation: 25.1519[sec], evaluation: 0.0000[sec]
2026-05-27 14:37:35,478 - INFO - joeynmt.training - Example #0
2026-05-27 14:37:35,478 - DEBUG - joeynmt.training - 	Tokenized source:     ['Vorig', 'jaar', 'liet', 'ik', 'deze', 'twee', "dia's", 'zien', 'om', 'aan', '', 'te', 'tonen', 'dat', 'de', 'poolijskap,', '', 'die', 'de', 'afgelopen', 'drie', 'miljoen', 'jaar', '', 'ongeveer', 'de', 'grootte', 'had', 'van', 'het', 'vasteland', 'van', 'de', 'VS,', '', 'met', '40%', 'gekrompen', 'was.']
2026-05-27 14:37:35,478 - DEBUG - joeynmt.training - 	Tokenized reference:  ['Last', 'year', 'I', 'showed', 'these', 'two', 'slides', 'so', 'that', 'demonstrate', 'that', 'the', 'arctic', 'ice', 'cap,', 'which', 'for', 'most', 'of', 'the', 'last', 'three', 'million', 'years', 'has', 'been', 'the', 'size', 'of', 'the', 'lower', '48', 'states,', 'has', 'shrunk', 'by', '40', 'percent.']
2026-05-27 14:37:35,478 - DEBUG - joeynmt.training - 	Tokenized hypothesis: ['<unk>', 'years', 'I', 'showed', 'these', 'two', '<unk>', 'to', 'show', 'that', 'the', '<unk>', '', 'that', 'the', '<unk>', '', 'that', 'the', '<unk>', '', 'that', 'had', 'been', '<unk>', 'the', 'size', 'of', 'the', '<unk>', '', 'with', '<unk>', '<unk>', '<unk>', '</s>']
2026-05-27 14:37:35,478 - INFO - joeynmt.training - 	Source:     Vorig jaar liet ik deze twee dia's zien om aan  te tonen dat de poolijskap,  die de afgelopen drie miljoen jaar  ongeveer de grootte had van het vasteland van de VS,  met 40% gekrompen was.
2026-05-27 14:37:35,479 - INFO - joeynmt.training - 	Reference:  Last year I showed these two slides so that demonstrate that the arctic ice cap, which for most of the last three million years has been the size of the lower 48 states, has shrunk by 40 percent.
2026-05-27 14:37:35,479 - INFO - joeynmt.training - 	Hypothesis: <unk> years I showed these two <unk> to show that the <unk>  that the <unk>  that the <unk>  that had been <unk> the size of the <unk>  with <unk> <unk> <unk>
2026-05-27 14:37:35,479 - INFO - joeynmt.training - Example #1
2026-05-27 14:37:35,479 - DEBUG - joeynmt.training - 	Tokenized source:     ['Maar', 'dit', 'onderschat', 'eigenlijk', 'de', 'ernst', 'van', 'dit', 'specifieke', 'probleem', '', 'omdat', 'het', 'niet', 'de', 'dikte', 'van', 'het', 'ijs', 'laat', 'zien.']
2026-05-27 14:37:35,479 - DEBUG - joeynmt.training - 	Tokenized reference:  ['But', 'this', 'understates', 'the', 'seriousness', 'of', 'this', 'particular', 'problem', 'because', 'it', "doesn't", 'show', 'the', 'thickness', 'of', 'the', 'ice.']
2026-05-27 14:37:35,479 - DEBUG - joeynmt.training - 	Tokenized hypothesis: ['But', 'this', 'is', 'actually', 'the', '<unk>', 'of', 'this', 'particular', 'problem', '--', 'because', 'it', "doesn't", 'show', 'the', '<unk>', 'of', 'the', '<unk>', '</s>']
2026-05-27 14:37:35,479 - INFO - joeynmt.training - 	Source:     Maar dit onderschat eigenlijk de ernst van dit specifieke probleem  omdat het niet de dikte van het ijs laat zien.
2026-05-27 14:37:35,479 - INFO - joeynmt.training - 	Reference:  But this understates the seriousness of this particular problem because it doesn't show the thickness of the ice.
2026-05-27 14:37:35,479 - INFO - joeynmt.training - 	Hypothesis: But this is actually the <unk> of this particular problem -- because it doesn't show the <unk> of the <unk>
2026-05-27 14:37:35,479 - INFO - joeynmt.training - Example #2
2026-05-27 14:37:35,479 - DEBUG - joeynmt.training - 	Tokenized source:     ['De', 'ijskap', 'op', 'de', 'Noordpool', 'is', 'in', 'zekere', 'zin', '', 'het', 'kloppend', 'hart', 'van', 'ons', 'globaal', 'klimaatsysteem.']
2026-05-27 14:37:35,479 - DEBUG - joeynmt.training - 	Tokenized reference:  ['The', 'arctic', 'ice', 'cap', 'is,', 'in', 'a', 'sense,', 'the', 'beating', 'heart', 'of', 'the', 'global', 'climate', 'system.']
2026-05-27 14:37:35,479 - DEBUG - joeynmt.training - 	Tokenized hypothesis: ['The', '<unk>', 'on', 'the', '<unk>', 'is', 'in', 'some', 'sense,', '', 'the', '<unk>', 'heart', 'of', 'our', '<unk>', '<unk>', '</s>']
2026-05-27 14:37:35,480 - INFO - joeynmt.training - 	Source:     De ijskap op de Noordpool is in zekere zin  het kloppend hart van ons globaal klimaatsysteem.
2026-05-27 14:37:35,480 - INFO - joeynmt.training - 	Reference:  The arctic ice cap is, in a sense, the beating heart of the global climate system.
2026-05-27 14:37:35,480 - INFO - joeynmt.training - 	Hypothesis: The <unk> on the <unk> is in some sense,  the <unk> heart of our <unk> <unk>
2026-05-27 14:37:35,480 - INFO - joeynmt.training - Example #3
2026-05-27 14:37:35,480 - DEBUG - joeynmt.training - 	Tokenized source:     ['Het', 'zet', 'uit', 'in', 'de', 'winter', 'en', 'krimpt', 'in', 'de', 'zomer.']
2026-05-27 14:37:35,480 - DEBUG - joeynmt.training - 	Tokenized reference:  ['It', 'expands', 'in', 'winter', 'and', 'contracts', 'in', 'summer.']
2026-05-27 14:37:35,480 - DEBUG - joeynmt.training - 	Tokenized hypothesis: ['It', '<unk>', 'in', 'the', '<unk>', 'and', '<unk>', 'in', 'the', '<unk>', '</s>']
2026-05-27 14:37:35,480 - INFO - joeynmt.training - 	Source:     Het zet uit in de winter en krimpt in de zomer.
2026-05-27 14:37:35,480 - INFO - joeynmt.training - 	Reference:  It expands in winter and contracts in summer.
2026-05-27 14:37:35,480 - INFO - joeynmt.training - 	Hypothesis: It <unk> in the <unk> and <unk> in the <unk>
2026-05-27 14:37:35,480 - INFO - joeynmt.training - Example #4
2026-05-27 14:37:35,480 - DEBUG - joeynmt.training - 	Tokenized source:     ['De', 'volgende', 'dia', 'die', 'ik', 'laat', 'zien', '', 'is', 'een', 'versnelde', 'versie', 'van', 'wat', 'er', 'de', 'afgelopen', '25', 'jaar', 'is', 'gebeurd.']
2026-05-27 14:37:35,480 - DEBUG - joeynmt.training - 	Tokenized reference:  ['The', 'next', 'slide', 'I', 'show', 'you', 'will', 'be', 'a', 'rapid', 'fast-forward', 'of', "what's", 'happened', 'over', 'the', 'last', '25', 'years.']
2026-05-27 14:37:35,480 - DEBUG - joeynmt.training - 	Tokenized hypothesis: ['The', 'next', '<unk>', 'I', 'show', 'you', '', 'is', 'a', '<unk>', 'version', 'of', "what's", 'going', 'to', 'have', 'in', 'the', 'last', '25', 'years.', '</s>']
2026-05-27 14:37:35,481 - INFO - joeynmt.training - 	Source:     De volgende dia die ik laat zien  is een versnelde versie van wat er de afgelopen 25 jaar is gebeurd.
2026-05-27 14:37:35,481 - INFO - joeynmt.training - 	Reference:  The next slide I show you will be a rapid fast-forward of what's happened over the last 25 years.
2026-05-27 14:37:35,481 - INFO - joeynmt.training - 	Hypothesis: The next <unk> I show you  is a <unk> version of what's going to have in the last 25 years.
2026-05-27 14:37:53,985 - INFO - joeynmt.training - Epoch   6, Step:    12600, Batch Loss:     1.434506, Batch Acc: 0.573541, Tokens per Sec:     3694, Lr: 0.000300
2026-05-27 14:38:11,266 - INFO - joeynmt.training - Epoch   6, Step:    12700, Batch Loss:     1.464603, Batch Acc: 0.575295, Tokens per Sec:     4105, Lr: 0.000300
2026-05-27 14:38:32,285 - INFO - joeynmt.training - Epoch   6, Step:    12800, Batch Loss:     1.369483, Batch Acc: 0.572194, Tokens per Sec:     3199, Lr: 0.000300
2026-05-27 14:38:52,866 - INFO - joeynmt.training - Epoch   6, Step:    12900, Batch Loss:     1.432245, Batch Acc: 0.568362, Tokens per Sec:     3334, Lr: 0.000300
2026-05-27 14:39:07,842 - INFO - joeynmt.training - Epoch   6, Step:    13000, Batch Loss:     1.336828, Batch Acc: 0.571316, Tokens per Sec:     4559, Lr: 0.000300
2026-05-27 14:39:07,843 - WARNING - joeynmt.helpers - `alpha` option is obsolete. Please use `beam_alpha`, instead.
2026-05-27 14:39:07,843 - INFO - joeynmt.prediction - Predicting 1003 example(s)... (Greedy decoding with min_output_length=1, max_output_length=-1, return_prob='none', generate_unk=True, repetition_penalty=-1, no_repeat_ngram_size=-1)
2026-05-27 14:39:27,673 - INFO - joeynmt.prediction - Evaluation result (greedy) loss:   1.88, ppl:   6.57, acc:   0.45, generation: 19.8208[sec], evaluation: 0.0000[sec]
2026-05-27 14:39:27,675 - INFO - joeynmt.training - Hooray! New best validation result [ppl]!
2026-05-27 14:39:27,880 - INFO - joeynmt.helpers - delete models/tf_word_nl_en/8500.ckpt
2026-05-27 14:39:27,884 - INFO - joeynmt.training - Example #0
2026-05-27 14:39:27,884 - DEBUG - joeynmt.training - 	Tokenized source:     ['Vorig', 'jaar', 'liet', 'ik', 'deze', 'twee', "dia's", 'zien', 'om', 'aan', '', 'te', 'tonen', 'dat', 'de', 'poolijskap,', '', 'die', 'de', 'afgelopen', 'drie', 'miljoen', 'jaar', '', 'ongeveer', 'de', 'grootte', 'had', 'van', 'het', 'vasteland', 'van', 'de', 'VS,', '', 'met', '40%', 'gekrompen', 'was.']
2026-05-27 14:39:27,884 - DEBUG - joeynmt.training - 	Tokenized reference:  ['Last', 'year', 'I', 'showed', 'these', 'two', 'slides', 'so', 'that', 'demonstrate', 'that', 'the', 'arctic', 'ice', 'cap,', 'which', 'for', 'most', 'of', 'the', 'last', 'three', 'million', 'years', 'has', 'been', 'the', 'size', 'of', 'the', 'lower', '48', 'states,', 'has', 'shrunk', 'by', '40', 'percent.']
2026-05-27 14:39:27,884 - DEBUG - joeynmt.training - 	Tokenized hypothesis: ['<unk>', 'year', 'I', 'showed', 'these', 'two', '<unk>', 'to', '<unk>', 'to', 'show', 'you', 'that', 'the', '<unk>', '', 'that', 'the', '<unk>', '<unk>', '<unk>', 'the', 'last', 'three', 'million', 'years', 'of', 'the', 'size', 'of', 'the', '<unk>', '<unk>', '<unk>', '</s>']
2026-05-27 14:39:27,884 - INFO - joeynmt.training - 	Source:     Vorig jaar liet ik deze twee dia's zien om aan  te tonen dat de poolijskap,  die de afgelopen drie miljoen jaar  ongeveer de grootte had van het vasteland van de VS,  met 40% gekrompen was.
2026-05-27 14:39:27,884 - INFO - joeynmt.training - 	Reference:  Last year I showed these two slides so that demonstrate that the arctic ice cap, which for most of the last three million years has been the size of the lower 48 states, has shrunk by 40 percent.
2026-05-27 14:39:27,884 - INFO - joeynmt.training - 	Hypothesis: <unk> year I showed these two <unk> to <unk> to show you that the <unk>  that the <unk> <unk> <unk> the last three million years of the size of the <unk> <unk> <unk>
2026-05-27 14:39:27,884 - INFO - joeynmt.training - Example #1
2026-05-27 14:39:27,884 - DEBUG - joeynmt.training - 	Tokenized source:     ['Maar', 'dit', 'onderschat', 'eigenlijk', 'de', 'ernst', 'van', 'dit', 'specifieke', 'probleem', '', 'omdat', 'het', 'niet', 'de', 'dikte', 'van', 'het', 'ijs', 'laat', 'zien.']
2026-05-27 14:39:27,884 - DEBUG - joeynmt.training - 	Tokenized reference:  ['But', 'this', 'understates', 'the', 'seriousness', 'of', 'this', 'particular', 'problem', 'because', 'it', "doesn't", 'show', 'the', 'thickness', 'of', 'the', 'ice.']
2026-05-27 14:39:27,884 - DEBUG - joeynmt.training - 	Tokenized hypothesis: ['But', 'this', 'is', 'actually', 'the', '<unk>', 'of', 'this', 'particular', 'problem.', '', 'because', 'it', "doesn't", 'show', 'the', '<unk>', 'of', 'the', '<unk>', '</s>']
2026-05-27 14:39:27,885 - INFO - joeynmt.training - 	Source:     Maar dit onderschat eigenlijk de ernst van dit specifieke probleem  omdat het niet de dikte van het ijs laat zien.
2026-05-27 14:39:27,885 - INFO - joeynmt.training - 	Reference:  But this understates the seriousness of this particular problem because it doesn't show the thickness of the ice.
2026-05-27 14:39:27,885 - INFO - joeynmt.training - 	Hypothesis: But this is actually the <unk> of this particular problem.  because it doesn't show the <unk> of the <unk>
2026-05-27 14:39:27,885 - INFO - joeynmt.training - Example #2
2026-05-27 14:39:27,885 - DEBUG - joeynmt.training - 	Tokenized source:     ['De', 'ijskap', 'op', 'de', 'Noordpool', 'is', 'in', 'zekere', 'zin', '', 'het', 'kloppend', 'hart', 'van', 'ons', 'globaal', 'klimaatsysteem.']
2026-05-27 14:39:27,885 - DEBUG - joeynmt.training - 	Tokenized reference:  ['The', 'arctic', 'ice', 'cap', 'is,', 'in', 'a', 'sense,', 'the', 'beating', 'heart', 'of', 'the', 'global', 'climate', 'system.']
2026-05-27 14:39:27,885 - DEBUG - joeynmt.training - 	Tokenized hypothesis: ['The', '<unk>', 'on', 'the', '<unk>', 'is', 'in', 'some', 'sense', 'of', 'the', '<unk>', '<unk>', '<unk>', '</s>']
2026-05-27 14:39:27,885 - INFO - joeynmt.training - 	Source:     De ijskap op de Noordpool is in zekere zin  het kloppend hart van ons globaal klimaatsysteem.
2026-05-27 14:39:27,885 - INFO - joeynmt.training - 	Reference:  The arctic ice cap is, in a sense, the beating heart of the global climate system.
2026-05-27 14:39:27,885 - INFO - joeynmt.training - 	Hypothesis: The <unk> on the <unk> is in some sense of the <unk> <unk> <unk>
2026-05-27 14:39:27,885 - INFO - joeynmt.training - Example #3
2026-05-27 14:39:27,885 - DEBUG - joeynmt.training - 	Tokenized source:     ['Het', 'zet', 'uit', 'in', 'de', 'winter', 'en', 'krimpt', 'in', 'de', 'zomer.']
2026-05-27 14:39:27,885 - DEBUG - joeynmt.training - 	Tokenized reference:  ['It', 'expands', 'in', 'winter', 'and', 'contracts', 'in', 'summer.']
2026-05-27 14:39:27,886 - DEBUG - joeynmt.training - 	Tokenized hypothesis: ['It', '<unk>', 'in', 'the', '<unk>', 'and', '<unk>', 'in', 'the', '<unk>', '</s>']
2026-05-27 14:39:27,886 - INFO - joeynmt.training - 	Source:     Het zet uit in de winter en krimpt in de zomer.
2026-05-27 14:39:27,886 - INFO - joeynmt.training - 	Reference:  It expands in winter and contracts in summer.
2026-05-27 14:39:27,886 - INFO - joeynmt.training - 	Hypothesis: It <unk> in the <unk> and <unk> in the <unk>
2026-05-27 14:39:27,886 - INFO - joeynmt.training - Example #4
2026-05-27 14:39:27,886 - DEBUG - joeynmt.training - 	Tokenized source:     ['De', 'volgende', 'dia', 'die', 'ik', 'laat', 'zien', '', 'is', 'een', 'versnelde', 'versie', 'van', 'wat', 'er', 'de', 'afgelopen', '25', 'jaar', 'is', 'gebeurd.']
2026-05-27 14:39:27,886 - DEBUG - joeynmt.training - 	Tokenized reference:  ['The', 'next', 'slide', 'I', 'show', 'you', 'will', 'be', 'a', 'rapid', 'fast-forward', 'of', "what's", 'happened', 'over', 'the', 'last', '25', 'years.']
2026-05-27 14:39:27,886 - DEBUG - joeynmt.training - 	Tokenized hypothesis: ['The', 'next', '<unk>', 'I', 'show', 'you', 'is', 'a', '<unk>', 'version', 'of', 'what', 'there', 'was', 'the', 'last', '25', 'years', 'of', "what's", 'going', 'to', 'have', 'in', 'the', 'last', '25', 'years.', '</s>']
2026-05-27 14:39:27,886 - INFO - joeynmt.training - 	Source:     De volgende dia die ik laat zien  is een versnelde versie van wat er de afgelopen 25 jaar is gebeurd.
2026-05-27 14:39:27,886 - INFO - joeynmt.training - 	Reference:  The next slide I show you will be a rapid fast-forward of what's happened over the last 25 years.
2026-05-27 14:39:27,886 - INFO - joeynmt.training - 	Hypothesis: The next <unk> I show you is a <unk> version of what there was the last 25 years of what's going to have in the last 25 years.
2026-05-27 14:39:43,855 - INFO - joeynmt.training - Epoch   6, Step:    13100, Batch Loss:     1.453500, Batch Acc: 0.570585, Tokens per Sec:     4271, Lr: 0.000300
2026-05-27 14:39:57,724 - INFO - joeynmt.training - Epoch   6, Step:    13200, Batch Loss:     1.269455, Batch Acc: 0.566518, Tokens per Sec:     4965, Lr: 0.000300
2026-05-27 14:40:11,964 - INFO - joeynmt.training - Epoch   6, Step:    13300, Batch Loss:     1.421360, Batch Acc: 0.566253, Tokens per Sec:     4920, Lr: 0.000300
2026-05-27 14:40:33,260 - INFO - joeynmt.training - Epoch   6, Step:    13400, Batch Loss:     1.607533, Batch Acc: 0.568037, Tokens per Sec:     3252, Lr: 0.000300
2026-05-27 14:40:55,819 - INFO - joeynmt.training - Epoch   6, Step:    13500, Batch Loss:     1.385526, Batch Acc: 0.573140, Tokens per Sec:     3038, Lr: 0.000300
2026-05-27 14:40:55,820 - WARNING - joeynmt.helpers - `alpha` option is obsolete. Please use `beam_alpha`, instead.
2026-05-27 14:40:55,820 - INFO - joeynmt.prediction - Predicting 1003 example(s)... (Greedy decoding with min_output_length=1, max_output_length=-1, return_prob='none', generate_unk=True, repetition_penalty=-1, no_repeat_ngram_size=-1)
2026-05-27 14:41:21,283 - INFO - joeynmt.prediction - Evaluation result (greedy) loss:   1.92, ppl:   6.82, acc:   0.44, generation: 25.2776[sec], evaluation: 0.0000[sec]
2026-05-27 14:41:21,321 - INFO - joeynmt.training - Example #0
2026-05-27 14:41:21,322 - DEBUG - joeynmt.training - 	Tokenized source:     ['Vorig', 'jaar', 'liet', 'ik', 'deze', 'twee', "dia's", 'zien', 'om', 'aan', '', 'te', 'tonen', 'dat', 'de', 'poolijskap,', '', 'die', 'de', 'afgelopen', 'drie', 'miljoen', 'jaar', '', 'ongeveer', 'de', 'grootte', 'had', 'van', 'het', 'vasteland', 'van', 'de', 'VS,', '', 'met', '40%', 'gekrompen', 'was.']
2026-05-27 14:41:21,322 - DEBUG - joeynmt.training - 	Tokenized reference:  ['Last', 'year', 'I', 'showed', 'these', 'two', 'slides', 'so', 'that', 'demonstrate', 'that', 'the', 'arctic', 'ice', 'cap,', 'which', 'for', 'most', 'of', 'the', 'last', 'three', 'million', 'years', 'has', 'been', 'the', 'size', 'of', 'the', 'lower', '48', 'states,', 'has', 'shrunk', 'by', '40', 'percent.']
2026-05-27 14:41:21,322 - DEBUG - joeynmt.training - 	Tokenized hypothesis: ['<unk>', 'years', 'I', 'showed', 'these', 'two', '<unk>', 'to', 'show', 'you', 'this', '<unk>', 'to', 'show', 'the', '<unk>', '', 'that', 'the', '<unk>', '<unk>', '', 'that', 'the', 'last', 'three', 'million', 'years', 'of', 'the', 'size', 'of', 'the', '<unk>', '<unk>', 'was', '<unk>', '</s>']
2026-05-27 14:41:21,322 - INFO - joeynmt.training - 	Source:     Vorig jaar liet ik deze twee dia's zien om aan  te tonen dat de poolijskap,  die de afgelopen drie miljoen jaar  ongeveer de grootte had van het vasteland van de VS,  met 40% gekrompen was.
2026-05-27 14:41:21,322 - INFO - joeynmt.training - 	Reference:  Last year I showed these two slides so that demonstrate that the arctic ice cap, which for most of the last three million years has been the size of the lower 48 states, has shrunk by 40 percent.
2026-05-27 14:41:21,322 - INFO - joeynmt.training - 	Hypothesis: <unk> years I showed these two <unk> to show you this <unk> to show the <unk>  that the <unk> <unk>  that the last three million years of the size of the <unk> <unk> was <unk>
2026-05-27 14:41:21,322 - INFO - joeynmt.training - Example #1
2026-05-27 14:41:21,322 - DEBUG - joeynmt.training - 	Tokenized source:     ['Maar', 'dit', 'onderschat', 'eigenlijk', 'de', 'ernst', 'van', 'dit', 'specifieke', 'probleem', '', 'omdat', 'het', 'niet', 'de', 'dikte', 'van', 'het', 'ijs', 'laat', 'zien.']
2026-05-27 14:41:21,322 - DEBUG - joeynmt.training - 	Tokenized reference:  ['But', 'this', 'understates', 'the', 'seriousness', 'of', 'this', 'particular', 'problem', 'because', 'it', "doesn't", 'show', 'the', 'thickness', 'of', 'the', 'ice.']
2026-05-27 14:41:21,322 - DEBUG - joeynmt.training - 	Tokenized hypothesis: ['But', 'this', 'is', 'actually', 'the', '<unk>', 'of', 'this', 'particular', 'problem', '--', '', 'because', 'it', "doesn't", 'show', 'the', '<unk>', 'of', 'the', '<unk>', '</s>']
2026-05-27 14:41:21,323 - INFO - joeynmt.training - 	Source:     Maar dit onderschat eigenlijk de ernst van dit specifieke probleem  omdat het niet de dikte van het ijs laat zien.
2026-05-27 14:41:21,323 - INFO - joeynmt.training - 	Reference:  But this understates the seriousness of this particular problem because it doesn't show the thickness of the ice.
2026-05-27 14:41:21,323 - INFO - joeynmt.training - 	Hypothesis: But this is actually the <unk> of this particular problem --  because it doesn't show the <unk> of the <unk>
2026-05-27 14:41:21,323 - INFO - joeynmt.training - Example #2
2026-05-27 14:41:21,323 - DEBUG - joeynmt.training - 	Tokenized source:     ['De', 'ijskap', 'op', 'de', 'Noordpool', 'is', 'in', 'zekere', 'zin', '', 'het', 'kloppend', 'hart', 'van', 'ons', 'globaal', 'klimaatsysteem.']
2026-05-27 14:41:21,323 - DEBUG - joeynmt.training - 	Tokenized reference:  ['The', 'arctic', 'ice', 'cap', 'is,', 'in', 'a', 'sense,', 'the', 'beating', 'heart', 'of', 'the', 'global', 'climate', 'system.']
2026-05-27 14:41:21,323 - DEBUG - joeynmt.training - 	Tokenized hypothesis: ['The', '<unk>', 'on', 'the', '<unk>', 'is', 'in', 'a', 'certain', 'sense,', '', 'the', '<unk>', 'heart', 'of', 'our', '<unk>', '</s>']
2026-05-27 14:41:21,323 - INFO - joeynmt.training - 	Source:     De ijskap op de Noordpool is in zekere zin  het kloppend hart van ons globaal klimaatsysteem.
2026-05-27 14:41:21,323 - INFO - joeynmt.training - 	Reference:  The arctic ice cap is, in a sense, the beating heart of the global climate system.
2026-05-27 14:41:21,323 - INFO - joeynmt.training - 	Hypothesis: The <unk> on the <unk> is in a certain sense,  the <unk> heart of our <unk>
2026-05-27 14:41:21,323 - INFO - joeynmt.training - Example #3
2026-05-27 14:41:21,323 - DEBUG - joeynmt.training - 	Tokenized source:     ['Het', 'zet', 'uit', 'in', 'de', 'winter', 'en', 'krimpt', 'in', 'de', 'zomer.']
2026-05-27 14:41:21,323 - DEBUG - joeynmt.training - 	Tokenized reference:  ['It', 'expands', 'in', 'winter', 'and', 'contracts', 'in', 'summer.']
2026-05-27 14:41:21,323 - DEBUG - joeynmt.training - 	Tokenized hypothesis: ['It', '<unk>', 'in', 'the', '<unk>', 'and', '<unk>', 'in', 'the', '<unk>', '</s>']
2026-05-27 14:41:21,324 - INFO - joeynmt.training - 	Source:     Het zet uit in de winter en krimpt in de zomer.
2026-05-27 14:41:21,324 - INFO - joeynmt.training - 	Reference:  It expands in winter and contracts in summer.
2026-05-27 14:41:21,324 - INFO - joeynmt.training - 	Hypothesis: It <unk> in the <unk> and <unk> in the <unk>
2026-05-27 14:41:21,324 - INFO - joeynmt.training - Example #4
2026-05-27 14:41:21,324 - DEBUG - joeynmt.training - 	Tokenized source:     ['De', 'volgende', 'dia', 'die', 'ik', 'laat', 'zien', '', 'is', 'een', 'versnelde', 'versie', 'van', 'wat', 'er', 'de', 'afgelopen', '25', 'jaar', 'is', 'gebeurd.']
2026-05-27 14:41:21,324 - DEBUG - joeynmt.training - 	Tokenized reference:  ['The', 'next', 'slide', 'I', 'show', 'you', 'will', 'be', 'a', 'rapid', 'fast-forward', 'of', "what's", 'happened', 'over', 'the', 'last', '25', 'years.']
2026-05-27 14:41:21,324 - DEBUG - joeynmt.training - 	Tokenized hypothesis: ['The', 'next', '<unk>', 'that', "I'm", 'going', 'to', 'show', '', 'is', 'a', '<unk>', 'version', 'of', 'what', 'is', 'there', 'the', 'last', '25', 'years.', '</s>']
2026-05-27 14:41:21,324 - INFO - joeynmt.training - 	Source:     De volgende dia die ik laat zien  is een versnelde versie van wat er de afgelopen 25 jaar is gebeurd.
2026-05-27 14:41:21,324 - INFO - joeynmt.training - 	Reference:  The next slide I show you will be a rapid fast-forward of what's happened over the last 25 years.
2026-05-27 14:41:21,324 - INFO - joeynmt.training - 	Hypothesis: The next <unk> that I'm going to show  is a <unk> version of what is there the last 25 years.
2026-05-27 14:41:40,832 - INFO - joeynmt.training - Epoch   6, Step:    13600, Batch Loss:     1.385807, Batch Acc: 0.568748, Tokens per Sec:     3605, Lr: 0.000300
2026-05-27 14:41:57,384 - INFO - joeynmt.training - Epoch   6, Step:    13700, Batch Loss:     1.368991, Batch Acc: 0.570035, Tokens per Sec:     4000, Lr: 0.000300
2026-05-27 14:42:14,003 - INFO - joeynmt.training - Epoch   6, Step:    13800, Batch Loss:     1.604745, Batch Acc: 0.563991, Tokens per Sec:     4168, Lr: 0.000300
2026-05-27 14:42:34,274 - INFO - joeynmt.training - Epoch   6, Step:    13900, Batch Loss:     1.557800, Batch Acc: 0.569792, Tokens per Sec:     3334, Lr: 0.000300
2026-05-27 14:42:50,235 - INFO - joeynmt.training - Epoch   6, Step:    14000, Batch Loss:     1.419342, Batch Acc: 0.561469, Tokens per Sec:     4228, Lr: 0.000300
2026-05-27 14:42:50,236 - WARNING - joeynmt.helpers - `alpha` option is obsolete. Please use `beam_alpha`, instead.
2026-05-27 14:42:50,236 - INFO - joeynmt.prediction - Predicting 1003 example(s)... (Greedy decoding with min_output_length=1, max_output_length=-1, return_prob='none', generate_unk=True, repetition_penalty=-1, no_repeat_ngram_size=-1)
2026-05-27 14:43:11,673 - INFO - joeynmt.prediction - Evaluation result (greedy) loss:   1.90, ppl:   6.72, acc:   0.44, generation: 21.4225[sec], evaluation: 0.0000[sec]
2026-05-27 14:43:11,974 - INFO - joeynmt.helpers - delete models/tf_word_nl_en/7500.ckpt
2026-05-27 14:43:11,978 - INFO - joeynmt.training - Example #0
2026-05-27 14:43:11,978 - DEBUG - joeynmt.training - 	Tokenized source:     ['Vorig', 'jaar', 'liet', 'ik', 'deze', 'twee', "dia's", 'zien', 'om', 'aan', '', 'te', 'tonen', 'dat', 'de', 'poolijskap,', '', 'die', 'de', 'afgelopen', 'drie', 'miljoen', 'jaar', '', 'ongeveer', 'de', 'grootte', 'had', 'van', 'het', 'vasteland', 'van', 'de', 'VS,', '', 'met', '40%', 'gekrompen', 'was.']
2026-05-27 14:43:11,978 - DEBUG - joeynmt.training - 	Tokenized reference:  ['Last', 'year', 'I', 'showed', 'these', 'two', 'slides', 'so', 'that', 'demonstrate', 'that', 'the', 'arctic', 'ice', 'cap,', 'which', 'for', 'most', 'of', 'the', 'last', 'three', 'million', 'years', 'has', 'been', 'the', 'size', 'of', 'the', 'lower', '48', 'states,', 'has', 'shrunk', 'by', '40', 'percent.']
2026-05-27 14:43:11,978 - DEBUG - joeynmt.training - 	Tokenized hypothesis: ['<unk>', 'years', 'I', 'showed', 'these', 'two', '<unk>', 'to', 'show', 'up', 'with', 'the', '<unk>', '', 'that', 'the', '<unk>', '', 'that', 'the', '<unk>', '<unk>', 'in', 'the', 'last', 'three', 'million', 'years', 'had', 'been', 'the', 'size', 'of', 'the', '<unk>', '', 'with', '<unk>', '<unk>', '<unk>', '<unk>', '</s>']
2026-05-27 14:43:11,978 - INFO - joeynmt.training - 	Source:     Vorig jaar liet ik deze twee dia's zien om aan  te tonen dat de poolijskap,  die de afgelopen drie miljoen jaar  ongeveer de grootte had van het vasteland van de VS,  met 40% gekrompen was.
2026-05-27 14:43:11,978 - INFO - joeynmt.training - 	Reference:  Last year I showed these two slides so that demonstrate that the arctic ice cap, which for most of the last three million years has been the size of the lower 48 states, has shrunk by 40 percent.
2026-05-27 14:43:11,978 - INFO - joeynmt.training - 	Hypothesis: <unk> years I showed these two <unk> to show up with the <unk>  that the <unk>  that the <unk> <unk> in the last three million years had been the size of the <unk>  with <unk> <unk> <unk> <unk>
2026-05-27 14:43:11,978 - INFO - joeynmt.training - Example #1
2026-05-27 14:43:11,978 - DEBUG - joeynmt.training - 	Tokenized source:     ['Maar', 'dit', 'onderschat', 'eigenlijk', 'de', 'ernst', 'van', 'dit', 'specifieke', 'probleem', '', 'omdat', 'het', 'niet', 'de', 'dikte', 'van', 'het', 'ijs', 'laat', 'zien.']
2026-05-27 14:43:11,978 - DEBUG - joeynmt.training - 	Tokenized reference:  ['But', 'this', 'understates', 'the', 'seriousness', 'of', 'this', 'particular', 'problem', 'because', 'it', "doesn't", 'show', 'the', 'thickness', 'of', 'the', 'ice.']
2026-05-27 14:43:11,978 - DEBUG - joeynmt.training - 	Tokenized hypothesis: ['But', 'this', 'is', 'actually', 'the', '<unk>', 'of', 'this', 'particular', 'problem', '--', 'because', 'it', "doesn't", 'show', 'the', '<unk>', 'of', 'the', 'ice', '<unk>', '</s>']
2026-05-27 14:43:11,979 - INFO - joeynmt.training - 	Source:     Maar dit onderschat eigenlijk de ernst van dit specifieke probleem  omdat het niet de dikte van het ijs laat zien.
2026-05-27 14:43:11,979 - INFO - joeynmt.training - 	Reference:  But this understates the seriousness of this particular problem because it doesn't show the thickness of the ice.
2026-05-27 14:43:11,979 - INFO - joeynmt.training - 	Hypothesis: But this is actually the <unk> of this particular problem -- because it doesn't show the <unk> of the ice <unk>
2026-05-27 14:43:11,979 - INFO - joeynmt.training - Example #2
2026-05-27 14:43:11,979 - DEBUG - joeynmt.training - 	Tokenized source:     ['De', 'ijskap', 'op', 'de', 'Noordpool', 'is', 'in', 'zekere', 'zin', '', 'het', 'kloppend', 'hart', 'van', 'ons', 'globaal', 'klimaatsysteem.']
2026-05-27 14:43:11,979 - DEBUG - joeynmt.training - 	Tokenized reference:  ['The', 'arctic', 'ice', 'cap', 'is,', 'in', 'a', 'sense,', 'the', 'beating', 'heart', 'of', 'the', 'global', 'climate', 'system.']
2026-05-27 14:43:11,979 - DEBUG - joeynmt.training - 	Tokenized hypothesis: ['The', '<unk>', 'on', 'the', '<unk>', 'is', 'in', 'some', 'sense,', '', 'the', '<unk>', 'heart', 'of', 'our', '<unk>', '<unk>', '</s>']
2026-05-27 14:43:11,979 - INFO - joeynmt.training - 	Source:     De ijskap op de Noordpool is in zekere zin  het kloppend hart van ons globaal klimaatsysteem.
2026-05-27 14:43:11,979 - INFO - joeynmt.training - 	Reference:  The arctic ice cap is, in a sense, the beating heart of the global climate system.
2026-05-27 14:43:11,979 - INFO - joeynmt.training - 	Hypothesis: The <unk> on the <unk> is in some sense,  the <unk> heart of our <unk> <unk>
2026-05-27 14:43:11,979 - INFO - joeynmt.training - Example #3
2026-05-27 14:43:11,979 - DEBUG - joeynmt.training - 	Tokenized source:     ['Het', 'zet', 'uit', 'in', 'de', 'winter', 'en', 'krimpt', 'in', 'de', 'zomer.']
2026-05-27 14:43:11,979 - DEBUG - joeynmt.training - 	Tokenized reference:  ['It', 'expands', 'in', 'winter', 'and', 'contracts', 'in', 'summer.']
2026-05-27 14:43:11,979 - DEBUG - joeynmt.training - 	Tokenized hypothesis: ['It', '<unk>', 'in', 'the', '<unk>', 'and', '<unk>', 'in', 'the', '<unk>', '</s>']
2026-05-27 14:43:11,980 - INFO - joeynmt.training - 	Source:     Het zet uit in de winter en krimpt in de zomer.
2026-05-27 14:43:11,980 - INFO - joeynmt.training - 	Reference:  It expands in winter and contracts in summer.
2026-05-27 14:43:11,980 - INFO - joeynmt.training - 	Hypothesis: It <unk> in the <unk> and <unk> in the <unk>
2026-05-27 14:43:11,980 - INFO - joeynmt.training - Example #4
2026-05-27 14:43:11,980 - DEBUG - joeynmt.training - 	Tokenized source:     ['De', 'volgende', 'dia', 'die', 'ik', 'laat', 'zien', '', 'is', 'een', 'versnelde', 'versie', 'van', 'wat', 'er', 'de', 'afgelopen', '25', 'jaar', 'is', 'gebeurd.']
2026-05-27 14:43:11,980 - DEBUG - joeynmt.training - 	Tokenized reference:  ['The', 'next', 'slide', 'I', 'show', 'you', 'will', 'be', 'a', 'rapid', 'fast-forward', 'of', "what's", 'happened', 'over', 'the', 'last', '25', 'years.']
2026-05-27 14:43:11,980 - DEBUG - joeynmt.training - 	Tokenized hypothesis: ['The', 'next', '<unk>', 'I', 'show', 'you', '', 'is', 'a', '<unk>', 'version', 'of', 'what', 'there', 'was', 'the', 'last', '25', 'years', '--', '</s>']
2026-05-27 14:43:11,980 - INFO - joeynmt.training - 	Source:     De volgende dia die ik laat zien  is een versnelde versie van wat er de afgelopen 25 jaar is gebeurd.
2026-05-27 14:43:11,980 - INFO - joeynmt.training - 	Reference:  The next slide I show you will be a rapid fast-forward of what's happened over the last 25 years.
2026-05-27 14:43:11,980 - INFO - joeynmt.training - 	Hypothesis: The next <unk> I show you  is a <unk> version of what there was the last 25 years --
2026-05-27 14:43:26,775 - INFO - joeynmt.training - Epoch   6, Step:    14100, Batch Loss:     1.341633, Batch Acc: 0.570683, Tokens per Sec:     4490, Lr: 0.000300
2026-05-27 14:43:42,145 - INFO - joeynmt.training - Epoch   6, Step:    14200, Batch Loss:     1.503875, Batch Acc: 0.565224, Tokens per Sec:     4493, Lr: 0.000300
2026-05-27 14:43:59,653 - INFO - joeynmt.training - Epoch   6, Step:    14300, Batch Loss:     1.329890, Batch Acc: 0.563490, Tokens per Sec:     3959, Lr: 0.000300
2026-05-27 14:44:14,972 - INFO - joeynmt.training - Epoch   6, Step:    14400, Batch Loss:     1.416479, Batch Acc: 0.565184, Tokens per Sec:     4358, Lr: 0.000300
2026-05-27 14:44:32,928 - INFO - joeynmt.training - Epoch   6, Step:    14500, Batch Loss:     1.427066, Batch Acc: 0.565569, Tokens per Sec:     3840, Lr: 0.000300
2026-05-27 14:44:32,929 - WARNING - joeynmt.helpers - `alpha` option is obsolete. Please use `beam_alpha`, instead.
2026-05-27 14:44:32,930 - INFO - joeynmt.prediction - Predicting 1003 example(s)... (Greedy decoding with min_output_length=1, max_output_length=-1, return_prob='none', generate_unk=True, repetition_penalty=-1, no_repeat_ngram_size=-1)
2026-05-27 14:44:45,776 - INFO - joeynmt.prediction - Evaluation result (greedy) loss:   1.87, ppl:   6.50, acc:   0.45, generation: 12.8352[sec], evaluation: 0.0000[sec]
2026-05-27 14:44:45,776 - INFO - joeynmt.training - Hooray! New best validation result [ppl]!
2026-05-27 14:44:45,961 - INFO - joeynmt.helpers - delete models/tf_word_nl_en/14000.ckpt
2026-05-27 14:44:45,962 - INFO - joeynmt.training - Example #0
2026-05-27 14:44:45,963 - DEBUG - joeynmt.training - 	Tokenized source:     ['Vorig', 'jaar', 'liet', 'ik', 'deze', 'twee', "dia's", 'zien', 'om', 'aan', '', 'te', 'tonen', 'dat', 'de', 'poolijskap,', '', 'die', 'de', 'afgelopen', 'drie', 'miljoen', 'jaar', '', 'ongeveer', 'de', 'grootte', 'had', 'van', 'het', 'vasteland', 'van', 'de', 'VS,', '', 'met', '40%', 'gekrompen', 'was.']
2026-05-27 14:44:45,963 - DEBUG - joeynmt.training - 	Tokenized reference:  ['Last', 'year', 'I', 'showed', 'these', 'two', 'slides', 'so', 'that', 'demonstrate', 'that', 'the', 'arctic', 'ice', 'cap,', 'which', 'for', 'most', 'of', 'the', 'last', 'three', 'million', 'years', 'has', 'been', 'the', 'size', 'of', 'the', 'lower', '48', 'states,', 'has', 'shrunk', 'by', '40', 'percent.']
2026-05-27 14:44:45,963 - DEBUG - joeynmt.training - 	Tokenized hypothesis: ['<unk>', 'years', 'I', 'showed', 'these', 'two', '<unk>', 'to', 'show', 'you', 'this', 'two', '<unk>', 'to', 'show', 'you', 'that', 'the', '<unk>', '', 'that', 'the', '<unk>', '<unk>', 'the', 'last', 'three', 'million', 'years', 'of', 'the', '<unk>', '<unk>', '</s>']
2026-05-27 14:44:45,963 - INFO - joeynmt.training - 	Source:     Vorig jaar liet ik deze twee dia's zien om aan  te tonen dat de poolijskap,  die de afgelopen drie miljoen jaar  ongeveer de grootte had van het vasteland van de VS,  met 40% gekrompen was.
2026-05-27 14:44:45,963 - INFO - joeynmt.training - 	Reference:  Last year I showed these two slides so that demonstrate that the arctic ice cap, which for most of the last three million years has been the size of the lower 48 states, has shrunk by 40 percent.
2026-05-27 14:44:45,963 - INFO - joeynmt.training - 	Hypothesis: <unk> years I showed these two <unk> to show you this two <unk> to show you that the <unk>  that the <unk> <unk> the last three million years of the <unk> <unk>
2026-05-27 14:44:45,963 - INFO - joeynmt.training - Example #1
2026-05-27 14:44:45,963 - DEBUG - joeynmt.training - 	Tokenized source:     ['Maar', 'dit', 'onderschat', 'eigenlijk', 'de', 'ernst', 'van', 'dit', 'specifieke', 'probleem', '', 'omdat', 'het', 'niet', 'de', 'dikte', 'van', 'het', 'ijs', 'laat', 'zien.']
2026-05-27 14:44:45,963 - DEBUG - joeynmt.training - 	Tokenized reference:  ['But', 'this', 'understates', 'the', 'seriousness', 'of', 'this', 'particular', 'problem', 'because', 'it', "doesn't", 'show', 'the', 'thickness', 'of', 'the', 'ice.']
2026-05-27 14:44:45,963 - DEBUG - joeynmt.training - 	Tokenized hypothesis: ['But', 'this', 'is', 'actually', 'the', '<unk>', 'of', 'this', 'particular', 'problem', '--', '', 'because', 'it', "doesn't", 'show', 'the', '<unk>', 'of', 'the', 'ice', '<unk>', '</s>']
2026-05-27 14:44:45,964 - INFO - joeynmt.training - 	Source:     Maar dit onderschat eigenlijk de ernst van dit specifieke probleem  omdat het niet de dikte van het ijs laat zien.
2026-05-27 14:44:45,964 - INFO - joeynmt.training - 	Reference:  But this understates the seriousness of this particular problem because it doesn't show the thickness of the ice.
2026-05-27 14:44:45,964 - INFO - joeynmt.training - 	Hypothesis: But this is actually the <unk> of this particular problem --  because it doesn't show the <unk> of the ice <unk>
2026-05-27 14:44:45,964 - INFO - joeynmt.training - Example #2
2026-05-27 14:44:45,964 - DEBUG - joeynmt.training - 	Tokenized source:     ['De', 'ijskap', 'op', 'de', 'Noordpool', 'is', 'in', 'zekere', 'zin', '', 'het', 'kloppend', 'hart', 'van', 'ons', 'globaal', 'klimaatsysteem.']
2026-05-27 14:44:45,964 - DEBUG - joeynmt.training - 	Tokenized reference:  ['The', 'arctic', 'ice', 'cap', 'is,', 'in', 'a', 'sense,', 'the', 'beating', 'heart', 'of', 'the', 'global', 'climate', 'system.']
2026-05-27 14:44:45,964 - DEBUG - joeynmt.training - 	Tokenized hypothesis: ['The', '<unk>', 'on', 'the', '<unk>', 'is', 'in', 'a', 'sense,', '', 'the', '<unk>', 'heart', 'of', 'our', '<unk>', '<unk>', '</s>']
2026-05-27 14:44:45,964 - INFO - joeynmt.training - 	Source:     De ijskap op de Noordpool is in zekere zin  het kloppend hart van ons globaal klimaatsysteem.
2026-05-27 14:44:45,964 - INFO - joeynmt.training - 	Reference:  The arctic ice cap is, in a sense, the beating heart of the global climate system.
2026-05-27 14:44:45,964 - INFO - joeynmt.training - 	Hypothesis: The <unk> on the <unk> is in a sense,  the <unk> heart of our <unk> <unk>
2026-05-27 14:44:45,964 - INFO - joeynmt.training - Example #3
2026-05-27 14:44:45,964 - DEBUG - joeynmt.training - 	Tokenized source:     ['Het', 'zet', 'uit', 'in', 'de', 'winter', 'en', 'krimpt', 'in', 'de', 'zomer.']
2026-05-27 14:44:45,964 - DEBUG - joeynmt.training - 	Tokenized reference:  ['It', 'expands', 'in', 'winter', 'and', 'contracts', 'in', 'summer.']
2026-05-27 14:44:45,964 - DEBUG - joeynmt.training - 	Tokenized hypothesis: ['It', '<unk>', 'in', 'the', '<unk>', 'and', '<unk>', 'in', 'the', '<unk>', '</s>']
2026-05-27 14:44:45,965 - INFO - joeynmt.training - 	Source:     Het zet uit in de winter en krimpt in de zomer.
2026-05-27 14:44:45,965 - INFO - joeynmt.training - 	Reference:  It expands in winter and contracts in summer.
2026-05-27 14:44:45,965 - INFO - joeynmt.training - 	Hypothesis: It <unk> in the <unk> and <unk> in the <unk>
2026-05-27 14:44:45,965 - INFO - joeynmt.training - Example #4
2026-05-27 14:44:45,965 - DEBUG - joeynmt.training - 	Tokenized source:     ['De', 'volgende', 'dia', 'die', 'ik', 'laat', 'zien', '', 'is', 'een', 'versnelde', 'versie', 'van', 'wat', 'er', 'de', 'afgelopen', '25', 'jaar', 'is', 'gebeurd.']
2026-05-27 14:44:45,965 - DEBUG - joeynmt.training - 	Tokenized reference:  ['The', 'next', 'slide', 'I', 'show', 'you', 'will', 'be', 'a', 'rapid', 'fast-forward', 'of', "what's", 'happened', 'over', 'the', 'last', '25', 'years.']
2026-05-27 14:44:45,965 - DEBUG - joeynmt.training - 	Tokenized hypothesis: ['The', 'next', '<unk>', 'I', 'show', 'you', 'a', '<unk>', 'version', 'of', 'what', 'there', 'was', '25', 'years.', '</s>']
2026-05-27 14:44:45,965 - INFO - joeynmt.training - 	Source:     De volgende dia die ik laat zien  is een versnelde versie van wat er de afgelopen 25 jaar is gebeurd.
2026-05-27 14:44:45,965 - INFO - joeynmt.training - 	Reference:  The next slide I show you will be a rapid fast-forward of what's happened over the last 25 years.
2026-05-27 14:44:45,965 - INFO - joeynmt.training - 	Hypothesis: The next <unk> I show you a <unk> version of what there was 25 years.
2026-05-27 14:45:07,269 - INFO - joeynmt.training - Epoch   6, Step:    14600, Batch Loss:     1.531876, Batch Acc: 0.567627, Tokens per Sec:     3144, Lr: 0.000300
2026-05-27 14:45:27,513 - INFO - joeynmt.training - Epoch   6, Step:    14700, Batch Loss:     1.477580, Batch Acc: 0.563246, Tokens per Sec:     3315, Lr: 0.000300
2026-05-27 14:45:45,788 - INFO - joeynmt.training - Epoch   6, Step:    14800, Batch Loss:     1.290350, Batch Acc: 0.567943, Tokens per Sec:     3683, Lr: 0.000300
2026-05-27 14:45:52,828 - INFO - joeynmt.training - Epoch   6: total training loss 3507.99
2026-05-27 14:45:52,829 - INFO - joeynmt.training - EPOCH 7
2026-05-27 14:46:07,441 - INFO - joeynmt.training - Epoch   7, Step:    14900, Batch Loss:     1.343945, Batch Acc: 0.581326, Tokens per Sec:     3146, Lr: 0.000300
2026-05-27 14:46:25,775 - INFO - joeynmt.training - Epoch   7, Step:    15000, Batch Loss:     1.179808, Batch Acc: 0.586616, Tokens per Sec:     3773, Lr: 0.000300
2026-05-27 14:46:25,776 - WARNING - joeynmt.helpers - `alpha` option is obsolete. Please use `beam_alpha`, instead.
2026-05-27 14:46:25,776 - INFO - joeynmt.prediction - Predicting 1003 example(s)... (Greedy decoding with min_output_length=1, max_output_length=-1, return_prob='none', generate_unk=True, repetition_penalty=-1, no_repeat_ngram_size=-1)
2026-05-27 14:46:52,312 - INFO - joeynmt.prediction - Evaluation result (greedy) loss:   1.90, ppl:   6.67, acc:   0.44, generation: 26.5254[sec], evaluation: 0.0000[sec]
2026-05-27 14:46:52,517 - INFO - joeynmt.helpers - delete models/tf_word_nl_en/12000.ckpt
2026-05-27 14:46:52,521 - INFO - joeynmt.training - Example #0
2026-05-27 14:46:52,521 - DEBUG - joeynmt.training - 	Tokenized source:     ['Vorig', 'jaar', 'liet', 'ik', 'deze', 'twee', "dia's", 'zien', 'om', 'aan', '', 'te', 'tonen', 'dat', 'de', 'poolijskap,', '', 'die', 'de', 'afgelopen', 'drie', 'miljoen', 'jaar', '', 'ongeveer', 'de', 'grootte', 'had', 'van', 'het', 'vasteland', 'van', 'de', 'VS,', '', 'met', '40%', 'gekrompen', 'was.']
2026-05-27 14:46:52,521 - DEBUG - joeynmt.training - 	Tokenized reference:  ['Last', 'year', 'I', 'showed', 'these', 'two', 'slides', 'so', 'that', 'demonstrate', 'that', 'the', 'arctic', 'ice', 'cap,', 'which', 'for', 'most', 'of', 'the', 'last', 'three', 'million', 'years', 'has', 'been', 'the', 'size', 'of', 'the', 'lower', '48', 'states,', 'has', 'shrunk', 'by', '40', 'percent.']
2026-05-27 14:46:52,521 - DEBUG - joeynmt.training - 	Tokenized hypothesis: ['<unk>', 'years', 'I', 'showed', 'these', 'two', '<unk>', 'to', 'show', 'you', 'that', 'the', '<unk>', '', 'that', 'the', '<unk>', '', 'that', 'the', '<unk>', '<unk>', 'had', 'three', 'million', 'years', 'of', 'the', 'size', 'of', 'the', '<unk>', '<unk>', '<unk>', '<unk>', '</s>']
2026-05-27 14:46:52,521 - INFO - joeynmt.training - 	Source:     Vorig jaar liet ik deze twee dia's zien om aan  te tonen dat de poolijskap,  die de afgelopen drie miljoen jaar  ongeveer de grootte had van het vasteland van de VS,  met 40% gekrompen was.
2026-05-27 14:46:52,521 - INFO - joeynmt.training - 	Reference:  Last year I showed these two slides so that demonstrate that the arctic ice cap, which for most of the last three million years has been the size of the lower 48 states, has shrunk by 40 percent.
2026-05-27 14:46:52,521 - INFO - joeynmt.training - 	Hypothesis: <unk> years I showed these two <unk> to show you that the <unk>  that the <unk>  that the <unk> <unk> had three million years of the size of the <unk> <unk> <unk> <unk>
2026-05-27 14:46:52,521 - INFO - joeynmt.training - Example #1
2026-05-27 14:46:52,521 - DEBUG - joeynmt.training - 	Tokenized source:     ['Maar', 'dit', 'onderschat', 'eigenlijk', 'de', 'ernst', 'van', 'dit', 'specifieke', 'probleem', '', 'omdat', 'het', 'niet', 'de', 'dikte', 'van', 'het', 'ijs', 'laat', 'zien.']
2026-05-27 14:46:52,521 - DEBUG - joeynmt.training - 	Tokenized reference:  ['But', 'this', 'understates', 'the', 'seriousness', 'of', 'this', 'particular', 'problem', 'because', 'it', "doesn't", 'show', 'the', 'thickness', 'of', 'the', 'ice.']
2026-05-27 14:46:52,521 - DEBUG - joeynmt.training - 	Tokenized hypothesis: ['But', 'this', 'actually', '<unk>', 'the', '<unk>', 'of', 'this', 'particular', 'problem', '', 'because', 'it', "doesn't", 'show', 'the', '<unk>', 'of', 'the', '<unk>', '</s>']
2026-05-27 14:46:52,522 - INFO - joeynmt.training - 	Source:     Maar dit onderschat eigenlijk de ernst van dit specifieke probleem  omdat het niet de dikte van het ijs laat zien.
2026-05-27 14:46:52,522 - INFO - joeynmt.training - 	Reference:  But this understates the seriousness of this particular problem because it doesn't show the thickness of the ice.
2026-05-27 14:46:52,522 - INFO - joeynmt.training - 	Hypothesis: But this actually <unk> the <unk> of this particular problem  because it doesn't show the <unk> of the <unk>
2026-05-27 14:46:52,522 - INFO - joeynmt.training - Example #2
2026-05-27 14:46:52,522 - DEBUG - joeynmt.training - 	Tokenized source:     ['De', 'ijskap', 'op', 'de', 'Noordpool', 'is', 'in', 'zekere', 'zin', '', 'het', 'kloppend', 'hart', 'van', 'ons', 'globaal', 'klimaatsysteem.']
2026-05-27 14:46:52,522 - DEBUG - joeynmt.training - 	Tokenized reference:  ['The', 'arctic', 'ice', 'cap', 'is,', 'in', 'a', 'sense,', 'the', 'beating', 'heart', 'of', 'the', 'global', 'climate', 'system.']
2026-05-27 14:46:52,522 - DEBUG - joeynmt.training - 	Tokenized hypothesis: ['The', '<unk>', 'on', 'the', '<unk>', 'is', 'in', 'some', 'sense,', '', 'the', '<unk>', 'heart', 'of', 'our', '<unk>', '<unk>', '</s>']
2026-05-27 14:46:52,522 - INFO - joeynmt.training - 	Source:     De ijskap op de Noordpool is in zekere zin  het kloppend hart van ons globaal klimaatsysteem.
2026-05-27 14:46:52,522 - INFO - joeynmt.training - 	Reference:  The arctic ice cap is, in a sense, the beating heart of the global climate system.
2026-05-27 14:46:52,522 - INFO - joeynmt.training - 	Hypothesis: The <unk> on the <unk> is in some sense,  the <unk> heart of our <unk> <unk>
2026-05-27 14:46:52,523 - INFO - joeynmt.training - Example #3
2026-05-27 14:46:52,523 - DEBUG - joeynmt.training - 	Tokenized source:     ['Het', 'zet', 'uit', 'in', 'de', 'winter', 'en', 'krimpt', 'in', 'de', 'zomer.']
2026-05-27 14:46:52,523 - DEBUG - joeynmt.training - 	Tokenized reference:  ['It', 'expands', 'in', 'winter', 'and', 'contracts', 'in', 'summer.']
2026-05-27 14:46:52,523 - DEBUG - joeynmt.training - 	Tokenized hypothesis: ['It', '<unk>', 'in', 'the', '<unk>', 'and', '<unk>', 'in', 'the', '<unk>', '</s>']
2026-05-27 14:46:52,523 - INFO - joeynmt.training - 	Source:     Het zet uit in de winter en krimpt in de zomer.
2026-05-27 14:46:52,523 - INFO - joeynmt.training - 	Reference:  It expands in winter and contracts in summer.
2026-05-27 14:46:52,523 - INFO - joeynmt.training - 	Hypothesis: It <unk> in the <unk> and <unk> in the <unk>
2026-05-27 14:46:52,523 - INFO - joeynmt.training - Example #4
2026-05-27 14:46:52,523 - DEBUG - joeynmt.training - 	Tokenized source:     ['De', 'volgende', 'dia', 'die', 'ik', 'laat', 'zien', '', 'is', 'een', 'versnelde', 'versie', 'van', 'wat', 'er', 'de', 'afgelopen', '25', 'jaar', 'is', 'gebeurd.']
2026-05-27 14:46:52,523 - DEBUG - joeynmt.training - 	Tokenized reference:  ['The', 'next', 'slide', 'I', 'show', 'you', 'will', 'be', 'a', 'rapid', 'fast-forward', 'of', "what's", 'happened', 'over', 'the', 'last', '25', 'years.']
2026-05-27 14:46:52,523 - DEBUG - joeynmt.training - 	Tokenized hypothesis: ['The', 'next', '<unk>', 'I', 'show', 'you', '', 'is', 'a', '<unk>', 'version', 'of', 'what', 'has', 'been', '<unk>', 'the', 'last', '25', 'years.', '</s>']
2026-05-27 14:46:52,524 - INFO - joeynmt.training - 	Source:     De volgende dia die ik laat zien  is een versnelde versie van wat er de afgelopen 25 jaar is gebeurd.
2026-05-27 14:46:52,524 - INFO - joeynmt.training - 	Reference:  The next slide I show you will be a rapid fast-forward of what's happened over the last 25 years.
2026-05-27 14:46:52,524 - INFO - joeynmt.training - 	Hypothesis: The next <unk> I show you  is a <unk> version of what has been <unk> the last 25 years.
2026-05-27 14:47:11,055 - INFO - joeynmt.training - Epoch   7, Step:    15100, Batch Loss:     1.332692, Batch Acc: 0.585072, Tokens per Sec:     3627, Lr: 0.000300
2026-05-27 14:47:31,235 - INFO - joeynmt.training - Epoch   7, Step:    15200, Batch Loss:     1.435928, Batch Acc: 0.584980, Tokens per Sec:     3385, Lr: 0.000300
2026-05-27 14:47:51,062 - INFO - joeynmt.training - Epoch   7, Step:    15300, Batch Loss:     1.323536, Batch Acc: 0.580335, Tokens per Sec:     3510, Lr: 0.000300
2026-05-27 14:48:09,830 - INFO - joeynmt.training - Epoch   7, Step:    15400, Batch Loss:     1.318089, Batch Acc: 0.580230, Tokens per Sec:     3681, Lr: 0.000300
2026-05-27 14:48:31,994 - INFO - joeynmt.training - Epoch   7, Step:    15500, Batch Loss:     1.204754, Batch Acc: 0.581559, Tokens per Sec:     3157, Lr: 0.000300
2026-05-27 14:48:31,995 - WARNING - joeynmt.helpers - `alpha` option is obsolete. Please use `beam_alpha`, instead.
2026-05-27 14:48:31,995 - INFO - joeynmt.prediction - Predicting 1003 example(s)... (Greedy decoding with min_output_length=1, max_output_length=-1, return_prob='none', generate_unk=True, repetition_penalty=-1, no_repeat_ngram_size=-1)
2026-05-27 14:49:00,367 - INFO - joeynmt.prediction - Evaluation result (greedy) loss:   1.91, ppl:   6.74, acc:   0.44, generation: 28.3591[sec], evaluation: 0.0000[sec]
2026-05-27 14:49:00,372 - INFO - joeynmt.training - Example #0
2026-05-27 14:49:00,372 - DEBUG - joeynmt.training - 	Tokenized source:     ['Vorig', 'jaar', 'liet', 'ik', 'deze', 'twee', "dia's", 'zien', 'om', 'aan', '', 'te', 'tonen', 'dat', 'de', 'poolijskap,', '', 'die', 'de', 'afgelopen', 'drie', 'miljoen', 'jaar', '', 'ongeveer', 'de', 'grootte', 'had', 'van', 'het', 'vasteland', 'van', 'de', 'VS,', '', 'met', '40%', 'gekrompen', 'was.']
2026-05-27 14:49:00,372 - DEBUG - joeynmt.training - 	Tokenized reference:  ['Last', 'year', 'I', 'showed', 'these', 'two', 'slides', 'so', 'that', 'demonstrate', 'that', 'the', 'arctic', 'ice', 'cap,', 'which', 'for', 'most', 'of', 'the', 'last', 'three', 'million', 'years', 'has', 'been', 'the', 'size', 'of', 'the', 'lower', '48', 'states,', 'has', 'shrunk', 'by', '40', 'percent.']
2026-05-27 14:49:00,373 - DEBUG - joeynmt.training - 	Tokenized hypothesis: ['<unk>', 'years', 'I', 'showed', 'these', 'two', '<unk>', 'to', 'show', 'you', 'that', 'the', '<unk>', '', 'that', 'the', '<unk>', '', 'who', 'had', 'the', '<unk>', '<unk>', 'over', 'the', 'last', 'three', 'million', 'years', 'of', 'the', '<unk>', '<unk>', '', 'with', '<unk>', '<unk>', '<unk>', '</s>']
2026-05-27 14:49:00,373 - INFO - joeynmt.training - 	Source:     Vorig jaar liet ik deze twee dia's zien om aan  te tonen dat de poolijskap,  die de afgelopen drie miljoen jaar  ongeveer de grootte had van het vasteland van de VS,  met 40% gekrompen was.
2026-05-27 14:49:00,373 - INFO - joeynmt.training - 	Reference:  Last year I showed these two slides so that demonstrate that the arctic ice cap, which for most of the last three million years has been the size of the lower 48 states, has shrunk by 40 percent.
2026-05-27 14:49:00,373 - INFO - joeynmt.training - 	Hypothesis: <unk> years I showed these two <unk> to show you that the <unk>  that the <unk>  who had the <unk> <unk> over the last three million years of the <unk> <unk>  with <unk> <unk> <unk>
2026-05-27 14:49:00,373 - INFO - joeynmt.training - Example #1
2026-05-27 14:49:00,373 - DEBUG - joeynmt.training - 	Tokenized source:     ['Maar', 'dit', 'onderschat', 'eigenlijk', 'de', 'ernst', 'van', 'dit', 'specifieke', 'probleem', '', 'omdat', 'het', 'niet', 'de', 'dikte', 'van', 'het', 'ijs', 'laat', 'zien.']
2026-05-27 14:49:00,373 - DEBUG - joeynmt.training - 	Tokenized reference:  ['But', 'this', 'understates', 'the', 'seriousness', 'of', 'this', 'particular', 'problem', 'because', 'it', "doesn't", 'show', 'the', 'thickness', 'of', 'the', 'ice.']
2026-05-27 14:49:00,374 - DEBUG - joeynmt.training - 	Tokenized hypothesis: ['But', 'this', 'actually', '<unk>', 'the', '<unk>', 'of', 'this', 'particular', 'problem', '--', '', 'because', 'it', "doesn't", 'show', 'the', '<unk>', 'of', 'the', 'ice', '<unk>', '</s>']
2026-05-27 14:49:00,374 - INFO - joeynmt.training - 	Source:     Maar dit onderschat eigenlijk de ernst van dit specifieke probleem  omdat het niet de dikte van het ijs laat zien.
2026-05-27 14:49:00,374 - INFO - joeynmt.training - 	Reference:  But this understates the seriousness of this particular problem because it doesn't show the thickness of the ice.
2026-05-27 14:49:00,374 - INFO - joeynmt.training - 	Hypothesis: But this actually <unk> the <unk> of this particular problem --  because it doesn't show the <unk> of the ice <unk>
2026-05-27 14:49:00,374 - INFO - joeynmt.training - Example #2
2026-05-27 14:49:00,374 - DEBUG - joeynmt.training - 	Tokenized source:     ['De', 'ijskap', 'op', 'de', 'Noordpool', 'is', 'in', 'zekere', 'zin', '', 'het', 'kloppend', 'hart', 'van', 'ons', 'globaal', 'klimaatsysteem.']
2026-05-27 14:49:00,374 - DEBUG - joeynmt.training - 	Tokenized reference:  ['The', 'arctic', 'ice', 'cap', 'is,', 'in', 'a', 'sense,', 'the', 'beating', 'heart', 'of', 'the', 'global', 'climate', 'system.']
2026-05-27 14:49:00,374 - DEBUG - joeynmt.training - 	Tokenized hypothesis: ['The', '<unk>', 'on', 'the', '<unk>', 'is', 'in', 'some', 'sense,', '', 'the', '<unk>', 'heart', 'of', 'our', '<unk>', '<unk>', '</s>']
2026-05-27 14:49:00,375 - INFO - joeynmt.training - 	Source:     De ijskap op de Noordpool is in zekere zin  het kloppend hart van ons globaal klimaatsysteem.
2026-05-27 14:49:00,375 - INFO - joeynmt.training - 	Reference:  The arctic ice cap is, in a sense, the beating heart of the global climate system.
2026-05-27 14:49:00,375 - INFO - joeynmt.training - 	Hypothesis: The <unk> on the <unk> is in some sense,  the <unk> heart of our <unk> <unk>
2026-05-27 14:49:00,375 - INFO - joeynmt.training - Example #3
2026-05-27 14:49:00,375 - DEBUG - joeynmt.training - 	Tokenized source:     ['Het', 'zet', 'uit', 'in', 'de', 'winter', 'en', 'krimpt', 'in', 'de', 'zomer.']
2026-05-27 14:49:00,375 - DEBUG - joeynmt.training - 	Tokenized reference:  ['It', 'expands', 'in', 'winter', 'and', 'contracts', 'in', 'summer.']
2026-05-27 14:49:00,375 - DEBUG - joeynmt.training - 	Tokenized hypothesis: ['It', '<unk>', 'in', 'the', '<unk>', 'and', '<unk>', 'in', 'the', '<unk>', '</s>']
2026-05-27 14:49:00,376 - INFO - joeynmt.training - 	Source:     Het zet uit in de winter en krimpt in de zomer.
2026-05-27 14:49:00,376 - INFO - joeynmt.training - 	Reference:  It expands in winter and contracts in summer.
2026-05-27 14:49:00,376 - INFO - joeynmt.training - 	Hypothesis: It <unk> in the <unk> and <unk> in the <unk>
2026-05-27 14:49:00,376 - INFO - joeynmt.training - Example #4
2026-05-27 14:49:00,376 - DEBUG - joeynmt.training - 	Tokenized source:     ['De', 'volgende', 'dia', 'die', 'ik', 'laat', 'zien', '', 'is', 'een', 'versnelde', 'versie', 'van', 'wat', 'er', 'de', 'afgelopen', '25', 'jaar', 'is', 'gebeurd.']
2026-05-27 14:49:00,376 - DEBUG - joeynmt.training - 	Tokenized reference:  ['The', 'next', 'slide', 'I', 'show', 'you', 'will', 'be', 'a', 'rapid', 'fast-forward', 'of', "what's", 'happened', 'over', 'the', 'last', '25', 'years.']
2026-05-27 14:49:00,376 - DEBUG - joeynmt.training - 	Tokenized hypothesis: ['The', 'next', '<unk>', 'I', 'show', 'you', '--', '', 'is', 'a', '<unk>', 'version', 'of', "what's", 'happened', 'over', 'the', 'last', '25', 'years.', '</s>']
2026-05-27 14:49:00,377 - INFO - joeynmt.training - 	Source:     De volgende dia die ik laat zien  is een versnelde versie van wat er de afgelopen 25 jaar is gebeurd.
2026-05-27 14:49:00,377 - INFO - joeynmt.training - 	Reference:  The next slide I show you will be a rapid fast-forward of what's happened over the last 25 years.
2026-05-27 14:49:00,377 - INFO - joeynmt.training - 	Hypothesis: The next <unk> I show you --  is a <unk> version of what's happened over the last 25 years.
2026-05-27 14:49:20,506 - INFO - joeynmt.training - Epoch   7, Step:    15600, Batch Loss:     1.337443, Batch Acc: 0.583240, Tokens per Sec:     3421, Lr: 0.000300
2026-05-27 14:49:36,652 - INFO - joeynmt.training - Epoch   7, Step:    15700, Batch Loss:     1.326741, Batch Acc: 0.575115, Tokens per Sec:     4246, Lr: 0.000300
2026-05-27 14:49:52,155 - INFO - joeynmt.training - Epoch   7, Step:    15800, Batch Loss:     1.426487, Batch Acc: 0.575144, Tokens per Sec:     4483, Lr: 0.000300
2026-05-27 14:50:05,274 - INFO - joeynmt.training - Epoch   7, Step:    15900, Batch Loss:     1.358952, Batch Acc: 0.579243, Tokens per Sec:     5223, Lr: 0.000300
2026-05-27 14:50:18,740 - INFO - joeynmt.training - Epoch   7, Step:    16000, Batch Loss:     1.399621, Batch Acc: 0.581465, Tokens per Sec:     5023, Lr: 0.000300
2026-05-27 14:50:18,740 - WARNING - joeynmt.helpers - `alpha` option is obsolete. Please use `beam_alpha`, instead.
2026-05-27 14:50:18,741 - INFO - joeynmt.prediction - Predicting 1003 example(s)... (Greedy decoding with min_output_length=1, max_output_length=-1, return_prob='none', generate_unk=True, repetition_penalty=-1, no_repeat_ngram_size=-1)
2026-05-27 14:50:36,983 - INFO - joeynmt.prediction - Evaluation result (greedy) loss:   1.89, ppl:   6.61, acc:   0.44, generation: 18.2318[sec], evaluation: 0.0000[sec]
2026-05-27 14:50:37,241 - INFO - joeynmt.helpers - delete models/tf_word_nl_en/15000.ckpt
2026-05-27 14:50:37,241 - INFO - joeynmt.helpers - delete /Users/annajung/Desktop/MT/exercise_4/mt-exercise-04/models/tf_word_nl_en/15000.ckpt
2026-05-27 14:50:37,241 - WARNING - joeynmt.helpers - Wanted to delete old checkpoint /Users/annajung/Desktop/MT/exercise_4/mt-exercise-04/models/tf_word_nl_en/15000.ckpt but file does not exist. ([Errno 2] No such file or directory: '/Users/annajung/Desktop/MT/exercise_4/mt-exercise-04/models/tf_word_nl_en/15000.ckpt')
2026-05-27 14:50:37,242 - INFO - joeynmt.training - Example #0
2026-05-27 14:50:37,243 - DEBUG - joeynmt.training - 	Tokenized source:     ['Vorig', 'jaar', 'liet', 'ik', 'deze', 'twee', "dia's", 'zien', 'om', 'aan', '', 'te', 'tonen', 'dat', 'de', 'poolijskap,', '', 'die', 'de', 'afgelopen', 'drie', 'miljoen', 'jaar', '', 'ongeveer', 'de', 'grootte', 'had', 'van', 'het', 'vasteland', 'van', 'de', 'VS,', '', 'met', '40%', 'gekrompen', 'was.']
2026-05-27 14:50:37,243 - DEBUG - joeynmt.training - 	Tokenized reference:  ['Last', 'year', 'I', 'showed', 'these', 'two', 'slides', 'so', 'that', 'demonstrate', 'that', 'the', 'arctic', 'ice', 'cap,', 'which', 'for', 'most', 'of', 'the', 'last', 'three', 'million', 'years', 'has', 'been', 'the', 'size', 'of', 'the', 'lower', '48', 'states,', 'has', 'shrunk', 'by', '40', 'percent.']
2026-05-27 14:50:37,243 - DEBUG - joeynmt.training - 	Tokenized hypothesis: ['<unk>', 'years', 'I', 'showed', 'these', 'two', '<unk>', 'to', 'show', 'you', 'that', 'the', '<unk>', '', 'that', 'the', '<unk>', '', 'who', 'had', 'the', '<unk>', '<unk>', 'for', 'the', 'last', 'three', 'million', '', 'about', 'the', 'size', 'of', 'the', '<unk>', '<unk>', '<unk>', '<unk>', '</s>']
2026-05-27 14:50:37,244 - INFO - joeynmt.training - 	Source:     Vorig jaar liet ik deze twee dia's zien om aan  te tonen dat de poolijskap,  die de afgelopen drie miljoen jaar  ongeveer de grootte had van het vasteland van de VS,  met 40% gekrompen was.
2026-05-27 14:50:37,244 - INFO - joeynmt.training - 	Reference:  Last year I showed these two slides so that demonstrate that the arctic ice cap, which for most of the last three million years has been the size of the lower 48 states, has shrunk by 40 percent.
2026-05-27 14:50:37,244 - INFO - joeynmt.training - 	Hypothesis: <unk> years I showed these two <unk> to show you that the <unk>  that the <unk>  who had the <unk> <unk> for the last three million  about the size of the <unk> <unk> <unk> <unk>
2026-05-27 14:50:37,244 - INFO - joeynmt.training - Example #1
2026-05-27 14:50:37,244 - DEBUG - joeynmt.training - 	Tokenized source:     ['Maar', 'dit', 'onderschat', 'eigenlijk', 'de', 'ernst', 'van', 'dit', 'specifieke', 'probleem', '', 'omdat', 'het', 'niet', 'de', 'dikte', 'van', 'het', 'ijs', 'laat', 'zien.']
2026-05-27 14:50:37,244 - DEBUG - joeynmt.training - 	Tokenized reference:  ['But', 'this', 'understates', 'the', 'seriousness', 'of', 'this', 'particular', 'problem', 'because', 'it', "doesn't", 'show', 'the', 'thickness', 'of', 'the', 'ice.']
2026-05-27 14:50:37,244 - DEBUG - joeynmt.training - 	Tokenized hypothesis: ['But', 'this', 'is', 'actually', 'the', '<unk>', 'of', 'this', 'particular', 'problem', '--', 'because', 'it', "doesn't", 'show', 'the', '<unk>', 'of', 'the', 'ice', '<unk>', '</s>']
2026-05-27 14:50:37,244 - INFO - joeynmt.training - 	Source:     Maar dit onderschat eigenlijk de ernst van dit specifieke probleem  omdat het niet de dikte van het ijs laat zien.
2026-05-27 14:50:37,244 - INFO - joeynmt.training - 	Reference:  But this understates the seriousness of this particular problem because it doesn't show the thickness of the ice.
2026-05-27 14:50:37,244 - INFO - joeynmt.training - 	Hypothesis: But this is actually the <unk> of this particular problem -- because it doesn't show the <unk> of the ice <unk>
2026-05-27 14:50:37,244 - INFO - joeynmt.training - Example #2
2026-05-27 14:50:37,244 - DEBUG - joeynmt.training - 	Tokenized source:     ['De', 'ijskap', 'op', 'de', 'Noordpool', 'is', 'in', 'zekere', 'zin', '', 'het', 'kloppend', 'hart', 'van', 'ons', 'globaal', 'klimaatsysteem.']
2026-05-27 14:50:37,244 - DEBUG - joeynmt.training - 	Tokenized reference:  ['The', 'arctic', 'ice', 'cap', 'is,', 'in', 'a', 'sense,', 'the', 'beating', 'heart', 'of', 'the', 'global', 'climate', 'system.']
2026-05-27 14:50:37,244 - DEBUG - joeynmt.training - 	Tokenized hypothesis: ['The', '<unk>', 'on', 'the', '<unk>', 'is', 'in', 'a', 'sense,', '', 'the', '<unk>', 'heart', 'of', 'our', '<unk>', '<unk>', '</s>']
2026-05-27 14:50:37,245 - INFO - joeynmt.training - 	Source:     De ijskap op de Noordpool is in zekere zin  het kloppend hart van ons globaal klimaatsysteem.
2026-05-27 14:50:37,245 - INFO - joeynmt.training - 	Reference:  The arctic ice cap is, in a sense, the beating heart of the global climate system.
2026-05-27 14:50:37,245 - INFO - joeynmt.training - 	Hypothesis: The <unk> on the <unk> is in a sense,  the <unk> heart of our <unk> <unk>
2026-05-27 14:50:37,245 - INFO - joeynmt.training - Example #3
2026-05-27 14:50:37,245 - DEBUG - joeynmt.training - 	Tokenized source:     ['Het', 'zet', 'uit', 'in', 'de', 'winter', 'en', 'krimpt', 'in', 'de', 'zomer.']
2026-05-27 14:50:37,245 - DEBUG - joeynmt.training - 	Tokenized reference:  ['It', 'expands', 'in', 'winter', 'and', 'contracts', 'in', 'summer.']
2026-05-27 14:50:37,245 - DEBUG - joeynmt.training - 	Tokenized hypothesis: ['It', '<unk>', 'in', 'the', '<unk>', 'and', '<unk>', 'in', 'the', '<unk>', '</s>']
2026-05-27 14:50:37,245 - INFO - joeynmt.training - 	Source:     Het zet uit in de winter en krimpt in de zomer.
2026-05-27 14:50:37,245 - INFO - joeynmt.training - 	Reference:  It expands in winter and contracts in summer.
2026-05-27 14:50:37,245 - INFO - joeynmt.training - 	Hypothesis: It <unk> in the <unk> and <unk> in the <unk>
2026-05-27 14:50:37,245 - INFO - joeynmt.training - Example #4
2026-05-27 14:50:37,245 - DEBUG - joeynmt.training - 	Tokenized source:     ['De', 'volgende', 'dia', 'die', 'ik', 'laat', 'zien', '', 'is', 'een', 'versnelde', 'versie', 'van', 'wat', 'er', 'de', 'afgelopen', '25', 'jaar', 'is', 'gebeurd.']
2026-05-27 14:50:37,246 - DEBUG - joeynmt.training - 	Tokenized reference:  ['The', 'next', 'slide', 'I', 'show', 'you', 'will', 'be', 'a', 'rapid', 'fast-forward', 'of', "what's", 'happened', 'over', 'the', 'last', '25', 'years.']
2026-05-27 14:50:37,246 - DEBUG - joeynmt.training - 	Tokenized hypothesis: ['The', 'next', '<unk>', 'I', 'show', 'you', '', 'is', 'a', '<unk>', 'version', 'of', 'what', 'happened', 'over', 'the', 'last', '25', 'years.', '</s>']
2026-05-27 14:50:37,246 - INFO - joeynmt.training - 	Source:     De volgende dia die ik laat zien  is een versnelde versie van wat er de afgelopen 25 jaar is gebeurd.
2026-05-27 14:50:37,246 - INFO - joeynmt.training - 	Reference:  The next slide I show you will be a rapid fast-forward of what's happened over the last 25 years.
2026-05-27 14:50:37,246 - INFO - joeynmt.training - 	Hypothesis: The next <unk> I show you  is a <unk> version of what happened over the last 25 years.
2026-05-27 14:50:56,510 - INFO - joeynmt.training - Epoch   7, Step:    16100, Batch Loss:     1.499924, Batch Acc: 0.577594, Tokens per Sec:     3633, Lr: 0.000300
2026-05-27 14:51:16,199 - INFO - joeynmt.training - Epoch   7, Step:    16200, Batch Loss:     1.383391, Batch Acc: 0.576944, Tokens per Sec:     3526, Lr: 0.000300
2026-05-27 14:51:37,592 - INFO - joeynmt.training - Epoch   7, Step:    16300, Batch Loss:     1.477419, Batch Acc: 0.577538, Tokens per Sec:     3178, Lr: 0.000300
2026-05-27 14:51:57,331 - INFO - joeynmt.training - Epoch   7, Step:    16400, Batch Loss:     1.358751, Batch Acc: 0.571534, Tokens per Sec:     3500, Lr: 0.000300
2026-05-27 14:52:17,906 - INFO - joeynmt.training - Epoch   7, Step:    16500, Batch Loss:     1.433517, Batch Acc: 0.574926, Tokens per Sec:     3282, Lr: 0.000300
2026-05-27 14:52:17,908 - WARNING - joeynmt.helpers - `alpha` option is obsolete. Please use `beam_alpha`, instead.
2026-05-27 14:52:17,908 - INFO - joeynmt.prediction - Predicting 1003 example(s)... (Greedy decoding with min_output_length=1, max_output_length=-1, return_prob='none', generate_unk=True, repetition_penalty=-1, no_repeat_ngram_size=-1)
2026-05-27 14:52:40,463 - INFO - joeynmt.prediction - Evaluation result (greedy) loss:   1.89, ppl:   6.60, acc:   0.45, generation: 22.5454[sec], evaluation: 0.0000[sec]
2026-05-27 14:52:40,686 - INFO - joeynmt.helpers - delete models/tf_word_nl_en/9500.ckpt
2026-05-27 14:52:40,689 - INFO - joeynmt.training - Example #0
2026-05-27 14:52:40,689 - DEBUG - joeynmt.training - 	Tokenized source:     ['Vorig', 'jaar', 'liet', 'ik', 'deze', 'twee', "dia's", 'zien', 'om', 'aan', '', 'te', 'tonen', 'dat', 'de', 'poolijskap,', '', 'die', 'de', 'afgelopen', 'drie', 'miljoen', 'jaar', '', 'ongeveer', 'de', 'grootte', 'had', 'van', 'het', 'vasteland', 'van', 'de', 'VS,', '', 'met', '40%', 'gekrompen', 'was.']
2026-05-27 14:52:40,689 - DEBUG - joeynmt.training - 	Tokenized reference:  ['Last', 'year', 'I', 'showed', 'these', 'two', 'slides', 'so', 'that', 'demonstrate', 'that', 'the', 'arctic', 'ice', 'cap,', 'which', 'for', 'most', 'of', 'the', 'last', 'three', 'million', 'years', 'has', 'been', 'the', 'size', 'of', 'the', 'lower', '48', 'states,', 'has', 'shrunk', 'by', '40', 'percent.']
2026-05-27 14:52:40,689 - DEBUG - joeynmt.training - 	Tokenized hypothesis: ['<unk>', 'year', 'I', 'showed', 'these', 'two', '<unk>', 'to', 'show', 'you', 'that', 'the', '<unk>', '', 'that', 'the', '<unk>', '', 'that', 'the', '<unk>', '', 'that', 'had', 'been', '<unk>', 'the', 'size', 'of', 'the', '<unk>', '<unk>', '<unk>', '</s>']
2026-05-27 14:52:40,690 - INFO - joeynmt.training - 	Source:     Vorig jaar liet ik deze twee dia's zien om aan  te tonen dat de poolijskap,  die de afgelopen drie miljoen jaar  ongeveer de grootte had van het vasteland van de VS,  met 40% gekrompen was.
2026-05-27 14:52:40,690 - INFO - joeynmt.training - 	Reference:  Last year I showed these two slides so that demonstrate that the arctic ice cap, which for most of the last three million years has been the size of the lower 48 states, has shrunk by 40 percent.
2026-05-27 14:52:40,690 - INFO - joeynmt.training - 	Hypothesis: <unk> year I showed these two <unk> to show you that the <unk>  that the <unk>  that the <unk>  that had been <unk> the size of the <unk> <unk> <unk>
2026-05-27 14:52:40,690 - INFO - joeynmt.training - Example #1
2026-05-27 14:52:40,690 - DEBUG - joeynmt.training - 	Tokenized source:     ['Maar', 'dit', 'onderschat', 'eigenlijk', 'de', 'ernst', 'van', 'dit', 'specifieke', 'probleem', '', 'omdat', 'het', 'niet', 'de', 'dikte', 'van', 'het', 'ijs', 'laat', 'zien.']
2026-05-27 14:52:40,690 - DEBUG - joeynmt.training - 	Tokenized reference:  ['But', 'this', 'understates', 'the', 'seriousness', 'of', 'this', 'particular', 'problem', 'because', 'it', "doesn't", 'show', 'the', 'thickness', 'of', 'the', 'ice.']
2026-05-27 14:52:40,690 - DEBUG - joeynmt.training - 	Tokenized hypothesis: ['But', 'this', 'actually', '<unk>', 'the', '<unk>', 'of', 'this', 'particular', 'problem', '--', '', 'because', 'it', "doesn't", 'show', 'the', '<unk>', 'of', 'the', '<unk>', 'of', 'the', '<unk>', '</s>']
2026-05-27 14:52:40,690 - INFO - joeynmt.training - 	Source:     Maar dit onderschat eigenlijk de ernst van dit specifieke probleem  omdat het niet de dikte van het ijs laat zien.
2026-05-27 14:52:40,691 - INFO - joeynmt.training - 	Reference:  But this understates the seriousness of this particular problem because it doesn't show the thickness of the ice.
2026-05-27 14:52:40,691 - INFO - joeynmt.training - 	Hypothesis: But this actually <unk> the <unk> of this particular problem --  because it doesn't show the <unk> of the <unk> of the <unk>
2026-05-27 14:52:40,691 - INFO - joeynmt.training - Example #2
2026-05-27 14:52:40,691 - DEBUG - joeynmt.training - 	Tokenized source:     ['De', 'ijskap', 'op', 'de', 'Noordpool', 'is', 'in', 'zekere', 'zin', '', 'het', 'kloppend', 'hart', 'van', 'ons', 'globaal', 'klimaatsysteem.']
2026-05-27 14:52:40,691 - DEBUG - joeynmt.training - 	Tokenized reference:  ['The', 'arctic', 'ice', 'cap', 'is,', 'in', 'a', 'sense,', 'the', 'beating', 'heart', 'of', 'the', 'global', 'climate', 'system.']
2026-05-27 14:52:40,691 - DEBUG - joeynmt.training - 	Tokenized hypothesis: ['The', '<unk>', 'on', 'the', '<unk>', 'is', 'in', 'some', '<unk>', '', 'the', '<unk>', 'heart', 'of', 'our', '<unk>', '<unk>', '</s>']
2026-05-27 14:52:40,691 - INFO - joeynmt.training - 	Source:     De ijskap op de Noordpool is in zekere zin  het kloppend hart van ons globaal klimaatsysteem.
2026-05-27 14:52:40,691 - INFO - joeynmt.training - 	Reference:  The arctic ice cap is, in a sense, the beating heart of the global climate system.
2026-05-27 14:52:40,691 - INFO - joeynmt.training - 	Hypothesis: The <unk> on the <unk> is in some <unk>  the <unk> heart of our <unk> <unk>
2026-05-27 14:52:40,691 - INFO - joeynmt.training - Example #3
2026-05-27 14:52:40,691 - DEBUG - joeynmt.training - 	Tokenized source:     ['Het', 'zet', 'uit', 'in', 'de', 'winter', 'en', 'krimpt', 'in', 'de', 'zomer.']
2026-05-27 14:52:40,691 - DEBUG - joeynmt.training - 	Tokenized reference:  ['It', 'expands', 'in', 'winter', 'and', 'contracts', 'in', 'summer.']
2026-05-27 14:52:40,691 - DEBUG - joeynmt.training - 	Tokenized hypothesis: ['It', '<unk>', 'in', 'the', '<unk>', 'and', '<unk>', 'in', 'the', '<unk>', '</s>']
2026-05-27 14:52:40,692 - INFO - joeynmt.training - 	Source:     Het zet uit in de winter en krimpt in de zomer.
2026-05-27 14:52:40,692 - INFO - joeynmt.training - 	Reference:  It expands in winter and contracts in summer.
2026-05-27 14:52:40,692 - INFO - joeynmt.training - 	Hypothesis: It <unk> in the <unk> and <unk> in the <unk>
2026-05-27 14:52:40,692 - INFO - joeynmt.training - Example #4
2026-05-27 14:52:40,692 - DEBUG - joeynmt.training - 	Tokenized source:     ['De', 'volgende', 'dia', 'die', 'ik', 'laat', 'zien', '', 'is', 'een', 'versnelde', 'versie', 'van', 'wat', 'er', 'de', 'afgelopen', '25', 'jaar', 'is', 'gebeurd.']
2026-05-27 14:52:40,692 - DEBUG - joeynmt.training - 	Tokenized reference:  ['The', 'next', 'slide', 'I', 'show', 'you', 'will', 'be', 'a', 'rapid', 'fast-forward', 'of', "what's", 'happened', 'over', 'the', 'last', '25', 'years.']
2026-05-27 14:52:40,692 - DEBUG - joeynmt.training - 	Tokenized hypothesis: ['The', 'next', '<unk>', 'I', 'show', '', 'is', 'a', '<unk>', 'version', 'of', 'what', 'happened', 'in', 'the', 'last', '25', 'years.', '</s>']
2026-05-27 14:52:40,692 - INFO - joeynmt.training - 	Source:     De volgende dia die ik laat zien  is een versnelde versie van wat er de afgelopen 25 jaar is gebeurd.
2026-05-27 14:52:40,692 - INFO - joeynmt.training - 	Reference:  The next slide I show you will be a rapid fast-forward of what's happened over the last 25 years.
2026-05-27 14:52:40,693 - INFO - joeynmt.training - 	Hypothesis: The next <unk> I show  is a <unk> version of what happened in the last 25 years.
2026-05-27 14:52:59,684 - INFO - joeynmt.training - Epoch   7, Step:    16600, Batch Loss:     1.350473, Batch Acc: 0.576169, Tokens per Sec:     3562, Lr: 0.000300
2026-05-27 14:53:24,256 - INFO - joeynmt.training - Epoch   7, Step:    16700, Batch Loss:     1.383762, Batch Acc: 0.572014, Tokens per Sec:     2839, Lr: 0.000300
2026-05-27 14:53:46,610 - INFO - joeynmt.training - Epoch   7, Step:    16800, Batch Loss:     1.385520, Batch Acc: 0.575315, Tokens per Sec:     3037, Lr: 0.000300
2026-05-27 14:54:07,147 - INFO - joeynmt.training - Epoch   7, Step:    16900, Batch Loss:     1.299663, Batch Acc: 0.572859, Tokens per Sec:     3355, Lr: 0.000300
2026-05-27 14:54:34,737 - INFO - joeynmt.training - Epoch   7, Step:    17000, Batch Loss:     1.461546, Batch Acc: 0.576136, Tokens per Sec:     2443, Lr: 0.000300
2026-05-27 14:54:34,738 - WARNING - joeynmt.helpers - `alpha` option is obsolete. Please use `beam_alpha`, instead.
2026-05-27 14:54:34,738 - INFO - joeynmt.prediction - Predicting 1003 example(s)... (Greedy decoding with min_output_length=1, max_output_length=-1, return_prob='none', generate_unk=True, repetition_penalty=-1, no_repeat_ngram_size=-1)
2026-05-27 14:54:58,686 - INFO - joeynmt.prediction - Evaluation result (greedy) loss:   1.87, ppl:   6.49, acc:   0.45, generation: 23.9376[sec], evaluation: 0.0000[sec]
2026-05-27 14:54:58,687 - INFO - joeynmt.training - Hooray! New best validation result [ppl]!
2026-05-27 14:54:58,913 - INFO - joeynmt.helpers - delete models/tf_word_nl_en/11500.ckpt
2026-05-27 14:54:58,915 - INFO - joeynmt.training - Example #0
2026-05-27 14:54:58,915 - DEBUG - joeynmt.training - 	Tokenized source:     ['Vorig', 'jaar', 'liet', 'ik', 'deze', 'twee', "dia's", 'zien', 'om', 'aan', '', 'te', 'tonen', 'dat', 'de', 'poolijskap,', '', 'die', 'de', 'afgelopen', 'drie', 'miljoen', 'jaar', '', 'ongeveer', 'de', 'grootte', 'had', 'van', 'het', 'vasteland', 'van', 'de', 'VS,', '', 'met', '40%', 'gekrompen', 'was.']
2026-05-27 14:54:58,915 - DEBUG - joeynmt.training - 	Tokenized reference:  ['Last', 'year', 'I', 'showed', 'these', 'two', 'slides', 'so', 'that', 'demonstrate', 'that', 'the', 'arctic', 'ice', 'cap,', 'which', 'for', 'most', 'of', 'the', 'last', 'three', 'million', 'years', 'has', 'been', 'the', 'size', 'of', 'the', 'lower', '48', 'states,', 'has', 'shrunk', 'by', '40', 'percent.']
2026-05-27 14:54:58,915 - DEBUG - joeynmt.training - 	Tokenized hypothesis: ['<unk>', 'years', 'I', 'showed', 'these', 'two', '<unk>', 'to', 'show', 'you', 'that', 'the', '<unk>', '', 'that', 'the', '<unk>', '<unk>', '', 'that', 'the', '<unk>', 'for', 'the', 'last', 'three', 'million', 'years', 'of', 'the', '<unk>', '<unk>', '</s>']
2026-05-27 14:54:58,915 - INFO - joeynmt.training - 	Source:     Vorig jaar liet ik deze twee dia's zien om aan  te tonen dat de poolijskap,  die de afgelopen drie miljoen jaar  ongeveer de grootte had van het vasteland van de VS,  met 40% gekrompen was.
2026-05-27 14:54:58,916 - INFO - joeynmt.training - 	Reference:  Last year I showed these two slides so that demonstrate that the arctic ice cap, which for most of the last three million years has been the size of the lower 48 states, has shrunk by 40 percent.
2026-05-27 14:54:58,916 - INFO - joeynmt.training - 	Hypothesis: <unk> years I showed these two <unk> to show you that the <unk>  that the <unk> <unk>  that the <unk> for the last three million years of the <unk> <unk>
2026-05-27 14:54:58,916 - INFO - joeynmt.training - Example #1
2026-05-27 14:54:58,916 - DEBUG - joeynmt.training - 	Tokenized source:     ['Maar', 'dit', 'onderschat', 'eigenlijk', 'de', 'ernst', 'van', 'dit', 'specifieke', 'probleem', '', 'omdat', 'het', 'niet', 'de', 'dikte', 'van', 'het', 'ijs', 'laat', 'zien.']
2026-05-27 14:54:58,916 - DEBUG - joeynmt.training - 	Tokenized reference:  ['But', 'this', 'understates', 'the', 'seriousness', 'of', 'this', 'particular', 'problem', 'because', 'it', "doesn't", 'show', 'the', 'thickness', 'of', 'the', 'ice.']
2026-05-27 14:54:58,916 - DEBUG - joeynmt.training - 	Tokenized hypothesis: ['But', 'this', 'is', 'actually', 'the', '<unk>', 'of', 'this', 'particular', 'problem', '', 'because', 'it', "doesn't", 'show', 'the', '<unk>', 'of', 'the', '<unk>', '</s>']
2026-05-27 14:54:58,916 - INFO - joeynmt.training - 	Source:     Maar dit onderschat eigenlijk de ernst van dit specifieke probleem  omdat het niet de dikte van het ijs laat zien.
2026-05-27 14:54:58,916 - INFO - joeynmt.training - 	Reference:  But this understates the seriousness of this particular problem because it doesn't show the thickness of the ice.
2026-05-27 14:54:58,916 - INFO - joeynmt.training - 	Hypothesis: But this is actually the <unk> of this particular problem  because it doesn't show the <unk> of the <unk>
2026-05-27 14:54:58,916 - INFO - joeynmt.training - Example #2
2026-05-27 14:54:58,916 - DEBUG - joeynmt.training - 	Tokenized source:     ['De', 'ijskap', 'op', 'de', 'Noordpool', 'is', 'in', 'zekere', 'zin', '', 'het', 'kloppend', 'hart', 'van', 'ons', 'globaal', 'klimaatsysteem.']
2026-05-27 14:54:58,916 - DEBUG - joeynmt.training - 	Tokenized reference:  ['The', 'arctic', 'ice', 'cap', 'is,', 'in', 'a', 'sense,', 'the', 'beating', 'heart', 'of', 'the', 'global', 'climate', 'system.']
2026-05-27 14:54:58,916 - DEBUG - joeynmt.training - 	Tokenized hypothesis: ['The', '<unk>', 'on', 'the', '<unk>', 'is', 'in', 'a', 'certain', 'sense,', '', 'the', '<unk>', 'heart', 'of', 'our', '<unk>', '<unk>', '</s>']
2026-05-27 14:54:58,917 - INFO - joeynmt.training - 	Source:     De ijskap op de Noordpool is in zekere zin  het kloppend hart van ons globaal klimaatsysteem.
2026-05-27 14:54:58,917 - INFO - joeynmt.training - 	Reference:  The arctic ice cap is, in a sense, the beating heart of the global climate system.
2026-05-27 14:54:58,917 - INFO - joeynmt.training - 	Hypothesis: The <unk> on the <unk> is in a certain sense,  the <unk> heart of our <unk> <unk>
2026-05-27 14:54:58,917 - INFO - joeynmt.training - Example #3
2026-05-27 14:54:58,917 - DEBUG - joeynmt.training - 	Tokenized source:     ['Het', 'zet', 'uit', 'in', 'de', 'winter', 'en', 'krimpt', 'in', 'de', 'zomer.']
2026-05-27 14:54:58,917 - DEBUG - joeynmt.training - 	Tokenized reference:  ['It', 'expands', 'in', 'winter', 'and', 'contracts', 'in', 'summer.']
2026-05-27 14:54:58,917 - DEBUG - joeynmt.training - 	Tokenized hypothesis: ['It', '<unk>', 'in', 'the', '<unk>', 'and', '<unk>', 'in', 'the', '<unk>', '</s>']
2026-05-27 14:54:58,917 - INFO - joeynmt.training - 	Source:     Het zet uit in de winter en krimpt in de zomer.
2026-05-27 14:54:58,918 - INFO - joeynmt.training - 	Reference:  It expands in winter and contracts in summer.
2026-05-27 14:54:58,918 - INFO - joeynmt.training - 	Hypothesis: It <unk> in the <unk> and <unk> in the <unk>
2026-05-27 14:54:58,918 - INFO - joeynmt.training - Example #4
2026-05-27 14:54:58,918 - DEBUG - joeynmt.training - 	Tokenized source:     ['De', 'volgende', 'dia', 'die', 'ik', 'laat', 'zien', '', 'is', 'een', 'versnelde', 'versie', 'van', 'wat', 'er', 'de', 'afgelopen', '25', 'jaar', 'is', 'gebeurd.']
2026-05-27 14:54:58,918 - DEBUG - joeynmt.training - 	Tokenized reference:  ['The', 'next', 'slide', 'I', 'show', 'you', 'will', 'be', 'a', 'rapid', 'fast-forward', 'of', "what's", 'happened', 'over', 'the', 'last', '25', 'years.']
2026-05-27 14:54:58,918 - DEBUG - joeynmt.training - 	Tokenized hypothesis: ['The', 'next', '<unk>', 'that', 'I', 'show', '', 'is', 'a', '<unk>', 'version', 'of', 'what', 'has', 'been', 'been', '<unk>', 'for', 'the', 'last', '25', 'years.', '</s>']
2026-05-27 14:54:58,918 - INFO - joeynmt.training - 	Source:     De volgende dia die ik laat zien  is een versnelde versie van wat er de afgelopen 25 jaar is gebeurd.
2026-05-27 14:54:58,918 - INFO - joeynmt.training - 	Reference:  The next slide I show you will be a rapid fast-forward of what's happened over the last 25 years.
2026-05-27 14:54:58,918 - INFO - joeynmt.training - 	Hypothesis: The next <unk> that I show  is a <unk> version of what has been been <unk> for the last 25 years.
2026-05-27 14:55:20,503 - INFO - joeynmt.training - Epoch   7, Step:    17100, Batch Loss:     1.317688, Batch Acc: 0.577138, Tokens per Sec:     3128, Lr: 0.000300
2026-05-27 14:55:41,315 - INFO - joeynmt.training - Epoch   7, Step:    17200, Batch Loss:     1.385011, Batch Acc: 0.573497, Tokens per Sec:     3247, Lr: 0.000300
2026-05-27 14:56:00,996 - INFO - joeynmt.training - Epoch   7: total training loss 3407.34
2026-05-27 14:56:00,997 - INFO - joeynmt.training - EPOCH 8
2026-05-27 14:56:01,674 - INFO - joeynmt.training - Epoch   8, Step:    17300, Batch Loss:     1.470517, Batch Acc: 0.583363, Tokens per Sec:     4088, Lr: 0.000300
2026-05-27 14:56:21,899 - INFO - joeynmt.training - Epoch   8, Step:    17400, Batch Loss:     1.298069, Batch Acc: 0.601501, Tokens per Sec:     3418, Lr: 0.000300
2026-05-27 14:56:40,897 - INFO - joeynmt.training - Epoch   8, Step:    17500, Batch Loss:     1.284864, Batch Acc: 0.595440, Tokens per Sec:     3662, Lr: 0.000300
2026-05-27 14:56:40,898 - WARNING - joeynmt.helpers - `alpha` option is obsolete. Please use `beam_alpha`, instead.
2026-05-27 14:56:40,898 - INFO - joeynmt.prediction - Predicting 1003 example(s)... (Greedy decoding with min_output_length=1, max_output_length=-1, return_prob='none', generate_unk=True, repetition_penalty=-1, no_repeat_ngram_size=-1)
2026-05-27 14:57:02,651 - INFO - joeynmt.prediction - Evaluation result (greedy) loss:   1.89, ppl:   6.61, acc:   0.45, generation: 21.7407[sec], evaluation: 0.0000[sec]
2026-05-27 14:57:02,867 - INFO - joeynmt.helpers - delete models/tf_word_nl_en/16000.ckpt
2026-05-27 14:57:02,868 - INFO - joeynmt.training - Example #0
2026-05-27 14:57:02,869 - DEBUG - joeynmt.training - 	Tokenized source:     ['Vorig', 'jaar', 'liet', 'ik', 'deze', 'twee', "dia's", 'zien', 'om', 'aan', '', 'te', 'tonen', 'dat', 'de', 'poolijskap,', '', 'die', 'de', 'afgelopen', 'drie', 'miljoen', 'jaar', '', 'ongeveer', 'de', 'grootte', 'had', 'van', 'het', 'vasteland', 'van', 'de', 'VS,', '', 'met', '40%', 'gekrompen', 'was.']
2026-05-27 14:57:02,869 - DEBUG - joeynmt.training - 	Tokenized reference:  ['Last', 'year', 'I', 'showed', 'these', 'two', 'slides', 'so', 'that', 'demonstrate', 'that', 'the', 'arctic', 'ice', 'cap,', 'which', 'for', 'most', 'of', 'the', 'last', 'three', 'million', 'years', 'has', 'been', 'the', 'size', 'of', 'the', 'lower', '48', 'states,', 'has', 'shrunk', 'by', '40', 'percent.']
2026-05-27 14:57:02,869 - DEBUG - joeynmt.training - 	Tokenized hypothesis: ['<unk>', 'year', 'I', 'showed', 'these', 'two', '<unk>', 'to', 'show', 'you', 'that', 'the', '<unk>', '', 'that', 'the', '<unk>', '', 'that', 'the', '<unk>', '', 'that', 'the', '<unk>', 'for', 'three', 'million', 'years', '--', 'the', 'size', 'of', 'the', '<unk>', '', 'with', '<unk>', '<unk>', '<unk>', '<unk>', '<unk>', '<unk>', '</s>']
2026-05-27 14:57:02,869 - INFO - joeynmt.training - 	Source:     Vorig jaar liet ik deze twee dia's zien om aan  te tonen dat de poolijskap,  die de afgelopen drie miljoen jaar  ongeveer de grootte had van het vasteland van de VS,  met 40% gekrompen was.
2026-05-27 14:57:02,869 - INFO - joeynmt.training - 	Reference:  Last year I showed these two slides so that demonstrate that the arctic ice cap, which for most of the last three million years has been the size of the lower 48 states, has shrunk by 40 percent.
2026-05-27 14:57:02,869 - INFO - joeynmt.training - 	Hypothesis: <unk> year I showed these two <unk> to show you that the <unk>  that the <unk>  that the <unk>  that the <unk> for three million years -- the size of the <unk>  with <unk> <unk> <unk> <unk> <unk> <unk>
2026-05-27 14:57:02,869 - INFO - joeynmt.training - Example #1
2026-05-27 14:57:02,869 - DEBUG - joeynmt.training - 	Tokenized source:     ['Maar', 'dit', 'onderschat', 'eigenlijk', 'de', 'ernst', 'van', 'dit', 'specifieke', 'probleem', '', 'omdat', 'het', 'niet', 'de', 'dikte', 'van', 'het', 'ijs', 'laat', 'zien.']
2026-05-27 14:57:02,869 - DEBUG - joeynmt.training - 	Tokenized reference:  ['But', 'this', 'understates', 'the', 'seriousness', 'of', 'this', 'particular', 'problem', 'because', 'it', "doesn't", 'show', 'the', 'thickness', 'of', 'the', 'ice.']
2026-05-27 14:57:02,869 - DEBUG - joeynmt.training - 	Tokenized hypothesis: ['But', 'this', 'is', 'actually', 'the', '<unk>', 'of', 'this', 'particular', 'problem', '--', '', 'because', 'it', "doesn't", 'show', 'the', '<unk>', 'of', 'the', '<unk>', '</s>']
2026-05-27 14:57:02,870 - INFO - joeynmt.training - 	Source:     Maar dit onderschat eigenlijk de ernst van dit specifieke probleem  omdat het niet de dikte van het ijs laat zien.
2026-05-27 14:57:02,870 - INFO - joeynmt.training - 	Reference:  But this understates the seriousness of this particular problem because it doesn't show the thickness of the ice.
2026-05-27 14:57:02,870 - INFO - joeynmt.training - 	Hypothesis: But this is actually the <unk> of this particular problem --  because it doesn't show the <unk> of the <unk>
2026-05-27 14:57:02,870 - INFO - joeynmt.training - Example #2
2026-05-27 14:57:02,870 - DEBUG - joeynmt.training - 	Tokenized source:     ['De', 'ijskap', 'op', 'de', 'Noordpool', 'is', 'in', 'zekere', 'zin', '', 'het', 'kloppend', 'hart', 'van', 'ons', 'globaal', 'klimaatsysteem.']
2026-05-27 14:57:02,870 - DEBUG - joeynmt.training - 	Tokenized reference:  ['The', 'arctic', 'ice', 'cap', 'is,', 'in', 'a', 'sense,', 'the', 'beating', 'heart', 'of', 'the', 'global', 'climate', 'system.']
2026-05-27 14:57:02,870 - DEBUG - joeynmt.training - 	Tokenized hypothesis: ['The', '<unk>', 'on', 'the', '<unk>', 'is', 'in', 'a', 'sense,', '', 'the', '<unk>', 'heart', 'of', 'our', '<unk>', '<unk>', '</s>']
2026-05-27 14:57:02,870 - INFO - joeynmt.training - 	Source:     De ijskap op de Noordpool is in zekere zin  het kloppend hart van ons globaal klimaatsysteem.
2026-05-27 14:57:02,870 - INFO - joeynmt.training - 	Reference:  The arctic ice cap is, in a sense, the beating heart of the global climate system.
2026-05-27 14:57:02,870 - INFO - joeynmt.training - 	Hypothesis: The <unk> on the <unk> is in a sense,  the <unk> heart of our <unk> <unk>
2026-05-27 14:57:02,870 - INFO - joeynmt.training - Example #3
2026-05-27 14:57:02,870 - DEBUG - joeynmt.training - 	Tokenized source:     ['Het', 'zet', 'uit', 'in', 'de', 'winter', 'en', 'krimpt', 'in', 'de', 'zomer.']
2026-05-27 14:57:02,870 - DEBUG - joeynmt.training - 	Tokenized reference:  ['It', 'expands', 'in', 'winter', 'and', 'contracts', 'in', 'summer.']
2026-05-27 14:57:02,870 - DEBUG - joeynmt.training - 	Tokenized hypothesis: ['It', '<unk>', 'in', 'the', '<unk>', 'and', '<unk>', 'in', 'the', '<unk>', '</s>']
2026-05-27 14:57:02,871 - INFO - joeynmt.training - 	Source:     Het zet uit in de winter en krimpt in de zomer.
2026-05-27 14:57:02,871 - INFO - joeynmt.training - 	Reference:  It expands in winter and contracts in summer.
2026-05-27 14:57:02,871 - INFO - joeynmt.training - 	Hypothesis: It <unk> in the <unk> and <unk> in the <unk>
2026-05-27 14:57:02,871 - INFO - joeynmt.training - Example #4
2026-05-27 14:57:02,871 - DEBUG - joeynmt.training - 	Tokenized source:     ['De', 'volgende', 'dia', 'die', 'ik', 'laat', 'zien', '', 'is', 'een', 'versnelde', 'versie', 'van', 'wat', 'er', 'de', 'afgelopen', '25', 'jaar', 'is', 'gebeurd.']
2026-05-27 14:57:02,871 - DEBUG - joeynmt.training - 	Tokenized reference:  ['The', 'next', 'slide', 'I', 'show', 'you', 'will', 'be', 'a', 'rapid', 'fast-forward', 'of', "what's", 'happened', 'over', 'the', 'last', '25', 'years.']
2026-05-27 14:57:02,871 - DEBUG - joeynmt.training - 	Tokenized hypothesis: ['The', 'next', '<unk>', 'that', 'I', 'show', '', 'is', 'a', '<unk>', 'version', 'of', 'what', 'there', 'is', 'the', 'last', '25', 'years', '<unk>', '</s>']
2026-05-27 14:57:02,871 - INFO - joeynmt.training - 	Source:     De volgende dia die ik laat zien  is een versnelde versie van wat er de afgelopen 25 jaar is gebeurd.
2026-05-27 14:57:02,871 - INFO - joeynmt.training - 	Reference:  The next slide I show you will be a rapid fast-forward of what's happened over the last 25 years.
2026-05-27 14:57:02,871 - INFO - joeynmt.training - 	Hypothesis: The next <unk> that I show  is a <unk> version of what there is the last 25 years <unk>
2026-05-27 14:57:21,700 - INFO - joeynmt.training - Epoch   8, Step:    17600, Batch Loss:     1.504709, Batch Acc: 0.595060, Tokens per Sec:     3539, Lr: 0.000300
2026-05-27 14:57:40,582 - INFO - joeynmt.training - Epoch   8, Step:    17700, Batch Loss:     1.372336, Batch Acc: 0.586376, Tokens per Sec:     3659, Lr: 0.000300
2026-05-27 14:57:58,075 - INFO - joeynmt.training - Epoch   8, Step:    17800, Batch Loss:     1.497671, Batch Acc: 0.590838, Tokens per Sec:     3940, Lr: 0.000300
2026-05-27 14:58:15,682 - INFO - joeynmt.training - Epoch   8, Step:    17900, Batch Loss:     1.293386, Batch Acc: 0.583560, Tokens per Sec:     3897, Lr: 0.000300
2026-05-27 14:58:33,575 - INFO - joeynmt.training - Epoch   8, Step:    18000, Batch Loss:     1.279587, Batch Acc: 0.586800, Tokens per Sec:     3785, Lr: 0.000300
2026-05-27 14:58:33,576 - WARNING - joeynmt.helpers - `alpha` option is obsolete. Please use `beam_alpha`, instead.
2026-05-27 14:58:33,576 - INFO - joeynmt.prediction - Predicting 1003 example(s)... (Greedy decoding with min_output_length=1, max_output_length=-1, return_prob='none', generate_unk=True, repetition_penalty=-1, no_repeat_ngram_size=-1)
2026-05-27 14:58:56,453 - INFO - joeynmt.prediction - Evaluation result (greedy) loss:   1.88, ppl:   6.57, acc:   0.45, generation: 22.8660[sec], evaluation: 0.0000[sec]
2026-05-27 14:58:56,693 - INFO - joeynmt.helpers - delete models/tf_word_nl_en/17500.ckpt
2026-05-27 14:58:56,695 - INFO - joeynmt.helpers - delete /Users/annajung/Desktop/MT/exercise_4/mt-exercise-04/models/tf_word_nl_en/17500.ckpt
2026-05-27 14:58:56,695 - WARNING - joeynmt.helpers - Wanted to delete old checkpoint /Users/annajung/Desktop/MT/exercise_4/mt-exercise-04/models/tf_word_nl_en/17500.ckpt but file does not exist. ([Errno 2] No such file or directory: '/Users/annajung/Desktop/MT/exercise_4/mt-exercise-04/models/tf_word_nl_en/17500.ckpt')
2026-05-27 14:58:56,696 - INFO - joeynmt.training - Example #0
2026-05-27 14:58:56,697 - DEBUG - joeynmt.training - 	Tokenized source:     ['Vorig', 'jaar', 'liet', 'ik', 'deze', 'twee', "dia's", 'zien', 'om', 'aan', '', 'te', 'tonen', 'dat', 'de', 'poolijskap,', '', 'die', 'de', 'afgelopen', 'drie', 'miljoen', 'jaar', '', 'ongeveer', 'de', 'grootte', 'had', 'van', 'het', 'vasteland', 'van', 'de', 'VS,', '', 'met', '40%', 'gekrompen', 'was.']
2026-05-27 14:58:56,697 - DEBUG - joeynmt.training - 	Tokenized reference:  ['Last', 'year', 'I', 'showed', 'these', 'two', 'slides', 'so', 'that', 'demonstrate', 'that', 'the', 'arctic', 'ice', 'cap,', 'which', 'for', 'most', 'of', 'the', 'last', 'three', 'million', 'years', 'has', 'been', 'the', 'size', 'of', 'the', 'lower', '48', 'states,', 'has', 'shrunk', 'by', '40', 'percent.']
2026-05-27 14:58:56,697 - DEBUG - joeynmt.training - 	Tokenized hypothesis: ['<unk>', 'year,', 'I', 'showed', 'these', 'two', '<unk>', 'to', 'show', 'you', 'these', 'two', '<unk>', 'to', 'show', 'that', 'the', '<unk>', '', 'who', 'had', 'the', 'last', 'three', 'million', 'years', 'of', 'the', '<unk>', '<unk>', '<unk>', '<unk>', '</s>']
2026-05-27 14:58:56,697 - INFO - joeynmt.training - 	Source:     Vorig jaar liet ik deze twee dia's zien om aan  te tonen dat de poolijskap,  die de afgelopen drie miljoen jaar  ongeveer de grootte had van het vasteland van de VS,  met 40% gekrompen was.
2026-05-27 14:58:56,697 - INFO - joeynmt.training - 	Reference:  Last year I showed these two slides so that demonstrate that the arctic ice cap, which for most of the last three million years has been the size of the lower 48 states, has shrunk by 40 percent.
2026-05-27 14:58:56,697 - INFO - joeynmt.training - 	Hypothesis: <unk> year, I showed these two <unk> to show you these two <unk> to show that the <unk>  who had the last three million years of the <unk> <unk> <unk> <unk>
2026-05-27 14:58:56,697 - INFO - joeynmt.training - Example #1
2026-05-27 14:58:56,697 - DEBUG - joeynmt.training - 	Tokenized source:     ['Maar', 'dit', 'onderschat', 'eigenlijk', 'de', 'ernst', 'van', 'dit', 'specifieke', 'probleem', '', 'omdat', 'het', 'niet', 'de', 'dikte', 'van', 'het', 'ijs', 'laat', 'zien.']
2026-05-27 14:58:56,698 - DEBUG - joeynmt.training - 	Tokenized reference:  ['But', 'this', 'understates', 'the', 'seriousness', 'of', 'this', 'particular', 'problem', 'because', 'it', "doesn't", 'show', 'the', 'thickness', 'of', 'the', 'ice.']
2026-05-27 14:58:56,698 - DEBUG - joeynmt.training - 	Tokenized hypothesis: ['But', 'this', 'is', 'actually', 'the', '<unk>', 'of', 'this', 'particular', 'problem', '--', '', 'because', 'it', "doesn't", 'show', 'the', '<unk>', 'of', 'the', '<unk>', 'of', 'the', '<unk>', '</s>']
2026-05-27 14:58:56,698 - INFO - joeynmt.training - 	Source:     Maar dit onderschat eigenlijk de ernst van dit specifieke probleem  omdat het niet de dikte van het ijs laat zien.
2026-05-27 14:58:56,698 - INFO - joeynmt.training - 	Reference:  But this understates the seriousness of this particular problem because it doesn't show the thickness of the ice.
2026-05-27 14:58:56,698 - INFO - joeynmt.training - 	Hypothesis: But this is actually the <unk> of this particular problem --  because it doesn't show the <unk> of the <unk> of the <unk>
2026-05-27 14:58:56,698 - INFO - joeynmt.training - Example #2
2026-05-27 14:58:56,698 - DEBUG - joeynmt.training - 	Tokenized source:     ['De', 'ijskap', 'op', 'de', 'Noordpool', 'is', 'in', 'zekere', 'zin', '', 'het', 'kloppend', 'hart', 'van', 'ons', 'globaal', 'klimaatsysteem.']
2026-05-27 14:58:56,698 - DEBUG - joeynmt.training - 	Tokenized reference:  ['The', 'arctic', 'ice', 'cap', 'is,', 'in', 'a', 'sense,', 'the', 'beating', 'heart', 'of', 'the', 'global', 'climate', 'system.']
2026-05-27 14:58:56,698 - DEBUG - joeynmt.training - 	Tokenized hypothesis: ['The', '<unk>', 'on', 'the', '<unk>', 'is', 'in', 'a', 'sense,', '', 'the', '<unk>', 'heart', 'of', 'our', '<unk>', '<unk>', '</s>']
2026-05-27 14:58:56,698 - INFO - joeynmt.training - 	Source:     De ijskap op de Noordpool is in zekere zin  het kloppend hart van ons globaal klimaatsysteem.
2026-05-27 14:58:56,698 - INFO - joeynmt.training - 	Reference:  The arctic ice cap is, in a sense, the beating heart of the global climate system.
2026-05-27 14:58:56,699 - INFO - joeynmt.training - 	Hypothesis: The <unk> on the <unk> is in a sense,  the <unk> heart of our <unk> <unk>
2026-05-27 14:58:56,699 - INFO - joeynmt.training - Example #3
2026-05-27 14:58:56,699 - DEBUG - joeynmt.training - 	Tokenized source:     ['Het', 'zet', 'uit', 'in', 'de', 'winter', 'en', 'krimpt', 'in', 'de', 'zomer.']
2026-05-27 14:58:56,699 - DEBUG - joeynmt.training - 	Tokenized reference:  ['It', 'expands', 'in', 'winter', 'and', 'contracts', 'in', 'summer.']
2026-05-27 14:58:56,699 - DEBUG - joeynmt.training - 	Tokenized hypothesis: ['It', '<unk>', 'in', 'the', '<unk>', 'and', '<unk>', 'in', 'the', '<unk>', '</s>']
2026-05-27 14:58:56,699 - INFO - joeynmt.training - 	Source:     Het zet uit in de winter en krimpt in de zomer.
2026-05-27 14:58:56,699 - INFO - joeynmt.training - 	Reference:  It expands in winter and contracts in summer.
2026-05-27 14:58:56,699 - INFO - joeynmt.training - 	Hypothesis: It <unk> in the <unk> and <unk> in the <unk>
2026-05-27 14:58:56,699 - INFO - joeynmt.training - Example #4
2026-05-27 14:58:56,699 - DEBUG - joeynmt.training - 	Tokenized source:     ['De', 'volgende', 'dia', 'die', 'ik', 'laat', 'zien', '', 'is', 'een', 'versnelde', 'versie', 'van', 'wat', 'er', 'de', 'afgelopen', '25', 'jaar', 'is', 'gebeurd.']
2026-05-27 14:58:56,699 - DEBUG - joeynmt.training - 	Tokenized reference:  ['The', 'next', 'slide', 'I', 'show', 'you', 'will', 'be', 'a', 'rapid', 'fast-forward', 'of', "what's", 'happened', 'over', 'the', 'last', '25', 'years.']
2026-05-27 14:58:56,699 - DEBUG - joeynmt.training - 	Tokenized hypothesis: ['The', 'next', '<unk>', 'I', 'show', 'you', '', 'is', 'a', '<unk>', 'version', 'of', "what's", 'happened', 'over', 'the', 'last', '25', 'years.', '</s>']
2026-05-27 14:58:56,700 - INFO - joeynmt.training - 	Source:     De volgende dia die ik laat zien  is een versnelde versie van wat er de afgelopen 25 jaar is gebeurd.
2026-05-27 14:58:56,700 - INFO - joeynmt.training - 	Reference:  The next slide I show you will be a rapid fast-forward of what's happened over the last 25 years.
2026-05-27 14:58:56,700 - INFO - joeynmt.training - 	Hypothesis: The next <unk> I show you  is a <unk> version of what's happened over the last 25 years.
2026-05-27 14:59:17,804 - INFO - joeynmt.training - Epoch   8, Step:    18100, Batch Loss:     1.224070, Batch Acc: 0.586890, Tokens per Sec:     3176, Lr: 0.000300
2026-05-27 14:59:39,630 - INFO - joeynmt.training - Epoch   8, Step:    18200, Batch Loss:     1.390521, Batch Acc: 0.586685, Tokens per Sec:     3115, Lr: 0.000300
2026-05-27 14:59:59,680 - INFO - joeynmt.training - Epoch   8, Step:    18300, Batch Loss:     1.573464, Batch Acc: 0.585612, Tokens per Sec:     3339, Lr: 0.000300
2026-05-27 15:00:24,996 - INFO - joeynmt.training - Epoch   8, Step:    18400, Batch Loss:     1.467420, Batch Acc: 0.590393, Tokens per Sec:     2686, Lr: 0.000300
2026-05-27 15:00:41,774 - INFO - joeynmt.training - Epoch   8, Step:    18500, Batch Loss:     1.364142, Batch Acc: 0.583203, Tokens per Sec:     4080, Lr: 0.000300
2026-05-27 15:00:41,774 - WARNING - joeynmt.helpers - `alpha` option is obsolete. Please use `beam_alpha`, instead.
2026-05-27 15:00:41,775 - INFO - joeynmt.prediction - Predicting 1003 example(s)... (Greedy decoding with min_output_length=1, max_output_length=-1, return_prob='none', generate_unk=True, repetition_penalty=-1, no_repeat_ngram_size=-1)
2026-05-27 15:00:59,013 - INFO - joeynmt.prediction - Evaluation result (greedy) loss:   1.88, ppl:   6.54, acc:   0.45, generation: 17.2274[sec], evaluation: 0.0000[sec]
2026-05-27 15:00:59,199 - INFO - joeynmt.helpers - delete models/tf_word_nl_en/16500.ckpt
2026-05-27 15:00:59,202 - INFO - joeynmt.training - Example #0
2026-05-27 15:00:59,202 - DEBUG - joeynmt.training - 	Tokenized source:     ['Vorig', 'jaar', 'liet', 'ik', 'deze', 'twee', "dia's", 'zien', 'om', 'aan', '', 'te', 'tonen', 'dat', 'de', 'poolijskap,', '', 'die', 'de', 'afgelopen', 'drie', 'miljoen', 'jaar', '', 'ongeveer', 'de', 'grootte', 'had', 'van', 'het', 'vasteland', 'van', 'de', 'VS,', '', 'met', '40%', 'gekrompen', 'was.']
2026-05-27 15:00:59,202 - DEBUG - joeynmt.training - 	Tokenized reference:  ['Last', 'year', 'I', 'showed', 'these', 'two', 'slides', 'so', 'that', 'demonstrate', 'that', 'the', 'arctic', 'ice', 'cap,', 'which', 'for', 'most', 'of', 'the', 'last', 'three', 'million', 'years', 'has', 'been', 'the', 'size', 'of', 'the', 'lower', '48', 'states,', 'has', 'shrunk', 'by', '40', 'percent.']
2026-05-27 15:00:59,202 - DEBUG - joeynmt.training - 	Tokenized hypothesis: ['<unk>', 'years', 'I', 'showed', 'these', 'two', '<unk>', 'to', 'show', 'you', 'that', 'the', '<unk>', '', 'that', 'the', '<unk>', '', 'who', 'had', 'been', '<unk>', 'the', 'last', 'three', 'million', 'years', 'from', 'the', 'size', 'of', 'the', '<unk>', '<unk>', '<unk>', '</s>']
2026-05-27 15:00:59,203 - INFO - joeynmt.training - 	Source:     Vorig jaar liet ik deze twee dia's zien om aan  te tonen dat de poolijskap,  die de afgelopen drie miljoen jaar  ongeveer de grootte had van het vasteland van de VS,  met 40% gekrompen was.
2026-05-27 15:00:59,203 - INFO - joeynmt.training - 	Reference:  Last year I showed these two slides so that demonstrate that the arctic ice cap, which for most of the last three million years has been the size of the lower 48 states, has shrunk by 40 percent.
2026-05-27 15:00:59,203 - INFO - joeynmt.training - 	Hypothesis: <unk> years I showed these two <unk> to show you that the <unk>  that the <unk>  who had been <unk> the last three million years from the size of the <unk> <unk> <unk>
2026-05-27 15:00:59,203 - INFO - joeynmt.training - Example #1
2026-05-27 15:00:59,203 - DEBUG - joeynmt.training - 	Tokenized source:     ['Maar', 'dit', 'onderschat', 'eigenlijk', 'de', 'ernst', 'van', 'dit', 'specifieke', 'probleem', '', 'omdat', 'het', 'niet', 'de', 'dikte', 'van', 'het', 'ijs', 'laat', 'zien.']
2026-05-27 15:00:59,203 - DEBUG - joeynmt.training - 	Tokenized reference:  ['But', 'this', 'understates', 'the', 'seriousness', 'of', 'this', 'particular', 'problem', 'because', 'it', "doesn't", 'show', 'the', 'thickness', 'of', 'the', 'ice.']
2026-05-27 15:00:59,203 - DEBUG - joeynmt.training - 	Tokenized hypothesis: ['But', 'this', 'is', 'actually', 'the', '<unk>', 'of', 'this', 'particular', 'problem', '--', 'because', 'it', "doesn't", 'show', 'the', '<unk>', 'of', 'the', '<unk>', 'of', 'the', 'ice', '<unk>', '</s>']
2026-05-27 15:00:59,203 - INFO - joeynmt.training - 	Source:     Maar dit onderschat eigenlijk de ernst van dit specifieke probleem  omdat het niet de dikte van het ijs laat zien.
2026-05-27 15:00:59,203 - INFO - joeynmt.training - 	Reference:  But this understates the seriousness of this particular problem because it doesn't show the thickness of the ice.
2026-05-27 15:00:59,203 - INFO - joeynmt.training - 	Hypothesis: But this is actually the <unk> of this particular problem -- because it doesn't show the <unk> of the <unk> of the ice <unk>
2026-05-27 15:00:59,203 - INFO - joeynmt.training - Example #2
2026-05-27 15:00:59,203 - DEBUG - joeynmt.training - 	Tokenized source:     ['De', 'ijskap', 'op', 'de', 'Noordpool', 'is', 'in', 'zekere', 'zin', '', 'het', 'kloppend', 'hart', 'van', 'ons', 'globaal', 'klimaatsysteem.']
2026-05-27 15:00:59,203 - DEBUG - joeynmt.training - 	Tokenized reference:  ['The', 'arctic', 'ice', 'cap', 'is,', 'in', 'a', 'sense,', 'the', 'beating', 'heart', 'of', 'the', 'global', 'climate', 'system.']
2026-05-27 15:00:59,203 - DEBUG - joeynmt.training - 	Tokenized hypothesis: ['The', '<unk>', 'on', 'the', '<unk>', 'is', 'in', 'a', 'sense,', '', 'the', '<unk>', 'heart', 'of', 'our', '<unk>', '<unk>', '</s>']
2026-05-27 15:00:59,204 - INFO - joeynmt.training - 	Source:     De ijskap op de Noordpool is in zekere zin  het kloppend hart van ons globaal klimaatsysteem.
2026-05-27 15:00:59,204 - INFO - joeynmt.training - 	Reference:  The arctic ice cap is, in a sense, the beating heart of the global climate system.
2026-05-27 15:00:59,204 - INFO - joeynmt.training - 	Hypothesis: The <unk> on the <unk> is in a sense,  the <unk> heart of our <unk> <unk>
2026-05-27 15:00:59,204 - INFO - joeynmt.training - Example #3
2026-05-27 15:00:59,204 - DEBUG - joeynmt.training - 	Tokenized source:     ['Het', 'zet', 'uit', 'in', 'de', 'winter', 'en', 'krimpt', 'in', 'de', 'zomer.']
2026-05-27 15:00:59,204 - DEBUG - joeynmt.training - 	Tokenized reference:  ['It', 'expands', 'in', 'winter', 'and', 'contracts', 'in', 'summer.']
2026-05-27 15:00:59,204 - DEBUG - joeynmt.training - 	Tokenized hypothesis: ['It', '<unk>', 'in', 'the', '<unk>', 'and', '<unk>', 'in', 'the', '<unk>', '</s>']
2026-05-27 15:00:59,204 - INFO - joeynmt.training - 	Source:     Het zet uit in de winter en krimpt in de zomer.
2026-05-27 15:00:59,204 - INFO - joeynmt.training - 	Reference:  It expands in winter and contracts in summer.
2026-05-27 15:00:59,204 - INFO - joeynmt.training - 	Hypothesis: It <unk> in the <unk> and <unk> in the <unk>
2026-05-27 15:00:59,204 - INFO - joeynmt.training - Example #4
2026-05-27 15:00:59,204 - DEBUG - joeynmt.training - 	Tokenized source:     ['De', 'volgende', 'dia', 'die', 'ik', 'laat', 'zien', '', 'is', 'een', 'versnelde', 'versie', 'van', 'wat', 'er', 'de', 'afgelopen', '25', 'jaar', 'is', 'gebeurd.']
2026-05-27 15:00:59,204 - DEBUG - joeynmt.training - 	Tokenized reference:  ['The', 'next', 'slide', 'I', 'show', 'you', 'will', 'be', 'a', 'rapid', 'fast-forward', 'of', "what's", 'happened', 'over', 'the', 'last', '25', 'years.']
2026-05-27 15:00:59,204 - DEBUG - joeynmt.training - 	Tokenized hypothesis: ['The', 'next', '<unk>', 'I', 'show', 'you', '', 'is', 'a', '<unk>', 'version', 'of', 'what', 'has', 'been', '<unk>', 'over', 'the', 'last', '25', 'years.', '</s>']
2026-05-27 15:00:59,205 - INFO - joeynmt.training - 	Source:     De volgende dia die ik laat zien  is een versnelde versie van wat er de afgelopen 25 jaar is gebeurd.
2026-05-27 15:00:59,205 - INFO - joeynmt.training - 	Reference:  The next slide I show you will be a rapid fast-forward of what's happened over the last 25 years.
2026-05-27 15:00:59,205 - INFO - joeynmt.training - 	Hypothesis: The next <unk> I show you  is a <unk> version of what has been <unk> over the last 25 years.
2026-05-27 15:01:14,037 - INFO - joeynmt.training - Epoch   8, Step:    18600, Batch Loss:     1.425246, Batch Acc: 0.587409, Tokens per Sec:     4656, Lr: 0.000300
2026-05-27 15:01:27,684 - INFO - joeynmt.training - Epoch   8, Step:    18700, Batch Loss:     1.312402, Batch Acc: 0.583816, Tokens per Sec:     4964, Lr: 0.000300
2026-05-27 15:01:44,445 - INFO - joeynmt.training - Epoch   8, Step:    18800, Batch Loss:     1.365362, Batch Acc: 0.585033, Tokens per Sec:     4061, Lr: 0.000300
2026-05-27 15:02:00,620 - INFO - joeynmt.training - Epoch   8, Step:    18900, Batch Loss:     1.421351, Batch Acc: 0.586720, Tokens per Sec:     4121, Lr: 0.000300
2026-05-27 15:02:18,438 - INFO - joeynmt.training - Epoch   8, Step:    19000, Batch Loss:     1.364287, Batch Acc: 0.586189, Tokens per Sec:     3761, Lr: 0.000300
2026-05-27 15:02:18,440 - WARNING - joeynmt.helpers - `alpha` option is obsolete. Please use `beam_alpha`, instead.
2026-05-27 15:02:18,440 - INFO - joeynmt.prediction - Predicting 1003 example(s)... (Greedy decoding with min_output_length=1, max_output_length=-1, return_prob='none', generate_unk=True, repetition_penalty=-1, no_repeat_ngram_size=-1)
2026-05-27 15:02:41,251 - INFO - joeynmt.prediction - Evaluation result (greedy) loss:   1.88, ppl:   6.55, acc:   0.45, generation: 22.7997[sec], evaluation: 0.0000[sec]
2026-05-27 15:02:41,479 - INFO - joeynmt.helpers - delete models/tf_word_nl_en/13000.ckpt
2026-05-27 15:02:41,481 - INFO - joeynmt.training - Example #0
2026-05-27 15:02:41,481 - DEBUG - joeynmt.training - 	Tokenized source:     ['Vorig', 'jaar', 'liet', 'ik', 'deze', 'twee', "dia's", 'zien', 'om', 'aan', '', 'te', 'tonen', 'dat', 'de', 'poolijskap,', '', 'die', 'de', 'afgelopen', 'drie', 'miljoen', 'jaar', '', 'ongeveer', 'de', 'grootte', 'had', 'van', 'het', 'vasteland', 'van', 'de', 'VS,', '', 'met', '40%', 'gekrompen', 'was.']
2026-05-27 15:02:41,481 - DEBUG - joeynmt.training - 	Tokenized reference:  ['Last', 'year', 'I', 'showed', 'these', 'two', 'slides', 'so', 'that', 'demonstrate', 'that', 'the', 'arctic', 'ice', 'cap,', 'which', 'for', 'most', 'of', 'the', 'last', 'three', 'million', 'years', 'has', 'been', 'the', 'size', 'of', 'the', 'lower', '48', 'states,', 'has', 'shrunk', 'by', '40', 'percent.']
2026-05-27 15:02:41,481 - DEBUG - joeynmt.training - 	Tokenized hypothesis: ['<unk>', 'years', 'I', 'showed', 'these', 'two', '<unk>', 'to', 'show', 'you', 'that', 'the', '<unk>', '', 'that', 'the', '<unk>', '', 'that', 'the', '<unk>', '<unk>', '', 'that', 'had', 'the', 'last', 'three', 'million', 'years', 'in', 'the', 'size', 'of', 'the', '<unk>', '<unk>', '<unk>', '</s>']
2026-05-27 15:02:41,481 - INFO - joeynmt.training - 	Source:     Vorig jaar liet ik deze twee dia's zien om aan  te tonen dat de poolijskap,  die de afgelopen drie miljoen jaar  ongeveer de grootte had van het vasteland van de VS,  met 40% gekrompen was.
2026-05-27 15:02:41,481 - INFO - joeynmt.training - 	Reference:  Last year I showed these two slides so that demonstrate that the arctic ice cap, which for most of the last three million years has been the size of the lower 48 states, has shrunk by 40 percent.
2026-05-27 15:02:41,481 - INFO - joeynmt.training - 	Hypothesis: <unk> years I showed these two <unk> to show you that the <unk>  that the <unk>  that the <unk> <unk>  that had the last three million years in the size of the <unk> <unk> <unk>
2026-05-27 15:02:41,481 - INFO - joeynmt.training - Example #1
2026-05-27 15:02:41,481 - DEBUG - joeynmt.training - 	Tokenized source:     ['Maar', 'dit', 'onderschat', 'eigenlijk', 'de', 'ernst', 'van', 'dit', 'specifieke', 'probleem', '', 'omdat', 'het', 'niet', 'de', 'dikte', 'van', 'het', 'ijs', 'laat', 'zien.']
2026-05-27 15:02:41,482 - DEBUG - joeynmt.training - 	Tokenized reference:  ['But', 'this', 'understates', 'the', 'seriousness', 'of', 'this', 'particular', 'problem', 'because', 'it', "doesn't", 'show', 'the', 'thickness', 'of', 'the', 'ice.']
2026-05-27 15:02:41,482 - DEBUG - joeynmt.training - 	Tokenized hypothesis: ['But', 'this', 'is', 'actually', 'the', '<unk>', 'of', 'this', 'particular', 'problem', '--', '', 'because', 'it', "doesn't", 'show', 'the', '<unk>', 'of', 'the', 'ice', '<unk>', '</s>']
2026-05-27 15:02:41,482 - INFO - joeynmt.training - 	Source:     Maar dit onderschat eigenlijk de ernst van dit specifieke probleem  omdat het niet de dikte van het ijs laat zien.
2026-05-27 15:02:41,482 - INFO - joeynmt.training - 	Reference:  But this understates the seriousness of this particular problem because it doesn't show the thickness of the ice.
2026-05-27 15:02:41,482 - INFO - joeynmt.training - 	Hypothesis: But this is actually the <unk> of this particular problem --  because it doesn't show the <unk> of the ice <unk>
2026-05-27 15:02:41,482 - INFO - joeynmt.training - Example #2
2026-05-27 15:02:41,482 - DEBUG - joeynmt.training - 	Tokenized source:     ['De', 'ijskap', 'op', 'de', 'Noordpool', 'is', 'in', 'zekere', 'zin', '', 'het', 'kloppend', 'hart', 'van', 'ons', 'globaal', 'klimaatsysteem.']
2026-05-27 15:02:41,482 - DEBUG - joeynmt.training - 	Tokenized reference:  ['The', 'arctic', 'ice', 'cap', 'is,', 'in', 'a', 'sense,', 'the', 'beating', 'heart', 'of', 'the', 'global', 'climate', 'system.']
2026-05-27 15:02:41,482 - DEBUG - joeynmt.training - 	Tokenized hypothesis: ['The', '<unk>', 'on', 'the', '<unk>', 'is', 'in', 'some', 'sense,', '', 'the', '<unk>', 'heart', 'of', 'our', '<unk>', '<unk>', '</s>']
2026-05-27 15:02:41,483 - INFO - joeynmt.training - 	Source:     De ijskap op de Noordpool is in zekere zin  het kloppend hart van ons globaal klimaatsysteem.
2026-05-27 15:02:41,483 - INFO - joeynmt.training - 	Reference:  The arctic ice cap is, in a sense, the beating heart of the global climate system.
2026-05-27 15:02:41,483 - INFO - joeynmt.training - 	Hypothesis: The <unk> on the <unk> is in some sense,  the <unk> heart of our <unk> <unk>
2026-05-27 15:02:41,483 - INFO - joeynmt.training - Example #3
2026-05-27 15:02:41,483 - DEBUG - joeynmt.training - 	Tokenized source:     ['Het', 'zet', 'uit', 'in', 'de', 'winter', 'en', 'krimpt', 'in', 'de', 'zomer.']
2026-05-27 15:02:41,483 - DEBUG - joeynmt.training - 	Tokenized reference:  ['It', 'expands', 'in', 'winter', 'and', 'contracts', 'in', 'summer.']
2026-05-27 15:02:41,483 - DEBUG - joeynmt.training - 	Tokenized hypothesis: ['It', '<unk>', 'in', 'the', '<unk>', 'and', '<unk>', 'in', 'the', '<unk>', '</s>']
2026-05-27 15:02:41,483 - INFO - joeynmt.training - 	Source:     Het zet uit in de winter en krimpt in de zomer.
2026-05-27 15:02:41,483 - INFO - joeynmt.training - 	Reference:  It expands in winter and contracts in summer.
2026-05-27 15:02:41,483 - INFO - joeynmt.training - 	Hypothesis: It <unk> in the <unk> and <unk> in the <unk>
2026-05-27 15:02:41,483 - INFO - joeynmt.training - Example #4
2026-05-27 15:02:41,483 - DEBUG - joeynmt.training - 	Tokenized source:     ['De', 'volgende', 'dia', 'die', 'ik', 'laat', 'zien', '', 'is', 'een', 'versnelde', 'versie', 'van', 'wat', 'er', 'de', 'afgelopen', '25', 'jaar', 'is', 'gebeurd.']
2026-05-27 15:02:41,484 - DEBUG - joeynmt.training - 	Tokenized reference:  ['The', 'next', 'slide', 'I', 'show', 'you', 'will', 'be', 'a', 'rapid', 'fast-forward', 'of', "what's", 'happened', 'over', 'the', 'last', '25', 'years.']
2026-05-27 15:02:41,484 - DEBUG - joeynmt.training - 	Tokenized hypothesis: ['The', 'next', '<unk>', 'I', 'show', '', 'is', 'a', '<unk>', 'version', 'of', 'what', 'happened', 'in', 'the', 'last', '25', 'years.', '</s>']
2026-05-27 15:02:41,484 - INFO - joeynmt.training - 	Source:     De volgende dia die ik laat zien  is een versnelde versie van wat er de afgelopen 25 jaar is gebeurd.
2026-05-27 15:02:41,484 - INFO - joeynmt.training - 	Reference:  The next slide I show you will be a rapid fast-forward of what's happened over the last 25 years.
2026-05-27 15:02:41,484 - INFO - joeynmt.training - 	Hypothesis: The next <unk> I show  is a <unk> version of what happened in the last 25 years.
2026-05-27 15:02:59,892 - INFO - joeynmt.training - Epoch   8, Step:    19100, Batch Loss:     1.382222, Batch Acc: 0.584555, Tokens per Sec:     3768, Lr: 0.000300
2026-05-27 15:03:20,190 - INFO - joeynmt.training - Epoch   8, Step:    19200, Batch Loss:     1.298660, Batch Acc: 0.581764, Tokens per Sec:     3471, Lr: 0.000300
2026-05-27 15:03:38,379 - INFO - joeynmt.training - Epoch   8, Step:    19300, Batch Loss:     1.418673, Batch Acc: 0.580201, Tokens per Sec:     3815, Lr: 0.000300
2026-05-27 15:03:58,121 - INFO - joeynmt.training - Epoch   8, Step:    19400, Batch Loss:     1.454076, Batch Acc: 0.579852, Tokens per Sec:     3632, Lr: 0.000300
2026-05-27 15:04:17,248 - INFO - joeynmt.training - Epoch   8, Step:    19500, Batch Loss:     1.398157, Batch Acc: 0.586555, Tokens per Sec:     3532, Lr: 0.000300
2026-05-27 15:04:17,249 - WARNING - joeynmt.helpers - `alpha` option is obsolete. Please use `beam_alpha`, instead.
2026-05-27 15:04:17,249 - INFO - joeynmt.prediction - Predicting 1003 example(s)... (Greedy decoding with min_output_length=1, max_output_length=-1, return_prob='none', generate_unk=True, repetition_penalty=-1, no_repeat_ngram_size=-1)
2026-05-27 15:04:39,011 - INFO - joeynmt.prediction - Evaluation result (greedy) loss:   1.86, ppl:   6.43, acc:   0.45, generation: 21.7528[sec], evaluation: 0.0000[sec]
2026-05-27 15:04:39,012 - INFO - joeynmt.training - Hooray! New best validation result [ppl]!
2026-05-27 15:04:39,224 - INFO - joeynmt.helpers - delete models/tf_word_nl_en/18000.ckpt
2026-05-27 15:04:39,226 - INFO - joeynmt.training - Example #0
2026-05-27 15:04:39,226 - DEBUG - joeynmt.training - 	Tokenized source:     ['Vorig', 'jaar', 'liet', 'ik', 'deze', 'twee', "dia's", 'zien', 'om', 'aan', '', 'te', 'tonen', 'dat', 'de', 'poolijskap,', '', 'die', 'de', 'afgelopen', 'drie', 'miljoen', 'jaar', '', 'ongeveer', 'de', 'grootte', 'had', 'van', 'het', 'vasteland', 'van', 'de', 'VS,', '', 'met', '40%', 'gekrompen', 'was.']
2026-05-27 15:04:39,226 - DEBUG - joeynmt.training - 	Tokenized reference:  ['Last', 'year', 'I', 'showed', 'these', 'two', 'slides', 'so', 'that', 'demonstrate', 'that', 'the', 'arctic', 'ice', 'cap,', 'which', 'for', 'most', 'of', 'the', 'last', 'three', 'million', 'years', 'has', 'been', 'the', 'size', 'of', 'the', 'lower', '48', 'states,', 'has', 'shrunk', 'by', '40', 'percent.']
2026-05-27 15:04:39,226 - DEBUG - joeynmt.training - 	Tokenized hypothesis: ['<unk>', 'year', 'I', 'showed', 'these', 'two', '<unk>', 'to', 'show', 'you', 'that', 'the', '<unk>', '', 'that', 'the', '<unk>', '', 'that', 'had', 'three', 'million', 'of', 'the', 'size', 'of', 'the', '<unk>', '<unk>', '<unk>', '<unk>', '</s>']
2026-05-27 15:04:39,226 - INFO - joeynmt.training - 	Source:     Vorig jaar liet ik deze twee dia's zien om aan  te tonen dat de poolijskap,  die de afgelopen drie miljoen jaar  ongeveer de grootte had van het vasteland van de VS,  met 40% gekrompen was.
2026-05-27 15:04:39,226 - INFO - joeynmt.training - 	Reference:  Last year I showed these two slides so that demonstrate that the arctic ice cap, which for most of the last three million years has been the size of the lower 48 states, has shrunk by 40 percent.
2026-05-27 15:04:39,226 - INFO - joeynmt.training - 	Hypothesis: <unk> year I showed these two <unk> to show you that the <unk>  that the <unk>  that had three million of the size of the <unk> <unk> <unk> <unk>
2026-05-27 15:04:39,226 - INFO - joeynmt.training - Example #1
2026-05-27 15:04:39,226 - DEBUG - joeynmt.training - 	Tokenized source:     ['Maar', 'dit', 'onderschat', 'eigenlijk', 'de', 'ernst', 'van', 'dit', 'specifieke', 'probleem', '', 'omdat', 'het', 'niet', 'de', 'dikte', 'van', 'het', 'ijs', 'laat', 'zien.']
2026-05-27 15:04:39,226 - DEBUG - joeynmt.training - 	Tokenized reference:  ['But', 'this', 'understates', 'the', 'seriousness', 'of', 'this', 'particular', 'problem', 'because', 'it', "doesn't", 'show', 'the', 'thickness', 'of', 'the', 'ice.']
2026-05-27 15:04:39,227 - DEBUG - joeynmt.training - 	Tokenized hypothesis: ['But', 'this', 'actually', '<unk>', 'the', '<unk>', 'of', 'this', 'particular', 'problem', '--', 'because', 'it', "doesn't", 'show', 'the', '<unk>', 'of', 'the', '<unk>', '</s>']
2026-05-27 15:04:39,227 - INFO - joeynmt.training - 	Source:     Maar dit onderschat eigenlijk de ernst van dit specifieke probleem  omdat het niet de dikte van het ijs laat zien.
2026-05-27 15:04:39,227 - INFO - joeynmt.training - 	Reference:  But this understates the seriousness of this particular problem because it doesn't show the thickness of the ice.
2026-05-27 15:04:39,227 - INFO - joeynmt.training - 	Hypothesis: But this actually <unk> the <unk> of this particular problem -- because it doesn't show the <unk> of the <unk>
2026-05-27 15:04:39,227 - INFO - joeynmt.training - Example #2
2026-05-27 15:04:39,227 - DEBUG - joeynmt.training - 	Tokenized source:     ['De', 'ijskap', 'op', 'de', 'Noordpool', 'is', 'in', 'zekere', 'zin', '', 'het', 'kloppend', 'hart', 'van', 'ons', 'globaal', 'klimaatsysteem.']
2026-05-27 15:04:39,227 - DEBUG - joeynmt.training - 	Tokenized reference:  ['The', 'arctic', 'ice', 'cap', 'is,', 'in', 'a', 'sense,', 'the', 'beating', 'heart', 'of', 'the', 'global', 'climate', 'system.']
2026-05-27 15:04:39,227 - DEBUG - joeynmt.training - 	Tokenized hypothesis: ['The', '<unk>', 'on', 'the', '<unk>', 'is', 'in', 'some', 'sense', 'of', 'the', '<unk>', 'heart', 'of', 'our', '<unk>', '<unk>', '</s>']
2026-05-27 15:04:39,228 - INFO - joeynmt.training - 	Source:     De ijskap op de Noordpool is in zekere zin  het kloppend hart van ons globaal klimaatsysteem.
2026-05-27 15:04:39,228 - INFO - joeynmt.training - 	Reference:  The arctic ice cap is, in a sense, the beating heart of the global climate system.
2026-05-27 15:04:39,228 - INFO - joeynmt.training - 	Hypothesis: The <unk> on the <unk> is in some sense of the <unk> heart of our <unk> <unk>
2026-05-27 15:04:39,228 - INFO - joeynmt.training - Example #3
2026-05-27 15:04:39,228 - DEBUG - joeynmt.training - 	Tokenized source:     ['Het', 'zet', 'uit', 'in', 'de', 'winter', 'en', 'krimpt', 'in', 'de', 'zomer.']
2026-05-27 15:04:39,228 - DEBUG - joeynmt.training - 	Tokenized reference:  ['It', 'expands', 'in', 'winter', 'and', 'contracts', 'in', 'summer.']
2026-05-27 15:04:39,228 - DEBUG - joeynmt.training - 	Tokenized hypothesis: ['It', '<unk>', 'in', 'the', '<unk>', 'and', '<unk>', 'in', 'the', '<unk>', '</s>']
2026-05-27 15:04:39,228 - INFO - joeynmt.training - 	Source:     Het zet uit in de winter en krimpt in de zomer.
2026-05-27 15:04:39,228 - INFO - joeynmt.training - 	Reference:  It expands in winter and contracts in summer.
2026-05-27 15:04:39,228 - INFO - joeynmt.training - 	Hypothesis: It <unk> in the <unk> and <unk> in the <unk>
2026-05-27 15:04:39,228 - INFO - joeynmt.training - Example #4
2026-05-27 15:04:39,228 - DEBUG - joeynmt.training - 	Tokenized source:     ['De', 'volgende', 'dia', 'die', 'ik', 'laat', 'zien', '', 'is', 'een', 'versnelde', 'versie', 'van', 'wat', 'er', 'de', 'afgelopen', '25', 'jaar', 'is', 'gebeurd.']
2026-05-27 15:04:39,228 - DEBUG - joeynmt.training - 	Tokenized reference:  ['The', 'next', 'slide', 'I', 'show', 'you', 'will', 'be', 'a', 'rapid', 'fast-forward', 'of', "what's", 'happened', 'over', 'the', 'last', '25', 'years.']
2026-05-27 15:04:39,229 - DEBUG - joeynmt.training - 	Tokenized hypothesis: ['The', 'next', '<unk>', 'I', 'show', 'you', 'the', 'next', '<unk>', '', 'is', 'a', '<unk>', 'version', 'of', 'what', 'has', 'been', '<unk>', 'for', 'the', 'last', '25', 'years', 'of', 'what', 'is', '<unk>', '</s>']
2026-05-27 15:04:39,229 - INFO - joeynmt.training - 	Source:     De volgende dia die ik laat zien  is een versnelde versie van wat er de afgelopen 25 jaar is gebeurd.
2026-05-27 15:04:39,229 - INFO - joeynmt.training - 	Reference:  The next slide I show you will be a rapid fast-forward of what's happened over the last 25 years.
2026-05-27 15:04:39,229 - INFO - joeynmt.training - 	Hypothesis: The next <unk> I show you the next <unk>  is a <unk> version of what has been <unk> for the last 25 years of what is <unk>
2026-05-27 15:04:57,729 - INFO - joeynmt.training - Epoch   8, Step:    19600, Batch Loss:     1.412828, Batch Acc: 0.581222, Tokens per Sec:     3712, Lr: 0.000300
2026-05-27 15:05:19,472 - INFO - joeynmt.training - Epoch   8, Step:    19700, Batch Loss:     1.518515, Batch Acc: 0.575954, Tokens per Sec:     3148, Lr: 0.000300
2026-05-27 15:05:35,282 - INFO - joeynmt.training - Epoch   8: total training loss 3337.55
2026-05-27 15:05:35,283 - INFO - joeynmt.training - EPOCH 9
2026-05-27 15:05:43,905 - INFO - joeynmt.training - Epoch   9, Step:    19800, Batch Loss:     1.198650, Batch Acc: 0.608198, Tokens per Sec:     2799, Lr: 0.000300
2026-05-27 15:06:08,892 - INFO - joeynmt.training - Epoch   9, Step:    19900, Batch Loss:     1.306145, Batch Acc: 0.605353, Tokens per Sec:     2692, Lr: 0.000300
2026-05-27 15:06:42,830 - INFO - joeynmt.training - Epoch   9, Step:    20000, Batch Loss:     1.336228, Batch Acc: 0.602078, Tokens per Sec:     1988, Lr: 0.000300
2026-05-27 15:06:42,832 - WARNING - joeynmt.helpers - `alpha` option is obsolete. Please use `beam_alpha`, instead.
2026-05-27 15:06:42,832 - INFO - joeynmt.prediction - Predicting 1003 example(s)... (Greedy decoding with min_output_length=1, max_output_length=-1, return_prob='none', generate_unk=True, repetition_penalty=-1, no_repeat_ngram_size=-1)
2026-05-27 15:06:59,815 - INFO - joeynmt.prediction - Evaluation result (greedy) loss:   1.92, ppl:   6.81, acc:   0.44, generation: 16.9722[sec], evaluation: 0.0000[sec]
2026-05-27 15:06:59,819 - INFO - joeynmt.training - Example #0
2026-05-27 15:06:59,819 - DEBUG - joeynmt.training - 	Tokenized source:     ['Vorig', 'jaar', 'liet', 'ik', 'deze', 'twee', "dia's", 'zien', 'om', 'aan', '', 'te', 'tonen', 'dat', 'de', 'poolijskap,', '', 'die', 'de', 'afgelopen', 'drie', 'miljoen', 'jaar', '', 'ongeveer', 'de', 'grootte', 'had', 'van', 'het', 'vasteland', 'van', 'de', 'VS,', '', 'met', '40%', 'gekrompen', 'was.']
2026-05-27 15:06:59,819 - DEBUG - joeynmt.training - 	Tokenized reference:  ['Last', 'year', 'I', 'showed', 'these', 'two', 'slides', 'so', 'that', 'demonstrate', 'that', 'the', 'arctic', 'ice', 'cap,', 'which', 'for', 'most', 'of', 'the', 'last', 'three', 'million', 'years', 'has', 'been', 'the', 'size', 'of', 'the', 'lower', '48', 'states,', 'has', 'shrunk', 'by', '40', 'percent.']
2026-05-27 15:06:59,819 - DEBUG - joeynmt.training - 	Tokenized hypothesis: ['<unk>', 'years', 'I', 'showed', 'these', 'two', '<unk>', 'to', 'show', 'you', 'that', 'the', '<unk>', '', 'that', 'the', '<unk>', '', 'that', 'the', '<unk>', 'three', 'million', 'years', '', 'about', 'the', 'size', 'of', 'the', '<unk>', '', 'with', '<unk>', '<unk>', '</s>']
2026-05-27 15:06:59,820 - INFO - joeynmt.training - 	Source:     Vorig jaar liet ik deze twee dia's zien om aan  te tonen dat de poolijskap,  die de afgelopen drie miljoen jaar  ongeveer de grootte had van het vasteland van de VS,  met 40% gekrompen was.
2026-05-27 15:06:59,820 - INFO - joeynmt.training - 	Reference:  Last year I showed these two slides so that demonstrate that the arctic ice cap, which for most of the last three million years has been the size of the lower 48 states, has shrunk by 40 percent.
2026-05-27 15:06:59,820 - INFO - joeynmt.training - 	Hypothesis: <unk> years I showed these two <unk> to show you that the <unk>  that the <unk>  that the <unk> three million years  about the size of the <unk>  with <unk> <unk>
2026-05-27 15:06:59,820 - INFO - joeynmt.training - Example #1
2026-05-27 15:06:59,820 - DEBUG - joeynmt.training - 	Tokenized source:     ['Maar', 'dit', 'onderschat', 'eigenlijk', 'de', 'ernst', 'van', 'dit', 'specifieke', 'probleem', '', 'omdat', 'het', 'niet', 'de', 'dikte', 'van', 'het', 'ijs', 'laat', 'zien.']
2026-05-27 15:06:59,820 - DEBUG - joeynmt.training - 	Tokenized reference:  ['But', 'this', 'understates', 'the', 'seriousness', 'of', 'this', 'particular', 'problem', 'because', 'it', "doesn't", 'show', 'the', 'thickness', 'of', 'the', 'ice.']
2026-05-27 15:06:59,820 - DEBUG - joeynmt.training - 	Tokenized hypothesis: ['But', 'this', 'is', 'actually', 'the', '<unk>', 'of', 'this', 'particular', 'problem', '--', '', 'because', 'it', "doesn't", 'show', 'the', '<unk>', 'of', 'the', '<unk>', '</s>']
2026-05-27 15:06:59,821 - INFO - joeynmt.training - 	Source:     Maar dit onderschat eigenlijk de ernst van dit specifieke probleem  omdat het niet de dikte van het ijs laat zien.
2026-05-27 15:06:59,821 - INFO - joeynmt.training - 	Reference:  But this understates the seriousness of this particular problem because it doesn't show the thickness of the ice.
2026-05-27 15:06:59,821 - INFO - joeynmt.training - 	Hypothesis: But this is actually the <unk> of this particular problem --  because it doesn't show the <unk> of the <unk>
2026-05-27 15:06:59,821 - INFO - joeynmt.training - Example #2
2026-05-27 15:06:59,821 - DEBUG - joeynmt.training - 	Tokenized source:     ['De', 'ijskap', 'op', 'de', 'Noordpool', 'is', 'in', 'zekere', 'zin', '', 'het', 'kloppend', 'hart', 'van', 'ons', 'globaal', 'klimaatsysteem.']
2026-05-27 15:06:59,821 - DEBUG - joeynmt.training - 	Tokenized reference:  ['The', 'arctic', 'ice', 'cap', 'is,', 'in', 'a', 'sense,', 'the', 'beating', 'heart', 'of', 'the', 'global', 'climate', 'system.']
2026-05-27 15:06:59,821 - DEBUG - joeynmt.training - 	Tokenized hypothesis: ['The', '<unk>', 'on', 'the', '<unk>', 'is', 'in', 'some', 'sense,', '', 'the', '<unk>', 'heart', 'of', 'our', '<unk>', '<unk>', '</s>']
2026-05-27 15:06:59,821 - INFO - joeynmt.training - 	Source:     De ijskap op de Noordpool is in zekere zin  het kloppend hart van ons globaal klimaatsysteem.
2026-05-27 15:06:59,821 - INFO - joeynmt.training - 	Reference:  The arctic ice cap is, in a sense, the beating heart of the global climate system.
2026-05-27 15:06:59,821 - INFO - joeynmt.training - 	Hypothesis: The <unk> on the <unk> is in some sense,  the <unk> heart of our <unk> <unk>
2026-05-27 15:06:59,822 - INFO - joeynmt.training - Example #3
2026-05-27 15:06:59,822 - DEBUG - joeynmt.training - 	Tokenized source:     ['Het', 'zet', 'uit', 'in', 'de', 'winter', 'en', 'krimpt', 'in', 'de', 'zomer.']
2026-05-27 15:06:59,822 - DEBUG - joeynmt.training - 	Tokenized reference:  ['It', 'expands', 'in', 'winter', 'and', 'contracts', 'in', 'summer.']
2026-05-27 15:06:59,822 - DEBUG - joeynmt.training - 	Tokenized hypothesis: ['It', '<unk>', 'in', 'the', '<unk>', 'and', '<unk>', 'in', 'the', '<unk>', '</s>']
2026-05-27 15:06:59,822 - INFO - joeynmt.training - 	Source:     Het zet uit in de winter en krimpt in de zomer.
2026-05-27 15:06:59,822 - INFO - joeynmt.training - 	Reference:  It expands in winter and contracts in summer.
2026-05-27 15:06:59,822 - INFO - joeynmt.training - 	Hypothesis: It <unk> in the <unk> and <unk> in the <unk>
2026-05-27 15:06:59,822 - INFO - joeynmt.training - Example #4
2026-05-27 15:06:59,822 - DEBUG - joeynmt.training - 	Tokenized source:     ['De', 'volgende', 'dia', 'die', 'ik', 'laat', 'zien', '', 'is', 'een', 'versnelde', 'versie', 'van', 'wat', 'er', 'de', 'afgelopen', '25', 'jaar', 'is', 'gebeurd.']
2026-05-27 15:06:59,822 - DEBUG - joeynmt.training - 	Tokenized reference:  ['The', 'next', 'slide', 'I', 'show', 'you', 'will', 'be', 'a', 'rapid', 'fast-forward', 'of', "what's", 'happened', 'over', 'the', 'last', '25', 'years.']
2026-05-27 15:06:59,823 - DEBUG - joeynmt.training - 	Tokenized hypothesis: ['The', 'next', '<unk>', 'that', 'I', 'show', '', 'is', 'a', '<unk>', 'version', 'of', 'what', 'was', 'there', 'for', 'the', 'last', '25', 'years', 'of', 'what', 'there', 'is', 'a', '<unk>', 'version', 'of', 'what', 'there', 'was', 'the', 'last', '25', 'years', 'of', '<unk>', '</s>']
2026-05-27 15:06:59,823 - INFO - joeynmt.training - 	Source:     De volgende dia die ik laat zien  is een versnelde versie van wat er de afgelopen 25 jaar is gebeurd.
2026-05-27 15:06:59,823 - INFO - joeynmt.training - 	Reference:  The next slide I show you will be a rapid fast-forward of what's happened over the last 25 years.
2026-05-27 15:06:59,823 - INFO - joeynmt.training - 	Hypothesis: The next <unk> that I show  is a <unk> version of what was there for the last 25 years of what there is a <unk> version of what there was the last 25 years of <unk>
2026-05-27 15:07:14,127 - INFO - joeynmt.training - Epoch   9, Step:    20100, Batch Loss:     1.312188, Batch Acc: 0.600170, Tokens per Sec:     4863, Lr: 0.000300
2026-05-27 15:07:28,849 - INFO - joeynmt.training - Epoch   9, Step:    20200, Batch Loss:     1.287626, Batch Acc: 0.599602, Tokens per Sec:     4642, Lr: 0.000300
2026-05-27 15:07:47,228 - INFO - joeynmt.training - Epoch   9, Step:    20300, Batch Loss:     1.294446, Batch Acc: 0.599868, Tokens per Sec:     3707, Lr: 0.000300
2026-05-27 15:08:03,616 - INFO - joeynmt.training - Epoch   9, Step:    20400, Batch Loss:     1.182248, Batch Acc: 0.597052, Tokens per Sec:     4257, Lr: 0.000300
2026-05-27 15:08:22,525 - INFO - joeynmt.training - Epoch   9, Step:    20500, Batch Loss:     1.320676, Batch Acc: 0.592415, Tokens per Sec:     3613, Lr: 0.000300
2026-05-27 15:08:22,526 - WARNING - joeynmt.helpers - `alpha` option is obsolete. Please use `beam_alpha`, instead.
2026-05-27 15:08:22,526 - INFO - joeynmt.prediction - Predicting 1003 example(s)... (Greedy decoding with min_output_length=1, max_output_length=-1, return_prob='none', generate_unk=True, repetition_penalty=-1, no_repeat_ngram_size=-1)
2026-05-27 15:08:41,314 - INFO - joeynmt.prediction - Evaluation result (greedy) loss:   1.89, ppl:   6.60, acc:   0.44, generation: 18.7787[sec], evaluation: 0.0000[sec]
2026-05-27 15:08:41,316 - INFO - joeynmt.training - Example #0
2026-05-27 15:08:41,316 - DEBUG - joeynmt.training - 	Tokenized source:     ['Vorig', 'jaar', 'liet', 'ik', 'deze', 'twee', "dia's", 'zien', 'om', 'aan', '', 'te', 'tonen', 'dat', 'de', 'poolijskap,', '', 'die', 'de', 'afgelopen', 'drie', 'miljoen', 'jaar', '', 'ongeveer', 'de', 'grootte', 'had', 'van', 'het', 'vasteland', 'van', 'de', 'VS,', '', 'met', '40%', 'gekrompen', 'was.']
2026-05-27 15:08:41,316 - DEBUG - joeynmt.training - 	Tokenized reference:  ['Last', 'year', 'I', 'showed', 'these', 'two', 'slides', 'so', 'that', 'demonstrate', 'that', 'the', 'arctic', 'ice', 'cap,', 'which', 'for', 'most', 'of', 'the', 'last', 'three', 'million', 'years', 'has', 'been', 'the', 'size', 'of', 'the', 'lower', '48', 'states,', 'has', 'shrunk', 'by', '40', 'percent.']
2026-05-27 15:08:41,316 - DEBUG - joeynmt.training - 	Tokenized hypothesis: ['<unk>', 'year', 'I', 'showed', 'these', 'two', '<unk>', 'to', 'show', 'you', 'that', 'the', '<unk>', '', 'that', 'the', '<unk>', '', 'that', 'the', '<unk>', '', 'that', 'the', '<unk>', 'for', 'the', 'last', 'three', 'million', 'years', 'the', '<unk>', 'of', 'the', '<unk>', '<unk>', '</s>']
2026-05-27 15:08:41,317 - INFO - joeynmt.training - 	Source:     Vorig jaar liet ik deze twee dia's zien om aan  te tonen dat de poolijskap,  die de afgelopen drie miljoen jaar  ongeveer de grootte had van het vasteland van de VS,  met 40% gekrompen was.
2026-05-27 15:08:41,317 - INFO - joeynmt.training - 	Reference:  Last year I showed these two slides so that demonstrate that the arctic ice cap, which for most of the last three million years has been the size of the lower 48 states, has shrunk by 40 percent.
2026-05-27 15:08:41,317 - INFO - joeynmt.training - 	Hypothesis: <unk> year I showed these two <unk> to show you that the <unk>  that the <unk>  that the <unk>  that the <unk> for the last three million years the <unk> of the <unk> <unk>
2026-05-27 15:08:41,317 - INFO - joeynmt.training - Example #1
2026-05-27 15:08:41,317 - DEBUG - joeynmt.training - 	Tokenized source:     ['Maar', 'dit', 'onderschat', 'eigenlijk', 'de', 'ernst', 'van', 'dit', 'specifieke', 'probleem', '', 'omdat', 'het', 'niet', 'de', 'dikte', 'van', 'het', 'ijs', 'laat', 'zien.']
2026-05-27 15:08:41,317 - DEBUG - joeynmt.training - 	Tokenized reference:  ['But', 'this', 'understates', 'the', 'seriousness', 'of', 'this', 'particular', 'problem', 'because', 'it', "doesn't", 'show', 'the', 'thickness', 'of', 'the', 'ice.']
2026-05-27 15:08:41,317 - DEBUG - joeynmt.training - 	Tokenized hypothesis: ['But', 'this', 'is', 'actually', 'the', '<unk>', 'of', 'this', 'particular', 'problem', '--', '', 'because', 'it', "doesn't", 'show', 'the', '<unk>', 'of', 'the', '<unk>', '</s>']
2026-05-27 15:08:41,318 - INFO - joeynmt.training - 	Source:     Maar dit onderschat eigenlijk de ernst van dit specifieke probleem  omdat het niet de dikte van het ijs laat zien.
2026-05-27 15:08:41,318 - INFO - joeynmt.training - 	Reference:  But this understates the seriousness of this particular problem because it doesn't show the thickness of the ice.
2026-05-27 15:08:41,318 - INFO - joeynmt.training - 	Hypothesis: But this is actually the <unk> of this particular problem --  because it doesn't show the <unk> of the <unk>
2026-05-27 15:08:41,318 - INFO - joeynmt.training - Example #2
2026-05-27 15:08:41,318 - DEBUG - joeynmt.training - 	Tokenized source:     ['De', 'ijskap', 'op', 'de', 'Noordpool', 'is', 'in', 'zekere', 'zin', '', 'het', 'kloppend', 'hart', 'van', 'ons', 'globaal', 'klimaatsysteem.']
2026-05-27 15:08:41,318 - DEBUG - joeynmt.training - 	Tokenized reference:  ['The', 'arctic', 'ice', 'cap', 'is,', 'in', 'a', 'sense,', 'the', 'beating', 'heart', 'of', 'the', 'global', 'climate', 'system.']
2026-05-27 15:08:41,318 - DEBUG - joeynmt.training - 	Tokenized hypothesis: ['The', '<unk>', 'on', 'the', '<unk>', 'is', 'in', 'a', 'sense', 'of', 'sense', 'of', 'our', '<unk>', '<unk>', '</s>']
2026-05-27 15:08:41,318 - INFO - joeynmt.training - 	Source:     De ijskap op de Noordpool is in zekere zin  het kloppend hart van ons globaal klimaatsysteem.
2026-05-27 15:08:41,318 - INFO - joeynmt.training - 	Reference:  The arctic ice cap is, in a sense, the beating heart of the global climate system.
2026-05-27 15:08:41,318 - INFO - joeynmt.training - 	Hypothesis: The <unk> on the <unk> is in a sense of sense of our <unk> <unk>
2026-05-27 15:08:41,318 - INFO - joeynmt.training - Example #3
2026-05-27 15:08:41,319 - DEBUG - joeynmt.training - 	Tokenized source:     ['Het', 'zet', 'uit', 'in', 'de', 'winter', 'en', 'krimpt', 'in', 'de', 'zomer.']
2026-05-27 15:08:41,319 - DEBUG - joeynmt.training - 	Tokenized reference:  ['It', 'expands', 'in', 'winter', 'and', 'contracts', 'in', 'summer.']
2026-05-27 15:08:41,319 - DEBUG - joeynmt.training - 	Tokenized hypothesis: ['It', '<unk>', 'in', 'the', '<unk>', 'and', '<unk>', 'in', 'the', '<unk>', '</s>']
2026-05-27 15:08:41,319 - INFO - joeynmt.training - 	Source:     Het zet uit in de winter en krimpt in de zomer.
2026-05-27 15:08:41,319 - INFO - joeynmt.training - 	Reference:  It expands in winter and contracts in summer.
2026-05-27 15:08:41,319 - INFO - joeynmt.training - 	Hypothesis: It <unk> in the <unk> and <unk> in the <unk>
2026-05-27 15:08:41,319 - INFO - joeynmt.training - Example #4
2026-05-27 15:08:41,319 - DEBUG - joeynmt.training - 	Tokenized source:     ['De', 'volgende', 'dia', 'die', 'ik', 'laat', 'zien', '', 'is', 'een', 'versnelde', 'versie', 'van', 'wat', 'er', 'de', 'afgelopen', '25', 'jaar', 'is', 'gebeurd.']
2026-05-27 15:08:41,319 - DEBUG - joeynmt.training - 	Tokenized reference:  ['The', 'next', 'slide', 'I', 'show', 'you', 'will', 'be', 'a', 'rapid', 'fast-forward', 'of', "what's", 'happened', 'over', 'the', 'last', '25', 'years.']
2026-05-27 15:08:41,319 - DEBUG - joeynmt.training - 	Tokenized hypothesis: ['The', 'next', '<unk>', 'I', 'show', 'you', '--', 'is', 'a', '<unk>', 'version', 'of', "what's", 'been', 'been', '<unk>', 'for', 'the', 'last', '25', 'years', '--', '</s>']
2026-05-27 15:08:41,320 - INFO - joeynmt.training - 	Source:     De volgende dia die ik laat zien  is een versnelde versie van wat er de afgelopen 25 jaar is gebeurd.
2026-05-27 15:08:41,320 - INFO - joeynmt.training - 	Reference:  The next slide I show you will be a rapid fast-forward of what's happened over the last 25 years.
2026-05-27 15:08:41,320 - INFO - joeynmt.training - 	Hypothesis: The next <unk> I show you -- is a <unk> version of what's been been <unk> for the last 25 years --
2026-05-27 15:08:57,178 - INFO - joeynmt.training - Epoch   9, Step:    20600, Batch Loss:     1.238579, Batch Acc: 0.597296, Tokens per Sec:     4312, Lr: 0.000300
2026-05-27 15:09:14,420 - INFO - joeynmt.training - Epoch   9, Step:    20700, Batch Loss:     1.285525, Batch Acc: 0.595210, Tokens per Sec:     4057, Lr: 0.000300
2026-05-27 15:09:45,981 - INFO - joeynmt.training - Epoch   9, Step:    20800, Batch Loss:     1.365349, Batch Acc: 0.593549, Tokens per Sec:     2196, Lr: 0.000300
2026-05-27 15:10:06,867 - INFO - joeynmt.training - Epoch   9, Step:    20900, Batch Loss:     1.341847, Batch Acc: 0.594861, Tokens per Sec:     3333, Lr: 0.000300
2026-05-27 15:10:23,596 - INFO - joeynmt.training - Epoch   9, Step:    21000, Batch Loss:     1.283547, Batch Acc: 0.591624, Tokens per Sec:     4048, Lr: 0.000300
2026-05-27 15:10:23,597 - WARNING - joeynmt.helpers - `alpha` option is obsolete. Please use `beam_alpha`, instead.
2026-05-27 15:10:23,597 - INFO - joeynmt.prediction - Predicting 1003 example(s)... (Greedy decoding with min_output_length=1, max_output_length=-1, return_prob='none', generate_unk=True, repetition_penalty=-1, no_repeat_ngram_size=-1)
2026-05-27 15:10:41,411 - INFO - joeynmt.prediction - Evaluation result (greedy) loss:   1.89, ppl:   6.65, acc:   0.44, generation: 17.8057[sec], evaluation: 0.0000[sec]
2026-05-27 15:10:41,415 - INFO - joeynmt.training - Example #0
2026-05-27 15:10:41,415 - DEBUG - joeynmt.training - 	Tokenized source:     ['Vorig', 'jaar', 'liet', 'ik', 'deze', 'twee', "dia's", 'zien', 'om', 'aan', '', 'te', 'tonen', 'dat', 'de', 'poolijskap,', '', 'die', 'de', 'afgelopen', 'drie', 'miljoen', 'jaar', '', 'ongeveer', 'de', 'grootte', 'had', 'van', 'het', 'vasteland', 'van', 'de', 'VS,', '', 'met', '40%', 'gekrompen', 'was.']
2026-05-27 15:10:41,415 - DEBUG - joeynmt.training - 	Tokenized reference:  ['Last', 'year', 'I', 'showed', 'these', 'two', 'slides', 'so', 'that', 'demonstrate', 'that', 'the', 'arctic', 'ice', 'cap,', 'which', 'for', 'most', 'of', 'the', 'last', 'three', 'million', 'years', 'has', 'been', 'the', 'size', 'of', 'the', 'lower', '48', 'states,', 'has', 'shrunk', 'by', '40', 'percent.']
2026-05-27 15:10:41,415 - DEBUG - joeynmt.training - 	Tokenized hypothesis: ['<unk>', 'year', 'I', 'showed', 'these', 'two', '<unk>', 'to', 'show', 'you', 'that', 'the', '<unk>', '', 'that', 'the', '<unk>', '', 'that', 'had', 'the', '<unk>', 'for', 'the', 'last', 'three', 'million', 'years,', 'the', 'size', 'of', 'the', '<unk>', '<unk>', '</s>']
2026-05-27 15:10:41,416 - INFO - joeynmt.training - 	Source:     Vorig jaar liet ik deze twee dia's zien om aan  te tonen dat de poolijskap,  die de afgelopen drie miljoen jaar  ongeveer de grootte had van het vasteland van de VS,  met 40% gekrompen was.
2026-05-27 15:10:41,416 - INFO - joeynmt.training - 	Reference:  Last year I showed these two slides so that demonstrate that the arctic ice cap, which for most of the last three million years has been the size of the lower 48 states, has shrunk by 40 percent.
2026-05-27 15:10:41,416 - INFO - joeynmt.training - 	Hypothesis: <unk> year I showed these two <unk> to show you that the <unk>  that the <unk>  that had the <unk> for the last three million years, the size of the <unk> <unk>
2026-05-27 15:10:41,416 - INFO - joeynmt.training - Example #1
2026-05-27 15:10:41,416 - DEBUG - joeynmt.training - 	Tokenized source:     ['Maar', 'dit', 'onderschat', 'eigenlijk', 'de', 'ernst', 'van', 'dit', 'specifieke', 'probleem', '', 'omdat', 'het', 'niet', 'de', 'dikte', 'van', 'het', 'ijs', 'laat', 'zien.']
2026-05-27 15:10:41,416 - DEBUG - joeynmt.training - 	Tokenized reference:  ['But', 'this', 'understates', 'the', 'seriousness', 'of', 'this', 'particular', 'problem', 'because', 'it', "doesn't", 'show', 'the', 'thickness', 'of', 'the', 'ice.']
2026-05-27 15:10:41,416 - DEBUG - joeynmt.training - 	Tokenized hypothesis: ['But', 'this', 'is', 'actually', 'the', '<unk>', 'of', 'this', 'particular', 'problem', '--', '', 'because', 'it', "doesn't", 'show', 'the', '<unk>', 'of', 'the', '<unk>', '</s>']
2026-05-27 15:10:41,416 - INFO - joeynmt.training - 	Source:     Maar dit onderschat eigenlijk de ernst van dit specifieke probleem  omdat het niet de dikte van het ijs laat zien.
2026-05-27 15:10:41,416 - INFO - joeynmt.training - 	Reference:  But this understates the seriousness of this particular problem because it doesn't show the thickness of the ice.
2026-05-27 15:10:41,416 - INFO - joeynmt.training - 	Hypothesis: But this is actually the <unk> of this particular problem --  because it doesn't show the <unk> of the <unk>
2026-05-27 15:10:41,417 - INFO - joeynmt.training - Example #2
2026-05-27 15:10:41,417 - DEBUG - joeynmt.training - 	Tokenized source:     ['De', 'ijskap', 'op', 'de', 'Noordpool', 'is', 'in', 'zekere', 'zin', '', 'het', 'kloppend', 'hart', 'van', 'ons', 'globaal', 'klimaatsysteem.']
2026-05-27 15:10:41,417 - DEBUG - joeynmt.training - 	Tokenized reference:  ['The', 'arctic', 'ice', 'cap', 'is,', 'in', 'a', 'sense,', 'the', 'beating', 'heart', 'of', 'the', 'global', 'climate', 'system.']
2026-05-27 15:10:41,417 - DEBUG - joeynmt.training - 	Tokenized hypothesis: ['The', '<unk>', 'on', 'the', '<unk>', 'is', 'in', 'a', 'certain', 'sense,', '', 'the', '<unk>', 'heart', 'of', 'our', '<unk>', '<unk>', '</s>']
2026-05-27 15:10:41,417 - INFO - joeynmt.training - 	Source:     De ijskap op de Noordpool is in zekere zin  het kloppend hart van ons globaal klimaatsysteem.
2026-05-27 15:10:41,417 - INFO - joeynmt.training - 	Reference:  The arctic ice cap is, in a sense, the beating heart of the global climate system.
2026-05-27 15:10:41,417 - INFO - joeynmt.training - 	Hypothesis: The <unk> on the <unk> is in a certain sense,  the <unk> heart of our <unk> <unk>
2026-05-27 15:10:41,417 - INFO - joeynmt.training - Example #3
2026-05-27 15:10:41,417 - DEBUG - joeynmt.training - 	Tokenized source:     ['Het', 'zet', 'uit', 'in', 'de', 'winter', 'en', 'krimpt', 'in', 'de', 'zomer.']
2026-05-27 15:10:41,417 - DEBUG - joeynmt.training - 	Tokenized reference:  ['It', 'expands', 'in', 'winter', 'and', 'contracts', 'in', 'summer.']
2026-05-27 15:10:41,417 - DEBUG - joeynmt.training - 	Tokenized hypothesis: ['It', '<unk>', 'in', 'the', '<unk>', 'and', '<unk>', 'in', 'the', '<unk>', '</s>']
2026-05-27 15:10:41,418 - INFO - joeynmt.training - 	Source:     Het zet uit in de winter en krimpt in de zomer.
2026-05-27 15:10:41,418 - INFO - joeynmt.training - 	Reference:  It expands in winter and contracts in summer.
2026-05-27 15:10:41,418 - INFO - joeynmt.training - 	Hypothesis: It <unk> in the <unk> and <unk> in the <unk>
2026-05-27 15:10:41,418 - INFO - joeynmt.training - Example #4
2026-05-27 15:10:41,418 - DEBUG - joeynmt.training - 	Tokenized source:     ['De', 'volgende', 'dia', 'die', 'ik', 'laat', 'zien', '', 'is', 'een', 'versnelde', 'versie', 'van', 'wat', 'er', 'de', 'afgelopen', '25', 'jaar', 'is', 'gebeurd.']
2026-05-27 15:10:41,418 - DEBUG - joeynmt.training - 	Tokenized reference:  ['The', 'next', 'slide', 'I', 'show', 'you', 'will', 'be', 'a', 'rapid', 'fast-forward', 'of', "what's", 'happened', 'over', 'the', 'last', '25', 'years.']
2026-05-27 15:10:41,418 - DEBUG - joeynmt.training - 	Tokenized hypothesis: ['The', 'next', '<unk>', 'I', '<unk>', '', 'is', 'a', '<unk>', 'version', 'of', 'what', 'happened', 'for', 'the', 'last', '25', 'years.', '</s>']
2026-05-27 15:10:41,418 - INFO - joeynmt.training - 	Source:     De volgende dia die ik laat zien  is een versnelde versie van wat er de afgelopen 25 jaar is gebeurd.
2026-05-27 15:10:41,419 - INFO - joeynmt.training - 	Reference:  The next slide I show you will be a rapid fast-forward of what's happened over the last 25 years.
2026-05-27 15:10:41,419 - INFO - joeynmt.training - 	Hypothesis: The next <unk> I <unk>  is a <unk> version of what happened for the last 25 years.
2026-05-27 15:10:57,620 - INFO - joeynmt.training - Epoch   9, Step:    21100, Batch Loss:     1.261010, Batch Acc: 0.597269, Tokens per Sec:     4234, Lr: 0.000300
2026-05-27 15:11:15,160 - INFO - joeynmt.training - Epoch   9, Step:    21200, Batch Loss:     1.396297, Batch Acc: 0.591021, Tokens per Sec:     3970, Lr: 0.000300
2026-05-27 15:11:32,908 - INFO - joeynmt.training - Epoch   9, Step:    21300, Batch Loss:     1.593353, Batch Acc: 0.587180, Tokens per Sec:     3855, Lr: 0.000300
2026-05-27 15:11:50,955 - INFO - joeynmt.training - Epoch   9, Step:    21400, Batch Loss:     1.302610, Batch Acc: 0.589641, Tokens per Sec:     3767, Lr: 0.000300
2026-05-27 15:12:07,876 - INFO - joeynmt.training - Epoch   9, Step:    21500, Batch Loss:     1.345945, Batch Acc: 0.588556, Tokens per Sec:     4125, Lr: 0.000300
2026-05-27 15:12:07,877 - WARNING - joeynmt.helpers - `alpha` option is obsolete. Please use `beam_alpha`, instead.
2026-05-27 15:12:07,877 - INFO - joeynmt.prediction - Predicting 1003 example(s)... (Greedy decoding with min_output_length=1, max_output_length=-1, return_prob='none', generate_unk=True, repetition_penalty=-1, no_repeat_ngram_size=-1)
2026-05-27 15:12:26,033 - INFO - joeynmt.prediction - Evaluation result (greedy) loss:   1.90, ppl:   6.68, acc:   0.44, generation: 18.1467[sec], evaluation: 0.0000[sec]
2026-05-27 15:12:26,035 - INFO - joeynmt.training - Example #0
2026-05-27 15:12:26,035 - DEBUG - joeynmt.training - 	Tokenized source:     ['Vorig', 'jaar', 'liet', 'ik', 'deze', 'twee', "dia's", 'zien', 'om', 'aan', '', 'te', 'tonen', 'dat', 'de', 'poolijskap,', '', 'die', 'de', 'afgelopen', 'drie', 'miljoen', 'jaar', '', 'ongeveer', 'de', 'grootte', 'had', 'van', 'het', 'vasteland', 'van', 'de', 'VS,', '', 'met', '40%', 'gekrompen', 'was.']
2026-05-27 15:12:26,035 - DEBUG - joeynmt.training - 	Tokenized reference:  ['Last', 'year', 'I', 'showed', 'these', 'two', 'slides', 'so', 'that', 'demonstrate', 'that', 'the', 'arctic', 'ice', 'cap,', 'which', 'for', 'most', 'of', 'the', 'last', 'three', 'million', 'years', 'has', 'been', 'the', 'size', 'of', 'the', 'lower', '48', 'states,', 'has', 'shrunk', 'by', '40', 'percent.']
2026-05-27 15:12:26,035 - DEBUG - joeynmt.training - 	Tokenized hypothesis: ['<unk>', 'years', 'I', 'showed', 'these', 'two', '<unk>', 'to', 'show', 'you', 'that', 'the', '<unk>', '', '<unk>', '<unk>', '</s>']
2026-05-27 15:12:26,036 - INFO - joeynmt.training - 	Source:     Vorig jaar liet ik deze twee dia's zien om aan  te tonen dat de poolijskap,  die de afgelopen drie miljoen jaar  ongeveer de grootte had van het vasteland van de VS,  met 40% gekrompen was.
2026-05-27 15:12:26,036 - INFO - joeynmt.training - 	Reference:  Last year I showed these two slides so that demonstrate that the arctic ice cap, which for most of the last three million years has been the size of the lower 48 states, has shrunk by 40 percent.
2026-05-27 15:12:26,036 - INFO - joeynmt.training - 	Hypothesis: <unk> years I showed these two <unk> to show you that the <unk>  <unk> <unk>
2026-05-27 15:12:26,036 - INFO - joeynmt.training - Example #1
2026-05-27 15:12:26,036 - DEBUG - joeynmt.training - 	Tokenized source:     ['Maar', 'dit', 'onderschat', 'eigenlijk', 'de', 'ernst', 'van', 'dit', 'specifieke', 'probleem', '', 'omdat', 'het', 'niet', 'de', 'dikte', 'van', 'het', 'ijs', 'laat', 'zien.']
2026-05-27 15:12:26,036 - DEBUG - joeynmt.training - 	Tokenized reference:  ['But', 'this', 'understates', 'the', 'seriousness', 'of', 'this', 'particular', 'problem', 'because', 'it', "doesn't", 'show', 'the', 'thickness', 'of', 'the', 'ice.']
2026-05-27 15:12:26,036 - DEBUG - joeynmt.training - 	Tokenized hypothesis: ['But', 'this', 'is', 'actually', 'the', '<unk>', 'of', 'this', 'particular', 'problem', 'because', 'it', "doesn't", 'show', 'the', '<unk>', 'of', 'the', '<unk>', '</s>']
2026-05-27 15:12:26,037 - INFO - joeynmt.training - 	Source:     Maar dit onderschat eigenlijk de ernst van dit specifieke probleem  omdat het niet de dikte van het ijs laat zien.
2026-05-27 15:12:26,037 - INFO - joeynmt.training - 	Reference:  But this understates the seriousness of this particular problem because it doesn't show the thickness of the ice.
2026-05-27 15:12:26,037 - INFO - joeynmt.training - 	Hypothesis: But this is actually the <unk> of this particular problem because it doesn't show the <unk> of the <unk>
2026-05-27 15:12:26,037 - INFO - joeynmt.training - Example #2
2026-05-27 15:12:26,037 - DEBUG - joeynmt.training - 	Tokenized source:     ['De', 'ijskap', 'op', 'de', 'Noordpool', 'is', 'in', 'zekere', 'zin', '', 'het', 'kloppend', 'hart', 'van', 'ons', 'globaal', 'klimaatsysteem.']
2026-05-27 15:12:26,037 - DEBUG - joeynmt.training - 	Tokenized reference:  ['The', 'arctic', 'ice', 'cap', 'is,', 'in', 'a', 'sense,', 'the', 'beating', 'heart', 'of', 'the', 'global', 'climate', 'system.']
2026-05-27 15:12:26,037 - DEBUG - joeynmt.training - 	Tokenized hypothesis: ['The', '<unk>', 'in', 'a', 'sense,', 'in', 'a', 'sense,', 'the', '<unk>', '<unk>', 'of', 'our', '<unk>', '<unk>', '</s>']
2026-05-27 15:12:26,037 - INFO - joeynmt.training - 	Source:     De ijskap op de Noordpool is in zekere zin  het kloppend hart van ons globaal klimaatsysteem.
2026-05-27 15:12:26,037 - INFO - joeynmt.training - 	Reference:  The arctic ice cap is, in a sense, the beating heart of the global climate system.
2026-05-27 15:12:26,037 - INFO - joeynmt.training - 	Hypothesis: The <unk> in a sense, in a sense, the <unk> <unk> of our <unk> <unk>
2026-05-27 15:12:26,037 - INFO - joeynmt.training - Example #3
2026-05-27 15:12:26,038 - DEBUG - joeynmt.training - 	Tokenized source:     ['Het', 'zet', 'uit', 'in', 'de', 'winter', 'en', 'krimpt', 'in', 'de', 'zomer.']
2026-05-27 15:12:26,038 - DEBUG - joeynmt.training - 	Tokenized reference:  ['It', 'expands', 'in', 'winter', 'and', 'contracts', 'in', 'summer.']
2026-05-27 15:12:26,038 - DEBUG - joeynmt.training - 	Tokenized hypothesis: ['It', '<unk>', 'in', 'the', '<unk>', 'and', '<unk>', 'in', 'the', '<unk>', '</s>']
2026-05-27 15:12:26,038 - INFO - joeynmt.training - 	Source:     Het zet uit in de winter en krimpt in de zomer.
2026-05-27 15:12:26,038 - INFO - joeynmt.training - 	Reference:  It expands in winter and contracts in summer.
2026-05-27 15:12:26,038 - INFO - joeynmt.training - 	Hypothesis: It <unk> in the <unk> and <unk> in the <unk>
2026-05-27 15:12:26,038 - INFO - joeynmt.training - Example #4
2026-05-27 15:12:26,038 - DEBUG - joeynmt.training - 	Tokenized source:     ['De', 'volgende', 'dia', 'die', 'ik', 'laat', 'zien', '', 'is', 'een', 'versnelde', 'versie', 'van', 'wat', 'er', 'de', 'afgelopen', '25', 'jaar', 'is', 'gebeurd.']
2026-05-27 15:12:26,038 - DEBUG - joeynmt.training - 	Tokenized reference:  ['The', 'next', 'slide', 'I', 'show', 'you', 'will', 'be', 'a', 'rapid', 'fast-forward', 'of', "what's", 'happened', 'over', 'the', 'last', '25', 'years.']
2026-05-27 15:12:26,038 - DEBUG - joeynmt.training - 	Tokenized hypothesis: ['The', 'next', '<unk>', 'I', '<unk>', '', 'is', 'a', '<unk>', 'version', 'of', "what's", 'going', 'to', 'be', '<unk>', 'over', 'the', 'last', '25', 'years.', '</s>']
2026-05-27 15:12:26,039 - INFO - joeynmt.training - 	Source:     De volgende dia die ik laat zien  is een versnelde versie van wat er de afgelopen 25 jaar is gebeurd.
2026-05-27 15:12:26,039 - INFO - joeynmt.training - 	Reference:  The next slide I show you will be a rapid fast-forward of what's happened over the last 25 years.
2026-05-27 15:12:26,039 - INFO - joeynmt.training - 	Hypothesis: The next <unk> I <unk>  is a <unk> version of what's going to be <unk> over the last 25 years.
2026-05-27 15:12:48,348 - INFO - joeynmt.training - Epoch   9, Step:    21600, Batch Loss:     1.413824, Batch Acc: 0.589067, Tokens per Sec:     3065, Lr: 0.000300
2026-05-27 15:13:10,660 - INFO - joeynmt.training - Epoch   9, Step:    21700, Batch Loss:     1.297519, Batch Acc: 0.588178, Tokens per Sec:     3103, Lr: 0.000300
2026-05-27 15:13:30,183 - INFO - joeynmt.training - Epoch   9, Step:    21800, Batch Loss:     1.349154, Batch Acc: 0.587101, Tokens per Sec:     3564, Lr: 0.000300
2026-05-27 15:13:47,845 - INFO - joeynmt.training - Epoch   9, Step:    21900, Batch Loss:     1.218200, Batch Acc: 0.589957, Tokens per Sec:     3951, Lr: 0.000300
2026-05-27 15:14:04,251 - INFO - joeynmt.training - Epoch   9, Step:    22000, Batch Loss:     1.236981, Batch Acc: 0.587565, Tokens per Sec:     4099, Lr: 0.000300
2026-05-27 15:14:04,252 - WARNING - joeynmt.helpers - `alpha` option is obsolete. Please use `beam_alpha`, instead.
2026-05-27 15:14:04,252 - INFO - joeynmt.prediction - Predicting 1003 example(s)... (Greedy decoding with min_output_length=1, max_output_length=-1, return_prob='none', generate_unk=True, repetition_penalty=-1, no_repeat_ngram_size=-1)
2026-05-27 15:14:21,890 - INFO - joeynmt.prediction - Evaluation result (greedy) loss:   1.88, ppl:   6.55, acc:   0.44, generation: 17.6273[sec], evaluation: 0.0000[sec]
2026-05-27 15:14:22,098 - INFO - joeynmt.helpers - delete models/tf_word_nl_en/19000.ckpt
2026-05-27 15:14:22,100 - INFO - joeynmt.training - Example #0
2026-05-27 15:14:22,100 - DEBUG - joeynmt.training - 	Tokenized source:     ['Vorig', 'jaar', 'liet', 'ik', 'deze', 'twee', "dia's", 'zien', 'om', 'aan', '', 'te', 'tonen', 'dat', 'de', 'poolijskap,', '', 'die', 'de', 'afgelopen', 'drie', 'miljoen', 'jaar', '', 'ongeveer', 'de', 'grootte', 'had', 'van', 'het', 'vasteland', 'van', 'de', 'VS,', '', 'met', '40%', 'gekrompen', 'was.']
2026-05-27 15:14:22,100 - DEBUG - joeynmt.training - 	Tokenized reference:  ['Last', 'year', 'I', 'showed', 'these', 'two', 'slides', 'so', 'that', 'demonstrate', 'that', 'the', 'arctic', 'ice', 'cap,', 'which', 'for', 'most', 'of', 'the', 'last', 'three', 'million', 'years', 'has', 'been', 'the', 'size', 'of', 'the', 'lower', '48', 'states,', 'has', 'shrunk', 'by', '40', 'percent.']
2026-05-27 15:14:22,100 - DEBUG - joeynmt.training - 	Tokenized hypothesis: ['<unk>', 'years', 'I', 'showed', 'these', 'two', '<unk>', 'to', 'show', 'you', 'these', 'two', '<unk>', 'to', 'show', 'that', 'the', '<unk>', '<unk>', '', 'that', 'had', 'the', 'size', 'of', 'the', '<unk>', '<unk>', '<unk>', '</s>']
2026-05-27 15:14:22,101 - INFO - joeynmt.training - 	Source:     Vorig jaar liet ik deze twee dia's zien om aan  te tonen dat de poolijskap,  die de afgelopen drie miljoen jaar  ongeveer de grootte had van het vasteland van de VS,  met 40% gekrompen was.
2026-05-27 15:14:22,101 - INFO - joeynmt.training - 	Reference:  Last year I showed these two slides so that demonstrate that the arctic ice cap, which for most of the last three million years has been the size of the lower 48 states, has shrunk by 40 percent.
2026-05-27 15:14:22,101 - INFO - joeynmt.training - 	Hypothesis: <unk> years I showed these two <unk> to show you these two <unk> to show that the <unk> <unk>  that had the size of the <unk> <unk> <unk>
2026-05-27 15:14:22,101 - INFO - joeynmt.training - Example #1
2026-05-27 15:14:22,101 - DEBUG - joeynmt.training - 	Tokenized source:     ['Maar', 'dit', 'onderschat', 'eigenlijk', 'de', 'ernst', 'van', 'dit', 'specifieke', 'probleem', '', 'omdat', 'het', 'niet', 'de', 'dikte', 'van', 'het', 'ijs', 'laat', 'zien.']
2026-05-27 15:14:22,101 - DEBUG - joeynmt.training - 	Tokenized reference:  ['But', 'this', 'understates', 'the', 'seriousness', 'of', 'this', 'particular', 'problem', 'because', 'it', "doesn't", 'show', 'the', 'thickness', 'of', 'the', 'ice.']
2026-05-27 15:14:22,101 - DEBUG - joeynmt.training - 	Tokenized hypothesis: ['But', 'this', 'actually', '<unk>', 'the', '<unk>', 'of', 'this', 'particular', 'problem', '--', 'because', 'it', "doesn't", 'show', 'the', '<unk>', 'of', 'the', '<unk>', '</s>']
2026-05-27 15:14:22,101 - INFO - joeynmt.training - 	Source:     Maar dit onderschat eigenlijk de ernst van dit specifieke probleem  omdat het niet de dikte van het ijs laat zien.
2026-05-27 15:14:22,101 - INFO - joeynmt.training - 	Reference:  But this understates the seriousness of this particular problem because it doesn't show the thickness of the ice.
2026-05-27 15:14:22,101 - INFO - joeynmt.training - 	Hypothesis: But this actually <unk> the <unk> of this particular problem -- because it doesn't show the <unk> of the <unk>
2026-05-27 15:14:22,101 - INFO - joeynmt.training - Example #2
2026-05-27 15:14:22,101 - DEBUG - joeynmt.training - 	Tokenized source:     ['De', 'ijskap', 'op', 'de', 'Noordpool', 'is', 'in', 'zekere', 'zin', '', 'het', 'kloppend', 'hart', 'van', 'ons', 'globaal', 'klimaatsysteem.']
2026-05-27 15:14:22,101 - DEBUG - joeynmt.training - 	Tokenized reference:  ['The', 'arctic', 'ice', 'cap', 'is,', 'in', 'a', 'sense,', 'the', 'beating', 'heart', 'of', 'the', 'global', 'climate', 'system.']
2026-05-27 15:14:22,101 - DEBUG - joeynmt.training - 	Tokenized hypothesis: ['The', '<unk>', 'on', 'the', '<unk>', 'is', 'in', 'a', 'sense,', '', 'the', '<unk>', '<unk>', 'of', 'our', '<unk>', '</s>']
2026-05-27 15:14:22,102 - INFO - joeynmt.training - 	Source:     De ijskap op de Noordpool is in zekere zin  het kloppend hart van ons globaal klimaatsysteem.
2026-05-27 15:14:22,102 - INFO - joeynmt.training - 	Reference:  The arctic ice cap is, in a sense, the beating heart of the global climate system.
2026-05-27 15:14:22,102 - INFO - joeynmt.training - 	Hypothesis: The <unk> on the <unk> is in a sense,  the <unk> <unk> of our <unk>
2026-05-27 15:14:22,102 - INFO - joeynmt.training - Example #3
2026-05-27 15:14:22,102 - DEBUG - joeynmt.training - 	Tokenized source:     ['Het', 'zet', 'uit', 'in', 'de', 'winter', 'en', 'krimpt', 'in', 'de', 'zomer.']
2026-05-27 15:14:22,102 - DEBUG - joeynmt.training - 	Tokenized reference:  ['It', 'expands', 'in', 'winter', 'and', 'contracts', 'in', 'summer.']
2026-05-27 15:14:22,102 - DEBUG - joeynmt.training - 	Tokenized hypothesis: ['It', '<unk>', 'in', 'the', '<unk>', 'and', '<unk>', 'in', 'the', '<unk>', '</s>']
2026-05-27 15:14:22,102 - INFO - joeynmt.training - 	Source:     Het zet uit in de winter en krimpt in de zomer.
2026-05-27 15:14:22,102 - INFO - joeynmt.training - 	Reference:  It expands in winter and contracts in summer.
2026-05-27 15:14:22,102 - INFO - joeynmt.training - 	Hypothesis: It <unk> in the <unk> and <unk> in the <unk>
2026-05-27 15:14:22,103 - INFO - joeynmt.training - Example #4
2026-05-27 15:14:22,103 - DEBUG - joeynmt.training - 	Tokenized source:     ['De', 'volgende', 'dia', 'die', 'ik', 'laat', 'zien', '', 'is', 'een', 'versnelde', 'versie', 'van', 'wat', 'er', 'de', 'afgelopen', '25', 'jaar', 'is', 'gebeurd.']
2026-05-27 15:14:22,103 - DEBUG - joeynmt.training - 	Tokenized reference:  ['The', 'next', 'slide', 'I', 'show', 'you', 'will', 'be', 'a', 'rapid', 'fast-forward', 'of', "what's", 'happened', 'over', 'the', 'last', '25', 'years.']
2026-05-27 15:14:22,103 - DEBUG - joeynmt.training - 	Tokenized hypothesis: ['The', 'next', '<unk>', 'I', 'show', '', 'is', 'a', '<unk>', 'version', 'of', "what's", 'a', '<unk>', '<unk>', 'over', 'the', 'last', '25', 'years', 'is', '<unk>', '</s>']
2026-05-27 15:14:22,103 - INFO - joeynmt.training - 	Source:     De volgende dia die ik laat zien  is een versnelde versie van wat er de afgelopen 25 jaar is gebeurd.
2026-05-27 15:14:22,103 - INFO - joeynmt.training - 	Reference:  The next slide I show you will be a rapid fast-forward of what's happened over the last 25 years.
2026-05-27 15:14:22,103 - INFO - joeynmt.training - 	Hypothesis: The next <unk> I show  is a <unk> version of what's a <unk> <unk> over the last 25 years is <unk>
2026-05-27 15:14:41,065 - INFO - joeynmt.training - Epoch   9, Step:    22100, Batch Loss:     1.452897, Batch Acc: 0.586099, Tokens per Sec:     3494, Lr: 0.000300
2026-05-27 15:14:59,036 - INFO - joeynmt.training - Epoch   9, Step:    22200, Batch Loss:     1.429916, Batch Acc: 0.587972, Tokens per Sec:     3861, Lr: 0.000300
2026-05-27 15:15:04,597 - INFO - joeynmt.training - Epoch   9: total training loss 3263.54
2026-05-27 15:15:04,598 - INFO - joeynmt.training - EPOCH 10
2026-05-27 15:15:16,185 - INFO - joeynmt.training - Epoch  10, Step:    22300, Batch Loss:     1.265749, Batch Acc: 0.618889, Tokens per Sec:     4011, Lr: 0.000300
2026-05-27 15:15:34,385 - INFO - joeynmt.training - Epoch  10, Step:    22400, Batch Loss:     1.274937, Batch Acc: 0.607024, Tokens per Sec:     3810, Lr: 0.000300
2026-05-27 15:15:52,219 - INFO - joeynmt.training - Epoch  10, Step:    22500, Batch Loss:     1.398832, Batch Acc: 0.610749, Tokens per Sec:     3826, Lr: 0.000300
2026-05-27 15:15:52,220 - WARNING - joeynmt.helpers - `alpha` option is obsolete. Please use `beam_alpha`, instead.
2026-05-27 15:15:52,220 - INFO - joeynmt.prediction - Predicting 1003 example(s)... (Greedy decoding with min_output_length=1, max_output_length=-1, return_prob='none', generate_unk=True, repetition_penalty=-1, no_repeat_ngram_size=-1)
2026-05-27 15:16:11,731 - INFO - joeynmt.prediction - Evaluation result (greedy) loss:   1.89, ppl:   6.65, acc:   0.45, generation: 19.5008[sec], evaluation: 0.0000[sec]
2026-05-27 15:16:11,735 - INFO - joeynmt.training - Example #0
2026-05-27 15:16:11,735 - DEBUG - joeynmt.training - 	Tokenized source:     ['Vorig', 'jaar', 'liet', 'ik', 'deze', 'twee', "dia's", 'zien', 'om', 'aan', '', 'te', 'tonen', 'dat', 'de', 'poolijskap,', '', 'die', 'de', 'afgelopen', 'drie', 'miljoen', 'jaar', '', 'ongeveer', 'de', 'grootte', 'had', 'van', 'het', 'vasteland', 'van', 'de', 'VS,', '', 'met', '40%', 'gekrompen', 'was.']
2026-05-27 15:16:11,735 - DEBUG - joeynmt.training - 	Tokenized reference:  ['Last', 'year', 'I', 'showed', 'these', 'two', 'slides', 'so', 'that', 'demonstrate', 'that', 'the', 'arctic', 'ice', 'cap,', 'which', 'for', 'most', 'of', 'the', 'last', 'three', 'million', 'years', 'has', 'been', 'the', 'size', 'of', 'the', 'lower', '48', 'states,', 'has', 'shrunk', 'by', '40', 'percent.']
2026-05-27 15:16:11,735 - DEBUG - joeynmt.training - 	Tokenized hypothesis: ['<unk>', 'years', 'I', 'showed', 'these', 'two', '<unk>', 'to', 'to', 'show', 'that', 'the', '<unk>', '', 'that', 'the', '<unk>', '<unk>', '', 'that', 'had', 'the', '<unk>', '<unk>', 'the', 'last', 'three', 'million', '', '<unk>', 'the', 'size', 'of', 'the', '<unk>', '<unk>', '<unk>', '<unk>', '</s>']
2026-05-27 15:16:11,735 - INFO - joeynmt.training - 	Source:     Vorig jaar liet ik deze twee dia's zien om aan  te tonen dat de poolijskap,  die de afgelopen drie miljoen jaar  ongeveer de grootte had van het vasteland van de VS,  met 40% gekrompen was.
2026-05-27 15:16:11,735 - INFO - joeynmt.training - 	Reference:  Last year I showed these two slides so that demonstrate that the arctic ice cap, which for most of the last three million years has been the size of the lower 48 states, has shrunk by 40 percent.
2026-05-27 15:16:11,736 - INFO - joeynmt.training - 	Hypothesis: <unk> years I showed these two <unk> to to show that the <unk>  that the <unk> <unk>  that had the <unk> <unk> the last three million  <unk> the size of the <unk> <unk> <unk> <unk>
2026-05-27 15:16:11,736 - INFO - joeynmt.training - Example #1
2026-05-27 15:16:11,736 - DEBUG - joeynmt.training - 	Tokenized source:     ['Maar', 'dit', 'onderschat', 'eigenlijk', 'de', 'ernst', 'van', 'dit', 'specifieke', 'probleem', '', 'omdat', 'het', 'niet', 'de', 'dikte', 'van', 'het', 'ijs', 'laat', 'zien.']
2026-05-27 15:16:11,736 - DEBUG - joeynmt.training - 	Tokenized reference:  ['But', 'this', 'understates', 'the', 'seriousness', 'of', 'this', 'particular', 'problem', 'because', 'it', "doesn't", 'show', 'the', 'thickness', 'of', 'the', 'ice.']
2026-05-27 15:16:11,736 - DEBUG - joeynmt.training - 	Tokenized hypothesis: ['But', 'this', 'is', 'actually', 'the', '<unk>', 'of', 'this', 'particular', 'problem', '--', 'because', 'it', "doesn't", 'show', 'the', '<unk>', 'of', 'the', '<unk>', '</s>']
2026-05-27 15:16:11,736 - INFO - joeynmt.training - 	Source:     Maar dit onderschat eigenlijk de ernst van dit specifieke probleem  omdat het niet de dikte van het ijs laat zien.
2026-05-27 15:16:11,736 - INFO - joeynmt.training - 	Reference:  But this understates the seriousness of this particular problem because it doesn't show the thickness of the ice.
2026-05-27 15:16:11,737 - INFO - joeynmt.training - 	Hypothesis: But this is actually the <unk> of this particular problem -- because it doesn't show the <unk> of the <unk>
2026-05-27 15:16:11,737 - INFO - joeynmt.training - Example #2
2026-05-27 15:16:11,737 - DEBUG - joeynmt.training - 	Tokenized source:     ['De', 'ijskap', 'op', 'de', 'Noordpool', 'is', 'in', 'zekere', 'zin', '', 'het', 'kloppend', 'hart', 'van', 'ons', 'globaal', 'klimaatsysteem.']
2026-05-27 15:16:11,737 - DEBUG - joeynmt.training - 	Tokenized reference:  ['The', 'arctic', 'ice', 'cap', 'is,', 'in', 'a', 'sense,', 'the', 'beating', 'heart', 'of', 'the', 'global', 'climate', 'system.']
2026-05-27 15:16:11,737 - DEBUG - joeynmt.training - 	Tokenized hypothesis: ['The', '<unk>', 'in', 'a', 'sense,', 'is', 'the', '<unk>', '<unk>', '<unk>', 'of', 'our', '<unk>', '<unk>', '</s>']
2026-05-27 15:16:11,737 - INFO - joeynmt.training - 	Source:     De ijskap op de Noordpool is in zekere zin  het kloppend hart van ons globaal klimaatsysteem.
2026-05-27 15:16:11,737 - INFO - joeynmt.training - 	Reference:  The arctic ice cap is, in a sense, the beating heart of the global climate system.
2026-05-27 15:16:11,737 - INFO - joeynmt.training - 	Hypothesis: The <unk> in a sense, is the <unk> <unk> <unk> of our <unk> <unk>
2026-05-27 15:16:11,737 - INFO - joeynmt.training - Example #3
2026-05-27 15:16:11,738 - DEBUG - joeynmt.training - 	Tokenized source:     ['Het', 'zet', 'uit', 'in', 'de', 'winter', 'en', 'krimpt', 'in', 'de', 'zomer.']
2026-05-27 15:16:11,738 - DEBUG - joeynmt.training - 	Tokenized reference:  ['It', 'expands', 'in', 'winter', 'and', 'contracts', 'in', 'summer.']
2026-05-27 15:16:11,738 - DEBUG - joeynmt.training - 	Tokenized hypothesis: ['It', '<unk>', 'in', 'the', '<unk>', 'and', '<unk>', 'in', 'the', '<unk>', '</s>']
2026-05-27 15:16:11,738 - INFO - joeynmt.training - 	Source:     Het zet uit in de winter en krimpt in de zomer.
2026-05-27 15:16:11,738 - INFO - joeynmt.training - 	Reference:  It expands in winter and contracts in summer.
2026-05-27 15:16:11,738 - INFO - joeynmt.training - 	Hypothesis: It <unk> in the <unk> and <unk> in the <unk>
2026-05-27 15:16:11,738 - INFO - joeynmt.training - Example #4
2026-05-27 15:16:11,739 - DEBUG - joeynmt.training - 	Tokenized source:     ['De', 'volgende', 'dia', 'die', 'ik', 'laat', 'zien', '', 'is', 'een', 'versnelde', 'versie', 'van', 'wat', 'er', 'de', 'afgelopen', '25', 'jaar', 'is', 'gebeurd.']
2026-05-27 15:16:11,739 - DEBUG - joeynmt.training - 	Tokenized reference:  ['The', 'next', 'slide', 'I', 'show', 'you', 'will', 'be', 'a', 'rapid', 'fast-forward', 'of', "what's", 'happened', 'over', 'the', 'last', '25', 'years.']
2026-05-27 15:16:11,739 - DEBUG - joeynmt.training - 	Tokenized hypothesis: ['The', 'next', '<unk>', "I'm", 'going', 'to', 'show', '', 'is', 'a', '<unk>', 'version', 'of', 'what', 'is', 'the', 'last', '25', 'years', 'of', 'what', 'happened', 'for', 'the', 'last', '25', 'years', 'of', '<unk>', '</s>']
2026-05-27 15:16:11,739 - INFO - joeynmt.training - 	Source:     De volgende dia die ik laat zien  is een versnelde versie van wat er de afgelopen 25 jaar is gebeurd.
2026-05-27 15:16:11,739 - INFO - joeynmt.training - 	Reference:  The next slide I show you will be a rapid fast-forward of what's happened over the last 25 years.
2026-05-27 15:16:11,739 - INFO - joeynmt.training - 	Hypothesis: The next <unk> I'm going to show  is a <unk> version of what is the last 25 years of what happened for the last 25 years of <unk>
2026-05-27 15:16:28,188 - INFO - joeynmt.training - Epoch  10, Step:    22600, Batch Loss:     1.254044, Batch Acc: 0.608813, Tokens per Sec:     4158, Lr: 0.000300
2026-05-27 15:16:44,873 - INFO - joeynmt.training - Epoch  10, Step:    22700, Batch Loss:     1.311161, Batch Acc: 0.605892, Tokens per Sec:     4136, Lr: 0.000300
2026-05-27 15:17:01,765 - INFO - joeynmt.training - Epoch  10, Step:    22800, Batch Loss:     1.300795, Batch Acc: 0.608819, Tokens per Sec:     4063, Lr: 0.000300
2026-05-27 15:17:19,982 - INFO - joeynmt.training - Epoch  10, Step:    22900, Batch Loss:     1.348431, Batch Acc: 0.600331, Tokens per Sec:     3810, Lr: 0.000300
2026-05-27 15:17:44,782 - INFO - joeynmt.training - Epoch  10, Step:    23000, Batch Loss:     1.376253, Batch Acc: 0.607157, Tokens per Sec:     2742, Lr: 0.000300
2026-05-27 15:17:44,783 - WARNING - joeynmt.helpers - `alpha` option is obsolete. Please use `beam_alpha`, instead.
2026-05-27 15:17:44,783 - INFO - joeynmt.prediction - Predicting 1003 example(s)... (Greedy decoding with min_output_length=1, max_output_length=-1, return_prob='none', generate_unk=True, repetition_penalty=-1, no_repeat_ngram_size=-1)
2026-05-27 15:18:02,878 - INFO - joeynmt.prediction - Evaluation result (greedy) loss:   1.90, ppl:   6.67, acc:   0.45, generation: 18.0857[sec], evaluation: 0.0000[sec]
2026-05-27 15:18:02,880 - INFO - joeynmt.training - Example #0
2026-05-27 15:18:02,881 - DEBUG - joeynmt.training - 	Tokenized source:     ['Vorig', 'jaar', 'liet', 'ik', 'deze', 'twee', "dia's", 'zien', 'om', 'aan', '', 'te', 'tonen', 'dat', 'de', 'poolijskap,', '', 'die', 'de', 'afgelopen', 'drie', 'miljoen', 'jaar', '', 'ongeveer', 'de', 'grootte', 'had', 'van', 'het', 'vasteland', 'van', 'de', 'VS,', '', 'met', '40%', 'gekrompen', 'was.']
2026-05-27 15:18:02,881 - DEBUG - joeynmt.training - 	Tokenized reference:  ['Last', 'year', 'I', 'showed', 'these', 'two', 'slides', 'so', 'that', 'demonstrate', 'that', 'the', 'arctic', 'ice', 'cap,', 'which', 'for', 'most', 'of', 'the', 'last', 'three', 'million', 'years', 'has', 'been', 'the', 'size', 'of', 'the', 'lower', '48', 'states,', 'has', 'shrunk', 'by', '40', 'percent.']
2026-05-27 15:18:02,881 - DEBUG - joeynmt.training - 	Tokenized hypothesis: ['<unk>', 'years', 'of', 'showing', 'these', 'two', '<unk>', 'to', '<unk>', 'that', 'the', '<unk>', '', 'that', 'the', '<unk>', '<unk>', '', 'that', 'the', '<unk>', '<unk>', 'over', 'the', 'last', 'three', 'million', 'years', 'of', 'the', 'size', 'of', 'the', '<unk>', '', 'with', '<unk>', '<unk>', '<unk>', '</s>']
2026-05-27 15:18:02,881 - INFO - joeynmt.training - 	Source:     Vorig jaar liet ik deze twee dia's zien om aan  te tonen dat de poolijskap,  die de afgelopen drie miljoen jaar  ongeveer de grootte had van het vasteland van de VS,  met 40% gekrompen was.
2026-05-27 15:18:02,881 - INFO - joeynmt.training - 	Reference:  Last year I showed these two slides so that demonstrate that the arctic ice cap, which for most of the last three million years has been the size of the lower 48 states, has shrunk by 40 percent.
2026-05-27 15:18:02,881 - INFO - joeynmt.training - 	Hypothesis: <unk> years of showing these two <unk> to <unk> that the <unk>  that the <unk> <unk>  that the <unk> <unk> over the last three million years of the size of the <unk>  with <unk> <unk> <unk>
2026-05-27 15:18:02,882 - INFO - joeynmt.training - Example #1
2026-05-27 15:18:02,882 - DEBUG - joeynmt.training - 	Tokenized source:     ['Maar', 'dit', 'onderschat', 'eigenlijk', 'de', 'ernst', 'van', 'dit', 'specifieke', 'probleem', '', 'omdat', 'het', 'niet', 'de', 'dikte', 'van', 'het', 'ijs', 'laat', 'zien.']
2026-05-27 15:18:02,882 - DEBUG - joeynmt.training - 	Tokenized reference:  ['But', 'this', 'understates', 'the', 'seriousness', 'of', 'this', 'particular', 'problem', 'because', 'it', "doesn't", 'show', 'the', 'thickness', 'of', 'the', 'ice.']
2026-05-27 15:18:02,882 - DEBUG - joeynmt.training - 	Tokenized hypothesis: ['But', 'this', 'is', 'actually', 'the', '<unk>', 'of', 'this', 'particular', 'problem', '--', 'because', 'it', "doesn't", 'show', 'the', '<unk>', 'of', 'the', '<unk>', '</s>']
2026-05-27 15:18:02,882 - INFO - joeynmt.training - 	Source:     Maar dit onderschat eigenlijk de ernst van dit specifieke probleem  omdat het niet de dikte van het ijs laat zien.
2026-05-27 15:18:02,882 - INFO - joeynmt.training - 	Reference:  But this understates the seriousness of this particular problem because it doesn't show the thickness of the ice.
2026-05-27 15:18:02,882 - INFO - joeynmt.training - 	Hypothesis: But this is actually the <unk> of this particular problem -- because it doesn't show the <unk> of the <unk>
2026-05-27 15:18:02,883 - INFO - joeynmt.training - Example #2
2026-05-27 15:18:02,883 - DEBUG - joeynmt.training - 	Tokenized source:     ['De', 'ijskap', 'op', 'de', 'Noordpool', 'is', 'in', 'zekere', 'zin', '', 'het', 'kloppend', 'hart', 'van', 'ons', 'globaal', 'klimaatsysteem.']
2026-05-27 15:18:02,883 - DEBUG - joeynmt.training - 	Tokenized reference:  ['The', 'arctic', 'ice', 'cap', 'is,', 'in', 'a', 'sense,', 'the', 'beating', 'heart', 'of', 'the', 'global', 'climate', 'system.']
2026-05-27 15:18:02,883 - DEBUG - joeynmt.training - 	Tokenized hypothesis: ['The', '<unk>', 'on', 'the', '<unk>', 'is', 'in', 'a', 'sense,', '', 'the', '<unk>', 'heart', 'of', 'our', '<unk>', '<unk>', '</s>']
2026-05-27 15:18:02,883 - INFO - joeynmt.training - 	Source:     De ijskap op de Noordpool is in zekere zin  het kloppend hart van ons globaal klimaatsysteem.
2026-05-27 15:18:02,883 - INFO - joeynmt.training - 	Reference:  The arctic ice cap is, in a sense, the beating heart of the global climate system.
2026-05-27 15:18:02,883 - INFO - joeynmt.training - 	Hypothesis: The <unk> on the <unk> is in a sense,  the <unk> heart of our <unk> <unk>
2026-05-27 15:18:02,884 - INFO - joeynmt.training - Example #3
2026-05-27 15:18:02,884 - DEBUG - joeynmt.training - 	Tokenized source:     ['Het', 'zet', 'uit', 'in', 'de', 'winter', 'en', 'krimpt', 'in', 'de', 'zomer.']
2026-05-27 15:18:02,884 - DEBUG - joeynmt.training - 	Tokenized reference:  ['It', 'expands', 'in', 'winter', 'and', 'contracts', 'in', 'summer.']
2026-05-27 15:18:02,884 - DEBUG - joeynmt.training - 	Tokenized hypothesis: ['It', '<unk>', 'in', 'the', '<unk>', 'and', '<unk>', 'in', 'the', '<unk>', '</s>']
2026-05-27 15:18:02,884 - INFO - joeynmt.training - 	Source:     Het zet uit in de winter en krimpt in de zomer.
2026-05-27 15:18:02,884 - INFO - joeynmt.training - 	Reference:  It expands in winter and contracts in summer.
2026-05-27 15:18:02,884 - INFO - joeynmt.training - 	Hypothesis: It <unk> in the <unk> and <unk> in the <unk>
2026-05-27 15:18:02,884 - INFO - joeynmt.training - Example #4
2026-05-27 15:18:02,885 - DEBUG - joeynmt.training - 	Tokenized source:     ['De', 'volgende', 'dia', 'die', 'ik', 'laat', 'zien', '', 'is', 'een', 'versnelde', 'versie', 'van', 'wat', 'er', 'de', 'afgelopen', '25', 'jaar', 'is', 'gebeurd.']
2026-05-27 15:18:02,885 - DEBUG - joeynmt.training - 	Tokenized reference:  ['The', 'next', 'slide', 'I', 'show', 'you', 'will', 'be', 'a', 'rapid', 'fast-forward', 'of', "what's", 'happened', 'over', 'the', 'last', '25', 'years.']
2026-05-27 15:18:02,885 - DEBUG - joeynmt.training - 	Tokenized hypothesis: ['The', 'next', '<unk>', 'I', 'show', 'you', 'the', 'next', '<unk>', '<unk>', '', 'is', 'a', '<unk>', 'version', 'of', 'what', 'has', 'been', '<unk>', 'for', 'the', 'last', '25', 'years,', '</s>']
2026-05-27 15:18:02,885 - INFO - joeynmt.training - 	Source:     De volgende dia die ik laat zien  is een versnelde versie van wat er de afgelopen 25 jaar is gebeurd.
2026-05-27 15:18:02,885 - INFO - joeynmt.training - 	Reference:  The next slide I show you will be a rapid fast-forward of what's happened over the last 25 years.
2026-05-27 15:18:02,885 - INFO - joeynmt.training - 	Hypothesis: The next <unk> I show you the next <unk> <unk>  is a <unk> version of what has been <unk> for the last 25 years,
2026-05-27 15:18:20,686 - INFO - joeynmt.training - Epoch  10, Step:    23100, Batch Loss:     1.294143, Batch Acc: 0.600619, Tokens per Sec:     3775, Lr: 0.000300
2026-05-27 15:18:39,182 - INFO - joeynmt.training - Epoch  10, Step:    23200, Batch Loss:     1.286339, Batch Acc: 0.604573, Tokens per Sec:     3694, Lr: 0.000300
2026-05-27 15:18:56,779 - INFO - joeynmt.training - Epoch  10, Step:    23300, Batch Loss:     1.398798, Batch Acc: 0.602212, Tokens per Sec:     3879, Lr: 0.000300
2026-05-27 15:19:15,381 - INFO - joeynmt.training - Epoch  10, Step:    23400, Batch Loss:     1.261517, Batch Acc: 0.600658, Tokens per Sec:     3743, Lr: 0.000300
2026-05-27 15:19:34,682 - INFO - joeynmt.training - Epoch  10, Step:    23500, Batch Loss:     1.353720, Batch Acc: 0.601741, Tokens per Sec:     3471, Lr: 0.000300
2026-05-27 15:19:34,683 - WARNING - joeynmt.helpers - `alpha` option is obsolete. Please use `beam_alpha`, instead.
2026-05-27 15:19:34,683 - INFO - joeynmt.prediction - Predicting 1003 example(s)... (Greedy decoding with min_output_length=1, max_output_length=-1, return_prob='none', generate_unk=True, repetition_penalty=-1, no_repeat_ngram_size=-1)
2026-05-27 15:19:51,478 - INFO - joeynmt.prediction - Evaluation result (greedy) loss:   1.90, ppl:   6.71, acc:   0.44, generation: 16.7860[sec], evaluation: 0.0000[sec]
2026-05-27 15:19:51,480 - INFO - joeynmt.training - Example #0
2026-05-27 15:19:51,481 - DEBUG - joeynmt.training - 	Tokenized source:     ['Vorig', 'jaar', 'liet', 'ik', 'deze', 'twee', "dia's", 'zien', 'om', 'aan', '', 'te', 'tonen', 'dat', 'de', 'poolijskap,', '', 'die', 'de', 'afgelopen', 'drie', 'miljoen', 'jaar', '', 'ongeveer', 'de', 'grootte', 'had', 'van', 'het', 'vasteland', 'van', 'de', 'VS,', '', 'met', '40%', 'gekrompen', 'was.']
2026-05-27 15:19:51,481 - DEBUG - joeynmt.training - 	Tokenized reference:  ['Last', 'year', 'I', 'showed', 'these', 'two', 'slides', 'so', 'that', 'demonstrate', 'that', 'the', 'arctic', 'ice', 'cap,', 'which', 'for', 'most', 'of', 'the', 'last', 'three', 'million', 'years', 'has', 'been', 'the', 'size', 'of', 'the', 'lower', '48', 'states,', 'has', 'shrunk', 'by', '40', 'percent.']
2026-05-27 15:19:51,481 - DEBUG - joeynmt.training - 	Tokenized hypothesis: ['<unk>', 'years', 'I', 'showed', 'these', 'two', '<unk>', 'to', 'show', 'you', 'these', 'two', 'to', 'to', 'show', 'you', 'that', 'the', '<unk>', '', 'that', 'had', 'the', '<unk>', '<unk>', 'for', 'the', 'last', 'three', 'million', 'years', '', 'about', 'the', 'size', 'of', 'the', '<unk>', '', 'with', '<unk>', '<unk>', '<unk>', '</s>']
2026-05-27 15:19:51,481 - INFO - joeynmt.training - 	Source:     Vorig jaar liet ik deze twee dia's zien om aan  te tonen dat de poolijskap,  die de afgelopen drie miljoen jaar  ongeveer de grootte had van het vasteland van de VS,  met 40% gekrompen was.
2026-05-27 15:19:51,481 - INFO - joeynmt.training - 	Reference:  Last year I showed these two slides so that demonstrate that the arctic ice cap, which for most of the last three million years has been the size of the lower 48 states, has shrunk by 40 percent.
2026-05-27 15:19:51,481 - INFO - joeynmt.training - 	Hypothesis: <unk> years I showed these two <unk> to show you these two to to show you that the <unk>  that had the <unk> <unk> for the last three million years  about the size of the <unk>  with <unk> <unk> <unk>
2026-05-27 15:19:51,481 - INFO - joeynmt.training - Example #1
2026-05-27 15:19:51,482 - DEBUG - joeynmt.training - 	Tokenized source:     ['Maar', 'dit', 'onderschat', 'eigenlijk', 'de', 'ernst', 'van', 'dit', 'specifieke', 'probleem', '', 'omdat', 'het', 'niet', 'de', 'dikte', 'van', 'het', 'ijs', 'laat', 'zien.']
2026-05-27 15:19:51,482 - DEBUG - joeynmt.training - 	Tokenized reference:  ['But', 'this', 'understates', 'the', 'seriousness', 'of', 'this', 'particular', 'problem', 'because', 'it', "doesn't", 'show', 'the', 'thickness', 'of', 'the', 'ice.']
2026-05-27 15:19:51,482 - DEBUG - joeynmt.training - 	Tokenized hypothesis: ['But', 'this', 'is', 'actually', 'the', '<unk>', 'of', 'this', 'particular', 'problem', '--', '', 'because', 'it', "doesn't", 'show', 'the', '<unk>', 'of', 'the', '<unk>', '</s>']
2026-05-27 15:19:51,482 - INFO - joeynmt.training - 	Source:     Maar dit onderschat eigenlijk de ernst van dit specifieke probleem  omdat het niet de dikte van het ijs laat zien.
2026-05-27 15:19:51,482 - INFO - joeynmt.training - 	Reference:  But this understates the seriousness of this particular problem because it doesn't show the thickness of the ice.
2026-05-27 15:19:51,482 - INFO - joeynmt.training - 	Hypothesis: But this is actually the <unk> of this particular problem --  because it doesn't show the <unk> of the <unk>
2026-05-27 15:19:51,482 - INFO - joeynmt.training - Example #2
2026-05-27 15:19:51,483 - DEBUG - joeynmt.training - 	Tokenized source:     ['De', 'ijskap', 'op', 'de', 'Noordpool', 'is', 'in', 'zekere', 'zin', '', 'het', 'kloppend', 'hart', 'van', 'ons', 'globaal', 'klimaatsysteem.']
2026-05-27 15:19:51,483 - DEBUG - joeynmt.training - 	Tokenized reference:  ['The', 'arctic', 'ice', 'cap', 'is,', 'in', 'a', 'sense,', 'the', 'beating', 'heart', 'of', 'the', 'global', 'climate', 'system.']
2026-05-27 15:19:51,483 - DEBUG - joeynmt.training - 	Tokenized hypothesis: ['The', '<unk>', 'on', 'the', '<unk>', 'is', 'in', 'a', 'sense', 'of', '<unk>', '', 'the', '<unk>', 'heart', 'of', 'our', '<unk>', '<unk>', '</s>']
2026-05-27 15:19:51,483 - INFO - joeynmt.training - 	Source:     De ijskap op de Noordpool is in zekere zin  het kloppend hart van ons globaal klimaatsysteem.
2026-05-27 15:19:51,483 - INFO - joeynmt.training - 	Reference:  The arctic ice cap is, in a sense, the beating heart of the global climate system.
2026-05-27 15:19:51,483 - INFO - joeynmt.training - 	Hypothesis: The <unk> on the <unk> is in a sense of <unk>  the <unk> heart of our <unk> <unk>
2026-05-27 15:19:51,483 - INFO - joeynmt.training - Example #3
2026-05-27 15:19:51,484 - DEBUG - joeynmt.training - 	Tokenized source:     ['Het', 'zet', 'uit', 'in', 'de', 'winter', 'en', 'krimpt', 'in', 'de', 'zomer.']
2026-05-27 15:19:51,484 - DEBUG - joeynmt.training - 	Tokenized reference:  ['It', 'expands', 'in', 'winter', 'and', 'contracts', 'in', 'summer.']
2026-05-27 15:19:51,484 - DEBUG - joeynmt.training - 	Tokenized hypothesis: ['It', '<unk>', 'in', 'the', '<unk>', 'and', '<unk>', 'in', 'the', '<unk>', '</s>']
2026-05-27 15:19:51,484 - INFO - joeynmt.training - 	Source:     Het zet uit in de winter en krimpt in de zomer.
2026-05-27 15:19:51,484 - INFO - joeynmt.training - 	Reference:  It expands in winter and contracts in summer.
2026-05-27 15:19:51,484 - INFO - joeynmt.training - 	Hypothesis: It <unk> in the <unk> and <unk> in the <unk>
2026-05-27 15:19:51,484 - INFO - joeynmt.training - Example #4
2026-05-27 15:19:51,485 - DEBUG - joeynmt.training - 	Tokenized source:     ['De', 'volgende', 'dia', 'die', 'ik', 'laat', 'zien', '', 'is', 'een', 'versnelde', 'versie', 'van', 'wat', 'er', 'de', 'afgelopen', '25', 'jaar', 'is', 'gebeurd.']
2026-05-27 15:19:51,485 - DEBUG - joeynmt.training - 	Tokenized reference:  ['The', 'next', 'slide', 'I', 'show', 'you', 'will', 'be', 'a', 'rapid', 'fast-forward', 'of', "what's", 'happened', 'over', 'the', 'last', '25', 'years.']
2026-05-27 15:19:51,485 - DEBUG - joeynmt.training - 	Tokenized hypothesis: ['The', 'next', '<unk>', "I'm", 'going', 'to', 'show', '', 'is', 'a', '<unk>', 'version', 'of', 'what', '<unk>', 'over', 'the', 'last', '25', 'years.', '</s>']
2026-05-27 15:19:51,485 - INFO - joeynmt.training - 	Source:     De volgende dia die ik laat zien  is een versnelde versie van wat er de afgelopen 25 jaar is gebeurd.
2026-05-27 15:19:51,485 - INFO - joeynmt.training - 	Reference:  The next slide I show you will be a rapid fast-forward of what's happened over the last 25 years.
2026-05-27 15:19:51,485 - INFO - joeynmt.training - 	Hypothesis: The next <unk> I'm going to show  is a <unk> version of what <unk> over the last 25 years.
2026-05-27 15:20:10,715 - INFO - joeynmt.training - Epoch  10, Step:    23600, Batch Loss:     1.278347, Batch Acc: 0.596911, Tokens per Sec:     3518, Lr: 0.000300
2026-05-27 15:20:28,053 - INFO - joeynmt.training - Epoch  10, Step:    23700, Batch Loss:     1.381562, Batch Acc: 0.600166, Tokens per Sec:     4034, Lr: 0.000300
2026-05-27 15:20:46,310 - INFO - joeynmt.training - Epoch  10, Step:    23800, Batch Loss:     1.180841, Batch Acc: 0.590014, Tokens per Sec:     3805, Lr: 0.000300
2026-05-27 15:21:02,727 - INFO - joeynmt.training - Epoch  10, Step:    23900, Batch Loss:     1.316985, Batch Acc: 0.596499, Tokens per Sec:     4064, Lr: 0.000300
2026-05-27 15:21:26,648 - INFO - joeynmt.training - Epoch  10, Step:    24000, Batch Loss:     1.399606, Batch Acc: 0.594128, Tokens per Sec:     2865, Lr: 0.000300
2026-05-27 15:21:26,649 - WARNING - joeynmt.helpers - `alpha` option is obsolete. Please use `beam_alpha`, instead.
2026-05-27 15:21:26,650 - INFO - joeynmt.prediction - Predicting 1003 example(s)... (Greedy decoding with min_output_length=1, max_output_length=-1, return_prob='none', generate_unk=True, repetition_penalty=-1, no_repeat_ngram_size=-1)
2026-05-27 15:21:48,515 - INFO - joeynmt.prediction - Evaluation result (greedy) loss:   1.90, ppl:   6.68, acc:   0.44, generation: 21.8558[sec], evaluation: 0.0000[sec]
2026-05-27 15:21:48,519 - INFO - joeynmt.training - Example #0
2026-05-27 15:21:48,519 - DEBUG - joeynmt.training - 	Tokenized source:     ['Vorig', 'jaar', 'liet', 'ik', 'deze', 'twee', "dia's", 'zien', 'om', 'aan', '', 'te', 'tonen', 'dat', 'de', 'poolijskap,', '', 'die', 'de', 'afgelopen', 'drie', 'miljoen', 'jaar', '', 'ongeveer', 'de', 'grootte', 'had', 'van', 'het', 'vasteland', 'van', 'de', 'VS,', '', 'met', '40%', 'gekrompen', 'was.']
2026-05-27 15:21:48,519 - DEBUG - joeynmt.training - 	Tokenized reference:  ['Last', 'year', 'I', 'showed', 'these', 'two', 'slides', 'so', 'that', 'demonstrate', 'that', 'the', 'arctic', 'ice', 'cap,', 'which', 'for', 'most', 'of', 'the', 'last', 'three', 'million', 'years', 'has', 'been', 'the', 'size', 'of', 'the', 'lower', '48', 'states,', 'has', 'shrunk', 'by', '40', 'percent.']
2026-05-27 15:21:48,519 - DEBUG - joeynmt.training - 	Tokenized hypothesis: ['<unk>', 'years', 'I', 'showed', 'these', 'two', '<unk>', 'to', '<unk>', 'to', 'show', 'that', 'the', '<unk>', '', 'that', 'the', '<unk>', '', 'that', 'had', 'the', '<unk>', '<unk>', '', 'with', '<unk>', '<unk>', '</s>']
2026-05-27 15:21:48,520 - INFO - joeynmt.training - 	Source:     Vorig jaar liet ik deze twee dia's zien om aan  te tonen dat de poolijskap,  die de afgelopen drie miljoen jaar  ongeveer de grootte had van het vasteland van de VS,  met 40% gekrompen was.
2026-05-27 15:21:48,520 - INFO - joeynmt.training - 	Reference:  Last year I showed these two slides so that demonstrate that the arctic ice cap, which for most of the last three million years has been the size of the lower 48 states, has shrunk by 40 percent.
2026-05-27 15:21:48,520 - INFO - joeynmt.training - 	Hypothesis: <unk> years I showed these two <unk> to <unk> to show that the <unk>  that the <unk>  that had the <unk> <unk>  with <unk> <unk>
2026-05-27 15:21:48,520 - INFO - joeynmt.training - Example #1
2026-05-27 15:21:48,520 - DEBUG - joeynmt.training - 	Tokenized source:     ['Maar', 'dit', 'onderschat', 'eigenlijk', 'de', 'ernst', 'van', 'dit', 'specifieke', 'probleem', '', 'omdat', 'het', 'niet', 'de', 'dikte', 'van', 'het', 'ijs', 'laat', 'zien.']
2026-05-27 15:21:48,520 - DEBUG - joeynmt.training - 	Tokenized reference:  ['But', 'this', 'understates', 'the', 'seriousness', 'of', 'this', 'particular', 'problem', 'because', 'it', "doesn't", 'show', 'the', 'thickness', 'of', 'the', 'ice.']
2026-05-27 15:21:48,520 - DEBUG - joeynmt.training - 	Tokenized hypothesis: ['But', 'this', 'is', 'actually', 'the', '<unk>', 'of', 'this', 'particular', 'problem', '--', 'because', 'it', "doesn't", 'show', 'the', '<unk>', 'of', 'the', '<unk>', '</s>']
2026-05-27 15:21:48,520 - INFO - joeynmt.training - 	Source:     Maar dit onderschat eigenlijk de ernst van dit specifieke probleem  omdat het niet de dikte van het ijs laat zien.
2026-05-27 15:21:48,521 - INFO - joeynmt.training - 	Reference:  But this understates the seriousness of this particular problem because it doesn't show the thickness of the ice.
2026-05-27 15:21:48,521 - INFO - joeynmt.training - 	Hypothesis: But this is actually the <unk> of this particular problem -- because it doesn't show the <unk> of the <unk>
2026-05-27 15:21:48,521 - INFO - joeynmt.training - Example #2
2026-05-27 15:21:48,521 - DEBUG - joeynmt.training - 	Tokenized source:     ['De', 'ijskap', 'op', 'de', 'Noordpool', 'is', 'in', 'zekere', 'zin', '', 'het', 'kloppend', 'hart', 'van', 'ons', 'globaal', 'klimaatsysteem.']
2026-05-27 15:21:48,521 - DEBUG - joeynmt.training - 	Tokenized reference:  ['The', 'arctic', 'ice', 'cap', 'is,', 'in', 'a', 'sense,', 'the', 'beating', 'heart', 'of', 'the', 'global', 'climate', 'system.']
2026-05-27 15:21:48,521 - DEBUG - joeynmt.training - 	Tokenized hypothesis: ['The', '<unk>', 'on', 'the', '<unk>', 'is', 'in', 'a', 'sense,', '', 'the', '<unk>', 'heart', 'of', 'our', '<unk>', '</s>']
2026-05-27 15:21:48,521 - INFO - joeynmt.training - 	Source:     De ijskap op de Noordpool is in zekere zin  het kloppend hart van ons globaal klimaatsysteem.
2026-05-27 15:21:48,521 - INFO - joeynmt.training - 	Reference:  The arctic ice cap is, in a sense, the beating heart of the global climate system.
2026-05-27 15:21:48,522 - INFO - joeynmt.training - 	Hypothesis: The <unk> on the <unk> is in a sense,  the <unk> heart of our <unk>
2026-05-27 15:21:48,522 - INFO - joeynmt.training - Example #3
2026-05-27 15:21:48,522 - DEBUG - joeynmt.training - 	Tokenized source:     ['Het', 'zet', 'uit', 'in', 'de', 'winter', 'en', 'krimpt', 'in', 'de', 'zomer.']
2026-05-27 15:21:48,522 - DEBUG - joeynmt.training - 	Tokenized reference:  ['It', 'expands', 'in', 'winter', 'and', 'contracts', 'in', 'summer.']
2026-05-27 15:21:48,522 - DEBUG - joeynmt.training - 	Tokenized hypothesis: ['It', '<unk>', 'in', 'the', '<unk>', 'and', '<unk>', 'in', 'the', '<unk>', '</s>']
2026-05-27 15:21:48,522 - INFO - joeynmt.training - 	Source:     Het zet uit in de winter en krimpt in de zomer.
2026-05-27 15:21:48,522 - INFO - joeynmt.training - 	Reference:  It expands in winter and contracts in summer.
2026-05-27 15:21:48,522 - INFO - joeynmt.training - 	Hypothesis: It <unk> in the <unk> and <unk> in the <unk>
2026-05-27 15:21:48,523 - INFO - joeynmt.training - Example #4
2026-05-27 15:21:48,523 - DEBUG - joeynmt.training - 	Tokenized source:     ['De', 'volgende', 'dia', 'die', 'ik', 'laat', 'zien', '', 'is', 'een', 'versnelde', 'versie', 'van', 'wat', 'er', 'de', 'afgelopen', '25', 'jaar', 'is', 'gebeurd.']
2026-05-27 15:21:48,523 - DEBUG - joeynmt.training - 	Tokenized reference:  ['The', 'next', 'slide', 'I', 'show', 'you', 'will', 'be', 'a', 'rapid', 'fast-forward', 'of', "what's", 'happened', 'over', 'the', 'last', '25', 'years.']
2026-05-27 15:21:48,523 - DEBUG - joeynmt.training - 	Tokenized hypothesis: ['The', 'next', '<unk>', 'I', '<unk>', '', 'is', 'a', '<unk>', 'version', 'of', "what's", 'there', 'over', 'the', 'last', '25', 'years.', '</s>']
2026-05-27 15:21:48,523 - INFO - joeynmt.training - 	Source:     De volgende dia die ik laat zien  is een versnelde versie van wat er de afgelopen 25 jaar is gebeurd.
2026-05-27 15:21:48,523 - INFO - joeynmt.training - 	Reference:  The next slide I show you will be a rapid fast-forward of what's happened over the last 25 years.
2026-05-27 15:21:48,523 - INFO - joeynmt.training - 	Hypothesis: The next <unk> I <unk>  is a <unk> version of what's there over the last 25 years.
2026-05-27 15:22:06,416 - INFO - joeynmt.training - Epoch  10, Step:    24100, Batch Loss:     1.373522, Batch Acc: 0.594021, Tokens per Sec:     3793, Lr: 0.000210
2026-05-27 15:22:26,683 - INFO - joeynmt.training - Epoch  10, Step:    24200, Batch Loss:     1.340259, Batch Acc: 0.603839, Tokens per Sec:     3491, Lr: 0.000210
2026-05-27 15:22:48,687 - INFO - joeynmt.training - Epoch  10, Step:    24300, Batch Loss:     1.227857, Batch Acc: 0.605012, Tokens per Sec:     3112, Lr: 0.000210
2026-05-27 15:23:09,660 - INFO - joeynmt.training - Epoch  10, Step:    24400, Batch Loss:     1.246174, Batch Acc: 0.603297, Tokens per Sec:     3320, Lr: 0.000210
2026-05-27 15:23:29,739 - INFO - joeynmt.training - Epoch  10, Step:    24500, Batch Loss:     1.338108, Batch Acc: 0.603412, Tokens per Sec:     3533, Lr: 0.000210
2026-05-27 15:23:29,740 - WARNING - joeynmt.helpers - `alpha` option is obsolete. Please use `beam_alpha`, instead.
2026-05-27 15:23:29,740 - INFO - joeynmt.prediction - Predicting 1003 example(s)... (Greedy decoding with min_output_length=1, max_output_length=-1, return_prob='none', generate_unk=True, repetition_penalty=-1, no_repeat_ngram_size=-1)
2026-05-27 15:23:49,990 - INFO - joeynmt.prediction - Evaluation result (greedy) loss:   1.88, ppl:   6.58, acc:   0.44, generation: 20.2376[sec], evaluation: 0.0000[sec]
2026-05-27 15:23:49,992 - INFO - joeynmt.training - Example #0
2026-05-27 15:23:49,992 - DEBUG - joeynmt.training - 	Tokenized source:     ['Vorig', 'jaar', 'liet', 'ik', 'deze', 'twee', "dia's", 'zien', 'om', 'aan', '', 'te', 'tonen', 'dat', 'de', 'poolijskap,', '', 'die', 'de', 'afgelopen', 'drie', 'miljoen', 'jaar', '', 'ongeveer', 'de', 'grootte', 'had', 'van', 'het', 'vasteland', 'van', 'de', 'VS,', '', 'met', '40%', 'gekrompen', 'was.']
2026-05-27 15:23:49,992 - DEBUG - joeynmt.training - 	Tokenized reference:  ['Last', 'year', 'I', 'showed', 'these', 'two', 'slides', 'so', 'that', 'demonstrate', 'that', 'the', 'arctic', 'ice', 'cap,', 'which', 'for', 'most', 'of', 'the', 'last', 'three', 'million', 'years', 'has', 'been', 'the', 'size', 'of', 'the', 'lower', '48', 'states,', 'has', 'shrunk', 'by', '40', 'percent.']
2026-05-27 15:23:49,992 - DEBUG - joeynmt.training - 	Tokenized hypothesis: ['<unk>', 'years', 'ago,', 'I', 'showed', 'these', 'two', '<unk>', 'to', 'show', 'you', 'that', 'the', '<unk>', '', 'that', 'the', '<unk>', '', 'that', 'the', '<unk>', '<unk>', 'for', 'the', 'last', 'three', 'million', 'years', 'had', 'about', 'the', 'size', 'of', 'the', '<unk>', '', 'with', '<unk>', '<unk>', '<unk>', '</s>']
2026-05-27 15:23:49,993 - INFO - joeynmt.training - 	Source:     Vorig jaar liet ik deze twee dia's zien om aan  te tonen dat de poolijskap,  die de afgelopen drie miljoen jaar  ongeveer de grootte had van het vasteland van de VS,  met 40% gekrompen was.
2026-05-27 15:23:49,993 - INFO - joeynmt.training - 	Reference:  Last year I showed these two slides so that demonstrate that the arctic ice cap, which for most of the last three million years has been the size of the lower 48 states, has shrunk by 40 percent.
2026-05-27 15:23:49,993 - INFO - joeynmt.training - 	Hypothesis: <unk> years ago, I showed these two <unk> to show you that the <unk>  that the <unk>  that the <unk> <unk> for the last three million years had about the size of the <unk>  with <unk> <unk> <unk>
2026-05-27 15:23:49,993 - INFO - joeynmt.training - Example #1
2026-05-27 15:23:49,993 - DEBUG - joeynmt.training - 	Tokenized source:     ['Maar', 'dit', 'onderschat', 'eigenlijk', 'de', 'ernst', 'van', 'dit', 'specifieke', 'probleem', '', 'omdat', 'het', 'niet', 'de', 'dikte', 'van', 'het', 'ijs', 'laat', 'zien.']
2026-05-27 15:23:49,993 - DEBUG - joeynmt.training - 	Tokenized reference:  ['But', 'this', 'understates', 'the', 'seriousness', 'of', 'this', 'particular', 'problem', 'because', 'it', "doesn't", 'show', 'the', 'thickness', 'of', 'the', 'ice.']
2026-05-27 15:23:49,993 - DEBUG - joeynmt.training - 	Tokenized hypothesis: ['But', 'this', 'is', 'actually', 'the', '<unk>', 'of', 'this', 'particular', 'problem', '--', '', 'because', 'it', "doesn't", 'show', 'the', '<unk>', 'of', 'the', '<unk>', '</s>']
2026-05-27 15:23:49,994 - INFO - joeynmt.training - 	Source:     Maar dit onderschat eigenlijk de ernst van dit specifieke probleem  omdat het niet de dikte van het ijs laat zien.
2026-05-27 15:23:49,994 - INFO - joeynmt.training - 	Reference:  But this understates the seriousness of this particular problem because it doesn't show the thickness of the ice.
2026-05-27 15:23:49,994 - INFO - joeynmt.training - 	Hypothesis: But this is actually the <unk> of this particular problem --  because it doesn't show the <unk> of the <unk>
2026-05-27 15:23:49,994 - INFO - joeynmt.training - Example #2
2026-05-27 15:23:49,994 - DEBUG - joeynmt.training - 	Tokenized source:     ['De', 'ijskap', 'op', 'de', 'Noordpool', 'is', 'in', 'zekere', 'zin', '', 'het', 'kloppend', 'hart', 'van', 'ons', 'globaal', 'klimaatsysteem.']
2026-05-27 15:23:49,994 - DEBUG - joeynmt.training - 	Tokenized reference:  ['The', 'arctic', 'ice', 'cap', 'is,', 'in', 'a', 'sense,', 'the', 'beating', 'heart', 'of', 'the', 'global', 'climate', 'system.']
2026-05-27 15:23:49,994 - DEBUG - joeynmt.training - 	Tokenized hypothesis: ['The', '<unk>', '<unk>', 'is', 'in', 'a', 'sense,', '', 'the', '<unk>', 'heart', 'of', 'our', '<unk>', '<unk>', '<unk>', '</s>']
2026-05-27 15:23:49,995 - INFO - joeynmt.training - 	Source:     De ijskap op de Noordpool is in zekere zin  het kloppend hart van ons globaal klimaatsysteem.
2026-05-27 15:23:49,995 - INFO - joeynmt.training - 	Reference:  The arctic ice cap is, in a sense, the beating heart of the global climate system.
2026-05-27 15:23:49,995 - INFO - joeynmt.training - 	Hypothesis: The <unk> <unk> is in a sense,  the <unk> heart of our <unk> <unk> <unk>
2026-05-27 15:23:49,995 - INFO - joeynmt.training - Example #3
2026-05-27 15:23:49,995 - DEBUG - joeynmt.training - 	Tokenized source:     ['Het', 'zet', 'uit', 'in', 'de', 'winter', 'en', 'krimpt', 'in', 'de', 'zomer.']
2026-05-27 15:23:49,995 - DEBUG - joeynmt.training - 	Tokenized reference:  ['It', 'expands', 'in', 'winter', 'and', 'contracts', 'in', 'summer.']
2026-05-27 15:23:49,995 - DEBUG - joeynmt.training - 	Tokenized hypothesis: ['It', '<unk>', 'in', 'the', '<unk>', 'and', '<unk>', 'in', 'the', '<unk>', '</s>']
2026-05-27 15:23:49,996 - INFO - joeynmt.training - 	Source:     Het zet uit in de winter en krimpt in de zomer.
2026-05-27 15:23:49,996 - INFO - joeynmt.training - 	Reference:  It expands in winter and contracts in summer.
2026-05-27 15:23:49,996 - INFO - joeynmt.training - 	Hypothesis: It <unk> in the <unk> and <unk> in the <unk>
2026-05-27 15:23:49,996 - INFO - joeynmt.training - Example #4
2026-05-27 15:23:49,996 - DEBUG - joeynmt.training - 	Tokenized source:     ['De', 'volgende', 'dia', 'die', 'ik', 'laat', 'zien', '', 'is', 'een', 'versnelde', 'versie', 'van', 'wat', 'er', 'de', 'afgelopen', '25', 'jaar', 'is', 'gebeurd.']
2026-05-27 15:23:49,996 - DEBUG - joeynmt.training - 	Tokenized reference:  ['The', 'next', 'slide', 'I', 'show', 'you', 'will', 'be', 'a', 'rapid', 'fast-forward', 'of', "what's", 'happened', 'over', 'the', 'last', '25', 'years.']
2026-05-27 15:23:49,996 - DEBUG - joeynmt.training - 	Tokenized hypothesis: ['The', 'next', '<unk>', "I'm", 'going', 'to', 'show', '', 'is', 'a', '<unk>', 'version', 'of', 'what', 'happened', 'in', 'the', 'last', '25', 'years', 'is', '<unk>', '</s>']
2026-05-27 15:23:49,997 - INFO - joeynmt.training - 	Source:     De volgende dia die ik laat zien  is een versnelde versie van wat er de afgelopen 25 jaar is gebeurd.
2026-05-27 15:23:49,997 - INFO - joeynmt.training - 	Reference:  The next slide I show you will be a rapid fast-forward of what's happened over the last 25 years.
2026-05-27 15:23:49,997 - INFO - joeynmt.training - 	Hypothesis: The next <unk> I'm going to show  is a <unk> version of what happened in the last 25 years is <unk>
2026-05-27 15:24:08,670 - INFO - joeynmt.training - Epoch  10, Step:    24600, Batch Loss:     1.247282, Batch Acc: 0.600834, Tokens per Sec:     3647, Lr: 0.000210
2026-05-27 15:24:27,690 - INFO - joeynmt.training - Epoch  10, Step:    24700, Batch Loss:     1.145354, Batch Acc: 0.603005, Tokens per Sec:     3594, Lr: 0.000210
2026-05-27 15:24:27,732 - INFO - joeynmt.training - Epoch  10: total training loss 3192.95
2026-05-27 15:24:27,732 - INFO - joeynmt.training - Training ended after  10 epochs.
2026-05-27 15:24:27,732 - INFO - joeynmt.training - Best validation result (greedy) at step    19500:   6.43 ppl.
2026-05-27 15:24:27,754 - INFO - joeynmt.model - Building an encoder-decoder model...
2026-05-27 15:24:27,835 - INFO - joeynmt.model - Enc-dec model built.
2026-05-27 15:24:27,896 - INFO - joeynmt.helpers - Load model from /Users/annajung/Desktop/MT/exercise_4/mt-exercise-04/models/tf_word_nl_en/19500.ckpt.
2026-05-27 15:24:27,901 - INFO - joeynmt.prediction - Model(
	encoder=TransformerEncoder(num_layers=4, num_heads=2, alpha=1.0, layer_norm="pre", activation=ReLU()),
	decoder=TransformerDecoder(num_layers=1, num_heads=2, alpha=1.0, layer_norm="post", activation=ReLU()),
	src_embed=Embeddings(embedding_dim=256, vocab_size=2004),
	trg_embed=Embeddings(embedding_dim=256, vocab_size=2004),
	loss_function=None)
2026-05-27 15:24:27,908 - INFO - joeynmt.prediction - Decoding on dev set...
2026-05-27 15:24:27,909 - WARNING - joeynmt.helpers - `alpha` option is obsolete. Please use `beam_alpha`, instead.
2026-05-27 15:24:27,909 - INFO - joeynmt.prediction - Predicting 1003 example(s)... (Beam search with beam_size=5, beam_alpha=1.0, n_best=1, min_output_length=1, max_output_length=-1, return_prob='none', generate_unk=True, repetition_penalty=-1, no_repeat_ngram_size=-1)
2026-05-27 15:24:51,597 - INFO - joeynmt.prediction - Evaluation result (beam search) , generation: 23.6794[sec], evaluation: 0.0000[sec]
2026-05-27 15:24:51,598 - INFO - joeynmt.prediction - Translations saved to: /Users/annajung/Desktop/MT/exercise_4/mt-exercise-04/models/tf_word_nl_en/00019500.hyps.dev.
2026-05-27 15:24:51,599 - INFO - joeynmt.prediction - Decoding on test set...
2026-05-27 15:24:51,599 - WARNING - joeynmt.helpers - `alpha` option is obsolete. Please use `beam_alpha`, instead.
2026-05-27 15:24:51,599 - INFO - joeynmt.prediction - Predicting 1777 example(s)... (Beam search with beam_size=5, beam_alpha=1.0, n_best=1, min_output_length=1, max_output_length=-1, return_prob='none', generate_unk=True, repetition_penalty=-1, no_repeat_ngram_size=-1)
2026-05-27 15:25:29,097 - INFO - joeynmt.prediction - Evaluation result (beam search) , generation: 37.4829[sec], evaluation: 0.0000[sec]
2026-05-27 15:25:29,101 - INFO - joeynmt.prediction - Translations saved to: /Users/annajung/Desktop/MT/exercise_4/mt-exercise-04/models/tf_word_nl_en/00019500.hyps.test.
