2026-05-28 08:30:46,540 - INFO - root - Hello! This is Joey-NMT (version 2.2.0).
2026-05-28 08:30:46,540 - INFO - joeynmt.helpers -                           cfg.name : tf_bpe_4000_nl_en
2026-05-28 08:30:46,540 - INFO - joeynmt.helpers -                cfg.joeynmt_version : 2.0.0
2026-05-28 08:30:46,540 - INFO - joeynmt.helpers -                     cfg.data.train : data/tok/train.tok
2026-05-28 08:30:46,540 - INFO - joeynmt.helpers -                       cfg.data.dev : data/tok/dev.tok
2026-05-28 08:30:46,540 - INFO - joeynmt.helpers -                      cfg.data.test : data/tok/test.tok
2026-05-28 08:30:46,540 - INFO - joeynmt.helpers -              cfg.data.dataset_type : plain
2026-05-28 08:30:46,540 - INFO - joeynmt.helpers -                  cfg.data.src.lang : nl
2026-05-28 08:30:46,540 - INFO - joeynmt.helpers -                 cfg.data.src.level : bpe
2026-05-28 08:30:46,540 - INFO - joeynmt.helpers -             cfg.data.src.lowercase : False
2026-05-28 08:30:46,540 - INFO - joeynmt.helpers -       cfg.data.src.max_sent_length : 100
2026-05-28 08:30:46,540 - INFO - joeynmt.helpers -              cfg.data.src.voc_file : data/bpe_4000/joint-vocab.clean.txt
2026-05-28 08:30:46,540 - INFO - joeynmt.helpers -        cfg.data.src.tokenizer_type : subword-nmt
2026-05-28 08:30:46,540 - INFO - joeynmt.helpers - cfg.data.src.tokenizer_cfg.pretokenizer : none
2026-05-28 08:30:46,540 - INFO - joeynmt.helpers - cfg.data.src.tokenizer_cfg.num_merges : 4000
2026-05-28 08:30:46,540 - INFO - joeynmt.helpers -   cfg.data.src.tokenizer_cfg.codes : data/bpe_4000/codes_4000.bpe
2026-05-28 08:30:46,540 - INFO - joeynmt.helpers -                  cfg.data.trg.lang : en
2026-05-28 08:30:46,540 - INFO - joeynmt.helpers -                 cfg.data.trg.level : bpe
2026-05-28 08:30:46,540 - INFO - joeynmt.helpers -             cfg.data.trg.lowercase : False
2026-05-28 08:30:46,540 - INFO - joeynmt.helpers -       cfg.data.trg.max_sent_length : 100
2026-05-28 08:30:46,540 - INFO - joeynmt.helpers -              cfg.data.trg.voc_file : data/bpe_4000/joint-vocab.clean.txt
2026-05-28 08:30:46,540 - INFO - joeynmt.helpers -        cfg.data.trg.tokenizer_type : subword-nmt
2026-05-28 08:30:46,540 - INFO - joeynmt.helpers - cfg.data.trg.tokenizer_cfg.pretokenizer : none
2026-05-28 08:30:46,540 - INFO - joeynmt.helpers - cfg.data.trg.tokenizer_cfg.num_merges : 4000
2026-05-28 08:30:46,540 - INFO - joeynmt.helpers -   cfg.data.trg.tokenizer_cfg.codes : data/bpe_4000/codes_4000.bpe
2026-05-28 08:30:46,541 - INFO - joeynmt.helpers -              cfg.testing.beam_size : 5
2026-05-28 08:30:46,541 - INFO - joeynmt.helpers -                  cfg.testing.alpha : 1.0
2026-05-28 08:30:46,541 - INFO - joeynmt.helpers -           cfg.training.random_seed : 42
2026-05-28 08:30:46,541 - INFO - joeynmt.helpers -             cfg.training.optimizer : adam
2026-05-28 08:30:46,541 - INFO - joeynmt.helpers -         cfg.training.normalization : tokens
2026-05-28 08:30:46,541 - INFO - joeynmt.helpers -         cfg.training.learning_rate : 0.0003
2026-05-28 08:30:46,541 - INFO - joeynmt.helpers -            cfg.training.batch_size : 2048
2026-05-28 08:30:46,541 - INFO - joeynmt.helpers -            cfg.training.batch_type : token
2026-05-28 08:30:46,541 - INFO - joeynmt.helpers -       cfg.training.eval_batch_size : 1024
2026-05-28 08:30:46,541 - INFO - joeynmt.helpers -       cfg.training.eval_batch_type : token
2026-05-28 08:30:46,541 - INFO - joeynmt.helpers -            cfg.training.scheduling : plateau
2026-05-28 08:30:46,541 - INFO - joeynmt.helpers -              cfg.training.patience : 8
2026-05-28 08:30:46,541 - INFO - joeynmt.helpers -          cfg.training.weight_decay : 0.0
2026-05-28 08:30:46,541 - INFO - joeynmt.helpers -       cfg.training.decrease_factor : 0.7
2026-05-28 08:30:46,541 - INFO - joeynmt.helpers - cfg.training.early_stopping_metric : ppl
2026-05-28 08:30:46,541 - INFO - joeynmt.helpers -                cfg.training.epochs : 10
2026-05-28 08:30:46,541 - INFO - joeynmt.helpers -       cfg.training.validation_freq : 500
2026-05-28 08:30:46,541 - INFO - joeynmt.helpers -          cfg.training.logging_freq : 100
2026-05-28 08:30:46,541 - INFO - joeynmt.helpers -           cfg.training.eval_metric : bleu
2026-05-28 08:30:46,541 - INFO - joeynmt.helpers -             cfg.training.model_dir : models/tf_bpe_4000_nl_en
2026-05-28 08:30:46,541 - INFO - joeynmt.helpers -             cfg.training.overwrite : False
2026-05-28 08:30:46,541 - INFO - joeynmt.helpers -               cfg.training.shuffle : True
2026-05-28 08:30:46,541 - INFO - joeynmt.helpers -              cfg.training.use_cuda : False
2026-05-28 08:30:46,541 - INFO - joeynmt.helpers -     cfg.training.max_output_length : 100
2026-05-28 08:30:46,541 - INFO - joeynmt.helpers -     cfg.training.print_valid_sents : [0, 1, 2, 3, 4]
2026-05-28 08:30:46,541 - INFO - joeynmt.helpers -       cfg.training.label_smoothing : 0.3
2026-05-28 08:30:46,541 - INFO - joeynmt.helpers -              cfg.model.initializer : xavier_uniform
2026-05-28 08:30:46,541 - INFO - joeynmt.helpers -         cfg.model.bias_initializer : zeros
2026-05-28 08:30:46,541 - INFO - joeynmt.helpers -                cfg.model.init_gain : 1.0
2026-05-28 08:30:46,541 - INFO - joeynmt.helpers -        cfg.model.embed_initializer : xavier_uniform
2026-05-28 08:30:46,541 - INFO - joeynmt.helpers -          cfg.model.embed_init_gain : 1.0
2026-05-28 08:30:46,541 - INFO - joeynmt.helpers -          cfg.model.tied_embeddings : True
2026-05-28 08:30:46,541 - INFO - joeynmt.helpers -             cfg.model.tied_softmax : True
2026-05-28 08:30:46,541 - INFO - joeynmt.helpers -             cfg.model.encoder.type : transformer
2026-05-28 08:30:46,541 - INFO - joeynmt.helpers -       cfg.model.encoder.num_layers : 4
2026-05-28 08:30:46,541 - INFO - joeynmt.helpers -        cfg.model.encoder.num_heads : 2
2026-05-28 08:30:46,541 - INFO - joeynmt.helpers - cfg.model.encoder.embeddings.embedding_dim : 256
2026-05-28 08:30:46,541 - INFO - joeynmt.helpers - cfg.model.encoder.embeddings.scale : True
2026-05-28 08:30:46,541 - INFO - joeynmt.helpers - cfg.model.encoder.embeddings.dropout : 0
2026-05-28 08:30:46,541 - INFO - joeynmt.helpers -      cfg.model.encoder.hidden_size : 256
2026-05-28 08:30:46,541 - INFO - joeynmt.helpers -          cfg.model.encoder.ff_size : 512
2026-05-28 08:30:46,541 - INFO - joeynmt.helpers -          cfg.model.encoder.dropout : 0
2026-05-28 08:30:46,541 - INFO - joeynmt.helpers -             cfg.model.decoder.type : transformer
2026-05-28 08:30:46,541 - INFO - joeynmt.helpers -       cfg.model.decoder.num_layers : 1
2026-05-28 08:30:46,542 - INFO - joeynmt.helpers -        cfg.model.decoder.num_heads : 2
2026-05-28 08:30:46,542 - INFO - joeynmt.helpers - cfg.model.decoder.embeddings.embedding_dim : 256
2026-05-28 08:30:46,542 - INFO - joeynmt.helpers - cfg.model.decoder.embeddings.scale : True
2026-05-28 08:30:46,542 - INFO - joeynmt.helpers - cfg.model.decoder.embeddings.dropout : 0
2026-05-28 08:30:46,542 - INFO - joeynmt.helpers -      cfg.model.decoder.hidden_size : 256
2026-05-28 08:30:46,542 - INFO - joeynmt.helpers -          cfg.model.decoder.ff_size : 512
2026-05-28 08:30:46,542 - INFO - joeynmt.helpers -          cfg.model.decoder.dropout : 0
2026-05-28 08:30:46,543 - INFO - joeynmt.data - Building tokenizer...
2026-05-28 08:30:46,549 - INFO - joeynmt.tokenizers - nl tokenizer: SubwordNMTTokenizer(level=bpe, lowercase=False, normalize=False, filter_by_length=(-1, -1), pretokenizer=none, tokenizer=BPE, separator=@@, dropout=0.0)
2026-05-28 08:30:46,549 - INFO - joeynmt.tokenizers - en tokenizer: SubwordNMTTokenizer(level=bpe, lowercase=False, normalize=False, filter_by_length=(-1, -1), pretokenizer=none, tokenizer=BPE, separator=@@, dropout=0.0)
2026-05-28 08:30:46,549 - INFO - joeynmt.data - Loading train set...
2026-05-28 08:30:46,644 - INFO - joeynmt.data - Building vocabulary...
2026-05-28 08:30:46,764 - INFO - joeynmt.data - Loading dev set...
2026-05-28 08:30:46,767 - INFO - joeynmt.data - Loading test set...
2026-05-28 08:30:46,769 - INFO - joeynmt.data - Data loaded.
2026-05-28 08:30:46,769 - INFO - joeynmt.data - Train dataset: PlaintextDataset(split=train, len=100000, src_lang=nl, trg_lang=en, has_trg=True, random_subset=-1)
2026-05-28 08:30:46,769 - INFO - joeynmt.data - Valid dataset: PlaintextDataset(split=dev, len=1003, src_lang=nl, trg_lang=en, has_trg=True, random_subset=-1)
2026-05-28 08:30:46,769 - INFO - joeynmt.data -  Test dataset: PlaintextDataset(split=test, len=1777, src_lang=nl, trg_lang=en, has_trg=True, random_subset=-1)
2026-05-28 08:30:46,770 - INFO - joeynmt.data - First training example:
	[SRC] Har@@ telijk bed@@ ankt , Chris , het is werkelijk een eer de gele@@ gen@@ heid te hebben twee keer op dit po@@ di@@ um te staan . Ik ben hier@@ voor erg dan@@ k@@ baar .
	[TRG] Thank you so much , Chris . And it &apos;s tru@@ ly a great hon@@ or to have the opportunity to come to this stage tw@@ ice ; I &apos;m extre@@ m@@ ely gr@@ at@@ ef@@ ul .
2026-05-28 08:30:46,770 - INFO - joeynmt.data - First 10 Src tokens: (0) <unk> (1) <pad> (2) <s> (3) </s> (4) . (5) , (6) the (7) de (8) is (9) in
2026-05-28 08:30:46,770 - INFO - joeynmt.data - First 10 Trg tokens: (0) <unk> (1) <pad> (2) <s> (3) </s> (4) . (5) , (6) the (7) de (8) is (9) in
2026-05-28 08:30:46,770 - INFO - joeynmt.data - Number of unique Src tokens (vocab_size): 3993
2026-05-28 08:30:46,770 - INFO - joeynmt.data - Number of unique Trg tokens (vocab_size): 3993
2026-05-28 08:30:46,771 - INFO - joeynmt.model - Building an encoder-decoder model...
2026-05-28 08:30:46,815 - INFO - joeynmt.model - Enc-dec model built.
2026-05-28 08:30:46,816 - INFO - joeynmt.model - Total params: 3921408
2026-05-28 08:30:46,816 - DEBUG - joeynmt.model - Trainable parameters: ['decoder.layers.0.dec_layer_norm.bias', 'decoder.layers.0.dec_layer_norm.weight', 'decoder.layers.0.feed_forward.layer_norm.bias', 'decoder.layers.0.feed_forward.layer_norm.weight', 'decoder.layers.0.feed_forward.pwff_layer.0.bias', 'decoder.layers.0.feed_forward.pwff_layer.0.weight', 'decoder.layers.0.feed_forward.pwff_layer.3.bias', 'decoder.layers.0.feed_forward.pwff_layer.3.weight', 'decoder.layers.0.src_trg_att.k_layer.bias', 'decoder.layers.0.src_trg_att.k_layer.weight', 'decoder.layers.0.src_trg_att.output_layer.bias', 'decoder.layers.0.src_trg_att.output_layer.weight', 'decoder.layers.0.src_trg_att.q_layer.bias', 'decoder.layers.0.src_trg_att.q_layer.weight', 'decoder.layers.0.src_trg_att.v_layer.bias', 'decoder.layers.0.src_trg_att.v_layer.weight', 'decoder.layers.0.trg_trg_att.k_layer.bias', 'decoder.layers.0.trg_trg_att.k_layer.weight', 'decoder.layers.0.trg_trg_att.output_layer.bias', 'decoder.layers.0.trg_trg_att.output_layer.weight', 'decoder.layers.0.trg_trg_att.q_layer.bias', 'decoder.layers.0.trg_trg_att.q_layer.weight', 'decoder.layers.0.trg_trg_att.v_layer.bias', 'decoder.layers.0.trg_trg_att.v_layer.weight', 'decoder.layers.0.x_layer_norm.bias', 'decoder.layers.0.x_layer_norm.weight', 'encoder.layers.0.feed_forward.layer_norm.bias', 'encoder.layers.0.feed_forward.layer_norm.weight', 'encoder.layers.0.feed_forward.pwff_layer.0.bias', 'encoder.layers.0.feed_forward.pwff_layer.0.weight', 'encoder.layers.0.feed_forward.pwff_layer.3.bias', 'encoder.layers.0.feed_forward.pwff_layer.3.weight', 'encoder.layers.0.layer_norm.bias', 'encoder.layers.0.layer_norm.weight', 'encoder.layers.0.src_src_att.k_layer.bias', 'encoder.layers.0.src_src_att.k_layer.weight', 'encoder.layers.0.src_src_att.output_layer.bias', 'encoder.layers.0.src_src_att.output_layer.weight', 'encoder.layers.0.src_src_att.q_layer.bias', 'encoder.layers.0.src_src_att.q_layer.weight', 'encoder.layers.0.src_src_att.v_layer.bias', 'encoder.layers.0.src_src_att.v_layer.weight', 'encoder.layers.1.feed_forward.layer_norm.bias', 'encoder.layers.1.feed_forward.layer_norm.weight', 'encoder.layers.1.feed_forward.pwff_layer.0.bias', 'encoder.layers.1.feed_forward.pwff_layer.0.weight', 'encoder.layers.1.feed_forward.pwff_layer.3.bias', 'encoder.layers.1.feed_forward.pwff_layer.3.weight', 'encoder.layers.1.layer_norm.bias', 'encoder.layers.1.layer_norm.weight', 'encoder.layers.1.src_src_att.k_layer.bias', 'encoder.layers.1.src_src_att.k_layer.weight', 'encoder.layers.1.src_src_att.output_layer.bias', 'encoder.layers.1.src_src_att.output_layer.weight', 'encoder.layers.1.src_src_att.q_layer.bias', 'encoder.layers.1.src_src_att.q_layer.weight', 'encoder.layers.1.src_src_att.v_layer.bias', 'encoder.layers.1.src_src_att.v_layer.weight', 'encoder.layers.2.feed_forward.layer_norm.bias', 'encoder.layers.2.feed_forward.layer_norm.weight', 'encoder.layers.2.feed_forward.pwff_layer.0.bias', 'encoder.layers.2.feed_forward.pwff_layer.0.weight', 'encoder.layers.2.feed_forward.pwff_layer.3.bias', 'encoder.layers.2.feed_forward.pwff_layer.3.weight', 'encoder.layers.2.layer_norm.bias', 'encoder.layers.2.layer_norm.weight', 'encoder.layers.2.src_src_att.k_layer.bias', 'encoder.layers.2.src_src_att.k_layer.weight', 'encoder.layers.2.src_src_att.output_layer.bias', 'encoder.layers.2.src_src_att.output_layer.weight', 'encoder.layers.2.src_src_att.q_layer.bias', 'encoder.layers.2.src_src_att.q_layer.weight', 'encoder.layers.2.src_src_att.v_layer.bias', 'encoder.layers.2.src_src_att.v_layer.weight', 'encoder.layers.3.feed_forward.layer_norm.bias', 'encoder.layers.3.feed_forward.layer_norm.weight', 'encoder.layers.3.feed_forward.pwff_layer.0.bias', 'encoder.layers.3.feed_forward.pwff_layer.0.weight', 'encoder.layers.3.feed_forward.pwff_layer.3.bias', 'encoder.layers.3.feed_forward.pwff_layer.3.weight', 'encoder.layers.3.layer_norm.bias', 'encoder.layers.3.layer_norm.weight', 'encoder.layers.3.src_src_att.k_layer.bias', 'encoder.layers.3.src_src_att.k_layer.weight', 'encoder.layers.3.src_src_att.output_layer.bias', 'encoder.layers.3.src_src_att.output_layer.weight', 'encoder.layers.3.src_src_att.q_layer.bias', 'encoder.layers.3.src_src_att.q_layer.weight', 'encoder.layers.3.src_src_att.v_layer.bias', 'encoder.layers.3.src_src_att.v_layer.weight', 'src_embed.lut.weight']
2026-05-28 08:30:46,817 - INFO - joeynmt.training - Model(
	encoder=TransformerEncoder(num_layers=4, num_heads=2, alpha=1.0, layer_norm="pre", activation=ReLU()),
	decoder=TransformerDecoder(num_layers=1, num_heads=2, alpha=1.0, layer_norm="post", activation=ReLU()),
	src_embed=Embeddings(embedding_dim=256, vocab_size=3993),
	trg_embed=Embeddings(embedding_dim=256, vocab_size=3993),
	loss_function=XentLoss(criterion=KLDivLoss(), smoothing=0.3))
2026-05-28 08:30:47,295 - INFO - joeynmt.builders - Adam(lr=0.0003, weight_decay=0.0, betas=(0.9, 0.999))
2026-05-28 08:30:47,296 - INFO - joeynmt.builders - ReduceLROnPlateau(mode=min, verbose=False, threshold_mode=abs, eps=0.0, factor=0.7, patience=8)
2026-05-28 08:30:47,296 - INFO - joeynmt.training - Train stats:
	device: cpu
	n_gpu: 0
	16-bits training: False
	gradient accumulation: 1
	batch size per device: 2048
	effective batch size (w. parallel & accumulation): 2048
2026-05-28 08:30:47,296 - INFO - joeynmt.training - EPOCH 1
2026-05-28 08:31:04,500 - INFO - joeynmt.training - Epoch   1, Step:      100, Batch Loss:     4.121621, Batch Acc: 0.063739, Tokens per Sec:     4268, Lr: 0.000300
2026-05-28 08:31:23,522 - INFO - joeynmt.training - Epoch   1, Step:      200, Batch Loss:     3.884825, Batch Acc: 0.095854, Tokens per Sec:     4029, Lr: 0.000300
2026-05-28 08:31:42,806 - INFO - joeynmt.training - Epoch   1, Step:      300, Batch Loss:     3.667852, Batch Acc: 0.122431, Tokens per Sec:     3853, Lr: 0.000300
2026-05-28 08:31:57,576 - INFO - joeynmt.training - Epoch   1, Step:      400, Batch Loss:     3.542968, Batch Acc: 0.136396, Tokens per Sec:     4981, Lr: 0.000300
2026-05-28 08:32:15,303 - INFO - joeynmt.training - Epoch   1, Step:      500, Batch Loss:     3.541714, Batch Acc: 0.147716, Tokens per Sec:     4269, Lr: 0.000300
2026-05-28 08:32:15,304 - WARNING - joeynmt.helpers - `alpha` option is obsolete. Please use `beam_alpha`, instead.
2026-05-28 08:32:15,304 - INFO - joeynmt.prediction - Predicting 1003 example(s)... (Greedy decoding with min_output_length=1, max_output_length=-1, return_prob='none', generate_unk=True, repetition_penalty=-1, no_repeat_ngram_size=-1)
2026-05-28 08:33:11,940 - INFO - joeynmt.prediction - Evaluation result (greedy) loss:   3.60, ppl:  36.57, acc:   0.13, generation: 56.6218[sec], evaluation: 0.0000[sec]
2026-05-28 08:33:11,943 - INFO - joeynmt.training - Hooray! New best validation result [ppl]!
2026-05-28 08:33:12,073 - INFO - joeynmt.training - Example #0
2026-05-28 08:33:12,074 - DEBUG - joeynmt.training - 	Tokenized source:     ['V@@', 'or@@', 'ig', 'jaar', 'liet', 'ik', 'deze', 'twee', 'dia', '&apos;', 's', 'zien', 'om', 'aan', 'te', 'tonen', 'dat', 'de', 'p@@', 'oo@@', 'lij@@', 'sk@@', 'a@@', 'p', ',', 'die', 'de', 'afgelopen', 'drie', 'miljoen', 'jaar', 'ongeveer', 'de', 'groot@@', 'te', 'had', 'van', 'het', 'va@@', 'stel@@', 'and', 'van', 'de', 'VS', ',', 'met', '40', '%', 'ge@@', 'k@@', 'rom@@', 'pen', 'was', '.']
2026-05-28 08:33:12,074 - DEBUG - joeynmt.training - 	Tokenized reference:  ['La@@', 'st', 'year', 'I', 'sho@@', 'wed', 'these', 'two', 'sli@@', 'des', 'so', 'that', 'de@@', 'mon@@', 'str@@', 'ate', 'that', 'the', 'ar@@', 'c@@', 'tic', 'ice', 'ca@@', 'p', ',', 'which', 'for', 'most', 'of', 'the', 'last', 'three', 'million', 'years', 'has', 'been', 'the', 'size', 'of', 'the', 'lo@@', 'wer', '4@@', '8', 'st@@', 'ates', ',', 'has', 'sh@@', 'run@@', 'k', 'by', '40', 'percent', '.']
2026-05-28 08:33:12,074 - DEBUG - joeynmt.training - 	Tokenized hypothesis: ['And', 'I', 'be', 'the', 'world', ',', 'and', 'the', 'world', ',', 'and', 'the', 'world', ',', 'and', 'the', 'world', ',', 'and', 'the', 'world', ',', 'and', 'the', 'world', ',', 'and', 'the', 'world', ',', 'and', 'the', 'world', ',', 'and', 'the', 'world', ',', 'and', 'the', 'world', '.', '</s>']
2026-05-28 08:33:12,074 - INFO - joeynmt.training - 	Source:     Vorig jaar liet ik deze twee dia &apos; s zien om aan te tonen dat de poolijskap , die de afgelopen drie miljoen jaar ongeveer de grootte had van het vasteland van de VS , met 40 % gekrompen was .
2026-05-28 08:33:12,074 - INFO - joeynmt.training - 	Reference:  Last year I showed these two slides so that demonstrate that the arctic ice cap , which for most of the last three million years has been the size of the lower 48 states , has shrunk by 40 percent .
2026-05-28 08:33:12,074 - INFO - joeynmt.training - 	Hypothesis: And I be the world , and the world , and the world , and the world , and the world , and the world , and the world , and the world , and the world , and the world .
2026-05-28 08:33:12,074 - INFO - joeynmt.training - Example #1
2026-05-28 08:33:12,074 - DEBUG - joeynmt.training - 	Tokenized source:     ['Maar', 'dit', 'onder@@', 'sch@@', 'at', 'eigenlijk', 'de', 'er@@', 'n@@', 'st', 'van', 'dit', 'specif@@', 'ieke', 'probleem', 'omdat', 'het', 'niet', 'de', 'di@@', 'kte', 'van', 'het', 'ij@@', 's', 'laat', 'zien', '.']
2026-05-28 08:33:12,074 - DEBUG - joeynmt.training - 	Tokenized reference:  ['But', 'this', 'under@@', 'st@@', 'ates', 'the', 'ser@@', 'i@@', 'ous@@', 'ness', 'of', 'this', 'particular', 'problem', 'because', 'it', 'doesn', '&apos;t', 'show', 'the', 'th@@', 'ick@@', 'ness', 'of', 'the', 'ice', '.']
2026-05-28 08:33:12,074 - DEBUG - joeynmt.training - 	Tokenized hypothesis: ['And', 'the', 'world', ',', 'the', 'world', ',', 'the', 'world', ',', 'the', 'world', ',', 'the', 'world', ',', 'the', 'world', ',', 'the', 'world', ',', 'the', 'world', 'of', 'the', 'world', '.', '</s>']
2026-05-28 08:33:12,074 - INFO - joeynmt.training - 	Source:     Maar dit onderschat eigenlijk de ernst van dit specifieke probleem omdat het niet de dikte van het ijs laat zien .
2026-05-28 08:33:12,074 - INFO - joeynmt.training - 	Reference:  But this understates the seriousness of this particular problem because it doesn &apos;t show the thickness of the ice .
2026-05-28 08:33:12,074 - INFO - joeynmt.training - 	Hypothesis: And the world , the world , the world , the world , the world , the world , the world , the world of the world .
2026-05-28 08:33:12,074 - INFO - joeynmt.training - Example #2
2026-05-28 08:33:12,075 - DEBUG - joeynmt.training - 	Tokenized source:     ['De', 'ij@@', 'sk@@', 'a@@', 'p', 'op', 'de', 'N@@', 'oor@@', 'd@@', 'p@@', 'ool', 'is', 'in', 'ze@@', 'kere', 'zin', 'het', 'kl@@', 'op@@', 'p@@', 'end', 'har@@', 't', 'van', 'ons', 'glob@@', 'aal', 'kli@@', 'maat@@', 'systeem', '.']
2026-05-28 08:33:12,075 - DEBUG - joeynmt.training - 	Tokenized reference:  ['The', 'ar@@', 'c@@', 'tic', 'ice', 'ca@@', 'p', 'is', ',', 'in', 'a', 'sense', ',', 'the', 'be@@', 'ating', 'heart', 'of', 'the', 'global', 'climate', 'system', '.']
2026-05-28 08:33:12,075 - DEBUG - joeynmt.training - 	Tokenized hypothesis: ['And', 'the', 'little', 'y', 'the', 'world', ',', 'the', 'world', ',', 'the', 'world', ',', 'the', 'world', ',', 'the', 'world', ',', 'and', 'the', 'world', ',', 'and', 'the', 'world', '.', '</s>']
2026-05-28 08:33:12,075 - INFO - joeynmt.training - 	Source:     De ijskap op de Noordpool is in zekere zin het kloppend hart van ons globaal klimaatsysteem .
2026-05-28 08:33:12,075 - INFO - joeynmt.training - 	Reference:  The arctic ice cap is , in a sense , the beating heart of the global climate system .
2026-05-28 08:33:12,075 - INFO - joeynmt.training - 	Hypothesis: And the little y the world , the world , the world , the world , the world , and the world , and the world .
2026-05-28 08:33:12,075 - INFO - joeynmt.training - Example #3
2026-05-28 08:33:12,075 - DEBUG - joeynmt.training - 	Tokenized source:     ['Het', 'zet', 'uit', 'in', 'de', 'win@@', 'ter', 'en', 'k@@', 'ri@@', 'mp@@', 't', 'in', 'de', 'z@@', 'om@@', 'er', '.']
2026-05-28 08:33:12,075 - DEBUG - joeynmt.training - 	Tokenized reference:  ['It', 'exp@@', 'ands', 'in', 'win@@', 'ter', 'and', 'con@@', 'trac@@', 'ts', 'in', 'su@@', 'mmer', '.']
2026-05-28 08:33:12,075 - DEBUG - joeynmt.training - 	Tokenized hypothesis: ['And', 'the', 'world', ',', 'and', 'the', 'world', ',', 'and', 'the', 'world', '.', '</s>']
2026-05-28 08:33:12,075 - INFO - joeynmt.training - 	Source:     Het zet uit in de winter en krimpt in de zomer .
2026-05-28 08:33:12,075 - INFO - joeynmt.training - 	Reference:  It expands in winter and contracts in summer .
2026-05-28 08:33:12,075 - INFO - joeynmt.training - 	Hypothesis: And the world , and the world , and the world .
2026-05-28 08:33:12,075 - INFO - joeynmt.training - Example #4
2026-05-28 08:33:12,075 - DEBUG - joeynmt.training - 	Tokenized source:     ['De', 'volgende', 'dia', 'die', 'ik', 'laat', 'zien', 'is', 'een', 'vers@@', 'n@@', 'elde', 'ver@@', 'sie', 'van', 'wat', 'er', 'de', 'afgelopen', '25', 'jaar', 'is', 'gebeurd', '.']
2026-05-28 08:33:12,075 - DEBUG - joeynmt.training - 	Tokenized reference:  ['The', 'next', 'sli@@', 'de', 'I', 'show', 'you', 'will', 'be', 'a', 'r@@', 'ap@@', 'id', 'fa@@', 'st-@@', 'forward', 'of', 'what', '&apos;s', 'happened', 'over', 'the', 'last', '25', 'years', '.']
2026-05-28 08:33:12,075 - DEBUG - joeynmt.training - 	Tokenized hypothesis: ['And', 'I', '&apos;m', 'a', 'little', 'a', 'little', 'a', 'little', 'a', 'little', 'little', 'little', 'little', 'little', 'little', 'little', 'little', 'little', 'little', 'little', 'little', 'a', 'little', 'a', 'little', 'y', '.', '</s>']
2026-05-28 08:33:12,075 - INFO - joeynmt.training - 	Source:     De volgende dia die ik laat zien is een versnelde versie van wat er de afgelopen 25 jaar is gebeurd .
2026-05-28 08:33:12,076 - INFO - joeynmt.training - 	Reference:  The next slide I show you will be a rapid fast-forward of what &apos;s happened over the last 25 years .
2026-05-28 08:33:12,076 - INFO - joeynmt.training - 	Hypothesis: And I &apos;m a little a little a little a little little little little little little little little little little little little a little a little y .
2026-05-28 08:33:25,947 - INFO - joeynmt.training - Epoch   1, Step:      600, Batch Loss:     3.407196, Batch Acc: 0.158586, Tokens per Sec:     5202, Lr: 0.000300
2026-05-28 08:33:40,032 - INFO - joeynmt.training - Epoch   1, Step:      700, Batch Loss:     3.486556, Batch Acc: 0.161402, Tokens per Sec:     5212, Lr: 0.000300
2026-05-28 08:33:53,498 - INFO - joeynmt.training - Epoch   1, Step:      800, Batch Loss:     3.310082, Batch Acc: 0.176688, Tokens per Sec:     5674, Lr: 0.000300
2026-05-28 08:34:07,063 - INFO - joeynmt.training - Epoch   1, Step:      900, Batch Loss:     3.520792, Batch Acc: 0.181958, Tokens per Sec:     5385, Lr: 0.000300
2026-05-28 08:34:20,546 - INFO - joeynmt.training - Epoch   1, Step:     1000, Batch Loss:     3.305764, Batch Acc: 0.190089, Tokens per Sec:     5434, Lr: 0.000300
2026-05-28 08:34:20,547 - WARNING - joeynmt.helpers - `alpha` option is obsolete. Please use `beam_alpha`, instead.
2026-05-28 08:34:20,547 - INFO - joeynmt.prediction - Predicting 1003 example(s)... (Greedy decoding with min_output_length=1, max_output_length=-1, return_prob='none', generate_unk=True, repetition_penalty=-1, no_repeat_ngram_size=-1)
2026-05-28 08:35:08,472 - INFO - joeynmt.prediction - Evaluation result (greedy) loss:   3.40, ppl:  29.98, acc:   0.17, generation: 47.9138[sec], evaluation: 0.0000[sec]
2026-05-28 08:35:08,474 - INFO - joeynmt.training - Hooray! New best validation result [ppl]!
2026-05-28 08:35:08,598 - INFO - joeynmt.training - Example #0
2026-05-28 08:35:08,598 - DEBUG - joeynmt.training - 	Tokenized source:     ['V@@', 'or@@', 'ig', 'jaar', 'liet', 'ik', 'deze', 'twee', 'dia', '&apos;', 's', 'zien', 'om', 'aan', 'te', 'tonen', 'dat', 'de', 'p@@', 'oo@@', 'lij@@', 'sk@@', 'a@@', 'p', ',', 'die', 'de', 'afgelopen', 'drie', 'miljoen', 'jaar', 'ongeveer', 'de', 'groot@@', 'te', 'had', 'van', 'het', 'va@@', 'stel@@', 'and', 'van', 'de', 'VS', ',', 'met', '40', '%', 'ge@@', 'k@@', 'rom@@', 'pen', 'was', '.']
2026-05-28 08:35:08,598 - DEBUG - joeynmt.training - 	Tokenized reference:  ['La@@', 'st', 'year', 'I', 'sho@@', 'wed', 'these', 'two', 'sli@@', 'des', 'so', 'that', 'de@@', 'mon@@', 'str@@', 'ate', 'that', 'the', 'ar@@', 'c@@', 'tic', 'ice', 'ca@@', 'p', ',', 'which', 'for', 'most', 'of', 'the', 'last', 'three', 'million', 'years', 'has', 'been', 'the', 'size', 'of', 'the', 'lo@@', 'wer', '4@@', '8', 'st@@', 'ates', ',', 'has', 'sh@@', 'run@@', 'k', 'by', '40', 'percent', '.']
2026-05-28 08:35:08,598 - DEBUG - joeynmt.training - 	Tokenized hypothesis: ['And', 'I', '&apos;m', 'to', 'be', 'to', 'be', 'to', 'be', 'the', 'world', 'to', 'be', 'the', 'world', ',', 'the', 'world', ',', 'the', 'world', ',', 'the', 'world', ',', 'the', 'world', ',', 'the', 'world', ',', 'the', 'world', ',', 'the', 'world', ',', 'the', 'world', ',', 'the', 'world', ',', 'the', 'world', ',', '</s>']
2026-05-28 08:35:08,599 - INFO - joeynmt.training - 	Source:     Vorig jaar liet ik deze twee dia &apos; s zien om aan te tonen dat de poolijskap , die de afgelopen drie miljoen jaar ongeveer de grootte had van het vasteland van de VS , met 40 % gekrompen was .
2026-05-28 08:35:08,599 - INFO - joeynmt.training - 	Reference:  Last year I showed these two slides so that demonstrate that the arctic ice cap , which for most of the last three million years has been the size of the lower 48 states , has shrunk by 40 percent .
2026-05-28 08:35:08,599 - INFO - joeynmt.training - 	Hypothesis: And I &apos;m to be to be to be the world to be the world , the world , the world , the world , the world , the world , the world , the world , the world , the world , the world ,
2026-05-28 08:35:08,599 - INFO - joeynmt.training - Example #1
2026-05-28 08:35:08,599 - DEBUG - joeynmt.training - 	Tokenized source:     ['Maar', 'dit', 'onder@@', 'sch@@', 'at', 'eigenlijk', 'de', 'er@@', 'n@@', 'st', 'van', 'dit', 'specif@@', 'ieke', 'probleem', 'omdat', 'het', 'niet', 'de', 'di@@', 'kte', 'van', 'het', 'ij@@', 's', 'laat', 'zien', '.']
2026-05-28 08:35:08,599 - DEBUG - joeynmt.training - 	Tokenized reference:  ['But', 'this', 'under@@', 'st@@', 'ates', 'the', 'ser@@', 'i@@', 'ous@@', 'ness', 'of', 'this', 'particular', 'problem', 'because', 'it', 'doesn', '&apos;t', 'show', 'the', 'th@@', 'ick@@', 'ness', 'of', 'the', 'ice', '.']
2026-05-28 08:35:08,599 - DEBUG - joeynmt.training - 	Tokenized hypothesis: ['But', 'the', 'world', ',', 'the', 'world', ',', 'the', 'world', ',', 'the', 'world', ',', 'the', 'world', ',', 'the', 'world', ',', 'the', 'world', '.', '</s>']
2026-05-28 08:35:08,599 - INFO - joeynmt.training - 	Source:     Maar dit onderschat eigenlijk de ernst van dit specifieke probleem omdat het niet de dikte van het ijs laat zien .
2026-05-28 08:35:08,599 - INFO - joeynmt.training - 	Reference:  But this understates the seriousness of this particular problem because it doesn &apos;t show the thickness of the ice .
2026-05-28 08:35:08,599 - INFO - joeynmt.training - 	Hypothesis: But the world , the world , the world , the world , the world , the world , the world .
2026-05-28 08:35:08,599 - INFO - joeynmt.training - Example #2
2026-05-28 08:35:08,599 - DEBUG - joeynmt.training - 	Tokenized source:     ['De', 'ij@@', 'sk@@', 'a@@', 'p', 'op', 'de', 'N@@', 'oor@@', 'd@@', 'p@@', 'ool', 'is', 'in', 'ze@@', 'kere', 'zin', 'het', 'kl@@', 'op@@', 'p@@', 'end', 'har@@', 't', 'van', 'ons', 'glob@@', 'aal', 'kli@@', 'maat@@', 'systeem', '.']
2026-05-28 08:35:08,599 - DEBUG - joeynmt.training - 	Tokenized reference:  ['The', 'ar@@', 'c@@', 'tic', 'ice', 'ca@@', 'p', 'is', ',', 'in', 'a', 'sense', ',', 'the', 'be@@', 'ating', 'heart', 'of', 'the', 'global', 'climate', 'system', '.']
2026-05-28 08:35:08,599 - DEBUG - joeynmt.training - 	Tokenized hypothesis: ['The', 'a@@', 'a@@', 'a@@', 'a@@', 'a@@', 'a@@', 'a@@', 'a@@', 'a@@', 'a@@', 'a@@', '-@@', '-@@', '-@@', '-@@', '-@@', '-@@', '-@@', '-@@', 'm@@', '-@@', 'm@@', '-@@', 'm@@', '-@@', 'm@@', '-@@', 'm@@', '-@@', 'm@@', '-@@', 'm@@', 'd@@', 'd@@', 'd@@', 'd@@', 'd@@', 'd@@', 'd@@', 'd@@', 'd@@', 'd@@', 'd@@', 'd@@', 'd@@', 'd@@', 'd@@', 'd@@', 'd@@', 'd@@', 'd@@', 'd@@', 'd@@', 'd@@', 'd@@', 'd@@', 'd@@', 'd@@', 'd@@', 'd@@', 'd@@', 'd@@', 'd@@', 'd@@', 'd@@', 'd@@', 'd@@', 'd@@', 'd@@', 'd@@', 'd@@', 'd@@', 'd@@', 'd@@', 'd@@', 'd@@', 'd@@', 'd@@', 'd@@', 'd@@', 'd@@', 'd@@', 'd@@', 'd@@', 'd@@', 'd@@', 'd@@', 'd@@', 'd@@', 'd@@', 'd@@', 'd@@']
2026-05-28 08:35:08,600 - INFO - joeynmt.training - 	Source:     De ijskap op de Noordpool is in zekere zin het kloppend hart van ons globaal klimaatsysteem .
2026-05-28 08:35:08,600 - INFO - joeynmt.training - 	Reference:  The arctic ice cap is , in a sense , the beating heart of the global climate system .
2026-05-28 08:35:08,600 - INFO - joeynmt.training - 	Hypothesis: The aaaaaaaaaaa--------m-m-m-m-m-m-mdddddddddddddddddddddddddddddddddddddddddddddddddddddddddddd
2026-05-28 08:35:08,600 - INFO - joeynmt.training - Example #3
2026-05-28 08:35:08,600 - DEBUG - joeynmt.training - 	Tokenized source:     ['Het', 'zet', 'uit', 'in', 'de', 'win@@', 'ter', 'en', 'k@@', 'ri@@', 'mp@@', 't', 'in', 'de', 'z@@', 'om@@', 'er', '.']
2026-05-28 08:35:08,600 - DEBUG - joeynmt.training - 	Tokenized reference:  ['It', 'exp@@', 'ands', 'in', 'win@@', 'ter', 'and', 'con@@', 'trac@@', 'ts', 'in', 'su@@', 'mmer', '.']
2026-05-28 08:35:08,600 - DEBUG - joeynmt.training - 	Tokenized hypothesis: ['And', 'the', 'world', ',', 'the', 'world', ',', 'and', 'the', 'world', '.', '</s>']
2026-05-28 08:35:08,600 - INFO - joeynmt.training - 	Source:     Het zet uit in de winter en krimpt in de zomer .
2026-05-28 08:35:08,600 - INFO - joeynmt.training - 	Reference:  It expands in winter and contracts in summer .
2026-05-28 08:35:08,600 - INFO - joeynmt.training - 	Hypothesis: And the world , the world , and the world .
2026-05-28 08:35:08,600 - INFO - joeynmt.training - Example #4
2026-05-28 08:35:08,600 - DEBUG - joeynmt.training - 	Tokenized source:     ['De', 'volgende', 'dia', 'die', 'ik', 'laat', 'zien', 'is', 'een', 'vers@@', 'n@@', 'elde', 'ver@@', 'sie', 'van', 'wat', 'er', 'de', 'afgelopen', '25', 'jaar', 'is', 'gebeurd', '.']
2026-05-28 08:35:08,600 - DEBUG - joeynmt.training - 	Tokenized reference:  ['The', 'next', 'sli@@', 'de', 'I', 'show', 'you', 'will', 'be', 'a', 'r@@', 'ap@@', 'id', 'fa@@', 'st-@@', 'forward', 'of', 'what', '&apos;s', 'happened', 'over', 'the', 'last', '25', 'years', '.']
2026-05-28 08:35:08,600 - DEBUG - joeynmt.training - 	Tokenized hypothesis: ['The', 'world', ',', 'I', 'think', 'I', 'think', 'that', 'I', 'think', 'a', 'little', 'little', 'little', 'little', 'little', 'little', 'little', 'little', 'little', 'little', 'little', 'little', 'little', 'little', 'little', 'little', 'little', 'little', 'world', '.', '</s>']
2026-05-28 08:35:08,600 - INFO - joeynmt.training - 	Source:     De volgende dia die ik laat zien is een versnelde versie van wat er de afgelopen 25 jaar is gebeurd .
2026-05-28 08:35:08,600 - INFO - joeynmt.training - 	Reference:  The next slide I show you will be a rapid fast-forward of what &apos;s happened over the last 25 years .
2026-05-28 08:35:08,600 - INFO - joeynmt.training - 	Hypothesis: The world , I think I think that I think a little little little little little little little little little little little little little little little little little little world .
2026-05-28 08:35:22,523 - INFO - joeynmt.training - Epoch   1, Step:     1100, Batch Loss:     3.266055, Batch Acc: 0.200651, Tokens per Sec:     5338, Lr: 0.000300
2026-05-28 08:35:36,201 - INFO - joeynmt.training - Epoch   1, Step:     1200, Batch Loss:     3.096150, Batch Acc: 0.208600, Tokens per Sec:     5444, Lr: 0.000300
2026-05-28 08:35:49,716 - INFO - joeynmt.training - Epoch   1, Step:     1300, Batch Loss:     3.167682, Batch Acc: 0.215111, Tokens per Sec:     5501, Lr: 0.000300
2026-05-28 08:36:05,566 - INFO - joeynmt.training - Epoch   1, Step:     1400, Batch Loss:     3.111066, Batch Acc: 0.222089, Tokens per Sec:     4724, Lr: 0.000300
2026-05-28 08:36:22,282 - INFO - joeynmt.training - Epoch   1, Step:     1500, Batch Loss:     3.030326, Batch Acc: 0.230704, Tokens per Sec:     4500, Lr: 0.000300
2026-05-28 08:36:22,282 - WARNING - joeynmt.helpers - `alpha` option is obsolete. Please use `beam_alpha`, instead.
2026-05-28 08:36:22,282 - INFO - joeynmt.prediction - Predicting 1003 example(s)... (Greedy decoding with min_output_length=1, max_output_length=-1, return_prob='none', generate_unk=True, repetition_penalty=-1, no_repeat_ngram_size=-1)
2026-05-28 08:37:15,151 - INFO - joeynmt.prediction - Evaluation result (greedy) loss:   3.23, ppl:  25.31, acc:   0.20, generation: 52.8595[sec], evaluation: 0.0000[sec]
2026-05-28 08:37:15,153 - INFO - joeynmt.training - Hooray! New best validation result [ppl]!
2026-05-28 08:37:15,279 - INFO - joeynmt.training - Example #0
2026-05-28 08:37:15,279 - DEBUG - joeynmt.training - 	Tokenized source:     ['V@@', 'or@@', 'ig', 'jaar', 'liet', 'ik', 'deze', 'twee', 'dia', '&apos;', 's', 'zien', 'om', 'aan', 'te', 'tonen', 'dat', 'de', 'p@@', 'oo@@', 'lij@@', 'sk@@', 'a@@', 'p', ',', 'die', 'de', 'afgelopen', 'drie', 'miljoen', 'jaar', 'ongeveer', 'de', 'groot@@', 'te', 'had', 'van', 'het', 'va@@', 'stel@@', 'and', 'van', 'de', 'VS', ',', 'met', '40', '%', 'ge@@', 'k@@', 'rom@@', 'pen', 'was', '.']
2026-05-28 08:37:15,279 - DEBUG - joeynmt.training - 	Tokenized reference:  ['La@@', 'st', 'year', 'I', 'sho@@', 'wed', 'these', 'two', 'sli@@', 'des', 'so', 'that', 'de@@', 'mon@@', 'str@@', 'ate', 'that', 'the', 'ar@@', 'c@@', 'tic', 'ice', 'ca@@', 'p', ',', 'which', 'for', 'most', 'of', 'the', 'last', 'three', 'million', 'years', 'has', 'been', 'the', 'size', 'of', 'the', 'lo@@', 'wer', '4@@', '8', 'st@@', 'ates', ',', 'has', 'sh@@', 'run@@', 'k', 'by', '40', 'percent', '.']
2026-05-28 08:37:15,279 - DEBUG - joeynmt.training - 	Tokenized hypothesis: ['And', 'the', 'first', 'years', 'I', '&apos;m', 'going', 'to', 'be', 'the', 'people', 'to', 'be', 'the', 'first', 'of', 'the', 'first', ',', 'that', '&apos;s', 'the', 'world', ',', 'that', 'the', 'world', ',', 'the', 'world', ',', 'the', 'world', 'was', 'a', 'lot', 'of', 'the', 'world', ',', 'the', 'last', 'years', 'of', 'the', 'last', 'years', ',', 'the', 'world', 'was', 'a', 'lot', 'of', 'the', 'world', '.', '</s>']
2026-05-28 08:37:15,279 - INFO - joeynmt.training - 	Source:     Vorig jaar liet ik deze twee dia &apos; s zien om aan te tonen dat de poolijskap , die de afgelopen drie miljoen jaar ongeveer de grootte had van het vasteland van de VS , met 40 % gekrompen was .
2026-05-28 08:37:15,279 - INFO - joeynmt.training - 	Reference:  Last year I showed these two slides so that demonstrate that the arctic ice cap , which for most of the last three million years has been the size of the lower 48 states , has shrunk by 40 percent .
2026-05-28 08:37:15,279 - INFO - joeynmt.training - 	Hypothesis: And the first years I &apos;m going to be the people to be the first of the first , that &apos;s the world , that the world , the world , the world was a lot of the world , the last years of the last years , the world was a lot of the world .
2026-05-28 08:37:15,279 - INFO - joeynmt.training - Example #1
2026-05-28 08:37:15,279 - DEBUG - joeynmt.training - 	Tokenized source:     ['Maar', 'dit', 'onder@@', 'sch@@', 'at', 'eigenlijk', 'de', 'er@@', 'n@@', 'st', 'van', 'dit', 'specif@@', 'ieke', 'probleem', 'omdat', 'het', 'niet', 'de', 'di@@', 'kte', 'van', 'het', 'ij@@', 's', 'laat', 'zien', '.']
2026-05-28 08:37:15,279 - DEBUG - joeynmt.training - 	Tokenized reference:  ['But', 'this', 'under@@', 'st@@', 'ates', 'the', 'ser@@', 'i@@', 'ous@@', 'ness', 'of', 'this', 'particular', 'problem', 'because', 'it', 'doesn', '&apos;t', 'show', 'the', 'th@@', 'ick@@', 'ness', 'of', 'the', 'ice', '.']
2026-05-28 08:37:15,279 - DEBUG - joeynmt.training - 	Tokenized hypothesis: ['But', 'this', 'is', 'the', 'first', 'is', 'the', 'most', 'of', 'the', 'first', 'of', 'this', 'is', 'not', 'the', 'world', 'is', 'not', 'the', 'world', '.', '</s>']
2026-05-28 08:37:15,279 - INFO - joeynmt.training - 	Source:     Maar dit onderschat eigenlijk de ernst van dit specifieke probleem omdat het niet de dikte van het ijs laat zien .
2026-05-28 08:37:15,279 - INFO - joeynmt.training - 	Reference:  But this understates the seriousness of this particular problem because it doesn &apos;t show the thickness of the ice .
2026-05-28 08:37:15,280 - INFO - joeynmt.training - 	Hypothesis: But this is the first is the most of the first of this is not the world is not the world .
2026-05-28 08:37:15,280 - INFO - joeynmt.training - Example #2
2026-05-28 08:37:15,280 - DEBUG - joeynmt.training - 	Tokenized source:     ['De', 'ij@@', 'sk@@', 'a@@', 'p', 'op', 'de', 'N@@', 'oor@@', 'd@@', 'p@@', 'ool', 'is', 'in', 'ze@@', 'kere', 'zin', 'het', 'kl@@', 'op@@', 'p@@', 'end', 'har@@', 't', 'van', 'ons', 'glob@@', 'aal', 'kli@@', 'maat@@', 'systeem', '.']
2026-05-28 08:37:15,280 - DEBUG - joeynmt.training - 	Tokenized reference:  ['The', 'ar@@', 'c@@', 'tic', 'ice', 'ca@@', 'p', 'is', ',', 'in', 'a', 'sense', ',', 'the', 'be@@', 'ating', 'heart', 'of', 'the', 'global', 'climate', 'system', '.']
2026-05-28 08:37:15,280 - DEBUG - joeynmt.training - 	Tokenized hypothesis: ['The', 'The', 'm@@', 'm@@', 'm@@', 'y', ',', 'the', 'S@@', 'er@@', 'er@@', 'y', 'is', 'the', 'first', 'the', 'first', 'the', 'm@@', 'm@@', 'm@@', 'm@@', 'm@@', 'm@@', 'm@@', 'm@@', 'm@@', 'm@@', 'm@@', 'm@@', 'm@@', 'm@@', 'm@@', 'm@@', 'm@@', 'm@@', 'm@@', 'm@@', 'm@@', 'm@@', 'y', '.', '</s>']
2026-05-28 08:37:15,280 - INFO - joeynmt.training - 	Source:     De ijskap op de Noordpool is in zekere zin het kloppend hart van ons globaal klimaatsysteem .
2026-05-28 08:37:15,280 - INFO - joeynmt.training - 	Reference:  The arctic ice cap is , in a sense , the beating heart of the global climate system .
2026-05-28 08:37:15,280 - INFO - joeynmt.training - 	Hypothesis: The The mmmy , the Serery is the first the first the mmmmmmmmmmmmmmmmmmmmmmy .
2026-05-28 08:37:15,280 - INFO - joeynmt.training - Example #3
2026-05-28 08:37:15,280 - DEBUG - joeynmt.training - 	Tokenized source:     ['Het', 'zet', 'uit', 'in', 'de', 'win@@', 'ter', 'en', 'k@@', 'ri@@', 'mp@@', 't', 'in', 'de', 'z@@', 'om@@', 'er', '.']
2026-05-28 08:37:15,280 - DEBUG - joeynmt.training - 	Tokenized reference:  ['It', 'exp@@', 'ands', 'in', 'win@@', 'ter', 'and', 'con@@', 'trac@@', 'ts', 'in', 'su@@', 'mmer', '.']
2026-05-28 08:37:15,280 - DEBUG - joeynmt.training - 	Tokenized hypothesis: ['It', '&apos;s', 'the', 'same', 'in', 'the', 'p@@', 'p@@', 'p@@', 'y', 'and', 'the', 'p@@', 'p@@', 'p@@', 'y', '.', '</s>']
2026-05-28 08:37:15,280 - INFO - joeynmt.training - 	Source:     Het zet uit in de winter en krimpt in de zomer .
2026-05-28 08:37:15,280 - INFO - joeynmt.training - 	Reference:  It expands in winter and contracts in summer .
2026-05-28 08:37:15,280 - INFO - joeynmt.training - 	Hypothesis: It &apos;s the same in the pppy and the pppy .
2026-05-28 08:37:15,280 - INFO - joeynmt.training - Example #4
2026-05-28 08:37:15,280 - DEBUG - joeynmt.training - 	Tokenized source:     ['De', 'volgende', 'dia', 'die', 'ik', 'laat', 'zien', 'is', 'een', 'vers@@', 'n@@', 'elde', 'ver@@', 'sie', 'van', 'wat', 'er', 'de', 'afgelopen', '25', 'jaar', 'is', 'gebeurd', '.']
2026-05-28 08:37:15,280 - DEBUG - joeynmt.training - 	Tokenized reference:  ['The', 'next', 'sli@@', 'de', 'I', 'show', 'you', 'will', 'be', 'a', 'r@@', 'ap@@', 'id', 'fa@@', 'st-@@', 'forward', 'of', 'what', '&apos;s', 'happened', 'over', 'the', 'last', '25', 'years', '.']
2026-05-28 08:37:15,280 - DEBUG - joeynmt.training - 	Tokenized hypothesis: ['The', 'first', 'the', 'first', 'thing', 'I', 'think', 'that', 'is', 'a', 'little', 'bit', 'of', 'the', 'first', 'of', 'the', 'first', 'time', ',', 'this', 'is', 'the', 'first', 'years', ',', '</s>']
2026-05-28 08:37:15,281 - INFO - joeynmt.training - 	Source:     De volgende dia die ik laat zien is een versnelde versie van wat er de afgelopen 25 jaar is gebeurd .
2026-05-28 08:37:15,281 - INFO - joeynmt.training - 	Reference:  The next slide I show you will be a rapid fast-forward of what &apos;s happened over the last 25 years .
2026-05-28 08:37:15,281 - INFO - joeynmt.training - 	Hypothesis: The first the first thing I think that is a little bit of the first of the first time , this is the first years ,
2026-05-28 08:37:29,673 - INFO - joeynmt.training - Epoch   1, Step:     1600, Batch Loss:     3.015366, Batch Acc: 0.240040, Tokens per Sec:     5176, Lr: 0.000300
2026-05-28 08:37:44,381 - INFO - joeynmt.training - Epoch   1, Step:     1700, Batch Loss:     2.990013, Batch Acc: 0.246028, Tokens per Sec:     4965, Lr: 0.000300
2026-05-28 08:37:59,918 - INFO - joeynmt.training - Epoch   1, Step:     1800, Batch Loss:     2.985986, Batch Acc: 0.254040, Tokens per Sec:     4831, Lr: 0.000300
2026-05-28 08:38:14,441 - INFO - joeynmt.training - Epoch   1, Step:     1900, Batch Loss:     2.800562, Batch Acc: 0.268156, Tokens per Sec:     5067, Lr: 0.000300
2026-05-28 08:38:28,605 - INFO - joeynmt.training - Epoch   1, Step:     2000, Batch Loss:     3.003493, Batch Acc: 0.281755, Tokens per Sec:     5348, Lr: 0.000300
2026-05-28 08:38:28,606 - WARNING - joeynmt.helpers - `alpha` option is obsolete. Please use `beam_alpha`, instead.
2026-05-28 08:38:28,606 - INFO - joeynmt.prediction - Predicting 1003 example(s)... (Greedy decoding with min_output_length=1, max_output_length=-1, return_prob='none', generate_unk=True, repetition_penalty=-1, no_repeat_ngram_size=-1)
2026-05-28 08:39:14,879 - INFO - joeynmt.prediction - Evaluation result (greedy) loss:   3.01, ppl:  20.27, acc:   0.24, generation: 46.2633[sec], evaluation: 0.0000[sec]
2026-05-28 08:39:14,881 - INFO - joeynmt.training - Hooray! New best validation result [ppl]!
2026-05-28 08:39:15,004 - INFO - joeynmt.training - Example #0
2026-05-28 08:39:15,005 - DEBUG - joeynmt.training - 	Tokenized source:     ['V@@', 'or@@', 'ig', 'jaar', 'liet', 'ik', 'deze', 'twee', 'dia', '&apos;', 's', 'zien', 'om', 'aan', 'te', 'tonen', 'dat', 'de', 'p@@', 'oo@@', 'lij@@', 'sk@@', 'a@@', 'p', ',', 'die', 'de', 'afgelopen', 'drie', 'miljoen', 'jaar', 'ongeveer', 'de', 'groot@@', 'te', 'had', 'van', 'het', 'va@@', 'stel@@', 'and', 'van', 'de', 'VS', ',', 'met', '40', '%', 'ge@@', 'k@@', 'rom@@', 'pen', 'was', '.']
2026-05-28 08:39:15,005 - DEBUG - joeynmt.training - 	Tokenized reference:  ['La@@', 'st', 'year', 'I', 'sho@@', 'wed', 'these', 'two', 'sli@@', 'des', 'so', 'that', 'de@@', 'mon@@', 'str@@', 'ate', 'that', 'the', 'ar@@', 'c@@', 'tic', 'ice', 'ca@@', 'p', ',', 'which', 'for', 'most', 'of', 'the', 'last', 'three', 'million', 'years', 'has', 'been', 'the', 'size', 'of', 'the', 'lo@@', 'wer', '4@@', '8', 'st@@', 'ates', ',', 'has', 'sh@@', 'run@@', 'k', 'by', '40', 'percent', '.']
2026-05-28 08:39:15,005 - DEBUG - joeynmt.training - 	Tokenized hypothesis: ['And', 'I', 'had', 'three', 'years', ',', 'I', '&apos;m', 'two', 'two', 'of', 'two', 'of', 'these', 'are', 'two', 'million', 'of', 'the', 'last', 'last', 'last', 'last', 'last', 'last', 'years', ',', 'that', 'the', 'last', 'last', 'last', 'last', 'last', 'year', ',', 'with', 'the', 'last', 'year', 'ago', ',', 'with', 'the', 'last', 'years', 'ago', ',', 'with', 'the', 'last', 'years', 'ago', ',', 'the', 'last', 'years', 'ago', ',', 'the', 'last', 'year', '.', '</s>']
2026-05-28 08:39:15,005 - INFO - joeynmt.training - 	Source:     Vorig jaar liet ik deze twee dia &apos; s zien om aan te tonen dat de poolijskap , die de afgelopen drie miljoen jaar ongeveer de grootte had van het vasteland van de VS , met 40 % gekrompen was .
2026-05-28 08:39:15,005 - INFO - joeynmt.training - 	Reference:  Last year I showed these two slides so that demonstrate that the arctic ice cap , which for most of the last three million years has been the size of the lower 48 states , has shrunk by 40 percent .
2026-05-28 08:39:15,005 - INFO - joeynmt.training - 	Hypothesis: And I had three years , I &apos;m two two of two of these are two million of the last last last last last last years , that the last last last last last year , with the last year ago , with the last years ago , with the last years ago , the last years ago , the last year .
2026-05-28 08:39:15,005 - INFO - joeynmt.training - Example #1
2026-05-28 08:39:15,005 - DEBUG - joeynmt.training - 	Tokenized source:     ['Maar', 'dit', 'onder@@', 'sch@@', 'at', 'eigenlijk', 'de', 'er@@', 'n@@', 'st', 'van', 'dit', 'specif@@', 'ieke', 'probleem', 'omdat', 'het', 'niet', 'de', 'di@@', 'kte', 'van', 'het', 'ij@@', 's', 'laat', 'zien', '.']
2026-05-28 08:39:15,005 - DEBUG - joeynmt.training - 	Tokenized reference:  ['But', 'this', 'under@@', 'st@@', 'ates', 'the', 'ser@@', 'i@@', 'ous@@', 'ness', 'of', 'this', 'particular', 'problem', 'because', 'it', 'doesn', '&apos;t', 'show', 'the', 'th@@', 'ick@@', 'ness', 'of', 'the', 'ice', '.']
2026-05-28 08:39:15,005 - DEBUG - joeynmt.training - 	Tokenized hypothesis: ['But', 'this', 'is', 'the', 'way', ',', 'the', 'same', 'thing', 'of', 'this', 'is', 'the', 'problem', ',', 'the', 'problem', 'because', 'the', 'problem', 'of', 'the', 'way', ',', 'the', 'way', '.', '</s>']
2026-05-28 08:39:15,005 - INFO - joeynmt.training - 	Source:     Maar dit onderschat eigenlijk de ernst van dit specifieke probleem omdat het niet de dikte van het ijs laat zien .
2026-05-28 08:39:15,005 - INFO - joeynmt.training - 	Reference:  But this understates the seriousness of this particular problem because it doesn &apos;t show the thickness of the ice .
2026-05-28 08:39:15,005 - INFO - joeynmt.training - 	Hypothesis: But this is the way , the same thing of this is the problem , the problem because the problem of the way , the way .
2026-05-28 08:39:15,005 - INFO - joeynmt.training - Example #2
2026-05-28 08:39:15,005 - DEBUG - joeynmt.training - 	Tokenized source:     ['De', 'ij@@', 'sk@@', 'a@@', 'p', 'op', 'de', 'N@@', 'oor@@', 'd@@', 'p@@', 'ool', 'is', 'in', 'ze@@', 'kere', 'zin', 'het', 'kl@@', 'op@@', 'p@@', 'end', 'har@@', 't', 'van', 'ons', 'glob@@', 'aal', 'kli@@', 'maat@@', 'systeem', '.']
2026-05-28 08:39:15,005 - DEBUG - joeynmt.training - 	Tokenized reference:  ['The', 'ar@@', 'c@@', 'tic', 'ice', 'ca@@', 'p', 'is', ',', 'in', 'a', 'sense', ',', 'the', 'be@@', 'ating', 'heart', 'of', 'the', 'global', 'climate', 'system', '.']
2026-05-28 08:39:15,005 - DEBUG - joeynmt.training - 	Tokenized hypothesis: ['The', 'The', 'The', 'The', 'The', 'The', 'The', 'The', 'The', 'The', 'The', 'N@@', 'a@@', 'a@@', 'a@@', 'a@@', 'a@@', 'a@@', 'a@@', 'a@@', 'a@@', 'a@@', 'a@@', 'a@@', 'a@@', 'a@@', 'a@@', 'a@@', 'a@@', 'a@@', 'a@@', 'a@@', 'a@@', 'a@@', 'a@@', 'a@@', 'a@@', 'a@@', 'a@@', 'a@@', 'a@@', 'a@@', 'a@@', 'a@@', 'a@@', 'a@@', 'a@@', 'a@@', 'a@@', 'a@@', 'a@@', 'a@@', 'a@@', 'a@@', 'a@@', 'a@@', 'a@@', 'a@@', 'a@@', 'a@@', 'a@@', 'a@@', 'a@@', 'a@@', 'a@@', 'a@@', 'a@@', 'a@@', 'a@@', 'a@@', 'a@@', 'a@@', 'a@@', 'a@@', 'a@@', 'a@@', 'a@@', 'a@@', 'a@@', 'a@@', 'a@@', 'a@@', 'a@@', 'a@@', 'a@@', 'a@@', 'a@@', 'a@@', 'a@@', 'a@@', 'a@@', 'a@@', 'a@@']
2026-05-28 08:39:15,006 - INFO - joeynmt.training - 	Source:     De ijskap op de Noordpool is in zekere zin het kloppend hart van ons globaal klimaatsysteem .
2026-05-28 08:39:15,006 - INFO - joeynmt.training - 	Reference:  The arctic ice cap is , in a sense , the beating heart of the global climate system .
2026-05-28 08:39:15,006 - INFO - joeynmt.training - 	Hypothesis: The The The The The The The The The The The Naaaaaaaaaaaaaaaaaaaaaaaaaaaaaaaaaaaaaaaaaaaaaaaaaaaaaaaaaaaaaaaaaaaaaaaaaaaaaaaaa
2026-05-28 08:39:15,006 - INFO - joeynmt.training - Example #3
2026-05-28 08:39:15,006 - DEBUG - joeynmt.training - 	Tokenized source:     ['Het', 'zet', 'uit', 'in', 'de', 'win@@', 'ter', 'en', 'k@@', 'ri@@', 'mp@@', 't', 'in', 'de', 'z@@', 'om@@', 'er', '.']
2026-05-28 08:39:15,006 - DEBUG - joeynmt.training - 	Tokenized reference:  ['It', 'exp@@', 'ands', 'in', 'win@@', 'ter', 'and', 'con@@', 'trac@@', 'ts', 'in', 'su@@', 'mmer', '.']
2026-05-28 08:39:15,006 - DEBUG - joeynmt.training - 	Tokenized hypothesis: ['It', '&apos;s', 'the', 's@@', 's@@', 's@@', 's@@', 's@@', 'at', 'the', 's@@', 's@@', 's@@', 'y', '.', '</s>']
2026-05-28 08:39:15,006 - INFO - joeynmt.training - 	Source:     Het zet uit in de winter en krimpt in de zomer .
2026-05-28 08:39:15,006 - INFO - joeynmt.training - 	Reference:  It expands in winter and contracts in summer .
2026-05-28 08:39:15,006 - INFO - joeynmt.training - 	Hypothesis: It &apos;s the sssssat the sssy .
2026-05-28 08:39:15,006 - INFO - joeynmt.training - Example #4
2026-05-28 08:39:15,006 - DEBUG - joeynmt.training - 	Tokenized source:     ['De', 'volgende', 'dia', 'die', 'ik', 'laat', 'zien', 'is', 'een', 'vers@@', 'n@@', 'elde', 'ver@@', 'sie', 'van', 'wat', 'er', 'de', 'afgelopen', '25', 'jaar', 'is', 'gebeurd', '.']
2026-05-28 08:39:15,006 - DEBUG - joeynmt.training - 	Tokenized reference:  ['The', 'next', 'sli@@', 'de', 'I', 'show', 'you', 'will', 'be', 'a', 'r@@', 'ap@@', 'id', 'fa@@', 'st-@@', 'forward', 'of', 'what', '&apos;s', 'happened', 'over', 'the', 'last', '25', 'years', '.']
2026-05-28 08:39:15,006 - DEBUG - joeynmt.training - 	Tokenized hypothesis: ['The', 'first', 'first', 'thing', 'I', '&apos;m', 'going', 'to', 'see', 'a', 'little', 'bit', 'of', 'what', 'the', 'last', 'year', '.', '</s>']
2026-05-28 08:39:15,006 - INFO - joeynmt.training - 	Source:     De volgende dia die ik laat zien is een versnelde versie van wat er de afgelopen 25 jaar is gebeurd .
2026-05-28 08:39:15,006 - INFO - joeynmt.training - 	Reference:  The next slide I show you will be a rapid fast-forward of what &apos;s happened over the last 25 years .
2026-05-28 08:39:15,006 - INFO - joeynmt.training - 	Hypothesis: The first first thing I &apos;m going to see a little bit of what the last year .
2026-05-28 08:39:29,198 - INFO - joeynmt.training - Epoch   1, Step:     2100, Batch Loss:     2.710753, Batch Acc: 0.295529, Tokens per Sec:     5188, Lr: 0.000300
2026-05-28 08:39:43,729 - INFO - joeynmt.training - Epoch   1, Step:     2200, Batch Loss:     2.737943, Batch Acc: 0.307445, Tokens per Sec:     5087, Lr: 0.000300
2026-05-28 08:39:57,648 - INFO - joeynmt.training - Epoch   1, Step:     2300, Batch Loss:     2.667925, Batch Acc: 0.321060, Tokens per Sec:     5425, Lr: 0.000300
2026-05-28 08:40:11,790 - INFO - joeynmt.training - Epoch   1, Step:     2400, Batch Loss:     2.557837, Batch Acc: 0.333038, Tokens per Sec:     5275, Lr: 0.000300
2026-05-28 08:40:25,466 - INFO - joeynmt.training - Epoch   1, Step:     2500, Batch Loss:     2.676267, Batch Acc: 0.342405, Tokens per Sec:     5476, Lr: 0.000300
2026-05-28 08:40:25,467 - WARNING - joeynmt.helpers - `alpha` option is obsolete. Please use `beam_alpha`, instead.
2026-05-28 08:40:25,467 - INFO - joeynmt.prediction - Predicting 1003 example(s)... (Greedy decoding with min_output_length=1, max_output_length=-1, return_prob='none', generate_unk=True, repetition_penalty=-1, no_repeat_ngram_size=-1)
2026-05-28 08:41:11,352 - INFO - joeynmt.prediction - Evaluation result (greedy) loss:   2.75, ppl:  15.57, acc:   0.30, generation: 45.8759[sec], evaluation: 0.0000[sec]
2026-05-28 08:41:11,355 - INFO - joeynmt.training - Hooray! New best validation result [ppl]!
2026-05-28 08:41:11,482 - INFO - joeynmt.training - Example #0
2026-05-28 08:41:11,482 - DEBUG - joeynmt.training - 	Tokenized source:     ['V@@', 'or@@', 'ig', 'jaar', 'liet', 'ik', 'deze', 'twee', 'dia', '&apos;', 's', 'zien', 'om', 'aan', 'te', 'tonen', 'dat', 'de', 'p@@', 'oo@@', 'lij@@', 'sk@@', 'a@@', 'p', ',', 'die', 'de', 'afgelopen', 'drie', 'miljoen', 'jaar', 'ongeveer', 'de', 'groot@@', 'te', 'had', 'van', 'het', 'va@@', 'stel@@', 'and', 'van', 'de', 'VS', ',', 'met', '40', '%', 'ge@@', 'k@@', 'rom@@', 'pen', 'was', '.']
2026-05-28 08:41:11,482 - DEBUG - joeynmt.training - 	Tokenized reference:  ['La@@', 'st', 'year', 'I', 'sho@@', 'wed', 'these', 'two', 'sli@@', 'des', 'so', 'that', 'de@@', 'mon@@', 'str@@', 'ate', 'that', 'the', 'ar@@', 'c@@', 'tic', 'ice', 'ca@@', 'p', ',', 'which', 'for', 'most', 'of', 'the', 'last', 'three', 'million', 'years', 'has', 'been', 'the', 'size', 'of', 'the', 'lo@@', 'wer', '4@@', '8', 'st@@', 'ates', ',', 'has', 'sh@@', 'run@@', 'k', 'by', '40', 'percent', '.']
2026-05-28 08:41:11,482 - DEBUG - joeynmt.training - 	Tokenized hypothesis: ['And', 'so', ',', 'I', 'was', 'two', 'two', 'two', 'two', 'two', 'two', 'two', 'two', 'two', 'two', 'two', 'million', 'years', ',', 'which', 'the', 'last', 'last', 'three', 'million', 'years', ',', 'which', 'the', 'last', 'last', 'last', 'last', 'last', 'year', 'of', 'the', 'United', 'States', ',', 'with', 'the', 'United', 'States', ',', 'with', 'the', 'last', 'percent', 'of', 'the', 'last', 'last', 'last', 'last', 'two', 'million', 'years', '.', '</s>']
2026-05-28 08:41:11,483 - INFO - joeynmt.training - 	Source:     Vorig jaar liet ik deze twee dia &apos; s zien om aan te tonen dat de poolijskap , die de afgelopen drie miljoen jaar ongeveer de grootte had van het vasteland van de VS , met 40 % gekrompen was .
2026-05-28 08:41:11,483 - INFO - joeynmt.training - 	Reference:  Last year I showed these two slides so that demonstrate that the arctic ice cap , which for most of the last three million years has been the size of the lower 48 states , has shrunk by 40 percent .
2026-05-28 08:41:11,483 - INFO - joeynmt.training - 	Hypothesis: And so , I was two two two two two two two two two two two million years , which the last last three million years , which the last last last last last year of the United States , with the United States , with the last percent of the last last last last two million years .
2026-05-28 08:41:11,483 - INFO - joeynmt.training - Example #1
2026-05-28 08:41:11,483 - DEBUG - joeynmt.training - 	Tokenized source:     ['Maar', 'dit', 'onder@@', 'sch@@', 'at', 'eigenlijk', 'de', 'er@@', 'n@@', 'st', 'van', 'dit', 'specif@@', 'ieke', 'probleem', 'omdat', 'het', 'niet', 'de', 'di@@', 'kte', 'van', 'het', 'ij@@', 's', 'laat', 'zien', '.']
2026-05-28 08:41:11,483 - DEBUG - joeynmt.training - 	Tokenized reference:  ['But', 'this', 'under@@', 'st@@', 'ates', 'the', 'ser@@', 'i@@', 'ous@@', 'ness', 'of', 'this', 'particular', 'problem', 'because', 'it', 'doesn', '&apos;t', 'show', 'the', 'th@@', 'ick@@', 'ness', 'of', 'the', 'ice', '.']
2026-05-28 08:41:11,483 - DEBUG - joeynmt.training - 	Tokenized hypothesis: ['But', 'this', 'is', 'the', 'con@@', 'ven@@', 'tion', 'of', 'this', 'is', 'because', 'the', 'most', 'most', 'most', 'most', 'important', 'because', 'the', 'di@@', 'di@@', 'di@@', 'di@@', 'tion', 'of', 'the', 's@@', 's@@', 's@@', 's@@', 's@@', 's@@', 's@@', 's@@', 's@@', 's@@', 's@@', 's@@', 's@@', 's@@', 's@@', 's@@', 's@@', 's@@', 's@@', 's@@', 's@@', 's@@', 'at', '.', '</s>']
2026-05-28 08:41:11,483 - INFO - joeynmt.training - 	Source:     Maar dit onderschat eigenlijk de ernst van dit specifieke probleem omdat het niet de dikte van het ijs laat zien .
2026-05-28 08:41:11,483 - INFO - joeynmt.training - 	Reference:  But this understates the seriousness of this particular problem because it doesn &apos;t show the thickness of the ice .
2026-05-28 08:41:11,483 - INFO - joeynmt.training - 	Hypothesis: But this is the convention of this is because the most most most most important because the didididition of the ssssssssssssssssssssssat .
2026-05-28 08:41:11,483 - INFO - joeynmt.training - Example #2
2026-05-28 08:41:11,483 - DEBUG - joeynmt.training - 	Tokenized source:     ['De', 'ij@@', 'sk@@', 'a@@', 'p', 'op', 'de', 'N@@', 'oor@@', 'd@@', 'p@@', 'ool', 'is', 'in', 'ze@@', 'kere', 'zin', 'het', 'kl@@', 'op@@', 'p@@', 'end', 'har@@', 't', 'van', 'ons', 'glob@@', 'aal', 'kli@@', 'maat@@', 'systeem', '.']
2026-05-28 08:41:11,483 - DEBUG - joeynmt.training - 	Tokenized reference:  ['The', 'ar@@', 'c@@', 'tic', 'ice', 'ca@@', 'p', 'is', ',', 'in', 'a', 'sense', ',', 'the', 'be@@', 'ating', 'heart', 'of', 'the', 'global', 'climate', 'system', '.']
2026-05-28 08:41:11,483 - DEBUG - joeynmt.training - 	Tokenized hypothesis: ['The', 'ma@@', 'in', 'the', 'N@@', 'at@@', 'at@@', 'at@@', 'al', 'is', 'in', 'in', 'a', 'a', 'a', 'b@@', 'ine', 'of', 'system', '.', '</s>']
2026-05-28 08:41:11,483 - INFO - joeynmt.training - 	Source:     De ijskap op de Noordpool is in zekere zin het kloppend hart van ons globaal klimaatsysteem .
2026-05-28 08:41:11,483 - INFO - joeynmt.training - 	Reference:  The arctic ice cap is , in a sense , the beating heart of the global climate system .
2026-05-28 08:41:11,483 - INFO - joeynmt.training - 	Hypothesis: The main the Natatatal is in in a a a bine of system .
2026-05-28 08:41:11,483 - INFO - joeynmt.training - Example #3
2026-05-28 08:41:11,484 - DEBUG - joeynmt.training - 	Tokenized source:     ['Het', 'zet', 'uit', 'in', 'de', 'win@@', 'ter', 'en', 'k@@', 'ri@@', 'mp@@', 't', 'in', 'de', 'z@@', 'om@@', 'er', '.']
2026-05-28 08:41:11,484 - DEBUG - joeynmt.training - 	Tokenized reference:  ['It', 'exp@@', 'ands', 'in', 'win@@', 'ter', 'and', 'con@@', 'trac@@', 'ts', 'in', 'su@@', 'mmer', '.']
2026-05-28 08:41:11,484 - DEBUG - joeynmt.training - 	Tokenized hypothesis: ['It', '&apos;s', 'going', 'to', 'the', 'b@@', 'ill', 'and', 'the', 'c@@', 'lear@@', 'ly', 'in', 'the', 's@@', 'il@@', 'il@@', 'il@@', 'il@@', 'il@@', 'ls', '.', '</s>']
2026-05-28 08:41:11,484 - INFO - joeynmt.training - 	Source:     Het zet uit in de winter en krimpt in de zomer .
2026-05-28 08:41:11,484 - INFO - joeynmt.training - 	Reference:  It expands in winter and contracts in summer .
2026-05-28 08:41:11,484 - INFO - joeynmt.training - 	Hypothesis: It &apos;s going to the bill and the clearly in the sililililills .
2026-05-28 08:41:11,484 - INFO - joeynmt.training - Example #4
2026-05-28 08:41:11,484 - DEBUG - joeynmt.training - 	Tokenized source:     ['De', 'volgende', 'dia', 'die', 'ik', 'laat', 'zien', 'is', 'een', 'vers@@', 'n@@', 'elde', 'ver@@', 'sie', 'van', 'wat', 'er', 'de', 'afgelopen', '25', 'jaar', 'is', 'gebeurd', '.']
2026-05-28 08:41:11,484 - DEBUG - joeynmt.training - 	Tokenized reference:  ['The', 'next', 'sli@@', 'de', 'I', 'show', 'you', 'will', 'be', 'a', 'r@@', 'ap@@', 'id', 'fa@@', 'st-@@', 'forward', 'of', 'what', '&apos;s', 'happened', 'over', 'the', 'last', '25', 'years', '.']
2026-05-28 08:41:11,484 - DEBUG - joeynmt.training - 	Tokenized hypothesis: ['The', 'next', 'thing', 'I', '&apos;m', 'going', 'to', 'see', 'is', 'a', 'a', 'con@@', 'sci@@', 'sion', 'of', 'what', 'the', 'last', 'last', 'last', 'year', '.', '</s>']
2026-05-28 08:41:11,484 - INFO - joeynmt.training - 	Source:     De volgende dia die ik laat zien is een versnelde versie van wat er de afgelopen 25 jaar is gebeurd .
2026-05-28 08:41:11,484 - INFO - joeynmt.training - 	Reference:  The next slide I show you will be a rapid fast-forward of what &apos;s happened over the last 25 years .
2026-05-28 08:41:11,484 - INFO - joeynmt.training - 	Hypothesis: The next thing I &apos;m going to see is a a conscision of what the last last last year .
2026-05-28 08:41:25,351 - INFO - joeynmt.training - Epoch   1, Step:     2600, Batch Loss:     2.355907, Batch Acc: 0.364089, Tokens per Sec:     5340, Lr: 0.000300
2026-05-28 08:41:39,877 - INFO - joeynmt.training - Epoch   1, Step:     2700, Batch Loss:     2.683125, Batch Acc: 0.372042, Tokens per Sec:     5216, Lr: 0.000300
2026-05-28 08:41:54,186 - INFO - joeynmt.training - Epoch   1, Step:     2800, Batch Loss:     2.286995, Batch Acc: 0.378817, Tokens per Sec:     5177, Lr: 0.000300
2026-05-28 08:42:08,567 - INFO - joeynmt.training - Epoch   1, Step:     2900, Batch Loss:     2.388597, Batch Acc: 0.386840, Tokens per Sec:     5180, Lr: 0.000300
2026-05-28 08:42:22,396 - INFO - joeynmt.training - Epoch   1, Step:     3000, Batch Loss:     2.246200, Batch Acc: 0.406749, Tokens per Sec:     5291, Lr: 0.000300
2026-05-28 08:42:22,397 - WARNING - joeynmt.helpers - `alpha` option is obsolete. Please use `beam_alpha`, instead.
2026-05-28 08:42:22,397 - INFO - joeynmt.prediction - Predicting 1003 example(s)... (Greedy decoding with min_output_length=1, max_output_length=-1, return_prob='none', generate_unk=True, repetition_penalty=-1, no_repeat_ngram_size=-1)
2026-05-28 08:42:52,425 - INFO - joeynmt.prediction - Evaluation result (greedy) loss:   2.54, ppl:  12.69, acc:   0.35, generation: 30.0196[sec], evaluation: 0.0000[sec]
2026-05-28 08:42:52,425 - INFO - joeynmt.training - Hooray! New best validation result [ppl]!
2026-05-28 08:42:52,544 - INFO - joeynmt.helpers - delete models/tf_bpe_4000_nl_en/500.ckpt
2026-05-28 08:42:52,545 - INFO - joeynmt.training - Example #0
2026-05-28 08:42:52,545 - DEBUG - joeynmt.training - 	Tokenized source:     ['V@@', 'or@@', 'ig', 'jaar', 'liet', 'ik', 'deze', 'twee', 'dia', '&apos;', 's', 'zien', 'om', 'aan', 'te', 'tonen', 'dat', 'de', 'p@@', 'oo@@', 'lij@@', 'sk@@', 'a@@', 'p', ',', 'die', 'de', 'afgelopen', 'drie', 'miljoen', 'jaar', 'ongeveer', 'de', 'groot@@', 'te', 'had', 'van', 'het', 'va@@', 'stel@@', 'and', 'van', 'de', 'VS', ',', 'met', '40', '%', 'ge@@', 'k@@', 'rom@@', 'pen', 'was', '.']
2026-05-28 08:42:52,545 - DEBUG - joeynmt.training - 	Tokenized reference:  ['La@@', 'st', 'year', 'I', 'sho@@', 'wed', 'these', 'two', 'sli@@', 'des', 'so', 'that', 'de@@', 'mon@@', 'str@@', 'ate', 'that', 'the', 'ar@@', 'c@@', 'tic', 'ice', 'ca@@', 'p', ',', 'which', 'for', 'most', 'of', 'the', 'last', 'three', 'million', 'years', 'has', 'been', 'the', 'size', 'of', 'the', 'lo@@', 'wer', '4@@', '8', 'st@@', 'ates', ',', 'has', 'sh@@', 'run@@', 'k', 'by', '40', 'percent', '.']
2026-05-28 08:42:52,545 - DEBUG - joeynmt.training - 	Tokenized hypothesis: ['F@@', 'ir@@', 'ly', 'year', 'I', '&apos;ve', 'got', 'this', 'two', 'two', 'two', 'two', 'two', 'million', 'years', 'to', 'show', 'that', 'the', 'p@@', 'oo@@', 't@@', 't@@', 'oon', ',', 'which', 'was', 'the', 'last', 'three', 'million', 'years', 'of', 'the', 'United', 'States', ',', 'which', 'was', 'the', 'United', 'States', ',', 'with', '40', 'percent', 'of', 'the', 'United', 'States', '.', '</s>']
2026-05-28 08:42:52,545 - INFO - joeynmt.training - 	Source:     Vorig jaar liet ik deze twee dia &apos; s zien om aan te tonen dat de poolijskap , die de afgelopen drie miljoen jaar ongeveer de grootte had van het vasteland van de VS , met 40 % gekrompen was .
2026-05-28 08:42:52,545 - INFO - joeynmt.training - 	Reference:  Last year I showed these two slides so that demonstrate that the arctic ice cap , which for most of the last three million years has been the size of the lower 48 states , has shrunk by 40 percent .
2026-05-28 08:42:52,545 - INFO - joeynmt.training - 	Hypothesis: Firly year I &apos;ve got this two two two two two million years to show that the poottoon , which was the last three million years of the United States , which was the United States , with 40 percent of the United States .
2026-05-28 08:42:52,545 - INFO - joeynmt.training - Example #1
2026-05-28 08:42:52,545 - DEBUG - joeynmt.training - 	Tokenized source:     ['Maar', 'dit', 'onder@@', 'sch@@', 'at', 'eigenlijk', 'de', 'er@@', 'n@@', 'st', 'van', 'dit', 'specif@@', 'ieke', 'probleem', 'omdat', 'het', 'niet', 'de', 'di@@', 'kte', 'van', 'het', 'ij@@', 's', 'laat', 'zien', '.']
2026-05-28 08:42:52,545 - DEBUG - joeynmt.training - 	Tokenized reference:  ['But', 'this', 'under@@', 'st@@', 'ates', 'the', 'ser@@', 'i@@', 'ous@@', 'ness', 'of', 'this', 'particular', 'problem', 'because', 'it', 'doesn', '&apos;t', 'show', 'the', 'th@@', 'ick@@', 'ness', 'of', 'the', 'ice', '.']
2026-05-28 08:42:52,545 - DEBUG - joeynmt.training - 	Tokenized hypothesis: ['But', 'this', 'is', 'actually', 'the', 'ex@@', 'ex@@', 'ex@@', 'ex@@', 'ist', ',', 'the', 'most', 'of', 'this', 'speci@@', 'fic', 'because', 'it', '&apos;s', 'not', 'the', 'r@@', 'ied', '.', '</s>']
2026-05-28 08:42:52,546 - INFO - joeynmt.training - 	Source:     Maar dit onderschat eigenlijk de ernst van dit specifieke probleem omdat het niet de dikte van het ijs laat zien .
2026-05-28 08:42:52,546 - INFO - joeynmt.training - 	Reference:  But this understates the seriousness of this particular problem because it doesn &apos;t show the thickness of the ice .
2026-05-28 08:42:52,546 - INFO - joeynmt.training - 	Hypothesis: But this is actually the exexexexist , the most of this specific because it &apos;s not the ried .
2026-05-28 08:42:52,546 - INFO - joeynmt.training - Example #2
2026-05-28 08:42:52,546 - DEBUG - joeynmt.training - 	Tokenized source:     ['De', 'ij@@', 'sk@@', 'a@@', 'p', 'op', 'de', 'N@@', 'oor@@', 'd@@', 'p@@', 'ool', 'is', 'in', 'ze@@', 'kere', 'zin', 'het', 'kl@@', 'op@@', 'p@@', 'end', 'har@@', 't', 'van', 'ons', 'glob@@', 'aal', 'kli@@', 'maat@@', 'systeem', '.']
2026-05-28 08:42:52,546 - DEBUG - joeynmt.training - 	Tokenized reference:  ['The', 'ar@@', 'c@@', 'tic', 'ice', 'ca@@', 'p', 'is', ',', 'in', 'a', 'sense', ',', 'the', 'be@@', 'ating', 'heart', 'of', 'the', 'global', 'climate', 'system', '.']
2026-05-28 08:42:52,546 - DEBUG - joeynmt.training - 	Tokenized hypothesis: ['The', 'B@@', 'i@@', 'a@@', 'p', 'on', 'the', 'N@@', 'at@@', 'at@@', 't@@', 't@@', 'ool', 'is', 'in', 'a', 'one', 'of', 'the', 'ro@@', 'p@@', 'e', 'system', '.', '</s>']
2026-05-28 08:42:52,546 - INFO - joeynmt.training - 	Source:     De ijskap op de Noordpool is in zekere zin het kloppend hart van ons globaal klimaatsysteem .
2026-05-28 08:42:52,546 - INFO - joeynmt.training - 	Reference:  The arctic ice cap is , in a sense , the beating heart of the global climate system .
2026-05-28 08:42:52,546 - INFO - joeynmt.training - 	Hypothesis: The Biap on the Natatttool is in a one of the rope system .
2026-05-28 08:42:52,546 - INFO - joeynmt.training - Example #3
2026-05-28 08:42:52,546 - DEBUG - joeynmt.training - 	Tokenized source:     ['Het', 'zet', 'uit', 'in', 'de', 'win@@', 'ter', 'en', 'k@@', 'ri@@', 'mp@@', 't', 'in', 'de', 'z@@', 'om@@', 'er', '.']
2026-05-28 08:42:52,546 - DEBUG - joeynmt.training - 	Tokenized reference:  ['It', 'exp@@', 'ands', 'in', 'win@@', 'ter', 'and', 'con@@', 'trac@@', 'ts', 'in', 'su@@', 'mmer', '.']
2026-05-28 08:42:52,546 - DEBUG - joeynmt.training - 	Tokenized hypothesis: ['It', '&apos;s', 'going', 'to', 'the', 'la@@', 'y@@', 'y@@', 'y@@', 'y@@', 'y@@', 'y@@', 'y@@', 'y@@', 'y@@', 'y@@', 'y@@', 'er', '.', '</s>']
2026-05-28 08:42:52,546 - INFO - joeynmt.training - 	Source:     Het zet uit in de winter en krimpt in de zomer .
2026-05-28 08:42:52,547 - INFO - joeynmt.training - 	Reference:  It expands in winter and contracts in summer .
2026-05-28 08:42:52,547 - INFO - joeynmt.training - 	Hypothesis: It &apos;s going to the layyyyyyyyyyyer .
2026-05-28 08:42:52,547 - INFO - joeynmt.training - Example #4
2026-05-28 08:42:52,547 - DEBUG - joeynmt.training - 	Tokenized source:     ['De', 'volgende', 'dia', 'die', 'ik', 'laat', 'zien', 'is', 'een', 'vers@@', 'n@@', 'elde', 'ver@@', 'sie', 'van', 'wat', 'er', 'de', 'afgelopen', '25', 'jaar', 'is', 'gebeurd', '.']
2026-05-28 08:42:52,547 - DEBUG - joeynmt.training - 	Tokenized reference:  ['The', 'next', 'sli@@', 'de', 'I', 'show', 'you', 'will', 'be', 'a', 'r@@', 'ap@@', 'id', 'fa@@', 'st-@@', 'forward', 'of', 'what', '&apos;s', 'happened', 'over', 'the', 'last', '25', 'years', '.']
2026-05-28 08:42:52,547 - DEBUG - joeynmt.training - 	Tokenized hypothesis: ['The', 'next', 'next', 'next', 'I', '&apos;m', 'going', 'to', 'see', 'is', 'a', 'con@@', 'sci@@', 'sion', 'of', 'what', 'the', 'last', '25', 'years', 'is', 'happened', '.', '</s>']
2026-05-28 08:42:52,547 - INFO - joeynmt.training - 	Source:     De volgende dia die ik laat zien is een versnelde versie van wat er de afgelopen 25 jaar is gebeurd .
2026-05-28 08:42:52,547 - INFO - joeynmt.training - 	Reference:  The next slide I show you will be a rapid fast-forward of what &apos;s happened over the last 25 years .
2026-05-28 08:42:52,547 - INFO - joeynmt.training - 	Hypothesis: The next next next I &apos;m going to see is a conscision of what the last 25 years is happened .
2026-05-28 08:43:07,604 - INFO - joeynmt.training - Epoch   1, Step:     3100, Batch Loss:     2.326613, Batch Acc: 0.410924, Tokens per Sec:     5107, Lr: 0.000300
2026-05-28 08:43:21,474 - INFO - joeynmt.training - Epoch   1, Step:     3200, Batch Loss:     2.277903, Batch Acc: 0.416334, Tokens per Sec:     5252, Lr: 0.000300
2026-05-28 08:43:35,720 - INFO - joeynmt.training - Epoch   1, Step:     3300, Batch Loss:     2.227137, Batch Acc: 0.427669, Tokens per Sec:     5135, Lr: 0.000300
2026-05-28 08:43:49,555 - INFO - joeynmt.training - Epoch   1, Step:     3400, Batch Loss:     2.111809, Batch Acc: 0.430318, Tokens per Sec:     5322, Lr: 0.000300
2026-05-28 08:44:02,688 - INFO - joeynmt.training - Epoch   1: total training loss 10340.93
2026-05-28 08:44:02,688 - INFO - joeynmt.training - EPOCH 2
2026-05-28 08:44:03,379 - INFO - joeynmt.training - Epoch   2, Step:     3500, Batch Loss:     2.097780, Batch Acc: 0.438235, Tokens per Sec:     4930, Lr: 0.000300
2026-05-28 08:44:03,379 - WARNING - joeynmt.helpers - `alpha` option is obsolete. Please use `beam_alpha`, instead.
2026-05-28 08:44:03,379 - INFO - joeynmt.prediction - Predicting 1003 example(s)... (Greedy decoding with min_output_length=1, max_output_length=-1, return_prob='none', generate_unk=True, repetition_penalty=-1, no_repeat_ngram_size=-1)
2026-05-28 08:44:40,430 - INFO - joeynmt.prediction - Evaluation result (greedy) loss:   2.41, ppl:  11.16, acc:   0.38, generation: 37.0409[sec], evaluation: 0.0000[sec]
2026-05-28 08:44:40,431 - INFO - joeynmt.training - Hooray! New best validation result [ppl]!
2026-05-28 08:44:40,562 - INFO - joeynmt.helpers - delete models/tf_bpe_4000_nl_en/1000.ckpt
2026-05-28 08:44:40,564 - INFO - joeynmt.training - Example #0
2026-05-28 08:44:40,564 - DEBUG - joeynmt.training - 	Tokenized source:     ['V@@', 'or@@', 'ig', 'jaar', 'liet', 'ik', 'deze', 'twee', 'dia', '&apos;', 's', 'zien', 'om', 'aan', 'te', 'tonen', 'dat', 'de', 'p@@', 'oo@@', 'lij@@', 'sk@@', 'a@@', 'p', ',', 'die', 'de', 'afgelopen', 'drie', 'miljoen', 'jaar', 'ongeveer', 'de', 'groot@@', 'te', 'had', 'van', 'het', 'va@@', 'stel@@', 'and', 'van', 'de', 'VS', ',', 'met', '40', '%', 'ge@@', 'k@@', 'rom@@', 'pen', 'was', '.']
2026-05-28 08:44:40,564 - DEBUG - joeynmt.training - 	Tokenized reference:  ['La@@', 'st', 'year', 'I', 'sho@@', 'wed', 'these', 'two', 'sli@@', 'des', 'so', 'that', 'de@@', 'mon@@', 'str@@', 'ate', 'that', 'the', 'ar@@', 'c@@', 'tic', 'ice', 'ca@@', 'p', ',', 'which', 'for', 'most', 'of', 'the', 'last', 'three', 'million', 'years', 'has', 'been', 'the', 'size', 'of', 'the', 'lo@@', 'wer', '4@@', '8', 'st@@', 'ates', ',', 'has', 'sh@@', 'run@@', 'k', 'by', '40', 'percent', '.']
2026-05-28 08:44:40,564 - DEBUG - joeynmt.training - 	Tokenized hypothesis: ['F@@', 'ir@@', 'st', 'years', ',', 'I', '&apos;ve', 'been', 'two', 'two', 'two', 'two', 'two', 'two', ',', 'to', 'show', 'that', 'the', 'p@@', 'oo@@', 'th', 'of', 'the', 'p@@', 'oo@@', 'th', 'had', 'the', 'last', 'three', 'million', 'years', 'of', 'the', 'U.S.', ',', 'by', 'the', 'United', 'States', ',', 'with', '40', 'percent', 'of', 'the', 'United', 'States', ',', 'with', '40', 'percent', '.', '</s>']
2026-05-28 08:44:40,564 - INFO - joeynmt.training - 	Source:     Vorig jaar liet ik deze twee dia &apos; s zien om aan te tonen dat de poolijskap , die de afgelopen drie miljoen jaar ongeveer de grootte had van het vasteland van de VS , met 40 % gekrompen was .
2026-05-28 08:44:40,564 - INFO - joeynmt.training - 	Reference:  Last year I showed these two slides so that demonstrate that the arctic ice cap , which for most of the last three million years has been the size of the lower 48 states , has shrunk by 40 percent .
2026-05-28 08:44:40,564 - INFO - joeynmt.training - 	Hypothesis: First years , I &apos;ve been two two two two two two , to show that the pooth of the pooth had the last three million years of the U.S. , by the United States , with 40 percent of the United States , with 40 percent .
2026-05-28 08:44:40,564 - INFO - joeynmt.training - Example #1
2026-05-28 08:44:40,564 - DEBUG - joeynmt.training - 	Tokenized source:     ['Maar', 'dit', 'onder@@', 'sch@@', 'at', 'eigenlijk', 'de', 'er@@', 'n@@', 'st', 'van', 'dit', 'specif@@', 'ieke', 'probleem', 'omdat', 'het', 'niet', 'de', 'di@@', 'kte', 'van', 'het', 'ij@@', 's', 'laat', 'zien', '.']
2026-05-28 08:44:40,564 - DEBUG - joeynmt.training - 	Tokenized reference:  ['But', 'this', 'under@@', 'st@@', 'ates', 'the', 'ser@@', 'i@@', 'ous@@', 'ness', 'of', 'this', 'particular', 'problem', 'because', 'it', 'doesn', '&apos;t', 'show', 'the', 'th@@', 'ick@@', 'ness', 'of', 'the', 'ice', '.']
2026-05-28 08:44:40,564 - DEBUG - joeynmt.training - 	Tokenized hypothesis: ['But', 'this', 'is', 'actually', 'the', 'ex@@', 'tra@@', 'ordinary', 'problem', 'because', 'it', '&apos;s', 'not', 'the', 'very', 'speci@@', 'fic', 'problem', 'because', 'it', '&apos;s', 'not', 'the', 'di@@', 'di@@', 'ted', 'of', 'the', 's@@', 'un@@', 'un@@', 'k', '.', '</s>']
2026-05-28 08:44:40,565 - INFO - joeynmt.training - 	Source:     Maar dit onderschat eigenlijk de ernst van dit specifieke probleem omdat het niet de dikte van het ijs laat zien .
2026-05-28 08:44:40,565 - INFO - joeynmt.training - 	Reference:  But this understates the seriousness of this particular problem because it doesn &apos;t show the thickness of the ice .
2026-05-28 08:44:40,565 - INFO - joeynmt.training - 	Hypothesis: But this is actually the extraordinary problem because it &apos;s not the very specific problem because it &apos;s not the didited of the sununk .
2026-05-28 08:44:40,565 - INFO - joeynmt.training - Example #2
2026-05-28 08:44:40,565 - DEBUG - joeynmt.training - 	Tokenized source:     ['De', 'ij@@', 'sk@@', 'a@@', 'p', 'op', 'de', 'N@@', 'oor@@', 'd@@', 'p@@', 'ool', 'is', 'in', 'ze@@', 'kere', 'zin', 'het', 'kl@@', 'op@@', 'p@@', 'end', 'har@@', 't', 'van', 'ons', 'glob@@', 'aal', 'kli@@', 'maat@@', 'systeem', '.']
2026-05-28 08:44:40,565 - DEBUG - joeynmt.training - 	Tokenized reference:  ['The', 'ar@@', 'c@@', 'tic', 'ice', 'ca@@', 'p', 'is', ',', 'in', 'a', 'sense', ',', 'the', 'be@@', 'ating', 'heart', 'of', 'the', 'global', 'climate', 'system', '.']
2026-05-28 08:44:40,565 - DEBUG - joeynmt.training - 	Tokenized hypothesis: ['The', 'most', 'of', 'the', 'N@@', 'at@@', 'at@@', 'at@@', 'est', 'p@@', 'ool', 'is', 'in', 'a', 'sense', ',', 'in', 'a', 'sense', 'the', 'sk@@', 'il@@', 'ls', 'of', 'global', 'climate', 'system', '.', '</s>']
2026-05-28 08:44:40,565 - INFO - joeynmt.training - 	Source:     De ijskap op de Noordpool is in zekere zin het kloppend hart van ons globaal klimaatsysteem .
2026-05-28 08:44:40,565 - INFO - joeynmt.training - 	Reference:  The arctic ice cap is , in a sense , the beating heart of the global climate system .
2026-05-28 08:44:40,565 - INFO - joeynmt.training - 	Hypothesis: The most of the Natatatest pool is in a sense , in a sense the skills of global climate system .
2026-05-28 08:44:40,565 - INFO - joeynmt.training - Example #3
2026-05-28 08:44:40,565 - DEBUG - joeynmt.training - 	Tokenized source:     ['Het', 'zet', 'uit', 'in', 'de', 'win@@', 'ter', 'en', 'k@@', 'ri@@', 'mp@@', 't', 'in', 'de', 'z@@', 'om@@', 'er', '.']
2026-05-28 08:44:40,565 - DEBUG - joeynmt.training - 	Tokenized reference:  ['It', 'exp@@', 'ands', 'in', 'win@@', 'ter', 'and', 'con@@', 'trac@@', 'ts', 'in', 'su@@', 'mmer', '.']
2026-05-28 08:44:40,565 - DEBUG - joeynmt.training - 	Tokenized hypothesis: ['It', '&apos;s', 'the', 'win@@', 'ter', 'and', 'c@@', 'ri@@', 'mp@@', 's', 'in', 'the', 's@@', 'oon', 'and', 'in', 'the', 's@@', 'om@@', 'er', '.', '</s>']
2026-05-28 08:44:40,565 - INFO - joeynmt.training - 	Source:     Het zet uit in de winter en krimpt in de zomer .
2026-05-28 08:44:40,565 - INFO - joeynmt.training - 	Reference:  It expands in winter and contracts in summer .
2026-05-28 08:44:40,565 - INFO - joeynmt.training - 	Hypothesis: It &apos;s the winter and crimps in the soon and in the somer .
2026-05-28 08:44:40,565 - INFO - joeynmt.training - Example #4
2026-05-28 08:44:40,566 - DEBUG - joeynmt.training - 	Tokenized source:     ['De', 'volgende', 'dia', 'die', 'ik', 'laat', 'zien', 'is', 'een', 'vers@@', 'n@@', 'elde', 'ver@@', 'sie', 'van', 'wat', 'er', 'de', 'afgelopen', '25', 'jaar', 'is', 'gebeurd', '.']
2026-05-28 08:44:40,566 - DEBUG - joeynmt.training - 	Tokenized reference:  ['The', 'next', 'sli@@', 'de', 'I', 'show', 'you', 'will', 'be', 'a', 'r@@', 'ap@@', 'id', 'fa@@', 'st-@@', 'forward', 'of', 'what', '&apos;s', 'happened', 'over', 'the', 'last', '25', 'years', '.']
2026-05-28 08:44:40,566 - DEBUG - joeynmt.training - 	Tokenized hypothesis: ['The', 'next', 'sli@@', 'de', 'I', '&apos;m', 'going', 'to', 'see', 'is', 'a', 'con@@', 'vers@@', 'ation', 'of', 'what', 'there', '&apos;s', 'happened', '.', '</s>']
2026-05-28 08:44:40,566 - INFO - joeynmt.training - 	Source:     De volgende dia die ik laat zien is een versnelde versie van wat er de afgelopen 25 jaar is gebeurd .
2026-05-28 08:44:40,566 - INFO - joeynmt.training - 	Reference:  The next slide I show you will be a rapid fast-forward of what &apos;s happened over the last 25 years .
2026-05-28 08:44:40,566 - INFO - joeynmt.training - 	Hypothesis: The next slide I &apos;m going to see is a conversation of what there &apos;s happened .
2026-05-28 08:44:55,056 - INFO - joeynmt.training - Epoch   2, Step:     3600, Batch Loss:     1.899174, Batch Acc: 0.452439, Tokens per Sec:     5193, Lr: 0.000300
2026-05-28 08:45:09,251 - INFO - joeynmt.training - Epoch   2, Step:     3700, Batch Loss:     2.035158, Batch Acc: 0.465371, Tokens per Sec:     5265, Lr: 0.000300
2026-05-28 08:45:22,587 - INFO - joeynmt.training - Epoch   2, Step:     3800, Batch Loss:     2.097300, Batch Acc: 0.461576, Tokens per Sec:     5619, Lr: 0.000300
2026-05-28 08:45:37,466 - INFO - joeynmt.training - Epoch   2, Step:     3900, Batch Loss:     2.054043, Batch Acc: 0.466813, Tokens per Sec:     4981, Lr: 0.000300
2026-05-28 08:45:51,746 - INFO - joeynmt.training - Epoch   2, Step:     4000, Batch Loss:     1.949507, Batch Acc: 0.465101, Tokens per Sec:     5332, Lr: 0.000300
2026-05-28 08:45:51,747 - WARNING - joeynmt.helpers - `alpha` option is obsolete. Please use `beam_alpha`, instead.
2026-05-28 08:45:51,747 - INFO - joeynmt.prediction - Predicting 1003 example(s)... (Greedy decoding with min_output_length=1, max_output_length=-1, return_prob='none', generate_unk=True, repetition_penalty=-1, no_repeat_ngram_size=-1)
2026-05-28 08:46:24,788 - INFO - joeynmt.prediction - Evaluation result (greedy) loss:   2.31, ppl:  10.09, acc:   0.40, generation: 33.0324[sec], evaluation: 0.0000[sec]
2026-05-28 08:46:24,789 - INFO - joeynmt.training - Hooray! New best validation result [ppl]!
2026-05-28 08:46:24,919 - INFO - joeynmt.helpers - delete models/tf_bpe_4000_nl_en/1500.ckpt
2026-05-28 08:46:24,922 - INFO - joeynmt.training - Example #0
2026-05-28 08:46:24,922 - DEBUG - joeynmt.training - 	Tokenized source:     ['V@@', 'or@@', 'ig', 'jaar', 'liet', 'ik', 'deze', 'twee', 'dia', '&apos;', 's', 'zien', 'om', 'aan', 'te', 'tonen', 'dat', 'de', 'p@@', 'oo@@', 'lij@@', 'sk@@', 'a@@', 'p', ',', 'die', 'de', 'afgelopen', 'drie', 'miljoen', 'jaar', 'ongeveer', 'de', 'groot@@', 'te', 'had', 'van', 'het', 'va@@', 'stel@@', 'and', 'van', 'de', 'VS', ',', 'met', '40', '%', 'ge@@', 'k@@', 'rom@@', 'pen', 'was', '.']
2026-05-28 08:46:24,922 - DEBUG - joeynmt.training - 	Tokenized reference:  ['La@@', 'st', 'year', 'I', 'sho@@', 'wed', 'these', 'two', 'sli@@', 'des', 'so', 'that', 'de@@', 'mon@@', 'str@@', 'ate', 'that', 'the', 'ar@@', 'c@@', 'tic', 'ice', 'ca@@', 'p', ',', 'which', 'for', 'most', 'of', 'the', 'last', 'three', 'million', 'years', 'has', 'been', 'the', 'size', 'of', 'the', 'lo@@', 'wer', '4@@', '8', 'st@@', 'ates', ',', 'has', 'sh@@', 'run@@', 'k', 'by', '40', 'percent', '.']
2026-05-28 08:46:24,922 - DEBUG - joeynmt.training - 	Tokenized hypothesis: ['And', 'I', 'had', 'this', 'two', 'sli@@', 'de', 'to', 'show', 'this', 'two', 'sli@@', 'de', 'to', 'show', 'that', 'the', 'p@@', 'oo@@', 'li@@', 'p', ',', 'who', 'had', 'the', 'last', 'three', 'million', 'years', 'about', 'the', 'size', 'of', 'the', 'United', 'States', ',', 'with', '40', 'percent', 'of', 'the', 'United', 'States', ',', 'with', '40', 'percent', ',', 'with', '40', 'percent', '.', '</s>']
2026-05-28 08:46:24,922 - INFO - joeynmt.training - 	Source:     Vorig jaar liet ik deze twee dia &apos; s zien om aan te tonen dat de poolijskap , die de afgelopen drie miljoen jaar ongeveer de grootte had van het vasteland van de VS , met 40 % gekrompen was .
2026-05-28 08:46:24,922 - INFO - joeynmt.training - 	Reference:  Last year I showed these two slides so that demonstrate that the arctic ice cap , which for most of the last three million years has been the size of the lower 48 states , has shrunk by 40 percent .
2026-05-28 08:46:24,922 - INFO - joeynmt.training - 	Hypothesis: And I had this two slide to show this two slide to show that the poolip , who had the last three million years about the size of the United States , with 40 percent of the United States , with 40 percent , with 40 percent .
2026-05-28 08:46:24,922 - INFO - joeynmt.training - Example #1
2026-05-28 08:46:24,922 - DEBUG - joeynmt.training - 	Tokenized source:     ['Maar', 'dit', 'onder@@', 'sch@@', 'at', 'eigenlijk', 'de', 'er@@', 'n@@', 'st', 'van', 'dit', 'specif@@', 'ieke', 'probleem', 'omdat', 'het', 'niet', 'de', 'di@@', 'kte', 'van', 'het', 'ij@@', 's', 'laat', 'zien', '.']
2026-05-28 08:46:24,922 - DEBUG - joeynmt.training - 	Tokenized reference:  ['But', 'this', 'under@@', 'st@@', 'ates', 'the', 'ser@@', 'i@@', 'ous@@', 'ness', 'of', 'this', 'particular', 'problem', 'because', 'it', 'doesn', '&apos;t', 'show', 'the', 'th@@', 'ick@@', 'ness', 'of', 'the', 'ice', '.']
2026-05-28 08:46:24,922 - DEBUG - joeynmt.training - 	Tokenized hypothesis: ['But', 'this', 'is', 'the', 'con@@', 'tra@@', 'ordinary', 'of', 'this', 'speci@@', 'fic', 'because', 'it', 'doesn', '&apos;t', 'have', 'the', 'di@@', 'stri@@', 'bu@@', 'ted', 'of', 'the', 'ice', 'of', 'the', 'ice', 'of', 'the', 'ice', '.', '</s>']
2026-05-28 08:46:24,923 - INFO - joeynmt.training - 	Source:     Maar dit onderschat eigenlijk de ernst van dit specifieke probleem omdat het niet de dikte van het ijs laat zien .
2026-05-28 08:46:24,923 - INFO - joeynmt.training - 	Reference:  But this understates the seriousness of this particular problem because it doesn &apos;t show the thickness of the ice .
2026-05-28 08:46:24,923 - INFO - joeynmt.training - 	Hypothesis: But this is the contraordinary of this specific because it doesn &apos;t have the distributed of the ice of the ice of the ice .
2026-05-28 08:46:24,923 - INFO - joeynmt.training - Example #2
2026-05-28 08:46:24,923 - DEBUG - joeynmt.training - 	Tokenized source:     ['De', 'ij@@', 'sk@@', 'a@@', 'p', 'op', 'de', 'N@@', 'oor@@', 'd@@', 'p@@', 'ool', 'is', 'in', 'ze@@', 'kere', 'zin', 'het', 'kl@@', 'op@@', 'p@@', 'end', 'har@@', 't', 'van', 'ons', 'glob@@', 'aal', 'kli@@', 'maat@@', 'systeem', '.']
2026-05-28 08:46:24,923 - DEBUG - joeynmt.training - 	Tokenized reference:  ['The', 'ar@@', 'c@@', 'tic', 'ice', 'ca@@', 'p', 'is', ',', 'in', 'a', 'sense', ',', 'the', 'be@@', 'ating', 'heart', 'of', 'the', 'global', 'climate', 'system', '.']
2026-05-28 08:46:24,923 - DEBUG - joeynmt.training - 	Tokenized hypothesis: ['The', 'most', 'ice', 'is', 'the', 'N@@', 'at@@', 'at@@', 'at@@', 'est', 'p@@', 'lease', ',', 'in', 'a', 'sense', 'of', 'the', 'world', 'is', 'the', 'global', 'global', 'climate', 'system', '.', '</s>']
2026-05-28 08:46:24,923 - INFO - joeynmt.training - 	Source:     De ijskap op de Noordpool is in zekere zin het kloppend hart van ons globaal klimaatsysteem .
2026-05-28 08:46:24,923 - INFO - joeynmt.training - 	Reference:  The arctic ice cap is , in a sense , the beating heart of the global climate system .
2026-05-28 08:46:24,923 - INFO - joeynmt.training - 	Hypothesis: The most ice is the Natatatest please , in a sense of the world is the global global climate system .
2026-05-28 08:46:24,923 - INFO - joeynmt.training - Example #3
2026-05-28 08:46:24,923 - DEBUG - joeynmt.training - 	Tokenized source:     ['Het', 'zet', 'uit', 'in', 'de', 'win@@', 'ter', 'en', 'k@@', 'ri@@', 'mp@@', 't', 'in', 'de', 'z@@', 'om@@', 'er', '.']
2026-05-28 08:46:24,923 - DEBUG - joeynmt.training - 	Tokenized reference:  ['It', 'exp@@', 'ands', 'in', 'win@@', 'ter', 'and', 'con@@', 'trac@@', 'ts', 'in', 'su@@', 'mmer', '.']
2026-05-28 08:46:24,923 - DEBUG - joeynmt.training - 	Tokenized hypothesis: ['It', '&apos;s', 'going', 'to', 'the', 'win@@', 'ter', 'and', 'c@@', 'ri@@', 'mp@@', 's', 'in', 'the', 'win@@', 'ter', '.', '</s>']
2026-05-28 08:46:24,923 - INFO - joeynmt.training - 	Source:     Het zet uit in de winter en krimpt in de zomer .
2026-05-28 08:46:24,924 - INFO - joeynmt.training - 	Reference:  It expands in winter and contracts in summer .
2026-05-28 08:46:24,924 - INFO - joeynmt.training - 	Hypothesis: It &apos;s going to the winter and crimps in the winter .
2026-05-28 08:46:24,924 - INFO - joeynmt.training - Example #4
2026-05-28 08:46:24,924 - DEBUG - joeynmt.training - 	Tokenized source:     ['De', 'volgende', 'dia', 'die', 'ik', 'laat', 'zien', 'is', 'een', 'vers@@', 'n@@', 'elde', 'ver@@', 'sie', 'van', 'wat', 'er', 'de', 'afgelopen', '25', 'jaar', 'is', 'gebeurd', '.']
2026-05-28 08:46:24,924 - DEBUG - joeynmt.training - 	Tokenized reference:  ['The', 'next', 'sli@@', 'de', 'I', 'show', 'you', 'will', 'be', 'a', 'r@@', 'ap@@', 'id', 'fa@@', 'st-@@', 'forward', 'of', 'what', '&apos;s', 'happened', 'over', 'the', 'last', '25', 'years', '.']
2026-05-28 08:46:24,924 - DEBUG - joeynmt.training - 	Tokenized hypothesis: ['The', 'next', 'sli@@', 'de', 'I', '&apos;m', 'going', 'to', 'show', 'is', 'a', 'con@@', 'vers@@', 'ation', 'of', 'what', '&apos;s', 'the', 'last', '25', 'years', '.', '</s>']
2026-05-28 08:46:24,924 - INFO - joeynmt.training - 	Source:     De volgende dia die ik laat zien is een versnelde versie van wat er de afgelopen 25 jaar is gebeurd .
2026-05-28 08:46:24,924 - INFO - joeynmt.training - 	Reference:  The next slide I show you will be a rapid fast-forward of what &apos;s happened over the last 25 years .
2026-05-28 08:46:24,924 - INFO - joeynmt.training - 	Hypothesis: The next slide I &apos;m going to show is a conversation of what &apos;s the last 25 years .
2026-05-28 08:46:39,904 - INFO - joeynmt.training - Epoch   2, Step:     4100, Batch Loss:     2.049610, Batch Acc: 0.471734, Tokens per Sec:     5113, Lr: 0.000300
2026-05-28 08:46:54,020 - INFO - joeynmt.training - Epoch   2, Step:     4200, Batch Loss:     1.993470, Batch Acc: 0.477049, Tokens per Sec:     5297, Lr: 0.000300
2026-05-28 08:47:08,269 - INFO - joeynmt.training - Epoch   2, Step:     4300, Batch Loss:     2.100652, Batch Acc: 0.481871, Tokens per Sec:     5222, Lr: 0.000300
2026-05-28 08:47:22,439 - INFO - joeynmt.training - Epoch   2, Step:     4400, Batch Loss:     2.098023, Batch Acc: 0.482509, Tokens per Sec:     5193, Lr: 0.000300
2026-05-28 08:47:36,053 - INFO - joeynmt.training - Epoch   2, Step:     4500, Batch Loss:     2.048451, Batch Acc: 0.481419, Tokens per Sec:     5515, Lr: 0.000300
2026-05-28 08:47:36,053 - WARNING - joeynmt.helpers - `alpha` option is obsolete. Please use `beam_alpha`, instead.
2026-05-28 08:47:36,053 - INFO - joeynmt.prediction - Predicting 1003 example(s)... (Greedy decoding with min_output_length=1, max_output_length=-1, return_prob='none', generate_unk=True, repetition_penalty=-1, no_repeat_ngram_size=-1)
2026-05-28 08:48:09,052 - INFO - joeynmt.prediction - Evaluation result (greedy) loss:   2.24, ppl:   9.42, acc:   0.42, generation: 32.9898[sec], evaluation: 0.0000[sec]
2026-05-28 08:48:09,054 - INFO - joeynmt.training - Hooray! New best validation result [ppl]!
2026-05-28 08:48:09,185 - INFO - joeynmt.helpers - delete models/tf_bpe_4000_nl_en/2000.ckpt
2026-05-28 08:48:09,187 - INFO - joeynmt.training - Example #0
2026-05-28 08:48:09,188 - DEBUG - joeynmt.training - 	Tokenized source:     ['V@@', 'or@@', 'ig', 'jaar', 'liet', 'ik', 'deze', 'twee', 'dia', '&apos;', 's', 'zien', 'om', 'aan', 'te', 'tonen', 'dat', 'de', 'p@@', 'oo@@', 'lij@@', 'sk@@', 'a@@', 'p', ',', 'die', 'de', 'afgelopen', 'drie', 'miljoen', 'jaar', 'ongeveer', 'de', 'groot@@', 'te', 'had', 'van', 'het', 'va@@', 'stel@@', 'and', 'van', 'de', 'VS', ',', 'met', '40', '%', 'ge@@', 'k@@', 'rom@@', 'pen', 'was', '.']
2026-05-28 08:48:09,188 - DEBUG - joeynmt.training - 	Tokenized reference:  ['La@@', 'st', 'year', 'I', 'sho@@', 'wed', 'these', 'two', 'sli@@', 'des', 'so', 'that', 'de@@', 'mon@@', 'str@@', 'ate', 'that', 'the', 'ar@@', 'c@@', 'tic', 'ice', 'ca@@', 'p', ',', 'which', 'for', 'most', 'of', 'the', 'last', 'three', 'million', 'years', 'has', 'been', 'the', 'size', 'of', 'the', 'lo@@', 'wer', '4@@', '8', 'st@@', 'ates', ',', 'has', 'sh@@', 'run@@', 'k', 'by', '40', 'percent', '.']
2026-05-28 08:48:09,188 - DEBUG - joeynmt.training - 	Tokenized hypothesis: ['And', 'I', 'sho@@', 'wed', 'these', 'two', 'sli@@', 'des', 'to', 'show', 'that', 'the', 'p@@', 'oo@@', 'st', 'of', 'the', 'p@@', 'oo@@', 'ff@@', 'ic', 'sk@@', 'in', ',', 'which', 'the', 'last', 'three', 'million', 'years', 'about', 'the', 'size', 'of', 'the', 'United', 'States', ',', 'with', '40', 'percent', 'of', 'the', 'United', 'States', ',', 'with', '40', 'percent', 'of', 'the', 'United', 'States', ',', 'with', '40', 'percent', 'of', 'the', 'United', 'States', ',', '</s>']
2026-05-28 08:48:09,188 - INFO - joeynmt.training - 	Source:     Vorig jaar liet ik deze twee dia &apos; s zien om aan te tonen dat de poolijskap , die de afgelopen drie miljoen jaar ongeveer de grootte had van het vasteland van de VS , met 40 % gekrompen was .
2026-05-28 08:48:09,188 - INFO - joeynmt.training - 	Reference:  Last year I showed these two slides so that demonstrate that the arctic ice cap , which for most of the last three million years has been the size of the lower 48 states , has shrunk by 40 percent .
2026-05-28 08:48:09,188 - INFO - joeynmt.training - 	Hypothesis: And I showed these two slides to show that the poost of the pooffic skin , which the last three million years about the size of the United States , with 40 percent of the United States , with 40 percent of the United States , with 40 percent of the United States ,
2026-05-28 08:48:09,188 - INFO - joeynmt.training - Example #1
2026-05-28 08:48:09,188 - DEBUG - joeynmt.training - 	Tokenized source:     ['Maar', 'dit', 'onder@@', 'sch@@', 'at', 'eigenlijk', 'de', 'er@@', 'n@@', 'st', 'van', 'dit', 'specif@@', 'ieke', 'probleem', 'omdat', 'het', 'niet', 'de', 'di@@', 'kte', 'van', 'het', 'ij@@', 's', 'laat', 'zien', '.']
2026-05-28 08:48:09,188 - DEBUG - joeynmt.training - 	Tokenized reference:  ['But', 'this', 'under@@', 'st@@', 'ates', 'the', 'ser@@', 'i@@', 'ous@@', 'ness', 'of', 'this', 'particular', 'problem', 'because', 'it', 'doesn', '&apos;t', 'show', 'the', 'th@@', 'ick@@', 'ness', 'of', 'the', 'ice', '.']
2026-05-28 08:48:09,188 - DEBUG - joeynmt.training - 	Tokenized hypothesis: ['But', 'this', 'is', 'actually', 'the', 'ex@@', 'tra@@', 'ordinary', 'problem', 'because', 'it', '&apos;s', 'not', 'the', 'di@@', 'ted', 'of', 'the', 'ice', 'of', 'the', 'ice', 'of', 'the', 'ice', '.', '</s>']
2026-05-28 08:48:09,188 - INFO - joeynmt.training - 	Source:     Maar dit onderschat eigenlijk de ernst van dit specifieke probleem omdat het niet de dikte van het ijs laat zien .
2026-05-28 08:48:09,188 - INFO - joeynmt.training - 	Reference:  But this understates the seriousness of this particular problem because it doesn &apos;t show the thickness of the ice .
2026-05-28 08:48:09,188 - INFO - joeynmt.training - 	Hypothesis: But this is actually the extraordinary problem because it &apos;s not the dited of the ice of the ice of the ice .
2026-05-28 08:48:09,188 - INFO - joeynmt.training - Example #2
2026-05-28 08:48:09,188 - DEBUG - joeynmt.training - 	Tokenized source:     ['De', 'ij@@', 'sk@@', 'a@@', 'p', 'op', 'de', 'N@@', 'oor@@', 'd@@', 'p@@', 'ool', 'is', 'in', 'ze@@', 'kere', 'zin', 'het', 'kl@@', 'op@@', 'p@@', 'end', 'har@@', 't', 'van', 'ons', 'glob@@', 'aal', 'kli@@', 'maat@@', 'systeem', '.']
2026-05-28 08:48:09,188 - DEBUG - joeynmt.training - 	Tokenized reference:  ['The', 'ar@@', 'c@@', 'tic', 'ice', 'ca@@', 'p', 'is', ',', 'in', 'a', 'sense', ',', 'the', 'be@@', 'ating', 'heart', 'of', 'the', 'global', 'climate', 'system', '.']
2026-05-28 08:48:09,188 - DEBUG - joeynmt.training - 	Tokenized hypothesis: ['The', 'ice', 'is', 'the', 'Nor@@', 'th', 'P@@', 'ole', 'is', 'in', 'a', 'a', 'sense', 'of', 'sense', ',', 'the', 'ne@@', 'ne@@', 'arly', 'heart', 'of', 'our', 'global', 'climate', 'system', '.', '</s>']
2026-05-28 08:48:09,189 - INFO - joeynmt.training - 	Source:     De ijskap op de Noordpool is in zekere zin het kloppend hart van ons globaal klimaatsysteem .
2026-05-28 08:48:09,189 - INFO - joeynmt.training - 	Reference:  The arctic ice cap is , in a sense , the beating heart of the global climate system .
2026-05-28 08:48:09,189 - INFO - joeynmt.training - 	Hypothesis: The ice is the North Pole is in a a sense of sense , the nenearly heart of our global climate system .
2026-05-28 08:48:09,189 - INFO - joeynmt.training - Example #3
2026-05-28 08:48:09,189 - DEBUG - joeynmt.training - 	Tokenized source:     ['Het', 'zet', 'uit', 'in', 'de', 'win@@', 'ter', 'en', 'k@@', 'ri@@', 'mp@@', 't', 'in', 'de', 'z@@', 'om@@', 'er', '.']
2026-05-28 08:48:09,189 - DEBUG - joeynmt.training - 	Tokenized reference:  ['It', 'exp@@', 'ands', 'in', 'win@@', 'ter', 'and', 'con@@', 'trac@@', 'ts', 'in', 'su@@', 'mmer', '.']
2026-05-28 08:48:09,189 - DEBUG - joeynmt.training - 	Tokenized hypothesis: ['It', '&apos;s', 'on', 'the', 'win@@', 'ter', 'and', 'c@@', 'ri@@', 'mp@@', 's', 'in', 'the', 's@@', 'om@@', 'er', '.', '</s>']
2026-05-28 08:48:09,189 - INFO - joeynmt.training - 	Source:     Het zet uit in de winter en krimpt in de zomer .
2026-05-28 08:48:09,189 - INFO - joeynmt.training - 	Reference:  It expands in winter and contracts in summer .
2026-05-28 08:48:09,189 - INFO - joeynmt.training - 	Hypothesis: It &apos;s on the winter and crimps in the somer .
2026-05-28 08:48:09,189 - INFO - joeynmt.training - Example #4
2026-05-28 08:48:09,189 - DEBUG - joeynmt.training - 	Tokenized source:     ['De', 'volgende', 'dia', 'die', 'ik', 'laat', 'zien', 'is', 'een', 'vers@@', 'n@@', 'elde', 'ver@@', 'sie', 'van', 'wat', 'er', 'de', 'afgelopen', '25', 'jaar', 'is', 'gebeurd', '.']
2026-05-28 08:48:09,189 - DEBUG - joeynmt.training - 	Tokenized reference:  ['The', 'next', 'sli@@', 'de', 'I', 'show', 'you', 'will', 'be', 'a', 'r@@', 'ap@@', 'id', 'fa@@', 'st-@@', 'forward', 'of', 'what', '&apos;s', 'happened', 'over', 'the', 'last', '25', 'years', '.']
2026-05-28 08:48:09,189 - DEBUG - joeynmt.training - 	Tokenized hypothesis: ['The', 'next', 'sli@@', 'de', 'I', '&apos;ll', 'see', 'is', 'a', 'vers@@', 'ation', 'of', 'what', 'I', '&apos;m', 'going', 'to', 'show', 'the', 'last', '25', 'years', '.', '</s>']
2026-05-28 08:48:09,190 - INFO - joeynmt.training - 	Source:     De volgende dia die ik laat zien is een versnelde versie van wat er de afgelopen 25 jaar is gebeurd .
2026-05-28 08:48:09,190 - INFO - joeynmt.training - 	Reference:  The next slide I show you will be a rapid fast-forward of what &apos;s happened over the last 25 years .
2026-05-28 08:48:09,190 - INFO - joeynmt.training - 	Hypothesis: The next slide I &apos;ll see is a versation of what I &apos;m going to show the last 25 years .
2026-05-28 08:48:23,999 - INFO - joeynmt.training - Epoch   2, Step:     4600, Batch Loss:     1.963829, Batch Acc: 0.483957, Tokens per Sec:     4900, Lr: 0.000300
2026-05-28 08:48:38,324 - INFO - joeynmt.training - Epoch   2, Step:     4700, Batch Loss:     2.042339, Batch Acc: 0.489020, Tokens per Sec:     5372, Lr: 0.000300
2026-05-28 08:48:52,501 - INFO - joeynmt.training - Epoch   2, Step:     4800, Batch Loss:     2.026162, Batch Acc: 0.485981, Tokens per Sec:     5062, Lr: 0.000300
2026-05-28 08:49:06,414 - INFO - joeynmt.training - Epoch   2, Step:     4900, Batch Loss:     2.085812, Batch Acc: 0.488067, Tokens per Sec:     5183, Lr: 0.000300
2026-05-28 08:49:20,553 - INFO - joeynmt.training - Epoch   2, Step:     5000, Batch Loss:     2.009862, Batch Acc: 0.492564, Tokens per Sec:     5174, Lr: 0.000300
2026-05-28 08:49:20,554 - WARNING - joeynmt.helpers - `alpha` option is obsolete. Please use `beam_alpha`, instead.
2026-05-28 08:49:20,554 - INFO - joeynmt.prediction - Predicting 1003 example(s)... (Greedy decoding with min_output_length=1, max_output_length=-1, return_prob='none', generate_unk=True, repetition_penalty=-1, no_repeat_ngram_size=-1)
2026-05-28 08:49:51,228 - INFO - joeynmt.prediction - Evaluation result (greedy) loss:   2.20, ppl:   9.04, acc:   0.42, generation: 30.6654[sec], evaluation: 0.0000[sec]
2026-05-28 08:49:51,232 - INFO - joeynmt.training - Hooray! New best validation result [ppl]!
2026-05-28 08:49:51,361 - INFO - joeynmt.helpers - delete models/tf_bpe_4000_nl_en/2500.ckpt
2026-05-28 08:49:51,363 - INFO - joeynmt.training - Example #0
2026-05-28 08:49:51,363 - DEBUG - joeynmt.training - 	Tokenized source:     ['V@@', 'or@@', 'ig', 'jaar', 'liet', 'ik', 'deze', 'twee', 'dia', '&apos;', 's', 'zien', 'om', 'aan', 'te', 'tonen', 'dat', 'de', 'p@@', 'oo@@', 'lij@@', 'sk@@', 'a@@', 'p', ',', 'die', 'de', 'afgelopen', 'drie', 'miljoen', 'jaar', 'ongeveer', 'de', 'groot@@', 'te', 'had', 'van', 'het', 'va@@', 'stel@@', 'and', 'van', 'de', 'VS', ',', 'met', '40', '%', 'ge@@', 'k@@', 'rom@@', 'pen', 'was', '.']
2026-05-28 08:49:51,363 - DEBUG - joeynmt.training - 	Tokenized reference:  ['La@@', 'st', 'year', 'I', 'sho@@', 'wed', 'these', 'two', 'sli@@', 'des', 'so', 'that', 'de@@', 'mon@@', 'str@@', 'ate', 'that', 'the', 'ar@@', 'c@@', 'tic', 'ice', 'ca@@', 'p', ',', 'which', 'for', 'most', 'of', 'the', 'last', 'three', 'million', 'years', 'has', 'been', 'the', 'size', 'of', 'the', 'lo@@', 'wer', '4@@', '8', 'st@@', 'ates', ',', 'has', 'sh@@', 'run@@', 'k', 'by', '40', 'percent', '.']
2026-05-28 08:49:51,363 - DEBUG - joeynmt.training - 	Tokenized hypothesis: ['F@@', 'ig', 'year', ',', 'I', 'sho@@', 'wed', 'this', 'two', 'sli@@', 'des', 'to', 'show', 'that', 'the', 'p@@', 'oo@@', 'li@@', 'sk@@', 'a@@', 'p', ',', 'who', 'had', 'the', 'last', 'three', 'million', 'years', 'of', 'the', 'size', 'of', 'the', 'U.S.', ',', 'to', 'have', 'the', 'last', 'three', 'million', 'years', 'of', 'the', 'United', 'States', ',', 'with', '40', 'percent', '.', '</s>']
2026-05-28 08:49:51,363 - INFO - joeynmt.training - 	Source:     Vorig jaar liet ik deze twee dia &apos; s zien om aan te tonen dat de poolijskap , die de afgelopen drie miljoen jaar ongeveer de grootte had van het vasteland van de VS , met 40 % gekrompen was .
2026-05-28 08:49:51,363 - INFO - joeynmt.training - 	Reference:  Last year I showed these two slides so that demonstrate that the arctic ice cap , which for most of the last three million years has been the size of the lower 48 states , has shrunk by 40 percent .
2026-05-28 08:49:51,363 - INFO - joeynmt.training - 	Hypothesis: Fig year , I showed this two slides to show that the pooliskap , who had the last three million years of the size of the U.S. , to have the last three million years of the United States , with 40 percent .
2026-05-28 08:49:51,363 - INFO - joeynmt.training - Example #1
2026-05-28 08:49:51,364 - DEBUG - joeynmt.training - 	Tokenized source:     ['Maar', 'dit', 'onder@@', 'sch@@', 'at', 'eigenlijk', 'de', 'er@@', 'n@@', 'st', 'van', 'dit', 'specif@@', 'ieke', 'probleem', 'omdat', 'het', 'niet', 'de', 'di@@', 'kte', 'van', 'het', 'ij@@', 's', 'laat', 'zien', '.']
2026-05-28 08:49:51,364 - DEBUG - joeynmt.training - 	Tokenized reference:  ['But', 'this', 'under@@', 'st@@', 'ates', 'the', 'ser@@', 'i@@', 'ous@@', 'ness', 'of', 'this', 'particular', 'problem', 'because', 'it', 'doesn', '&apos;t', 'show', 'the', 'th@@', 'ick@@', 'ness', 'of', 'the', 'ice', '.']
2026-05-28 08:49:51,364 - DEBUG - joeynmt.training - 	Tokenized hypothesis: ['But', 'this', 'under@@', 'st@@', 'ood', ',', 'the', 'er@@', 'n@@', 'st', 'of', 'this', 'speci@@', 'fic', 'problem', 'because', 'it', 'doesn', '&apos;t', 'have', 'the', 'di@@', 'stri@@', 'bu@@', 'te', '.', '</s>']
2026-05-28 08:49:51,364 - INFO - joeynmt.training - 	Source:     Maar dit onderschat eigenlijk de ernst van dit specifieke probleem omdat het niet de dikte van het ijs laat zien .
2026-05-28 08:49:51,364 - INFO - joeynmt.training - 	Reference:  But this understates the seriousness of this particular problem because it doesn &apos;t show the thickness of the ice .
2026-05-28 08:49:51,364 - INFO - joeynmt.training - 	Hypothesis: But this understood , the ernst of this specific problem because it doesn &apos;t have the distribute .
2026-05-28 08:49:51,364 - INFO - joeynmt.training - Example #2
2026-05-28 08:49:51,364 - DEBUG - joeynmt.training - 	Tokenized source:     ['De', 'ij@@', 'sk@@', 'a@@', 'p', 'op', 'de', 'N@@', 'oor@@', 'd@@', 'p@@', 'ool', 'is', 'in', 'ze@@', 'kere', 'zin', 'het', 'kl@@', 'op@@', 'p@@', 'end', 'har@@', 't', 'van', 'ons', 'glob@@', 'aal', 'kli@@', 'maat@@', 'systeem', '.']
2026-05-28 08:49:51,364 - DEBUG - joeynmt.training - 	Tokenized reference:  ['The', 'ar@@', 'c@@', 'tic', 'ice', 'ca@@', 'p', 'is', ',', 'in', 'a', 'sense', ',', 'the', 'be@@', 'ating', 'heart', 'of', 'the', 'global', 'climate', 'system', '.']
2026-05-28 08:49:51,364 - DEBUG - joeynmt.training - 	Tokenized hypothesis: ['The', 'ice', 'ice', 'is', 'on', 'the', 'N@@', 'oor@@', 'th', 'P@@', 'ole', 'is', 'in', 'a', 'sense', ',', 'it', '&apos;s', 'going', 'to', 'a', 'sense', 'of', 'the', 'world', 'of', 'our', 'global', 'climate', 'system', '.', '</s>']
2026-05-28 08:49:51,364 - INFO - joeynmt.training - 	Source:     De ijskap op de Noordpool is in zekere zin het kloppend hart van ons globaal klimaatsysteem .
2026-05-28 08:49:51,364 - INFO - joeynmt.training - 	Reference:  The arctic ice cap is , in a sense , the beating heart of the global climate system .
2026-05-28 08:49:51,364 - INFO - joeynmt.training - 	Hypothesis: The ice ice is on the Noorth Pole is in a sense , it &apos;s going to a sense of the world of our global climate system .
2026-05-28 08:49:51,364 - INFO - joeynmt.training - Example #3
2026-05-28 08:49:51,364 - DEBUG - joeynmt.training - 	Tokenized source:     ['Het', 'zet', 'uit', 'in', 'de', 'win@@', 'ter', 'en', 'k@@', 'ri@@', 'mp@@', 't', 'in', 'de', 'z@@', 'om@@', 'er', '.']
2026-05-28 08:49:51,364 - DEBUG - joeynmt.training - 	Tokenized reference:  ['It', 'exp@@', 'ands', 'in', 'win@@', 'ter', 'and', 'con@@', 'trac@@', 'ts', 'in', 'su@@', 'mmer', '.']
2026-05-28 08:49:51,364 - DEBUG - joeynmt.training - 	Tokenized hypothesis: ['It', '&apos;s', 'going', 'to', 'put', 'out', 'in', 'the', 'win@@', 'ter', 'and', 'c@@', 'ri@@', 'mp@@', 't', 'in', 'the', 's@@', 'om@@', 'er', '.', '</s>']
2026-05-28 08:49:51,365 - INFO - joeynmt.training - 	Source:     Het zet uit in de winter en krimpt in de zomer .
2026-05-28 08:49:51,365 - INFO - joeynmt.training - 	Reference:  It expands in winter and contracts in summer .
2026-05-28 08:49:51,365 - INFO - joeynmt.training - 	Hypothesis: It &apos;s going to put out in the winter and crimpt in the somer .
2026-05-28 08:49:51,365 - INFO - joeynmt.training - Example #4
2026-05-28 08:49:51,365 - DEBUG - joeynmt.training - 	Tokenized source:     ['De', 'volgende', 'dia', 'die', 'ik', 'laat', 'zien', 'is', 'een', 'vers@@', 'n@@', 'elde', 'ver@@', 'sie', 'van', 'wat', 'er', 'de', 'afgelopen', '25', 'jaar', 'is', 'gebeurd', '.']
2026-05-28 08:49:51,365 - DEBUG - joeynmt.training - 	Tokenized reference:  ['The', 'next', 'sli@@', 'de', 'I', 'show', 'you', 'will', 'be', 'a', 'r@@', 'ap@@', 'id', 'fa@@', 'st-@@', 'forward', 'of', 'what', '&apos;s', 'happened', 'over', 'the', 'last', '25', 'years', '.']
2026-05-28 08:49:51,365 - DEBUG - joeynmt.training - 	Tokenized hypothesis: ['The', 'next', 'sli@@', 'de', 'I', '&apos;m', 'going', 'to', 'show', ',', 'is', 'a', 'vers@@', 'ation', 'of', 'what', '&apos;s', 'happened', 'the', 'last', '25', 'years', '.', '</s>']
2026-05-28 08:49:51,365 - INFO - joeynmt.training - 	Source:     De volgende dia die ik laat zien is een versnelde versie van wat er de afgelopen 25 jaar is gebeurd .
2026-05-28 08:49:51,365 - INFO - joeynmt.training - 	Reference:  The next slide I show you will be a rapid fast-forward of what &apos;s happened over the last 25 years .
2026-05-28 08:49:51,365 - INFO - joeynmt.training - 	Hypothesis: The next slide I &apos;m going to show , is a versation of what &apos;s happened the last 25 years .
2026-05-28 08:50:05,076 - INFO - joeynmt.training - Epoch   2, Step:     5100, Batch Loss:     1.931111, Batch Acc: 0.495534, Tokens per Sec:     5419, Lr: 0.000300
2026-05-28 08:50:19,574 - INFO - joeynmt.training - Epoch   2, Step:     5200, Batch Loss:     1.838390, Batch Acc: 0.493068, Tokens per Sec:     5010, Lr: 0.000300
2026-05-28 08:50:33,342 - INFO - joeynmt.training - Epoch   2, Step:     5300, Batch Loss:     1.878329, Batch Acc: 0.505800, Tokens per Sec:     5467, Lr: 0.000300
2026-05-28 08:50:47,396 - INFO - joeynmt.training - Epoch   2, Step:     5400, Batch Loss:     2.008465, Batch Acc: 0.497826, Tokens per Sec:     5400, Lr: 0.000300
2026-05-28 08:51:02,678 - INFO - joeynmt.training - Epoch   2, Step:     5500, Batch Loss:     1.615318, Batch Acc: 0.500925, Tokens per Sec:     4916, Lr: 0.000300
2026-05-28 08:51:02,679 - WARNING - joeynmt.helpers - `alpha` option is obsolete. Please use `beam_alpha`, instead.
2026-05-28 08:51:02,679 - INFO - joeynmt.prediction - Predicting 1003 example(s)... (Greedy decoding with min_output_length=1, max_output_length=-1, return_prob='none', generate_unk=True, repetition_penalty=-1, no_repeat_ngram_size=-1)
2026-05-28 08:51:40,983 - INFO - joeynmt.prediction - Evaluation result (greedy) loss:   2.16, ppl:   8.68, acc:   0.43, generation: 38.2964[sec], evaluation: 0.0000[sec]
2026-05-28 08:51:40,985 - INFO - joeynmt.training - Hooray! New best validation result [ppl]!
2026-05-28 08:51:41,113 - INFO - joeynmt.helpers - delete models/tf_bpe_4000_nl_en/3000.ckpt
2026-05-28 08:51:41,115 - INFO - joeynmt.training - Example #0
2026-05-28 08:51:41,115 - DEBUG - joeynmt.training - 	Tokenized source:     ['V@@', 'or@@', 'ig', 'jaar', 'liet', 'ik', 'deze', 'twee', 'dia', '&apos;', 's', 'zien', 'om', 'aan', 'te', 'tonen', 'dat', 'de', 'p@@', 'oo@@', 'lij@@', 'sk@@', 'a@@', 'p', ',', 'die', 'de', 'afgelopen', 'drie', 'miljoen', 'jaar', 'ongeveer', 'de', 'groot@@', 'te', 'had', 'van', 'het', 'va@@', 'stel@@', 'and', 'van', 'de', 'VS', ',', 'met', '40', '%', 'ge@@', 'k@@', 'rom@@', 'pen', 'was', '.']
2026-05-28 08:51:41,116 - DEBUG - joeynmt.training - 	Tokenized reference:  ['La@@', 'st', 'year', 'I', 'sho@@', 'wed', 'these', 'two', 'sli@@', 'des', 'so', 'that', 'de@@', 'mon@@', 'str@@', 'ate', 'that', 'the', 'ar@@', 'c@@', 'tic', 'ice', 'ca@@', 'p', ',', 'which', 'for', 'most', 'of', 'the', 'last', 'three', 'million', 'years', 'has', 'been', 'the', 'size', 'of', 'the', 'lo@@', 'wer', '4@@', '8', 'st@@', 'ates', ',', 'has', 'sh@@', 'run@@', 'k', 'by', '40', 'percent', '.']
2026-05-28 08:51:41,116 - DEBUG - joeynmt.training - 	Tokenized hypothesis: ['And', 'so', 'I', 'got', 'this', 'two', 'sli@@', 'de', 'to', 'show', 'that', 'the', 'p@@', 'oo@@', 'ds', 'of', 'the', 'p@@', 'oo@@', 'ling', 'sk@@', 'il@@', 'ls', ',', 'which', 'was', 'the', 'past', 'three', 'million', 'years', 'about', 'the', 'size', 'of', 'the', 'size', 'of', 'the', 'United', 'States', ',', 'with', '40', 'percent', 'of', 'the', 'United', 'States', ',', 'with', '40', 'percent', 'of', 'the', 'United', 'States', ',', 'with', '40', 'percent', 'of', 'the', 'United', 'States', ',', '</s>']
2026-05-28 08:51:41,116 - INFO - joeynmt.training - 	Source:     Vorig jaar liet ik deze twee dia &apos; s zien om aan te tonen dat de poolijskap , die de afgelopen drie miljoen jaar ongeveer de grootte had van het vasteland van de VS , met 40 % gekrompen was .
2026-05-28 08:51:41,116 - INFO - joeynmt.training - 	Reference:  Last year I showed these two slides so that demonstrate that the arctic ice cap , which for most of the last three million years has been the size of the lower 48 states , has shrunk by 40 percent .
2026-05-28 08:51:41,116 - INFO - joeynmt.training - 	Hypothesis: And so I got this two slide to show that the poods of the pooling skills , which was the past three million years about the size of the size of the United States , with 40 percent of the United States , with 40 percent of the United States , with 40 percent of the United States ,
2026-05-28 08:51:41,116 - INFO - joeynmt.training - Example #1
2026-05-28 08:51:41,116 - DEBUG - joeynmt.training - 	Tokenized source:     ['Maar', 'dit', 'onder@@', 'sch@@', 'at', 'eigenlijk', 'de', 'er@@', 'n@@', 'st', 'van', 'dit', 'specif@@', 'ieke', 'probleem', 'omdat', 'het', 'niet', 'de', 'di@@', 'kte', 'van', 'het', 'ij@@', 's', 'laat', 'zien', '.']
2026-05-28 08:51:41,116 - DEBUG - joeynmt.training - 	Tokenized reference:  ['But', 'this', 'under@@', 'st@@', 'ates', 'the', 'ser@@', 'i@@', 'ous@@', 'ness', 'of', 'this', 'particular', 'problem', 'because', 'it', 'doesn', '&apos;t', 'show', 'the', 'th@@', 'ick@@', 'ness', 'of', 'the', 'ice', '.']
2026-05-28 08:51:41,116 - DEBUG - joeynmt.training - 	Tokenized hypothesis: ['But', 'this', 'is', 'actually', 'the', 'ex@@', 'tra@@', 'ordinary', 'problem', 'because', 'the', 'ice', 'of', 'this', 'particular', 'problem', 'because', 'it', 'doesn', '&apos;t', 'see', 'the', 'ice', 'of', 'the', 'ice', '.', '</s>']
2026-05-28 08:51:41,116 - INFO - joeynmt.training - 	Source:     Maar dit onderschat eigenlijk de ernst van dit specifieke probleem omdat het niet de dikte van het ijs laat zien .
2026-05-28 08:51:41,116 - INFO - joeynmt.training - 	Reference:  But this understates the seriousness of this particular problem because it doesn &apos;t show the thickness of the ice .
2026-05-28 08:51:41,116 - INFO - joeynmt.training - 	Hypothesis: But this is actually the extraordinary problem because the ice of this particular problem because it doesn &apos;t see the ice of the ice .
2026-05-28 08:51:41,116 - INFO - joeynmt.training - Example #2
2026-05-28 08:51:41,116 - DEBUG - joeynmt.training - 	Tokenized source:     ['De', 'ij@@', 'sk@@', 'a@@', 'p', 'op', 'de', 'N@@', 'oor@@', 'd@@', 'p@@', 'ool', 'is', 'in', 'ze@@', 'kere', 'zin', 'het', 'kl@@', 'op@@', 'p@@', 'end', 'har@@', 't', 'van', 'ons', 'glob@@', 'aal', 'kli@@', 'maat@@', 'systeem', '.']
2026-05-28 08:51:41,116 - DEBUG - joeynmt.training - 	Tokenized reference:  ['The', 'ar@@', 'c@@', 'tic', 'ice', 'ca@@', 'p', 'is', ',', 'in', 'a', 'sense', ',', 'the', 'be@@', 'ating', 'heart', 'of', 'the', 'global', 'climate', 'system', '.']
2026-05-28 08:51:41,116 - DEBUG - joeynmt.training - 	Tokenized hypothesis: ['The', 'ice', 'sk@@', 'il@@', 'ls', 'on', 'the', 'Nor@@', 'th', 'p@@', 'p@@', 'ool', 'is', 'in', 'a', 'sense', 'the', 'right', 'of', 'our', 'global', 'climate', 'system', '.', '</s>']
2026-05-28 08:51:41,117 - INFO - joeynmt.training - 	Source:     De ijskap op de Noordpool is in zekere zin het kloppend hart van ons globaal klimaatsysteem .
2026-05-28 08:51:41,117 - INFO - joeynmt.training - 	Reference:  The arctic ice cap is , in a sense , the beating heart of the global climate system .
2026-05-28 08:51:41,117 - INFO - joeynmt.training - 	Hypothesis: The ice skills on the North ppool is in a sense the right of our global climate system .
2026-05-28 08:51:41,117 - INFO - joeynmt.training - Example #3
2026-05-28 08:51:41,117 - DEBUG - joeynmt.training - 	Tokenized source:     ['Het', 'zet', 'uit', 'in', 'de', 'win@@', 'ter', 'en', 'k@@', 'ri@@', 'mp@@', 't', 'in', 'de', 'z@@', 'om@@', 'er', '.']
2026-05-28 08:51:41,117 - DEBUG - joeynmt.training - 	Tokenized reference:  ['It', 'exp@@', 'ands', 'in', 'win@@', 'ter', 'and', 'con@@', 'trac@@', 'ts', 'in', 'su@@', 'mmer', '.']
2026-05-28 08:51:41,117 - DEBUG - joeynmt.training - 	Tokenized hypothesis: ['It', '&apos;s', 'going', 'to', 'the', 'win@@', 'ter', 'and', 'c@@', 'ri@@', 'mp@@', 't', 'in', 'the', 's@@', 'oon', '.', '</s>']
2026-05-28 08:51:41,117 - INFO - joeynmt.training - 	Source:     Het zet uit in de winter en krimpt in de zomer .
2026-05-28 08:51:41,117 - INFO - joeynmt.training - 	Reference:  It expands in winter and contracts in summer .
2026-05-28 08:51:41,117 - INFO - joeynmt.training - 	Hypothesis: It &apos;s going to the winter and crimpt in the soon .
2026-05-28 08:51:41,117 - INFO - joeynmt.training - Example #4
2026-05-28 08:51:41,117 - DEBUG - joeynmt.training - 	Tokenized source:     ['De', 'volgende', 'dia', 'die', 'ik', 'laat', 'zien', 'is', 'een', 'vers@@', 'n@@', 'elde', 'ver@@', 'sie', 'van', 'wat', 'er', 'de', 'afgelopen', '25', 'jaar', 'is', 'gebeurd', '.']
2026-05-28 08:51:41,117 - DEBUG - joeynmt.training - 	Tokenized reference:  ['The', 'next', 'sli@@', 'de', 'I', 'show', 'you', 'will', 'be', 'a', 'r@@', 'ap@@', 'id', 'fa@@', 'st-@@', 'forward', 'of', 'what', '&apos;s', 'happened', 'over', 'the', 'last', '25', 'years', '.']
2026-05-28 08:51:41,117 - DEBUG - joeynmt.training - 	Tokenized hypothesis: ['The', 'next', 'sli@@', 'de', 'I', '&apos;m', 'going', 'to', 'show', 'is', 'a', 'vers@@', 'us', 'about', 'what', '&apos;s', 'happened', 'to', 'be', 'happened', 'to', 'be', '.', '</s>']
2026-05-28 08:51:41,117 - INFO - joeynmt.training - 	Source:     De volgende dia die ik laat zien is een versnelde versie van wat er de afgelopen 25 jaar is gebeurd .
2026-05-28 08:51:41,118 - INFO - joeynmt.training - 	Reference:  The next slide I show you will be a rapid fast-forward of what &apos;s happened over the last 25 years .
2026-05-28 08:51:41,118 - INFO - joeynmt.training - 	Hypothesis: The next slide I &apos;m going to show is a versus about what &apos;s happened to be happened to be .
2026-05-28 08:51:55,112 - INFO - joeynmt.training - Epoch   2, Step:     5600, Batch Loss:     1.580624, Batch Acc: 0.506305, Tokens per Sec:     5282, Lr: 0.000300
2026-05-28 08:52:09,643 - INFO - joeynmt.training - Epoch   2, Step:     5700, Batch Loss:     1.994633, Batch Acc: 0.505944, Tokens per Sec:     5129, Lr: 0.000300
2026-05-28 08:52:24,742 - INFO - joeynmt.training - Epoch   2, Step:     5800, Batch Loss:     1.644859, Batch Acc: 0.513891, Tokens per Sec:     5087, Lr: 0.000300
2026-05-28 08:52:39,320 - INFO - joeynmt.training - Epoch   2, Step:     5900, Batch Loss:     1.966670, Batch Acc: 0.511148, Tokens per Sec:     5052, Lr: 0.000300
2026-05-28 08:52:53,301 - INFO - joeynmt.training - Epoch   2, Step:     6000, Batch Loss:     1.695102, Batch Acc: 0.516100, Tokens per Sec:     5245, Lr: 0.000300
2026-05-28 08:52:53,302 - WARNING - joeynmt.helpers - `alpha` option is obsolete. Please use `beam_alpha`, instead.
2026-05-28 08:52:53,302 - INFO - joeynmt.prediction - Predicting 1003 example(s)... (Greedy decoding with min_output_length=1, max_output_length=-1, return_prob='none', generate_unk=True, repetition_penalty=-1, no_repeat_ngram_size=-1)
2026-05-28 08:53:20,563 - INFO - joeynmt.prediction - Evaluation result (greedy) loss:   2.13, ppl:   8.40, acc:   0.44, generation: 27.2527[sec], evaluation: 0.0000[sec]
2026-05-28 08:53:20,564 - INFO - joeynmt.training - Hooray! New best validation result [ppl]!
2026-05-28 08:53:20,682 - INFO - joeynmt.helpers - delete models/tf_bpe_4000_nl_en/3500.ckpt
2026-05-28 08:53:20,683 - INFO - joeynmt.training - Example #0
2026-05-28 08:53:20,683 - DEBUG - joeynmt.training - 	Tokenized source:     ['V@@', 'or@@', 'ig', 'jaar', 'liet', 'ik', 'deze', 'twee', 'dia', '&apos;', 's', 'zien', 'om', 'aan', 'te', 'tonen', 'dat', 'de', 'p@@', 'oo@@', 'lij@@', 'sk@@', 'a@@', 'p', ',', 'die', 'de', 'afgelopen', 'drie', 'miljoen', 'jaar', 'ongeveer', 'de', 'groot@@', 'te', 'had', 'van', 'het', 'va@@', 'stel@@', 'and', 'van', 'de', 'VS', ',', 'met', '40', '%', 'ge@@', 'k@@', 'rom@@', 'pen', 'was', '.']
2026-05-28 08:53:20,683 - DEBUG - joeynmt.training - 	Tokenized reference:  ['La@@', 'st', 'year', 'I', 'sho@@', 'wed', 'these', 'two', 'sli@@', 'des', 'so', 'that', 'de@@', 'mon@@', 'str@@', 'ate', 'that', 'the', 'ar@@', 'c@@', 'tic', 'ice', 'ca@@', 'p', ',', 'which', 'for', 'most', 'of', 'the', 'last', 'three', 'million', 'years', 'has', 'been', 'the', 'size', 'of', 'the', 'lo@@', 'wer', '4@@', '8', 'st@@', 'ates', ',', 'has', 'sh@@', 'run@@', 'k', 'by', '40', 'percent', '.']
2026-05-28 08:53:20,683 - DEBUG - joeynmt.training - 	Tokenized hypothesis: ['And', 'I', 'sho@@', 'wed', 'this', 'two', 'sli@@', 'de', 'was', 'the', 'two', 'sli@@', 'de', 'to', 'show', 'that', 'the', 'p@@', 'oo@@', 'li@@', 'sk@@', 'il@@', 'ls', ',', 'which', 'the', 'last', 'three', 'million', 'years', ',', 'in', 'the', 'last', 'three', 'million', 'years', ',', 'with', '40', 'percent', 'of', 'the', 'U.S.', ',', 'with', '40', 'percent', 'of', 'the', 'U.S.', ',', 'with', '40', 'percent', '.', '</s>']
2026-05-28 08:53:20,683 - INFO - joeynmt.training - 	Source:     Vorig jaar liet ik deze twee dia &apos; s zien om aan te tonen dat de poolijskap , die de afgelopen drie miljoen jaar ongeveer de grootte had van het vasteland van de VS , met 40 % gekrompen was .
2026-05-28 08:53:20,683 - INFO - joeynmt.training - 	Reference:  Last year I showed these two slides so that demonstrate that the arctic ice cap , which for most of the last three million years has been the size of the lower 48 states , has shrunk by 40 percent .
2026-05-28 08:53:20,683 - INFO - joeynmt.training - 	Hypothesis: And I showed this two slide was the two slide to show that the pooliskills , which the last three million years , in the last three million years , with 40 percent of the U.S. , with 40 percent of the U.S. , with 40 percent .
2026-05-28 08:53:20,683 - INFO - joeynmt.training - Example #1
2026-05-28 08:53:20,684 - DEBUG - joeynmt.training - 	Tokenized source:     ['Maar', 'dit', 'onder@@', 'sch@@', 'at', 'eigenlijk', 'de', 'er@@', 'n@@', 'st', 'van', 'dit', 'specif@@', 'ieke', 'probleem', 'omdat', 'het', 'niet', 'de', 'di@@', 'kte', 'van', 'het', 'ij@@', 's', 'laat', 'zien', '.']
2026-05-28 08:53:20,684 - DEBUG - joeynmt.training - 	Tokenized reference:  ['But', 'this', 'under@@', 'st@@', 'ates', 'the', 'ser@@', 'i@@', 'ous@@', 'ness', 'of', 'this', 'particular', 'problem', 'because', 'it', 'doesn', '&apos;t', 'show', 'the', 'th@@', 'ick@@', 'ness', 'of', 'the', 'ice', '.']
2026-05-28 08:53:20,684 - DEBUG - joeynmt.training - 	Tokenized hypothesis: ['But', 'this', 'is', ',', 'the', 'en@@', 'ga@@', 'in', ',', 'the', 'fact', 'of', 'this', 'particular', 'problem', 'because', 'it', 'doesn', '&apos;t', 'see', 'the', 'di@@', 'stri@@', 'bu@@', 'ted', 'of', 'the', 'ice', '.', '</s>']
2026-05-28 08:53:20,684 - INFO - joeynmt.training - 	Source:     Maar dit onderschat eigenlijk de ernst van dit specifieke probleem omdat het niet de dikte van het ijs laat zien .
2026-05-28 08:53:20,684 - INFO - joeynmt.training - 	Reference:  But this understates the seriousness of this particular problem because it doesn &apos;t show the thickness of the ice .
2026-05-28 08:53:20,684 - INFO - joeynmt.training - 	Hypothesis: But this is , the engain , the fact of this particular problem because it doesn &apos;t see the distributed of the ice .
2026-05-28 08:53:20,684 - INFO - joeynmt.training - Example #2
2026-05-28 08:53:20,684 - DEBUG - joeynmt.training - 	Tokenized source:     ['De', 'ij@@', 'sk@@', 'a@@', 'p', 'op', 'de', 'N@@', 'oor@@', 'd@@', 'p@@', 'ool', 'is', 'in', 'ze@@', 'kere', 'zin', 'het', 'kl@@', 'op@@', 'p@@', 'end', 'har@@', 't', 'van', 'ons', 'glob@@', 'aal', 'kli@@', 'maat@@', 'systeem', '.']
2026-05-28 08:53:20,684 - DEBUG - joeynmt.training - 	Tokenized reference:  ['The', 'ar@@', 'c@@', 'tic', 'ice', 'ca@@', 'p', 'is', ',', 'in', 'a', 'sense', ',', 'the', 'be@@', 'ating', 'heart', 'of', 'the', 'global', 'climate', 'system', '.']
2026-05-28 08:53:20,684 - DEBUG - joeynmt.training - 	Tokenized hypothesis: ['The', 'ice', 'sk@@', 'a@@', 'p', 'on', 'the', 'Nor@@', 'th', 'p@@', 'ool', 'is', 'in', 'a', 'certain', 'sense', 'of', 'the', 'global', 'heart', 'of', 'our', 'global', 'climate', 'system', '.', '</s>']
2026-05-28 08:53:20,684 - INFO - joeynmt.training - 	Source:     De ijskap op de Noordpool is in zekere zin het kloppend hart van ons globaal klimaatsysteem .
2026-05-28 08:53:20,684 - INFO - joeynmt.training - 	Reference:  The arctic ice cap is , in a sense , the beating heart of the global climate system .
2026-05-28 08:53:20,684 - INFO - joeynmt.training - 	Hypothesis: The ice skap on the North pool is in a certain sense of the global heart of our global climate system .
2026-05-28 08:53:20,684 - INFO - joeynmt.training - Example #3
2026-05-28 08:53:20,684 - DEBUG - joeynmt.training - 	Tokenized source:     ['Het', 'zet', 'uit', 'in', 'de', 'win@@', 'ter', 'en', 'k@@', 'ri@@', 'mp@@', 't', 'in', 'de', 'z@@', 'om@@', 'er', '.']
2026-05-28 08:53:20,684 - DEBUG - joeynmt.training - 	Tokenized reference:  ['It', 'exp@@', 'ands', 'in', 'win@@', 'ter', 'and', 'con@@', 'trac@@', 'ts', 'in', 'su@@', 'mmer', '.']
2026-05-28 08:53:20,684 - DEBUG - joeynmt.training - 	Tokenized hypothesis: ['It', '&apos;s', 'in', 'the', 'win@@', 'ter', 'and', 'c@@', 'ri@@', 'mp@@', 't', 'in', 'the', 's@@', 's@@', 'om@@', 'er', '.', '</s>']
2026-05-28 08:53:20,685 - INFO - joeynmt.training - 	Source:     Het zet uit in de winter en krimpt in de zomer .
2026-05-28 08:53:20,685 - INFO - joeynmt.training - 	Reference:  It expands in winter and contracts in summer .
2026-05-28 08:53:20,685 - INFO - joeynmt.training - 	Hypothesis: It &apos;s in the winter and crimpt in the ssomer .
2026-05-28 08:53:20,685 - INFO - joeynmt.training - Example #4
2026-05-28 08:53:20,685 - DEBUG - joeynmt.training - 	Tokenized source:     ['De', 'volgende', 'dia', 'die', 'ik', 'laat', 'zien', 'is', 'een', 'vers@@', 'n@@', 'elde', 'ver@@', 'sie', 'van', 'wat', 'er', 'de', 'afgelopen', '25', 'jaar', 'is', 'gebeurd', '.']
2026-05-28 08:53:20,685 - DEBUG - joeynmt.training - 	Tokenized reference:  ['The', 'next', 'sli@@', 'de', 'I', 'show', 'you', 'will', 'be', 'a', 'r@@', 'ap@@', 'id', 'fa@@', 'st-@@', 'forward', 'of', 'what', '&apos;s', 'happened', 'over', 'the', 'last', '25', 'years', '.']
2026-05-28 08:53:20,685 - DEBUG - joeynmt.training - 	Tokenized hypothesis: ['The', 'next', 'sli@@', 'de', 'I', '&apos;m', 'going', 'to', 'show', 'a', 'vers@@', 'us', ',', 'a', 'ver@@', 'sion', 'of', 'what', 'the', 'last', '25', 'years', '.', '</s>']
2026-05-28 08:53:20,685 - INFO - joeynmt.training - 	Source:     De volgende dia die ik laat zien is een versnelde versie van wat er de afgelopen 25 jaar is gebeurd .
2026-05-28 08:53:20,685 - INFO - joeynmt.training - 	Reference:  The next slide I show you will be a rapid fast-forward of what &apos;s happened over the last 25 years .
2026-05-28 08:53:20,685 - INFO - joeynmt.training - 	Hypothesis: The next slide I &apos;m going to show a versus , a version of what the last 25 years .
2026-05-28 08:53:35,782 - INFO - joeynmt.training - Epoch   2, Step:     6100, Batch Loss:     1.744052, Batch Acc: 0.516084, Tokens per Sec:     4976, Lr: 0.000300
2026-05-28 08:53:50,470 - INFO - joeynmt.training - Epoch   2, Step:     6200, Batch Loss:     1.845279, Batch Acc: 0.516481, Tokens per Sec:     5096, Lr: 0.000300
2026-05-28 08:54:04,806 - INFO - joeynmt.training - Epoch   2, Step:     6300, Batch Loss:     1.767326, Batch Acc: 0.515369, Tokens per Sec:     5034, Lr: 0.000300
2026-05-28 08:54:18,778 - INFO - joeynmt.training - Epoch   2, Step:     6400, Batch Loss:     2.072391, Batch Acc: 0.516900, Tokens per Sec:     5368, Lr: 0.000300
2026-05-28 08:54:33,739 - INFO - joeynmt.training - Epoch   2, Step:     6500, Batch Loss:     1.669791, Batch Acc: 0.520312, Tokens per Sec:     5004, Lr: 0.000300
2026-05-28 08:54:33,739 - WARNING - joeynmt.helpers - `alpha` option is obsolete. Please use `beam_alpha`, instead.
2026-05-28 08:54:33,739 - INFO - joeynmt.prediction - Predicting 1003 example(s)... (Greedy decoding with min_output_length=1, max_output_length=-1, return_prob='none', generate_unk=True, repetition_penalty=-1, no_repeat_ngram_size=-1)
2026-05-28 08:55:06,067 - INFO - joeynmt.prediction - Evaluation result (greedy) loss:   2.09, ppl:   8.07, acc:   0.45, generation: 32.3189[sec], evaluation: 0.0000[sec]
2026-05-28 08:55:06,068 - INFO - joeynmt.training - Hooray! New best validation result [ppl]!
2026-05-28 08:55:06,215 - INFO - joeynmt.helpers - delete models/tf_bpe_4000_nl_en/4000.ckpt
2026-05-28 08:55:06,219 - INFO - joeynmt.training - Example #0
2026-05-28 08:55:06,219 - DEBUG - joeynmt.training - 	Tokenized source:     ['V@@', 'or@@', 'ig', 'jaar', 'liet', 'ik', 'deze', 'twee', 'dia', '&apos;', 's', 'zien', 'om', 'aan', 'te', 'tonen', 'dat', 'de', 'p@@', 'oo@@', 'lij@@', 'sk@@', 'a@@', 'p', ',', 'die', 'de', 'afgelopen', 'drie', 'miljoen', 'jaar', 'ongeveer', 'de', 'groot@@', 'te', 'had', 'van', 'het', 'va@@', 'stel@@', 'and', 'van', 'de', 'VS', ',', 'met', '40', '%', 'ge@@', 'k@@', 'rom@@', 'pen', 'was', '.']
2026-05-28 08:55:06,219 - DEBUG - joeynmt.training - 	Tokenized reference:  ['La@@', 'st', 'year', 'I', 'sho@@', 'wed', 'these', 'two', 'sli@@', 'des', 'so', 'that', 'de@@', 'mon@@', 'str@@', 'ate', 'that', 'the', 'ar@@', 'c@@', 'tic', 'ice', 'ca@@', 'p', ',', 'which', 'for', 'most', 'of', 'the', 'last', 'three', 'million', 'years', 'has', 'been', 'the', 'size', 'of', 'the', 'lo@@', 'wer', '4@@', '8', 'st@@', 'ates', ',', 'has', 'sh@@', 'run@@', 'k', 'by', '40', 'percent', '.']
2026-05-28 08:55:06,219 - DEBUG - joeynmt.training - 	Tokenized hypothesis: ['And', 'I', 'sho@@', 'wed', 'this', 'two', 'sli@@', 'de', 'of', 'the', 'sli@@', 'des', 'to', 'show', 'that', 'the', 'p@@', 'oo@@', 'ling', 'sk@@', 'in', ',', 'which', 'the', 'p@@', 'oo@@', 'ling', 'sk@@', 'ke', ',', 'which', 'was', 'about', 'the', 'size', 'of', 'the', 'U.S.', ',', 'with', '40', 'percent', 'of', 'the', 'U.S.', ',', 'with', '40', 'percent', 'of', 'the', 'U.S.', ',', 'with', '40', 'percent', 'of', 'the', 'U.S.', ',', 'with', '40', 'percent', 'of', 'the', 'U.S.', ',', 'with', '40', 'percent', 'of', 'the', 'U.S.', ',', 'with', '40', 'percent', 'of', 'the', 'U.S.', ',', 'with', '40', 'percent', 'of', 'the', 'size', 'of', 'the', 'U.S.', ',', '</s>']
2026-05-28 08:55:06,219 - INFO - joeynmt.training - 	Source:     Vorig jaar liet ik deze twee dia &apos; s zien om aan te tonen dat de poolijskap , die de afgelopen drie miljoen jaar ongeveer de grootte had van het vasteland van de VS , met 40 % gekrompen was .
2026-05-28 08:55:06,219 - INFO - joeynmt.training - 	Reference:  Last year I showed these two slides so that demonstrate that the arctic ice cap , which for most of the last three million years has been the size of the lower 48 states , has shrunk by 40 percent .
2026-05-28 08:55:06,219 - INFO - joeynmt.training - 	Hypothesis: And I showed this two slide of the slides to show that the pooling skin , which the pooling skke , which was about the size of the U.S. , with 40 percent of the U.S. , with 40 percent of the U.S. , with 40 percent of the U.S. , with 40 percent of the U.S. , with 40 percent of the U.S. , with 40 percent of the U.S. , with 40 percent of the size of the U.S. ,
2026-05-28 08:55:06,219 - INFO - joeynmt.training - Example #1
2026-05-28 08:55:06,219 - DEBUG - joeynmt.training - 	Tokenized source:     ['Maar', 'dit', 'onder@@', 'sch@@', 'at', 'eigenlijk', 'de', 'er@@', 'n@@', 'st', 'van', 'dit', 'specif@@', 'ieke', 'probleem', 'omdat', 'het', 'niet', 'de', 'di@@', 'kte', 'van', 'het', 'ij@@', 's', 'laat', 'zien', '.']
2026-05-28 08:55:06,219 - DEBUG - joeynmt.training - 	Tokenized reference:  ['But', 'this', 'under@@', 'st@@', 'ates', 'the', 'ser@@', 'i@@', 'ous@@', 'ness', 'of', 'this', 'particular', 'problem', 'because', 'it', 'doesn', '&apos;t', 'show', 'the', 'th@@', 'ick@@', 'ness', 'of', 'the', 'ice', '.']
2026-05-28 08:55:06,219 - DEBUG - joeynmt.training - 	Tokenized hypothesis: ['But', 'this', 'is', 'actually', 'the', 're@@', 'sc@@', 'en@@', 'ed', 'of', 'this', 'particular', 'problem', 'because', 'it', 'doesn', '&apos;t', 'have', 'the', 'di@@', 'ved', 'of', 'the', 'ice', '.', '</s>']
2026-05-28 08:55:06,220 - INFO - joeynmt.training - 	Source:     Maar dit onderschat eigenlijk de ernst van dit specifieke probleem omdat het niet de dikte van het ijs laat zien .
2026-05-28 08:55:06,220 - INFO - joeynmt.training - 	Reference:  But this understates the seriousness of this particular problem because it doesn &apos;t show the thickness of the ice .
2026-05-28 08:55:06,220 - INFO - joeynmt.training - 	Hypothesis: But this is actually the rescened of this particular problem because it doesn &apos;t have the dived of the ice .
2026-05-28 08:55:06,220 - INFO - joeynmt.training - Example #2
2026-05-28 08:55:06,220 - DEBUG - joeynmt.training - 	Tokenized source:     ['De', 'ij@@', 'sk@@', 'a@@', 'p', 'op', 'de', 'N@@', 'oor@@', 'd@@', 'p@@', 'ool', 'is', 'in', 'ze@@', 'kere', 'zin', 'het', 'kl@@', 'op@@', 'p@@', 'end', 'har@@', 't', 'van', 'ons', 'glob@@', 'aal', 'kli@@', 'maat@@', 'systeem', '.']
2026-05-28 08:55:06,220 - DEBUG - joeynmt.training - 	Tokenized reference:  ['The', 'ar@@', 'c@@', 'tic', 'ice', 'ca@@', 'p', 'is', ',', 'in', 'a', 'sense', ',', 'the', 'be@@', 'ating', 'heart', 'of', 'the', 'global', 'climate', 'system', '.']
2026-05-28 08:55:06,220 - DEBUG - joeynmt.training - 	Tokenized hypothesis: ['The', 'ice', 'sk@@', 'in', 'in', 'the', 'Nor@@', 'th', 'p@@', 'ool', 'is', 'a', 'sense', 'of', 'the', 'war', 'in', 'a', 'sense', 'of', 'our', 'global', 'climate', 'system', '.', '</s>']
2026-05-28 08:55:06,220 - INFO - joeynmt.training - 	Source:     De ijskap op de Noordpool is in zekere zin het kloppend hart van ons globaal klimaatsysteem .
2026-05-28 08:55:06,220 - INFO - joeynmt.training - 	Reference:  The arctic ice cap is , in a sense , the beating heart of the global climate system .
2026-05-28 08:55:06,220 - INFO - joeynmt.training - 	Hypothesis: The ice skin in the North pool is a sense of the war in a sense of our global climate system .
2026-05-28 08:55:06,220 - INFO - joeynmt.training - Example #3
2026-05-28 08:55:06,220 - DEBUG - joeynmt.training - 	Tokenized source:     ['Het', 'zet', 'uit', 'in', 'de', 'win@@', 'ter', 'en', 'k@@', 'ri@@', 'mp@@', 't', 'in', 'de', 'z@@', 'om@@', 'er', '.']
2026-05-28 08:55:06,220 - DEBUG - joeynmt.training - 	Tokenized reference:  ['It', 'exp@@', 'ands', 'in', 'win@@', 'ter', 'and', 'con@@', 'trac@@', 'ts', 'in', 'su@@', 'mmer', '.']
2026-05-28 08:55:06,220 - DEBUG - joeynmt.training - 	Tokenized hypothesis: ['It', '&apos;s', 'going', 'to', 'put', 'in', 'the', 'win@@', 'ter', 'and', 'c@@', 'ri@@', 'mp@@', 't', 'in', 'the', 's@@', 'om@@', 'er', '.', '</s>']
2026-05-28 08:55:06,220 - INFO - joeynmt.training - 	Source:     Het zet uit in de winter en krimpt in de zomer .
2026-05-28 08:55:06,220 - INFO - joeynmt.training - 	Reference:  It expands in winter and contracts in summer .
2026-05-28 08:55:06,220 - INFO - joeynmt.training - 	Hypothesis: It &apos;s going to put in the winter and crimpt in the somer .
2026-05-28 08:55:06,220 - INFO - joeynmt.training - Example #4
2026-05-28 08:55:06,221 - DEBUG - joeynmt.training - 	Tokenized source:     ['De', 'volgende', 'dia', 'die', 'ik', 'laat', 'zien', 'is', 'een', 'vers@@', 'n@@', 'elde', 'ver@@', 'sie', 'van', 'wat', 'er', 'de', 'afgelopen', '25', 'jaar', 'is', 'gebeurd', '.']
2026-05-28 08:55:06,221 - DEBUG - joeynmt.training - 	Tokenized reference:  ['The', 'next', 'sli@@', 'de', 'I', 'show', 'you', 'will', 'be', 'a', 'r@@', 'ap@@', 'id', 'fa@@', 'st-@@', 'forward', 'of', 'what', '&apos;s', 'happened', 'over', 'the', 'last', '25', 'years', '.']
2026-05-28 08:55:06,221 - DEBUG - joeynmt.training - 	Tokenized hypothesis: ['The', 'next', 'sli@@', 'de', 'I', 'show', 'you', 'is', 'a', 'vers@@', 'us', 'of', 'what', '&apos;s', 'happened', 'the', 'last', '25', 'years', '.', '</s>']
2026-05-28 08:55:06,221 - INFO - joeynmt.training - 	Source:     De volgende dia die ik laat zien is een versnelde versie van wat er de afgelopen 25 jaar is gebeurd .
2026-05-28 08:55:06,221 - INFO - joeynmt.training - 	Reference:  The next slide I show you will be a rapid fast-forward of what &apos;s happened over the last 25 years .
2026-05-28 08:55:06,221 - INFO - joeynmt.training - 	Hypothesis: The next slide I show you is a versus of what &apos;s happened the last 25 years .
2026-05-28 08:55:20,587 - INFO - joeynmt.training - Epoch   2, Step:     6600, Batch Loss:     1.792549, Batch Acc: 0.523635, Tokens per Sec:     5008, Lr: 0.000300
2026-05-28 08:55:35,981 - INFO - joeynmt.training - Epoch   2, Step:     6700, Batch Loss:     1.805858, Batch Acc: 0.523083, Tokens per Sec:     4988, Lr: 0.000300
2026-05-28 08:55:50,486 - INFO - joeynmt.training - Epoch   2, Step:     6800, Batch Loss:     1.723240, Batch Acc: 0.520016, Tokens per Sec:     5074, Lr: 0.000300
2026-05-28 08:56:04,724 - INFO - joeynmt.training - Epoch   2, Step:     6900, Batch Loss:     1.822571, Batch Acc: 0.522097, Tokens per Sec:     5175, Lr: 0.000300
2026-05-28 08:56:17,464 - INFO - joeynmt.training - Epoch   2: total training loss 6634.12
2026-05-28 08:56:17,464 - INFO - joeynmt.training - EPOCH 3
2026-05-28 08:56:19,352 - INFO - joeynmt.training - Epoch   3, Step:     7000, Batch Loss:     1.724580, Batch Acc: 0.534576, Tokens per Sec:     4889, Lr: 0.000300
2026-05-28 08:56:19,352 - WARNING - joeynmt.helpers - `alpha` option is obsolete. Please use `beam_alpha`, instead.
2026-05-28 08:56:19,352 - INFO - joeynmt.prediction - Predicting 1003 example(s)... (Greedy decoding with min_output_length=1, max_output_length=-1, return_prob='none', generate_unk=True, repetition_penalty=-1, no_repeat_ngram_size=-1)
2026-05-28 08:56:54,121 - INFO - joeynmt.prediction - Evaluation result (greedy) loss:   2.07, ppl:   7.90, acc:   0.45, generation: 34.7596[sec], evaluation: 0.0000[sec]
2026-05-28 08:56:54,122 - INFO - joeynmt.training - Hooray! New best validation result [ppl]!
2026-05-28 08:56:54,245 - INFO - joeynmt.helpers - delete models/tf_bpe_4000_nl_en/4500.ckpt
2026-05-28 08:56:54,248 - INFO - joeynmt.training - Example #0
2026-05-28 08:56:54,248 - DEBUG - joeynmt.training - 	Tokenized source:     ['V@@', 'or@@', 'ig', 'jaar', 'liet', 'ik', 'deze', 'twee', 'dia', '&apos;', 's', 'zien', 'om', 'aan', 'te', 'tonen', 'dat', 'de', 'p@@', 'oo@@', 'lij@@', 'sk@@', 'a@@', 'p', ',', 'die', 'de', 'afgelopen', 'drie', 'miljoen', 'jaar', 'ongeveer', 'de', 'groot@@', 'te', 'had', 'van', 'het', 'va@@', 'stel@@', 'and', 'van', 'de', 'VS', ',', 'met', '40', '%', 'ge@@', 'k@@', 'rom@@', 'pen', 'was', '.']
2026-05-28 08:56:54,248 - DEBUG - joeynmt.training - 	Tokenized reference:  ['La@@', 'st', 'year', 'I', 'sho@@', 'wed', 'these', 'two', 'sli@@', 'des', 'so', 'that', 'de@@', 'mon@@', 'str@@', 'ate', 'that', 'the', 'ar@@', 'c@@', 'tic', 'ice', 'ca@@', 'p', ',', 'which', 'for', 'most', 'of', 'the', 'last', 'three', 'million', 'years', 'has', 'been', 'the', 'size', 'of', 'the', 'lo@@', 'wer', '4@@', '8', 'st@@', 'ates', ',', 'has', 'sh@@', 'run@@', 'k', 'by', '40', 'percent', '.']
2026-05-28 08:56:54,248 - DEBUG - joeynmt.training - 	Tokenized hypothesis: ['F@@', 'or@@', 'y', 'year', 'I', 'sho@@', 'wed', 'these', 'two', 'sli@@', 'de', 'to', 'show', 'that', 'the', 'p@@', 'oo@@', 'li@@', 'c', 'sk@@', 'a@@', 'p', ',', 'which', 'was', 'about', 'the', 'last', 'three', 'million', 'years', 'of', 'the', 'va@@', 'il@@', 'ation', 'of', 'the', 'va@@', 'il@@', 'ation', 'of', 'the', 'United', 'States', ',', 'with', '40', 'percent', 'of', 'the', 'United', 'States', ',', 'with', '40', 'percent', 'of', 'the', 'va@@', 'il@@', 'ing', 'of', 'the', 'United', 'States', ',', 'with', '40', 'percent', 'of', 'the', 'va@@', 'il@@', 'ing', 'of', 'the', 'va@@', 'il@@', 'ation', 'of', 'the', 'va@@', 'il@@', 'ation', 'of', 'the', 'size', 'of', 'the', 'va@@', 'il@@', 'ing']
2026-05-28 08:56:54,248 - INFO - joeynmt.training - 	Source:     Vorig jaar liet ik deze twee dia &apos; s zien om aan te tonen dat de poolijskap , die de afgelopen drie miljoen jaar ongeveer de grootte had van het vasteland van de VS , met 40 % gekrompen was .
2026-05-28 08:56:54,248 - INFO - joeynmt.training - 	Reference:  Last year I showed these two slides so that demonstrate that the arctic ice cap , which for most of the last three million years has been the size of the lower 48 states , has shrunk by 40 percent .
2026-05-28 08:56:54,248 - INFO - joeynmt.training - 	Hypothesis: Fory year I showed these two slide to show that the poolic skap , which was about the last three million years of the vailation of the vailation of the United States , with 40 percent of the United States , with 40 percent of the vailing of the United States , with 40 percent of the vailing of the vailation of the vailation of the size of the vailing
2026-05-28 08:56:54,248 - INFO - joeynmt.training - Example #1
2026-05-28 08:56:54,248 - DEBUG - joeynmt.training - 	Tokenized source:     ['Maar', 'dit', 'onder@@', 'sch@@', 'at', 'eigenlijk', 'de', 'er@@', 'n@@', 'st', 'van', 'dit', 'specif@@', 'ieke', 'probleem', 'omdat', 'het', 'niet', 'de', 'di@@', 'kte', 'van', 'het', 'ij@@', 's', 'laat', 'zien', '.']
2026-05-28 08:56:54,248 - DEBUG - joeynmt.training - 	Tokenized reference:  ['But', 'this', 'under@@', 'st@@', 'ates', 'the', 'ser@@', 'i@@', 'ous@@', 'ness', 'of', 'this', 'particular', 'problem', 'because', 'it', 'doesn', '&apos;t', 'show', 'the', 'th@@', 'ick@@', 'ness', 'of', 'the', 'ice', '.']
2026-05-28 08:56:54,248 - DEBUG - joeynmt.training - 	Tokenized hypothesis: ['But', 'this', 'is', 'the', 'sup@@', 'port', 'of', 'this', 'particular', 'problem', 'because', 'it', 'doesn', '&apos;t', 'the', 'di@@', 'ted', 'of', 'the', 'ice', 'of', 'the', 'ice', 'of', 'the', 'ice', '.', '</s>']
2026-05-28 08:56:54,248 - INFO - joeynmt.training - 	Source:     Maar dit onderschat eigenlijk de ernst van dit specifieke probleem omdat het niet de dikte van het ijs laat zien .
2026-05-28 08:56:54,249 - INFO - joeynmt.training - 	Reference:  But this understates the seriousness of this particular problem because it doesn &apos;t show the thickness of the ice .
2026-05-28 08:56:54,249 - INFO - joeynmt.training - 	Hypothesis: But this is the support of this particular problem because it doesn &apos;t the dited of the ice of the ice of the ice .
2026-05-28 08:56:54,249 - INFO - joeynmt.training - Example #2
2026-05-28 08:56:54,249 - DEBUG - joeynmt.training - 	Tokenized source:     ['De', 'ij@@', 'sk@@', 'a@@', 'p', 'op', 'de', 'N@@', 'oor@@', 'd@@', 'p@@', 'ool', 'is', 'in', 'ze@@', 'kere', 'zin', 'het', 'kl@@', 'op@@', 'p@@', 'end', 'har@@', 't', 'van', 'ons', 'glob@@', 'aal', 'kli@@', 'maat@@', 'systeem', '.']
2026-05-28 08:56:54,249 - DEBUG - joeynmt.training - 	Tokenized reference:  ['The', 'ar@@', 'c@@', 'tic', 'ice', 'ca@@', 'p', 'is', ',', 'in', 'a', 'sense', ',', 'the', 'be@@', 'ating', 'heart', 'of', 'the', 'global', 'climate', 'system', '.']
2026-05-28 08:56:54,249 - DEBUG - joeynmt.training - 	Tokenized hypothesis: ['The', 'ice', 'sk@@', 'a@@', 'p', 'on', 'the', 'Nor@@', 'th', 'p@@', 'ool', 'is', 'in', 'a', 'certain', 'sense', 'of', 'the', 'cli@@', 'p', 'of', 'our', 'global', 'climate', 'system', '.', '</s>']
2026-05-28 08:56:54,249 - INFO - joeynmt.training - 	Source:     De ijskap op de Noordpool is in zekere zin het kloppend hart van ons globaal klimaatsysteem .
2026-05-28 08:56:54,249 - INFO - joeynmt.training - 	Reference:  The arctic ice cap is , in a sense , the beating heart of the global climate system .
2026-05-28 08:56:54,249 - INFO - joeynmt.training - 	Hypothesis: The ice skap on the North pool is in a certain sense of the clip of our global climate system .
2026-05-28 08:56:54,249 - INFO - joeynmt.training - Example #3
2026-05-28 08:56:54,249 - DEBUG - joeynmt.training - 	Tokenized source:     ['Het', 'zet', 'uit', 'in', 'de', 'win@@', 'ter', 'en', 'k@@', 'ri@@', 'mp@@', 't', 'in', 'de', 'z@@', 'om@@', 'er', '.']
2026-05-28 08:56:54,249 - DEBUG - joeynmt.training - 	Tokenized reference:  ['It', 'exp@@', 'ands', 'in', 'win@@', 'ter', 'and', 'con@@', 'trac@@', 'ts', 'in', 'su@@', 'mmer', '.']
2026-05-28 08:56:54,249 - DEBUG - joeynmt.training - 	Tokenized hypothesis: ['It', '&apos;s', 'going', 'to', 'take', 'out', 'in', 'the', 'win@@', 'ter', 'and', 'c@@', 'ri@@', 'mp@@', 's', 'in', 'the', 's@@', 'om@@', 'er', '.', '</s>']
2026-05-28 08:56:54,249 - INFO - joeynmt.training - 	Source:     Het zet uit in de winter en krimpt in de zomer .
2026-05-28 08:56:54,249 - INFO - joeynmt.training - 	Reference:  It expands in winter and contracts in summer .
2026-05-28 08:56:54,249 - INFO - joeynmt.training - 	Hypothesis: It &apos;s going to take out in the winter and crimps in the somer .
2026-05-28 08:56:54,249 - INFO - joeynmt.training - Example #4
2026-05-28 08:56:54,250 - DEBUG - joeynmt.training - 	Tokenized source:     ['De', 'volgende', 'dia', 'die', 'ik', 'laat', 'zien', 'is', 'een', 'vers@@', 'n@@', 'elde', 'ver@@', 'sie', 'van', 'wat', 'er', 'de', 'afgelopen', '25', 'jaar', 'is', 'gebeurd', '.']
2026-05-28 08:56:54,250 - DEBUG - joeynmt.training - 	Tokenized reference:  ['The', 'next', 'sli@@', 'de', 'I', 'show', 'you', 'will', 'be', 'a', 'r@@', 'ap@@', 'id', 'fa@@', 'st-@@', 'forward', 'of', 'what', '&apos;s', 'happened', 'over', 'the', 'last', '25', 'years', '.']
2026-05-28 08:56:54,250 - DEBUG - joeynmt.training - 	Tokenized hypothesis: ['The', 'next', 'sli@@', 'de', 'I', '&apos;m', 'going', 'to', 'show', 'you', 'is', 'a', 'ver@@', 'sion', 'of', 'what', '&apos;s', 'happened', 'the', 'last', '25', 'years', '.', '</s>']
2026-05-28 08:56:54,250 - INFO - joeynmt.training - 	Source:     De volgende dia die ik laat zien is een versnelde versie van wat er de afgelopen 25 jaar is gebeurd .
2026-05-28 08:56:54,250 - INFO - joeynmt.training - 	Reference:  The next slide I show you will be a rapid fast-forward of what &apos;s happened over the last 25 years .
2026-05-28 08:56:54,250 - INFO - joeynmt.training - 	Hypothesis: The next slide I &apos;m going to show you is a version of what &apos;s happened the last 25 years .
2026-05-28 08:57:08,736 - INFO - joeynmt.training - Epoch   3, Step:     7100, Batch Loss:     1.737176, Batch Acc: 0.550721, Tokens per Sec:     5142, Lr: 0.000300
2026-05-28 08:57:23,353 - INFO - joeynmt.training - Epoch   3, Step:     7200, Batch Loss:     1.635963, Batch Acc: 0.548948, Tokens per Sec:     4981, Lr: 0.000300
2026-05-28 08:57:38,372 - INFO - joeynmt.training - Epoch   3, Step:     7300, Batch Loss:     1.702263, Batch Acc: 0.542781, Tokens per Sec:     4967, Lr: 0.000300
2026-05-28 08:57:52,308 - INFO - joeynmt.training - Epoch   3, Step:     7400, Batch Loss:     1.720112, Batch Acc: 0.544665, Tokens per Sec:     5299, Lr: 0.000300
2026-05-28 08:58:06,946 - INFO - joeynmt.training - Epoch   3, Step:     7500, Batch Loss:     1.877393, Batch Acc: 0.548704, Tokens per Sec:     5197, Lr: 0.000300
2026-05-28 08:58:06,947 - WARNING - joeynmt.helpers - `alpha` option is obsolete. Please use `beam_alpha`, instead.
2026-05-28 08:58:06,947 - INFO - joeynmt.prediction - Predicting 1003 example(s)... (Greedy decoding with min_output_length=1, max_output_length=-1, return_prob='none', generate_unk=True, repetition_penalty=-1, no_repeat_ngram_size=-1)
2026-05-28 08:58:40,529 - INFO - joeynmt.prediction - Evaluation result (greedy) loss:   2.05, ppl:   7.78, acc:   0.45, generation: 33.5733[sec], evaluation: 0.0000[sec]
2026-05-28 08:58:40,530 - INFO - joeynmt.training - Hooray! New best validation result [ppl]!
2026-05-28 08:58:40,654 - INFO - joeynmt.helpers - delete models/tf_bpe_4000_nl_en/5000.ckpt
2026-05-28 08:58:40,656 - INFO - joeynmt.training - Example #0
2026-05-28 08:58:40,657 - DEBUG - joeynmt.training - 	Tokenized source:     ['V@@', 'or@@', 'ig', 'jaar', 'liet', 'ik', 'deze', 'twee', 'dia', '&apos;', 's', 'zien', 'om', 'aan', 'te', 'tonen', 'dat', 'de', 'p@@', 'oo@@', 'lij@@', 'sk@@', 'a@@', 'p', ',', 'die', 'de', 'afgelopen', 'drie', 'miljoen', 'jaar', 'ongeveer', 'de', 'groot@@', 'te', 'had', 'van', 'het', 'va@@', 'stel@@', 'and', 'van', 'de', 'VS', ',', 'met', '40', '%', 'ge@@', 'k@@', 'rom@@', 'pen', 'was', '.']
2026-05-28 08:58:40,657 - DEBUG - joeynmt.training - 	Tokenized reference:  ['La@@', 'st', 'year', 'I', 'sho@@', 'wed', 'these', 'two', 'sli@@', 'des', 'so', 'that', 'de@@', 'mon@@', 'str@@', 'ate', 'that', 'the', 'ar@@', 'c@@', 'tic', 'ice', 'ca@@', 'p', ',', 'which', 'for', 'most', 'of', 'the', 'last', 'three', 'million', 'years', 'has', 'been', 'the', 'size', 'of', 'the', 'lo@@', 'wer', '4@@', '8', 'st@@', 'ates', ',', 'has', 'sh@@', 'run@@', 'k', 'by', '40', 'percent', '.']
2026-05-28 08:58:40,657 - DEBUG - joeynmt.training - 	Tokenized hypothesis: ['I', 'sho@@', 'wed', 'these', 'two', 'sli@@', 'de', ',', 'I', 'sho@@', 'wed', 'these', 'two', 'sli@@', 'de', 'that', 'the', 'p@@', 'oo@@', 'ling', 'sk@@', 'in', ',', 'which', 'was', 'the', 'last', 'three', 'million', 'years', 'of', 'the', 'va@@', 'il@@', 'able', 'of', 'the', 'va@@', 'il@@', 'ation', 'of', 'the', 'U.S.', ',', 'with', '40', 'percent', 'of', 'the', 'U.S.', ',', 'with', '40', 'percent', 'of', 'the', 'U.S.', ',', 'with', '40', 'percent', '.', '</s>']
2026-05-28 08:58:40,657 - INFO - joeynmt.training - 	Source:     Vorig jaar liet ik deze twee dia &apos; s zien om aan te tonen dat de poolijskap , die de afgelopen drie miljoen jaar ongeveer de grootte had van het vasteland van de VS , met 40 % gekrompen was .
2026-05-28 08:58:40,657 - INFO - joeynmt.training - 	Reference:  Last year I showed these two slides so that demonstrate that the arctic ice cap , which for most of the last three million years has been the size of the lower 48 states , has shrunk by 40 percent .
2026-05-28 08:58:40,657 - INFO - joeynmt.training - 	Hypothesis: I showed these two slide , I showed these two slide that the pooling skin , which was the last three million years of the vailable of the vailation of the U.S. , with 40 percent of the U.S. , with 40 percent of the U.S. , with 40 percent .
2026-05-28 08:58:40,657 - INFO - joeynmt.training - Example #1
2026-05-28 08:58:40,657 - DEBUG - joeynmt.training - 	Tokenized source:     ['Maar', 'dit', 'onder@@', 'sch@@', 'at', 'eigenlijk', 'de', 'er@@', 'n@@', 'st', 'van', 'dit', 'specif@@', 'ieke', 'probleem', 'omdat', 'het', 'niet', 'de', 'di@@', 'kte', 'van', 'het', 'ij@@', 's', 'laat', 'zien', '.']
2026-05-28 08:58:40,657 - DEBUG - joeynmt.training - 	Tokenized reference:  ['But', 'this', 'under@@', 'st@@', 'ates', 'the', 'ser@@', 'i@@', 'ous@@', 'ness', 'of', 'this', 'particular', 'problem', 'because', 'it', 'doesn', '&apos;t', 'show', 'the', 'th@@', 'ick@@', 'ness', 'of', 'the', 'ice', '.']
2026-05-28 08:58:40,657 - DEBUG - joeynmt.training - 	Tokenized hypothesis: ['But', 'this', 'is', 'the', 'under@@', 'st@@', 'ood', 'of', 'this', 'speci@@', 'fic', 'problem', 'because', 'it', 'doesn', '&apos;t', 'have', 'the', 'di@@', 'ved', 'of', 'the', 'ice', '.', '</s>']
2026-05-28 08:58:40,657 - INFO - joeynmt.training - 	Source:     Maar dit onderschat eigenlijk de ernst van dit specifieke probleem omdat het niet de dikte van het ijs laat zien .
2026-05-28 08:58:40,657 - INFO - joeynmt.training - 	Reference:  But this understates the seriousness of this particular problem because it doesn &apos;t show the thickness of the ice .
2026-05-28 08:58:40,657 - INFO - joeynmt.training - 	Hypothesis: But this is the understood of this specific problem because it doesn &apos;t have the dived of the ice .
2026-05-28 08:58:40,657 - INFO - joeynmt.training - Example #2
2026-05-28 08:58:40,658 - DEBUG - joeynmt.training - 	Tokenized source:     ['De', 'ij@@', 'sk@@', 'a@@', 'p', 'op', 'de', 'N@@', 'oor@@', 'd@@', 'p@@', 'ool', 'is', 'in', 'ze@@', 'kere', 'zin', 'het', 'kl@@', 'op@@', 'p@@', 'end', 'har@@', 't', 'van', 'ons', 'glob@@', 'aal', 'kli@@', 'maat@@', 'systeem', '.']
2026-05-28 08:58:40,658 - DEBUG - joeynmt.training - 	Tokenized reference:  ['The', 'ar@@', 'c@@', 'tic', 'ice', 'ca@@', 'p', 'is', ',', 'in', 'a', 'sense', ',', 'the', 'be@@', 'ating', 'heart', 'of', 'the', 'global', 'climate', 'system', '.']
2026-05-28 08:58:40,658 - DEBUG - joeynmt.training - 	Tokenized hypothesis: ['The', 'ice', 'sk@@', 'in', 'in', 'the', 'Nor@@', 'th', 'P@@', 'ole', 'is', 'a', 'certain', 'sense', ',', 'the', 'right', 'right', ',', 'the', 'right', 'of', 'our', 'global', 'climate', 'system', '.', '</s>']
2026-05-28 08:58:40,658 - INFO - joeynmt.training - 	Source:     De ijskap op de Noordpool is in zekere zin het kloppend hart van ons globaal klimaatsysteem .
2026-05-28 08:58:40,658 - INFO - joeynmt.training - 	Reference:  The arctic ice cap is , in a sense , the beating heart of the global climate system .
2026-05-28 08:58:40,658 - INFO - joeynmt.training - 	Hypothesis: The ice skin in the North Pole is a certain sense , the right right , the right of our global climate system .
2026-05-28 08:58:40,658 - INFO - joeynmt.training - Example #3
2026-05-28 08:58:40,658 - DEBUG - joeynmt.training - 	Tokenized source:     ['Het', 'zet', 'uit', 'in', 'de', 'win@@', 'ter', 'en', 'k@@', 'ri@@', 'mp@@', 't', 'in', 'de', 'z@@', 'om@@', 'er', '.']
2026-05-28 08:58:40,658 - DEBUG - joeynmt.training - 	Tokenized reference:  ['It', 'exp@@', 'ands', 'in', 'win@@', 'ter', 'and', 'con@@', 'trac@@', 'ts', 'in', 'su@@', 'mmer', '.']
2026-05-28 08:58:40,658 - DEBUG - joeynmt.training - 	Tokenized hypothesis: ['It', '&apos;s', 'going', 'to', 'put', 'out', 'in', 'the', 'win@@', 'ter', 'and', 'c@@', 'ri@@', 'mp@@', 't', 'in', 'the', 's@@', 'om@@', 'er', '.', '</s>']
2026-05-28 08:58:40,658 - INFO - joeynmt.training - 	Source:     Het zet uit in de winter en krimpt in de zomer .
2026-05-28 08:58:40,658 - INFO - joeynmt.training - 	Reference:  It expands in winter and contracts in summer .
2026-05-28 08:58:40,658 - INFO - joeynmt.training - 	Hypothesis: It &apos;s going to put out in the winter and crimpt in the somer .
2026-05-28 08:58:40,658 - INFO - joeynmt.training - Example #4
2026-05-28 08:58:40,658 - DEBUG - joeynmt.training - 	Tokenized source:     ['De', 'volgende', 'dia', 'die', 'ik', 'laat', 'zien', 'is', 'een', 'vers@@', 'n@@', 'elde', 'ver@@', 'sie', 'van', 'wat', 'er', 'de', 'afgelopen', '25', 'jaar', 'is', 'gebeurd', '.']
2026-05-28 08:58:40,658 - DEBUG - joeynmt.training - 	Tokenized reference:  ['The', 'next', 'sli@@', 'de', 'I', 'show', 'you', 'will', 'be', 'a', 'r@@', 'ap@@', 'id', 'fa@@', 'st-@@', 'forward', 'of', 'what', '&apos;s', 'happened', 'over', 'the', 'last', '25', 'years', '.']
2026-05-28 08:58:40,658 - DEBUG - joeynmt.training - 	Tokenized hypothesis: ['The', 'next', 'sli@@', 'de', 'I', '&apos;m', 'going', 'to', 'show', 'is', 'a', 'con@@', 'vers@@', 'ation', 'of', 'what', 'the', 'last', '25', 'years', '.', '</s>']
2026-05-28 08:58:40,659 - INFO - joeynmt.training - 	Source:     De volgende dia die ik laat zien is een versnelde versie van wat er de afgelopen 25 jaar is gebeurd .
2026-05-28 08:58:40,659 - INFO - joeynmt.training - 	Reference:  The next slide I show you will be a rapid fast-forward of what &apos;s happened over the last 25 years .
2026-05-28 08:58:40,659 - INFO - joeynmt.training - 	Hypothesis: The next slide I &apos;m going to show is a conversation of what the last 25 years .
2026-05-28 08:58:54,955 - INFO - joeynmt.training - Epoch   3, Step:     7600, Batch Loss:     1.674620, Batch Acc: 0.545296, Tokens per Sec:     5100, Lr: 0.000300
2026-05-28 08:59:10,436 - INFO - joeynmt.training - Epoch   3, Step:     7700, Batch Loss:     1.680823, Batch Acc: 0.541011, Tokens per Sec:     4688, Lr: 0.000300
2026-05-28 08:59:24,370 - INFO - joeynmt.training - Epoch   3, Step:     7800, Batch Loss:     1.771958, Batch Acc: 0.547552, Tokens per Sec:     5295, Lr: 0.000300
2026-05-28 08:59:39,137 - INFO - joeynmt.training - Epoch   3, Step:     7900, Batch Loss:     1.499874, Batch Acc: 0.543009, Tokens per Sec:     5091, Lr: 0.000300
2026-05-28 08:59:52,888 - INFO - joeynmt.training - Epoch   3, Step:     8000, Batch Loss:     1.509184, Batch Acc: 0.544350, Tokens per Sec:     5445, Lr: 0.000300
2026-05-28 08:59:52,888 - WARNING - joeynmt.helpers - `alpha` option is obsolete. Please use `beam_alpha`, instead.
2026-05-28 08:59:52,888 - INFO - joeynmt.prediction - Predicting 1003 example(s)... (Greedy decoding with min_output_length=1, max_output_length=-1, return_prob='none', generate_unk=True, repetition_penalty=-1, no_repeat_ngram_size=-1)
2026-05-28 09:00:23,579 - INFO - joeynmt.prediction - Evaluation result (greedy) loss:   2.04, ppl:   7.67, acc:   0.46, generation: 30.6819[sec], evaluation: 0.0000[sec]
2026-05-28 09:00:23,579 - INFO - joeynmt.training - Hooray! New best validation result [ppl]!
2026-05-28 09:00:23,694 - INFO - joeynmt.helpers - delete models/tf_bpe_4000_nl_en/5500.ckpt
2026-05-28 09:00:23,695 - INFO - joeynmt.training - Example #0
2026-05-28 09:00:23,695 - DEBUG - joeynmt.training - 	Tokenized source:     ['V@@', 'or@@', 'ig', 'jaar', 'liet', 'ik', 'deze', 'twee', 'dia', '&apos;', 's', 'zien', 'om', 'aan', 'te', 'tonen', 'dat', 'de', 'p@@', 'oo@@', 'lij@@', 'sk@@', 'a@@', 'p', ',', 'die', 'de', 'afgelopen', 'drie', 'miljoen', 'jaar', 'ongeveer', 'de', 'groot@@', 'te', 'had', 'van', 'het', 'va@@', 'stel@@', 'and', 'van', 'de', 'VS', ',', 'met', '40', '%', 'ge@@', 'k@@', 'rom@@', 'pen', 'was', '.']
2026-05-28 09:00:23,695 - DEBUG - joeynmt.training - 	Tokenized reference:  ['La@@', 'st', 'year', 'I', 'sho@@', 'wed', 'these', 'two', 'sli@@', 'des', 'so', 'that', 'de@@', 'mon@@', 'str@@', 'ate', 'that', 'the', 'ar@@', 'c@@', 'tic', 'ice', 'ca@@', 'p', ',', 'which', 'for', 'most', 'of', 'the', 'last', 'three', 'million', 'years', 'has', 'been', 'the', 'size', 'of', 'the', 'lo@@', 'wer', '4@@', '8', 'st@@', 'ates', ',', 'has', 'sh@@', 'run@@', 'k', 'by', '40', 'percent', '.']
2026-05-28 09:00:23,695 - DEBUG - joeynmt.training - 	Tokenized hypothesis: ['And', 'I', 'sho@@', 'wed', 'this', 'two', 'sli@@', 'des', ',', 'I', 'sho@@', 'wed', 'this', 'two', 'sli@@', 'des', 'to', 'show', 'that', 'the', 'p@@', 'oo@@', 'li@@', 'c', 'three', 'million', 'years', ',', 'the', 'size', 'of', 'the', 'size', 'of', 'the', 'va@@', 'il@@', 'ation', 'of', 'the', 'United', 'States', ',', 'with', '40', 'percent', 'of', 'the', 'va@@', 'il@@', 'led', 'of', 'the', 'United', 'States', ',', 'with', '40', 'percent', 'of', 'the', 'va@@', 'il@@', 'led', '.', '</s>']
2026-05-28 09:00:23,695 - INFO - joeynmt.training - 	Source:     Vorig jaar liet ik deze twee dia &apos; s zien om aan te tonen dat de poolijskap , die de afgelopen drie miljoen jaar ongeveer de grootte had van het vasteland van de VS , met 40 % gekrompen was .
2026-05-28 09:00:23,695 - INFO - joeynmt.training - 	Reference:  Last year I showed these two slides so that demonstrate that the arctic ice cap , which for most of the last three million years has been the size of the lower 48 states , has shrunk by 40 percent .
2026-05-28 09:00:23,695 - INFO - joeynmt.training - 	Hypothesis: And I showed this two slides , I showed this two slides to show that the poolic three million years , the size of the size of the vailation of the United States , with 40 percent of the vailled of the United States , with 40 percent of the vailled .
2026-05-28 09:00:23,695 - INFO - joeynmt.training - Example #1
2026-05-28 09:00:23,696 - DEBUG - joeynmt.training - 	Tokenized source:     ['Maar', 'dit', 'onder@@', 'sch@@', 'at', 'eigenlijk', 'de', 'er@@', 'n@@', 'st', 'van', 'dit', 'specif@@', 'ieke', 'probleem', 'omdat', 'het', 'niet', 'de', 'di@@', 'kte', 'van', 'het', 'ij@@', 's', 'laat', 'zien', '.']
2026-05-28 09:00:23,696 - DEBUG - joeynmt.training - 	Tokenized reference:  ['But', 'this', 'under@@', 'st@@', 'ates', 'the', 'ser@@', 'i@@', 'ous@@', 'ness', 'of', 'this', 'particular', 'problem', 'because', 'it', 'doesn', '&apos;t', 'show', 'the', 'th@@', 'ick@@', 'ness', 'of', 'the', 'ice', '.']
2026-05-28 09:00:23,696 - DEBUG - joeynmt.training - 	Tokenized hypothesis: ['But', 'this', 'is', 'actually', 'the', 'er@@', 'n@@', 'st', 'of', 'this', 'particular', 'problem', 'because', 'it', 'doesn', '&apos;t', 'show', 'the', 'di@@', 'f@@', 'ied', 'of', 'the', 'ice', '.', '</s>']
2026-05-28 09:00:23,696 - INFO - joeynmt.training - 	Source:     Maar dit onderschat eigenlijk de ernst van dit specifieke probleem omdat het niet de dikte van het ijs laat zien .
2026-05-28 09:00:23,696 - INFO - joeynmt.training - 	Reference:  But this understates the seriousness of this particular problem because it doesn &apos;t show the thickness of the ice .
2026-05-28 09:00:23,696 - INFO - joeynmt.training - 	Hypothesis: But this is actually the ernst of this particular problem because it doesn &apos;t show the dified of the ice .
2026-05-28 09:00:23,696 - INFO - joeynmt.training - Example #2
2026-05-28 09:00:23,696 - DEBUG - joeynmt.training - 	Tokenized source:     ['De', 'ij@@', 'sk@@', 'a@@', 'p', 'op', 'de', 'N@@', 'oor@@', 'd@@', 'p@@', 'ool', 'is', 'in', 'ze@@', 'kere', 'zin', 'het', 'kl@@', 'op@@', 'p@@', 'end', 'har@@', 't', 'van', 'ons', 'glob@@', 'aal', 'kli@@', 'maat@@', 'systeem', '.']
2026-05-28 09:00:23,696 - DEBUG - joeynmt.training - 	Tokenized reference:  ['The', 'ar@@', 'c@@', 'tic', 'ice', 'ca@@', 'p', 'is', ',', 'in', 'a', 'sense', ',', 'the', 'be@@', 'ating', 'heart', 'of', 'the', 'global', 'climate', 'system', '.']
2026-05-28 09:00:23,696 - DEBUG - joeynmt.training - 	Tokenized hypothesis: ['The', 'ice', 'sk@@', 'a@@', 'p', 'on', 'the', 'Nor@@', 'th', 'P@@', 'ole', 'is', 'in', 'a', 'certain', 'sense', 'of', 'the', 'cli@@', 'p', 'of', 'our', 'global', 'global', 'war@@', 'ming', '.', '</s>']
2026-05-28 09:00:23,696 - INFO - joeynmt.training - 	Source:     De ijskap op de Noordpool is in zekere zin het kloppend hart van ons globaal klimaatsysteem .
2026-05-28 09:00:23,696 - INFO - joeynmt.training - 	Reference:  The arctic ice cap is , in a sense , the beating heart of the global climate system .
2026-05-28 09:00:23,696 - INFO - joeynmt.training - 	Hypothesis: The ice skap on the North Pole is in a certain sense of the clip of our global global warming .
2026-05-28 09:00:23,696 - INFO - joeynmt.training - Example #3
2026-05-28 09:00:23,696 - DEBUG - joeynmt.training - 	Tokenized source:     ['Het', 'zet', 'uit', 'in', 'de', 'win@@', 'ter', 'en', 'k@@', 'ri@@', 'mp@@', 't', 'in', 'de', 'z@@', 'om@@', 'er', '.']
2026-05-28 09:00:23,696 - DEBUG - joeynmt.training - 	Tokenized reference:  ['It', 'exp@@', 'ands', 'in', 'win@@', 'ter', 'and', 'con@@', 'trac@@', 'ts', 'in', 'su@@', 'mmer', '.']
2026-05-28 09:00:23,696 - DEBUG - joeynmt.training - 	Tokenized hypothesis: ['It', '&apos;s', 'going', 'to', 'put', 'out', 'in', 'the', 'win@@', 'ter', 'and', 'c@@', 'ri@@', 'mp@@', 't', 'in', 'the', 'su@@', 'mmer', '.', '</s>']
2026-05-28 09:00:23,697 - INFO - joeynmt.training - 	Source:     Het zet uit in de winter en krimpt in de zomer .
2026-05-28 09:00:23,697 - INFO - joeynmt.training - 	Reference:  It expands in winter and contracts in summer .
2026-05-28 09:00:23,697 - INFO - joeynmt.training - 	Hypothesis: It &apos;s going to put out in the winter and crimpt in the summer .
2026-05-28 09:00:23,697 - INFO - joeynmt.training - Example #4
2026-05-28 09:00:23,697 - DEBUG - joeynmt.training - 	Tokenized source:     ['De', 'volgende', 'dia', 'die', 'ik', 'laat', 'zien', 'is', 'een', 'vers@@', 'n@@', 'elde', 'ver@@', 'sie', 'van', 'wat', 'er', 'de', 'afgelopen', '25', 'jaar', 'is', 'gebeurd', '.']
2026-05-28 09:00:23,697 - DEBUG - joeynmt.training - 	Tokenized reference:  ['The', 'next', 'sli@@', 'de', 'I', 'show', 'you', 'will', 'be', 'a', 'r@@', 'ap@@', 'id', 'fa@@', 'st-@@', 'forward', 'of', 'what', '&apos;s', 'happened', 'over', 'the', 'last', '25', 'years', '.']
2026-05-28 09:00:23,697 - DEBUG - joeynmt.training - 	Tokenized hypothesis: ['The', 'next', 'sli@@', 'de', 'I', '&apos;m', 'sho@@', 'wing', 'is', 'a', 'ver@@', 'sion', 'of', 'what', '&apos;s', 'happened', 'the', 'last', '25', 'years', '.', '</s>']
2026-05-28 09:00:23,697 - INFO - joeynmt.training - 	Source:     De volgende dia die ik laat zien is een versnelde versie van wat er de afgelopen 25 jaar is gebeurd .
2026-05-28 09:00:23,697 - INFO - joeynmt.training - 	Reference:  The next slide I show you will be a rapid fast-forward of what &apos;s happened over the last 25 years .
2026-05-28 09:00:23,697 - INFO - joeynmt.training - 	Hypothesis: The next slide I &apos;m showing is a version of what &apos;s happened the last 25 years .
2026-05-28 09:00:38,683 - INFO - joeynmt.training - Epoch   3, Step:     8100, Batch Loss:     1.842394, Batch Acc: 0.544921, Tokens per Sec:     4983, Lr: 0.000300
2026-05-28 09:00:53,108 - INFO - joeynmt.training - Epoch   3, Step:     8200, Batch Loss:     1.811225, Batch Acc: 0.543075, Tokens per Sec:     5181, Lr: 0.000300
2026-05-28 09:01:09,106 - INFO - joeynmt.training - Epoch   3, Step:     8300, Batch Loss:     1.691750, Batch Acc: 0.552579, Tokens per Sec:     4685, Lr: 0.000300
2026-05-28 09:01:23,642 - INFO - joeynmt.training - Epoch   3, Step:     8400, Batch Loss:     1.657414, Batch Acc: 0.545639, Tokens per Sec:     5250, Lr: 0.000300
2026-05-28 09:01:38,509 - INFO - joeynmt.training - Epoch   3, Step:     8500, Batch Loss:     1.572969, Batch Acc: 0.540578, Tokens per Sec:     4798, Lr: 0.000300
2026-05-28 09:01:38,509 - WARNING - joeynmt.helpers - `alpha` option is obsolete. Please use `beam_alpha`, instead.
2026-05-28 09:01:38,509 - INFO - joeynmt.prediction - Predicting 1003 example(s)... (Greedy decoding with min_output_length=1, max_output_length=-1, return_prob='none', generate_unk=True, repetition_penalty=-1, no_repeat_ngram_size=-1)
2026-05-28 09:02:08,907 - INFO - joeynmt.prediction - Evaluation result (greedy) loss:   2.03, ppl:   7.61, acc:   0.46, generation: 30.3886[sec], evaluation: 0.0000[sec]
2026-05-28 09:02:08,908 - INFO - joeynmt.training - Hooray! New best validation result [ppl]!
2026-05-28 09:02:09,036 - INFO - joeynmt.helpers - delete models/tf_bpe_4000_nl_en/6000.ckpt
2026-05-28 09:02:09,036 - INFO - joeynmt.training - Example #0
2026-05-28 09:02:09,037 - DEBUG - joeynmt.training - 	Tokenized source:     ['V@@', 'or@@', 'ig', 'jaar', 'liet', 'ik', 'deze', 'twee', 'dia', '&apos;', 's', 'zien', 'om', 'aan', 'te', 'tonen', 'dat', 'de', 'p@@', 'oo@@', 'lij@@', 'sk@@', 'a@@', 'p', ',', 'die', 'de', 'afgelopen', 'drie', 'miljoen', 'jaar', 'ongeveer', 'de', 'groot@@', 'te', 'had', 'van', 'het', 'va@@', 'stel@@', 'and', 'van', 'de', 'VS', ',', 'met', '40', '%', 'ge@@', 'k@@', 'rom@@', 'pen', 'was', '.']
2026-05-28 09:02:09,037 - DEBUG - joeynmt.training - 	Tokenized reference:  ['La@@', 'st', 'year', 'I', 'sho@@', 'wed', 'these', 'two', 'sli@@', 'des', 'so', 'that', 'de@@', 'mon@@', 'str@@', 'ate', 'that', 'the', 'ar@@', 'c@@', 'tic', 'ice', 'ca@@', 'p', ',', 'which', 'for', 'most', 'of', 'the', 'last', 'three', 'million', 'years', 'has', 'been', 'the', 'size', 'of', 'the', 'lo@@', 'wer', '4@@', '8', 'st@@', 'ates', ',', 'has', 'sh@@', 'run@@', 'k', 'by', '40', 'percent', '.']
2026-05-28 09:02:09,037 - DEBUG - joeynmt.training - 	Tokenized hypothesis: ['F@@', 'or@@', 'y', 'year', 'I', 'sho@@', 'wed', 'this', 'two', 'sli@@', 'des', 'to', 'show', 'that', 'the', 'p@@', 'oo@@', 'li@@', 'sk@@', 'in', ',', 'which', 'had', 'about', 'the', 'last', 'three', 'million', 'years', 'of', 'the', 'size', 'of', 'the', 'P@@', 'oo@@', 'li@@', 'sk@@', 'in', ',', 'with', '40', 'percent', 'of', 'the', 'United', 'States', ',', 'with', '40', 'percent', 'of', 'c@@', 'rom@@', 'ers', '.', '</s>']
2026-05-28 09:02:09,037 - INFO - joeynmt.training - 	Source:     Vorig jaar liet ik deze twee dia &apos; s zien om aan te tonen dat de poolijskap , die de afgelopen drie miljoen jaar ongeveer de grootte had van het vasteland van de VS , met 40 % gekrompen was .
2026-05-28 09:02:09,037 - INFO - joeynmt.training - 	Reference:  Last year I showed these two slides so that demonstrate that the arctic ice cap , which for most of the last three million years has been the size of the lower 48 states , has shrunk by 40 percent .
2026-05-28 09:02:09,037 - INFO - joeynmt.training - 	Hypothesis: Fory year I showed this two slides to show that the pooliskin , which had about the last three million years of the size of the Pooliskin , with 40 percent of the United States , with 40 percent of cromers .
2026-05-28 09:02:09,037 - INFO - joeynmt.training - Example #1
2026-05-28 09:02:09,037 - DEBUG - joeynmt.training - 	Tokenized source:     ['Maar', 'dit', 'onder@@', 'sch@@', 'at', 'eigenlijk', 'de', 'er@@', 'n@@', 'st', 'van', 'dit', 'specif@@', 'ieke', 'probleem', 'omdat', 'het', 'niet', 'de', 'di@@', 'kte', 'van', 'het', 'ij@@', 's', 'laat', 'zien', '.']
2026-05-28 09:02:09,037 - DEBUG - joeynmt.training - 	Tokenized reference:  ['But', 'this', 'under@@', 'st@@', 'ates', 'the', 'ser@@', 'i@@', 'ous@@', 'ness', 'of', 'this', 'particular', 'problem', 'because', 'it', 'doesn', '&apos;t', 'show', 'the', 'th@@', 'ick@@', 'ness', 'of', 'the', 'ice', '.']
2026-05-28 09:02:09,037 - DEBUG - joeynmt.training - 	Tokenized hypothesis: ['But', 'this', 'is', 'actually', 'the', 'sup@@', 'posed', 'of', 'this', 'particular', 'problem', 'because', 'it', 'doesn', '&apos;t', 'show', 'the', 'di@@', 'ted', 'of', 'the', 'ice', 'of', 'the', 'ice', '.', '</s>']
2026-05-28 09:02:09,037 - INFO - joeynmt.training - 	Source:     Maar dit onderschat eigenlijk de ernst van dit specifieke probleem omdat het niet de dikte van het ijs laat zien .
2026-05-28 09:02:09,037 - INFO - joeynmt.training - 	Reference:  But this understates the seriousness of this particular problem because it doesn &apos;t show the thickness of the ice .
2026-05-28 09:02:09,037 - INFO - joeynmt.training - 	Hypothesis: But this is actually the supposed of this particular problem because it doesn &apos;t show the dited of the ice of the ice .
2026-05-28 09:02:09,038 - INFO - joeynmt.training - Example #2
2026-05-28 09:02:09,038 - DEBUG - joeynmt.training - 	Tokenized source:     ['De', 'ij@@', 'sk@@', 'a@@', 'p', 'op', 'de', 'N@@', 'oor@@', 'd@@', 'p@@', 'ool', 'is', 'in', 'ze@@', 'kere', 'zin', 'het', 'kl@@', 'op@@', 'p@@', 'end', 'har@@', 't', 'van', 'ons', 'glob@@', 'aal', 'kli@@', 'maat@@', 'systeem', '.']
2026-05-28 09:02:09,038 - DEBUG - joeynmt.training - 	Tokenized reference:  ['The', 'ar@@', 'c@@', 'tic', 'ice', 'ca@@', 'p', 'is', ',', 'in', 'a', 'sense', ',', 'the', 'be@@', 'ating', 'heart', 'of', 'the', 'global', 'climate', 'system', '.']
2026-05-28 09:02:09,038 - DEBUG - joeynmt.training - 	Tokenized hypothesis: ['The', 'ice', 'sk@@', 'in', 'in', 'the', 'Nor@@', 'th', 'P@@', 'ole', 'is', 'in', 'a', 'certain', 'sense', ',', 'the', 'cl@@', 'op@@', 'ping', 'our', 'global', 'he@@', 'ar@@', 'ts', '.', '</s>']
2026-05-28 09:02:09,038 - INFO - joeynmt.training - 	Source:     De ijskap op de Noordpool is in zekere zin het kloppend hart van ons globaal klimaatsysteem .
2026-05-28 09:02:09,038 - INFO - joeynmt.training - 	Reference:  The arctic ice cap is , in a sense , the beating heart of the global climate system .
2026-05-28 09:02:09,038 - INFO - joeynmt.training - 	Hypothesis: The ice skin in the North Pole is in a certain sense , the clopping our global hearts .
2026-05-28 09:02:09,038 - INFO - joeynmt.training - Example #3
2026-05-28 09:02:09,038 - DEBUG - joeynmt.training - 	Tokenized source:     ['Het', 'zet', 'uit', 'in', 'de', 'win@@', 'ter', 'en', 'k@@', 'ri@@', 'mp@@', 't', 'in', 'de', 'z@@', 'om@@', 'er', '.']
2026-05-28 09:02:09,038 - DEBUG - joeynmt.training - 	Tokenized reference:  ['It', 'exp@@', 'ands', 'in', 'win@@', 'ter', 'and', 'con@@', 'trac@@', 'ts', 'in', 'su@@', 'mmer', '.']
2026-05-28 09:02:09,038 - DEBUG - joeynmt.training - 	Tokenized hypothesis: ['It', '&apos;s', 'put', 'out', 'in', 'the', 'win@@', 'ter', 'and', 'c@@', 'ri@@', 'mp@@', 't', 'in', 'the', 's@@', 'om@@', 'er', '.', '</s>']
2026-05-28 09:02:09,038 - INFO - joeynmt.training - 	Source:     Het zet uit in de winter en krimpt in de zomer .
2026-05-28 09:02:09,038 - INFO - joeynmt.training - 	Reference:  It expands in winter and contracts in summer .
2026-05-28 09:02:09,038 - INFO - joeynmt.training - 	Hypothesis: It &apos;s put out in the winter and crimpt in the somer .
2026-05-28 09:02:09,038 - INFO - joeynmt.training - Example #4
2026-05-28 09:02:09,038 - DEBUG - joeynmt.training - 	Tokenized source:     ['De', 'volgende', 'dia', 'die', 'ik', 'laat', 'zien', 'is', 'een', 'vers@@', 'n@@', 'elde', 'ver@@', 'sie', 'van', 'wat', 'er', 'de', 'afgelopen', '25', 'jaar', 'is', 'gebeurd', '.']
2026-05-28 09:02:09,038 - DEBUG - joeynmt.training - 	Tokenized reference:  ['The', 'next', 'sli@@', 'de', 'I', 'show', 'you', 'will', 'be', 'a', 'r@@', 'ap@@', 'id', 'fa@@', 'st-@@', 'forward', 'of', 'what', '&apos;s', 'happened', 'over', 'the', 'last', '25', 'years', '.']
2026-05-28 09:02:09,039 - DEBUG - joeynmt.training - 	Tokenized hypothesis: ['The', 'next', 'sli@@', 'de', 'I', 'show', 'you', 'is', 'a', 'vers@@', 'us', 'ver@@', 'sion', 'of', 'what', '&apos;s', 'happened', 'the', 'last', '25', 'years', '.', '</s>']
2026-05-28 09:02:09,039 - INFO - joeynmt.training - 	Source:     De volgende dia die ik laat zien is een versnelde versie van wat er de afgelopen 25 jaar is gebeurd .
2026-05-28 09:02:09,039 - INFO - joeynmt.training - 	Reference:  The next slide I show you will be a rapid fast-forward of what &apos;s happened over the last 25 years .
2026-05-28 09:02:09,039 - INFO - joeynmt.training - 	Hypothesis: The next slide I show you is a versus version of what &apos;s happened the last 25 years .
2026-05-28 09:02:23,239 - INFO - joeynmt.training - Epoch   3, Step:     8600, Batch Loss:     1.565119, Batch Acc: 0.545154, Tokens per Sec:     5040, Lr: 0.000300
2026-05-28 09:02:38,249 - INFO - joeynmt.training - Epoch   3, Step:     8700, Batch Loss:     1.761047, Batch Acc: 0.549030, Tokens per Sec:     4906, Lr: 0.000300
2026-05-28 09:02:53,347 - INFO - joeynmt.training - Epoch   3, Step:     8800, Batch Loss:     1.690842, Batch Acc: 0.548905, Tokens per Sec:     5045, Lr: 0.000300
2026-05-28 09:03:08,220 - INFO - joeynmt.training - Epoch   3, Step:     8900, Batch Loss:     1.725698, Batch Acc: 0.551989, Tokens per Sec:     4994, Lr: 0.000300
2026-05-28 09:03:22,131 - INFO - joeynmt.training - Epoch   3, Step:     9000, Batch Loss:     1.719126, Batch Acc: 0.549633, Tokens per Sec:     5338, Lr: 0.000300
2026-05-28 09:03:22,132 - WARNING - joeynmt.helpers - `alpha` option is obsolete. Please use `beam_alpha`, instead.
2026-05-28 09:03:22,132 - INFO - joeynmt.prediction - Predicting 1003 example(s)... (Greedy decoding with min_output_length=1, max_output_length=-1, return_prob='none', generate_unk=True, repetition_penalty=-1, no_repeat_ngram_size=-1)
2026-05-28 09:03:53,906 - INFO - joeynmt.prediction - Evaluation result (greedy) loss:   2.01, ppl:   7.43, acc:   0.46, generation: 31.7657[sec], evaluation: 0.0000[sec]
2026-05-28 09:03:53,907 - INFO - joeynmt.training - Hooray! New best validation result [ppl]!
2026-05-28 09:03:54,028 - INFO - joeynmt.helpers - delete models/tf_bpe_4000_nl_en/6500.ckpt
2026-05-28 09:03:54,031 - INFO - joeynmt.training - Example #0
2026-05-28 09:03:54,031 - DEBUG - joeynmt.training - 	Tokenized source:     ['V@@', 'or@@', 'ig', 'jaar', 'liet', 'ik', 'deze', 'twee', 'dia', '&apos;', 's', 'zien', 'om', 'aan', 'te', 'tonen', 'dat', 'de', 'p@@', 'oo@@', 'lij@@', 'sk@@', 'a@@', 'p', ',', 'die', 'de', 'afgelopen', 'drie', 'miljoen', 'jaar', 'ongeveer', 'de', 'groot@@', 'te', 'had', 'van', 'het', 'va@@', 'stel@@', 'and', 'van', 'de', 'VS', ',', 'met', '40', '%', 'ge@@', 'k@@', 'rom@@', 'pen', 'was', '.']
2026-05-28 09:03:54,031 - DEBUG - joeynmt.training - 	Tokenized reference:  ['La@@', 'st', 'year', 'I', 'sho@@', 'wed', 'these', 'two', 'sli@@', 'des', 'so', 'that', 'de@@', 'mon@@', 'str@@', 'ate', 'that', 'the', 'ar@@', 'c@@', 'tic', 'ice', 'ca@@', 'p', ',', 'which', 'for', 'most', 'of', 'the', 'last', 'three', 'million', 'years', 'has', 'been', 'the', 'size', 'of', 'the', 'lo@@', 'wer', '4@@', '8', 'st@@', 'ates', ',', 'has', 'sh@@', 'run@@', 'k', 'by', '40', 'percent', '.']
2026-05-28 09:03:54,031 - DEBUG - joeynmt.training - 	Tokenized hypothesis: ['F@@', 'or@@', 'y', 'year', 'I', 'sho@@', 'wed', 'these', 'two', 'sli@@', 'des', 'to', 'show', 'that', 'the', 'p@@', 'oo@@', 'ling', 'sk@@', 'ill', ',', 'who', 'had', 'the', 'p@@', 'oo@@', 'p', 'sk@@', 'in', ',', 'who', 'had', 'about', 'the', 'last', 'three', 'million', 'years', 'of', 'the', 'U.S.', ',', 'with', '40', 'percent', 'of', 'the', 'U.S.', ',', 'with', '40', 'percent', 'of', 'the', 'U.S.', ',', 'with', '40', 'percent', '.', '</s>']
2026-05-28 09:03:54,032 - INFO - joeynmt.training - 	Source:     Vorig jaar liet ik deze twee dia &apos; s zien om aan te tonen dat de poolijskap , die de afgelopen drie miljoen jaar ongeveer de grootte had van het vasteland van de VS , met 40 % gekrompen was .
2026-05-28 09:03:54,032 - INFO - joeynmt.training - 	Reference:  Last year I showed these two slides so that demonstrate that the arctic ice cap , which for most of the last three million years has been the size of the lower 48 states , has shrunk by 40 percent .
2026-05-28 09:03:54,032 - INFO - joeynmt.training - 	Hypothesis: Fory year I showed these two slides to show that the pooling skill , who had the poop skin , who had about the last three million years of the U.S. , with 40 percent of the U.S. , with 40 percent of the U.S. , with 40 percent .
2026-05-28 09:03:54,032 - INFO - joeynmt.training - Example #1
2026-05-28 09:03:54,032 - DEBUG - joeynmt.training - 	Tokenized source:     ['Maar', 'dit', 'onder@@', 'sch@@', 'at', 'eigenlijk', 'de', 'er@@', 'n@@', 'st', 'van', 'dit', 'specif@@', 'ieke', 'probleem', 'omdat', 'het', 'niet', 'de', 'di@@', 'kte', 'van', 'het', 'ij@@', 's', 'laat', 'zien', '.']
2026-05-28 09:03:54,032 - DEBUG - joeynmt.training - 	Tokenized reference:  ['But', 'this', 'under@@', 'st@@', 'ates', 'the', 'ser@@', 'i@@', 'ous@@', 'ness', 'of', 'this', 'particular', 'problem', 'because', 'it', 'doesn', '&apos;t', 'show', 'the', 'th@@', 'ick@@', 'ness', 'of', 'the', 'ice', '.']
2026-05-28 09:03:54,032 - DEBUG - joeynmt.training - 	Tokenized hypothesis: ['But', 'this', 'is', 'actually', 'the', 're@@', 'sc@@', 'ene', 'of', 'this', 'particular', 'problem', 'because', 'it', 'doesn', '&apos;t', 'show', 'the', 'di@@', 'ted', 'of', 'the', 'ice', '.', '</s>']
2026-05-28 09:03:54,032 - INFO - joeynmt.training - 	Source:     Maar dit onderschat eigenlijk de ernst van dit specifieke probleem omdat het niet de dikte van het ijs laat zien .
2026-05-28 09:03:54,032 - INFO - joeynmt.training - 	Reference:  But this understates the seriousness of this particular problem because it doesn &apos;t show the thickness of the ice .
2026-05-28 09:03:54,032 - INFO - joeynmt.training - 	Hypothesis: But this is actually the rescene of this particular problem because it doesn &apos;t show the dited of the ice .
2026-05-28 09:03:54,032 - INFO - joeynmt.training - Example #2
2026-05-28 09:03:54,032 - DEBUG - joeynmt.training - 	Tokenized source:     ['De', 'ij@@', 'sk@@', 'a@@', 'p', 'op', 'de', 'N@@', 'oor@@', 'd@@', 'p@@', 'ool', 'is', 'in', 'ze@@', 'kere', 'zin', 'het', 'kl@@', 'op@@', 'p@@', 'end', 'har@@', 't', 'van', 'ons', 'glob@@', 'aal', 'kli@@', 'maat@@', 'systeem', '.']
2026-05-28 09:03:54,032 - DEBUG - joeynmt.training - 	Tokenized reference:  ['The', 'ar@@', 'c@@', 'tic', 'ice', 'ca@@', 'p', 'is', ',', 'in', 'a', 'sense', ',', 'the', 'be@@', 'ating', 'heart', 'of', 'the', 'global', 'climate', 'system', '.']
2026-05-28 09:03:54,032 - DEBUG - joeynmt.training - 	Tokenized hypothesis: ['The', 'ice', 'sk@@', 'a@@', 'p', 'on', 'the', 'Nor@@', 'th', 'P@@', 'ole', 'is', 'in', 'a', 'sense', ',', 'the', 'right', 'heart', 'of', 'our', 'global', 'climate', 'system', '.', '</s>']
2026-05-28 09:03:54,032 - INFO - joeynmt.training - 	Source:     De ijskap op de Noordpool is in zekere zin het kloppend hart van ons globaal klimaatsysteem .
2026-05-28 09:03:54,032 - INFO - joeynmt.training - 	Reference:  The arctic ice cap is , in a sense , the beating heart of the global climate system .
2026-05-28 09:03:54,032 - INFO - joeynmt.training - 	Hypothesis: The ice skap on the North Pole is in a sense , the right heart of our global climate system .
2026-05-28 09:03:54,032 - INFO - joeynmt.training - Example #3
2026-05-28 09:03:54,033 - DEBUG - joeynmt.training - 	Tokenized source:     ['Het', 'zet', 'uit', 'in', 'de', 'win@@', 'ter', 'en', 'k@@', 'ri@@', 'mp@@', 't', 'in', 'de', 'z@@', 'om@@', 'er', '.']
2026-05-28 09:03:54,033 - DEBUG - joeynmt.training - 	Tokenized reference:  ['It', 'exp@@', 'ands', 'in', 'win@@', 'ter', 'and', 'con@@', 'trac@@', 'ts', 'in', 'su@@', 'mmer', '.']
2026-05-28 09:03:54,033 - DEBUG - joeynmt.training - 	Tokenized hypothesis: ['It', '&apos;s', 'a', 'p@@', 'ush', 'in', 'the', 'win@@', 'ter', 'and', 'c@@', 'ri@@', 'mp@@', 't', 'in', 'the', 's@@', 'om@@', 'er', '.', '</s>']
2026-05-28 09:03:54,033 - INFO - joeynmt.training - 	Source:     Het zet uit in de winter en krimpt in de zomer .
2026-05-28 09:03:54,033 - INFO - joeynmt.training - 	Reference:  It expands in winter and contracts in summer .
2026-05-28 09:03:54,033 - INFO - joeynmt.training - 	Hypothesis: It &apos;s a push in the winter and crimpt in the somer .
2026-05-28 09:03:54,033 - INFO - joeynmt.training - Example #4
2026-05-28 09:03:54,033 - DEBUG - joeynmt.training - 	Tokenized source:     ['De', 'volgende', 'dia', 'die', 'ik', 'laat', 'zien', 'is', 'een', 'vers@@', 'n@@', 'elde', 'ver@@', 'sie', 'van', 'wat', 'er', 'de', 'afgelopen', '25', 'jaar', 'is', 'gebeurd', '.']
2026-05-28 09:03:54,033 - DEBUG - joeynmt.training - 	Tokenized reference:  ['The', 'next', 'sli@@', 'de', 'I', 'show', 'you', 'will', 'be', 'a', 'r@@', 'ap@@', 'id', 'fa@@', 'st-@@', 'forward', 'of', 'what', '&apos;s', 'happened', 'over', 'the', 'last', '25', 'years', '.']
2026-05-28 09:03:54,033 - DEBUG - joeynmt.training - 	Tokenized hypothesis: ['The', 'next', 'sli@@', 'de', 'I', '&apos;m', 'sho@@', 'wing', 'is', 'a', 'ver@@', 'sion', 'of', 'what', '&apos;s', 'happened', 'the', 'last', '25', 'years', '.', '</s>']
2026-05-28 09:03:54,033 - INFO - joeynmt.training - 	Source:     De volgende dia die ik laat zien is een versnelde versie van wat er de afgelopen 25 jaar is gebeurd .
2026-05-28 09:03:54,033 - INFO - joeynmt.training - 	Reference:  The next slide I show you will be a rapid fast-forward of what &apos;s happened over the last 25 years .
2026-05-28 09:03:54,033 - INFO - joeynmt.training - 	Hypothesis: The next slide I &apos;m showing is a version of what &apos;s happened the last 25 years .
2026-05-28 09:04:08,561 - INFO - joeynmt.training - Epoch   3, Step:     9100, Batch Loss:     1.663141, Batch Acc: 0.548915, Tokens per Sec:     4999, Lr: 0.000300
2026-05-28 09:04:23,590 - INFO - joeynmt.training - Epoch   3, Step:     9200, Batch Loss:     1.826315, Batch Acc: 0.547046, Tokens per Sec:     4957, Lr: 0.000300
2026-05-28 09:04:39,143 - INFO - joeynmt.training - Epoch   3, Step:     9300, Batch Loss:     1.855525, Batch Acc: 0.547935, Tokens per Sec:     4973, Lr: 0.000300
2026-05-28 09:04:54,304 - INFO - joeynmt.training - Epoch   3, Step:     9400, Batch Loss:     1.877198, Batch Acc: 0.546382, Tokens per Sec:     4888, Lr: 0.000300
2026-05-28 09:05:08,836 - INFO - joeynmt.training - Epoch   3, Step:     9500, Batch Loss:     1.634561, Batch Acc: 0.554500, Tokens per Sec:     5037, Lr: 0.000300
2026-05-28 09:05:08,837 - WARNING - joeynmt.helpers - `alpha` option is obsolete. Please use `beam_alpha`, instead.
2026-05-28 09:05:08,837 - INFO - joeynmt.prediction - Predicting 1003 example(s)... (Greedy decoding with min_output_length=1, max_output_length=-1, return_prob='none', generate_unk=True, repetition_penalty=-1, no_repeat_ngram_size=-1)
2026-05-28 09:05:33,709 - INFO - joeynmt.prediction - Evaluation result (greedy) loss:   1.98, ppl:   7.25, acc:   0.47, generation: 24.8632[sec], evaluation: 0.0000[sec]
2026-05-28 09:05:33,710 - INFO - joeynmt.training - Hooray! New best validation result [ppl]!
2026-05-28 09:05:33,837 - INFO - joeynmt.helpers - delete models/tf_bpe_4000_nl_en/7000.ckpt
2026-05-28 09:05:33,838 - INFO - joeynmt.training - Example #0
2026-05-28 09:05:33,839 - DEBUG - joeynmt.training - 	Tokenized source:     ['V@@', 'or@@', 'ig', 'jaar', 'liet', 'ik', 'deze', 'twee', 'dia', '&apos;', 's', 'zien', 'om', 'aan', 'te', 'tonen', 'dat', 'de', 'p@@', 'oo@@', 'lij@@', 'sk@@', 'a@@', 'p', ',', 'die', 'de', 'afgelopen', 'drie', 'miljoen', 'jaar', 'ongeveer', 'de', 'groot@@', 'te', 'had', 'van', 'het', 'va@@', 'stel@@', 'and', 'van', 'de', 'VS', ',', 'met', '40', '%', 'ge@@', 'k@@', 'rom@@', 'pen', 'was', '.']
2026-05-28 09:05:33,839 - DEBUG - joeynmt.training - 	Tokenized reference:  ['La@@', 'st', 'year', 'I', 'sho@@', 'wed', 'these', 'two', 'sli@@', 'des', 'so', 'that', 'de@@', 'mon@@', 'str@@', 'ate', 'that', 'the', 'ar@@', 'c@@', 'tic', 'ice', 'ca@@', 'p', ',', 'which', 'for', 'most', 'of', 'the', 'last', 'three', 'million', 'years', 'has', 'been', 'the', 'size', 'of', 'the', 'lo@@', 'wer', '4@@', '8', 'st@@', 'ates', ',', 'has', 'sh@@', 'run@@', 'k', 'by', '40', 'percent', '.']
2026-05-28 09:05:33,839 - DEBUG - joeynmt.training - 	Tokenized hypothesis: ['F@@', 'or@@', 'y', 'year', 'I', 'sho@@', 'wed', 'these', 'two', 'sli@@', 'des', 'to', 'show', 'that', 'the', 'p@@', 'oo@@', 'li@@', 'sk@@', 'in', ',', 'which', 'the', 'p@@', 'oo@@', 'li@@', 'sk@@', 'in', ',', 'which', 'was', 'about', '40', 'percent', 'of', 'the', 'va@@', 'il@@', 'ation', 'of', 'the', 'U.S.', ',', 'with', '40', 'percent', 'ge@@', 'k@@', 'y@@', 'rom@@', 'ise', '.', '</s>']
2026-05-28 09:05:33,839 - INFO - joeynmt.training - 	Source:     Vorig jaar liet ik deze twee dia &apos; s zien om aan te tonen dat de poolijskap , die de afgelopen drie miljoen jaar ongeveer de grootte had van het vasteland van de VS , met 40 % gekrompen was .
2026-05-28 09:05:33,839 - INFO - joeynmt.training - 	Reference:  Last year I showed these two slides so that demonstrate that the arctic ice cap , which for most of the last three million years has been the size of the lower 48 states , has shrunk by 40 percent .
2026-05-28 09:05:33,839 - INFO - joeynmt.training - 	Hypothesis: Fory year I showed these two slides to show that the pooliskin , which the pooliskin , which was about 40 percent of the vailation of the U.S. , with 40 percent gekyromise .
2026-05-28 09:05:33,839 - INFO - joeynmt.training - Example #1
2026-05-28 09:05:33,839 - DEBUG - joeynmt.training - 	Tokenized source:     ['Maar', 'dit', 'onder@@', 'sch@@', 'at', 'eigenlijk', 'de', 'er@@', 'n@@', 'st', 'van', 'dit', 'specif@@', 'ieke', 'probleem', 'omdat', 'het', 'niet', 'de', 'di@@', 'kte', 'van', 'het', 'ij@@', 's', 'laat', 'zien', '.']
2026-05-28 09:05:33,839 - DEBUG - joeynmt.training - 	Tokenized reference:  ['But', 'this', 'under@@', 'st@@', 'ates', 'the', 'ser@@', 'i@@', 'ous@@', 'ness', 'of', 'this', 'particular', 'problem', 'because', 'it', 'doesn', '&apos;t', 'show', 'the', 'th@@', 'ick@@', 'ness', 'of', 'the', 'ice', '.']
2026-05-28 09:05:33,839 - DEBUG - joeynmt.training - 	Tokenized hypothesis: ['But', 'this', 'is', 'the', 'under@@', 'st@@', 'ood', 'of', 'this', 'particular', 'problem', 'because', 'it', 'doesn', '&apos;t', 'show', 'it', 'the', 'di@@', 'cul@@', 'ate', 'of', 'the', 'ice', '.', '</s>']
2026-05-28 09:05:33,839 - INFO - joeynmt.training - 	Source:     Maar dit onderschat eigenlijk de ernst van dit specifieke probleem omdat het niet de dikte van het ijs laat zien .
2026-05-28 09:05:33,839 - INFO - joeynmt.training - 	Reference:  But this understates the seriousness of this particular problem because it doesn &apos;t show the thickness of the ice .
2026-05-28 09:05:33,839 - INFO - joeynmt.training - 	Hypothesis: But this is the understood of this particular problem because it doesn &apos;t show it the diculate of the ice .
2026-05-28 09:05:33,839 - INFO - joeynmt.training - Example #2
2026-05-28 09:05:33,839 - DEBUG - joeynmt.training - 	Tokenized source:     ['De', 'ij@@', 'sk@@', 'a@@', 'p', 'op', 'de', 'N@@', 'oor@@', 'd@@', 'p@@', 'ool', 'is', 'in', 'ze@@', 'kere', 'zin', 'het', 'kl@@', 'op@@', 'p@@', 'end', 'har@@', 't', 'van', 'ons', 'glob@@', 'aal', 'kli@@', 'maat@@', 'systeem', '.']
2026-05-28 09:05:33,840 - DEBUG - joeynmt.training - 	Tokenized reference:  ['The', 'ar@@', 'c@@', 'tic', 'ice', 'ca@@', 'p', 'is', ',', 'in', 'a', 'sense', ',', 'the', 'be@@', 'ating', 'heart', 'of', 'the', 'global', 'climate', 'system', '.']
2026-05-28 09:05:33,840 - DEBUG - joeynmt.training - 	Tokenized hypothesis: ['The', 'ice', 'sk@@', 'a@@', 'p', 'on', 'the', 'Nor@@', 'th', 'P@@', 'ole', 'is', 'in', 'a', 'sense', ',', 'the', 'cl@@', 'op@@', 'ing', 'heart', 'of', 'our', 'global', 'climate', 'system', '.', '</s>']
2026-05-28 09:05:33,840 - INFO - joeynmt.training - 	Source:     De ijskap op de Noordpool is in zekere zin het kloppend hart van ons globaal klimaatsysteem .
2026-05-28 09:05:33,840 - INFO - joeynmt.training - 	Reference:  The arctic ice cap is , in a sense , the beating heart of the global climate system .
2026-05-28 09:05:33,840 - INFO - joeynmt.training - 	Hypothesis: The ice skap on the North Pole is in a sense , the cloping heart of our global climate system .
2026-05-28 09:05:33,840 - INFO - joeynmt.training - Example #3
2026-05-28 09:05:33,840 - DEBUG - joeynmt.training - 	Tokenized source:     ['Het', 'zet', 'uit', 'in', 'de', 'win@@', 'ter', 'en', 'k@@', 'ri@@', 'mp@@', 't', 'in', 'de', 'z@@', 'om@@', 'er', '.']
2026-05-28 09:05:33,840 - DEBUG - joeynmt.training - 	Tokenized reference:  ['It', 'exp@@', 'ands', 'in', 'win@@', 'ter', 'and', 'con@@', 'trac@@', 'ts', 'in', 'su@@', 'mmer', '.']
2026-05-28 09:05:33,840 - DEBUG - joeynmt.training - 	Tokenized hypothesis: ['It', '&apos;s', 'going', 'to', 'the', 'win@@', 'ter', 'and', 'c@@', 'ri@@', 'mp@@', 't', 'in', 'the', 's@@', 'om@@', 'er', '.', '</s>']
2026-05-28 09:05:33,840 - INFO - joeynmt.training - 	Source:     Het zet uit in de winter en krimpt in de zomer .
2026-05-28 09:05:33,840 - INFO - joeynmt.training - 	Reference:  It expands in winter and contracts in summer .
2026-05-28 09:05:33,840 - INFO - joeynmt.training - 	Hypothesis: It &apos;s going to the winter and crimpt in the somer .
2026-05-28 09:05:33,840 - INFO - joeynmt.training - Example #4
2026-05-28 09:05:33,840 - DEBUG - joeynmt.training - 	Tokenized source:     ['De', 'volgende', 'dia', 'die', 'ik', 'laat', 'zien', 'is', 'een', 'vers@@', 'n@@', 'elde', 'ver@@', 'sie', 'van', 'wat', 'er', 'de', 'afgelopen', '25', 'jaar', 'is', 'gebeurd', '.']
2026-05-28 09:05:33,840 - DEBUG - joeynmt.training - 	Tokenized reference:  ['The', 'next', 'sli@@', 'de', 'I', 'show', 'you', 'will', 'be', 'a', 'r@@', 'ap@@', 'id', 'fa@@', 'st-@@', 'forward', 'of', 'what', '&apos;s', 'happened', 'over', 'the', 'last', '25', 'years', '.']
2026-05-28 09:05:33,840 - DEBUG - joeynmt.training - 	Tokenized hypothesis: ['The', 'next', 'sli@@', 'de', 'I', '&apos;m', 'sho@@', 'wing', 'is', 'a', 're@@', 'ver@@', 'sion', 'of', 'what', '&apos;s', 'happened', 'the', 'last', '25', 'years', '.', '</s>']
2026-05-28 09:05:33,841 - INFO - joeynmt.training - 	Source:     De volgende dia die ik laat zien is een versnelde versie van wat er de afgelopen 25 jaar is gebeurd .
2026-05-28 09:05:33,841 - INFO - joeynmt.training - 	Reference:  The next slide I show you will be a rapid fast-forward of what &apos;s happened over the last 25 years .
2026-05-28 09:05:33,841 - INFO - joeynmt.training - 	Hypothesis: The next slide I &apos;m showing is a reversion of what &apos;s happened the last 25 years .
2026-05-28 09:05:48,313 - INFO - joeynmt.training - Epoch   3, Step:     9600, Batch Loss:     1.671073, Batch Acc: 0.552889, Tokens per Sec:     5116, Lr: 0.000300
2026-05-28 09:06:03,116 - INFO - joeynmt.training - Epoch   3, Step:     9700, Batch Loss:     1.696609, Batch Acc: 0.555561, Tokens per Sec:     5051, Lr: 0.000300
2026-05-28 09:06:18,351 - INFO - joeynmt.training - Epoch   3, Step:     9800, Batch Loss:     1.678703, Batch Acc: 0.549863, Tokens per Sec:     4924, Lr: 0.000300
2026-05-28 09:06:32,924 - INFO - joeynmt.training - Epoch   3, Step:     9900, Batch Loss:     1.693824, Batch Acc: 0.556186, Tokens per Sec:     4913, Lr: 0.000300
2026-05-28 09:06:47,296 - INFO - joeynmt.training - Epoch   3, Step:    10000, Batch Loss:     1.643693, Batch Acc: 0.551906, Tokens per Sec:     5240, Lr: 0.000300
2026-05-28 09:06:47,298 - WARNING - joeynmt.helpers - `alpha` option is obsolete. Please use `beam_alpha`, instead.
2026-05-28 09:06:47,298 - INFO - joeynmt.prediction - Predicting 1003 example(s)... (Greedy decoding with min_output_length=1, max_output_length=-1, return_prob='none', generate_unk=True, repetition_penalty=-1, no_repeat_ngram_size=-1)
2026-05-28 09:07:16,181 - INFO - joeynmt.prediction - Evaluation result (greedy) loss:   1.97, ppl:   7.14, acc:   0.47, generation: 28.8741[sec], evaluation: 0.0000[sec]
2026-05-28 09:07:16,182 - INFO - joeynmt.training - Hooray! New best validation result [ppl]!
2026-05-28 09:07:16,305 - INFO - joeynmt.helpers - delete models/tf_bpe_4000_nl_en/7500.ckpt
2026-05-28 09:07:16,306 - INFO - joeynmt.training - Example #0
2026-05-28 09:07:16,306 - DEBUG - joeynmt.training - 	Tokenized source:     ['V@@', 'or@@', 'ig', 'jaar', 'liet', 'ik', 'deze', 'twee', 'dia', '&apos;', 's', 'zien', 'om', 'aan', 'te', 'tonen', 'dat', 'de', 'p@@', 'oo@@', 'lij@@', 'sk@@', 'a@@', 'p', ',', 'die', 'de', 'afgelopen', 'drie', 'miljoen', 'jaar', 'ongeveer', 'de', 'groot@@', 'te', 'had', 'van', 'het', 'va@@', 'stel@@', 'and', 'van', 'de', 'VS', ',', 'met', '40', '%', 'ge@@', 'k@@', 'rom@@', 'pen', 'was', '.']
2026-05-28 09:07:16,306 - DEBUG - joeynmt.training - 	Tokenized reference:  ['La@@', 'st', 'year', 'I', 'sho@@', 'wed', 'these', 'two', 'sli@@', 'des', 'so', 'that', 'de@@', 'mon@@', 'str@@', 'ate', 'that', 'the', 'ar@@', 'c@@', 'tic', 'ice', 'ca@@', 'p', ',', 'which', 'for', 'most', 'of', 'the', 'last', 'three', 'million', 'years', 'has', 'been', 'the', 'size', 'of', 'the', 'lo@@', 'wer', '4@@', '8', 'st@@', 'ates', ',', 'has', 'sh@@', 'run@@', 'k', 'by', '40', 'percent', '.']
2026-05-28 09:07:16,306 - DEBUG - joeynmt.training - 	Tokenized hypothesis: ['And', 'I', 'sho@@', 'wed', 'these', 'two', 'sli@@', 'des', ',', 'I', 'sho@@', 'wed', 'these', 'two', 'sli@@', 'des', 'to', 'show', 'that', 'the', 'p@@', 'oo@@', 'y', 'sk@@', 'a@@', 'p', ',', 'which', 'was', 'about', 'the', 'last', 'three', 'million', 'years', ',', 'the', 'va@@', 'ster@@', 'ed', 'of', 'the', 'U.S.', ',', 'with', '40', 'percent', 'ge@@', '-@@', 'rom@@', 'is@@', 'ed', 'rom@@', 'is@@', 'ed', '.', '</s>']
2026-05-28 09:07:16,306 - INFO - joeynmt.training - 	Source:     Vorig jaar liet ik deze twee dia &apos; s zien om aan te tonen dat de poolijskap , die de afgelopen drie miljoen jaar ongeveer de grootte had van het vasteland van de VS , met 40 % gekrompen was .
2026-05-28 09:07:16,306 - INFO - joeynmt.training - 	Reference:  Last year I showed these two slides so that demonstrate that the arctic ice cap , which for most of the last three million years has been the size of the lower 48 states , has shrunk by 40 percent .
2026-05-28 09:07:16,306 - INFO - joeynmt.training - 	Hypothesis: And I showed these two slides , I showed these two slides to show that the pooy skap , which was about the last three million years , the vastered of the U.S. , with 40 percent ge-romised romised .
2026-05-28 09:07:16,306 - INFO - joeynmt.training - Example #1
2026-05-28 09:07:16,306 - DEBUG - joeynmt.training - 	Tokenized source:     ['Maar', 'dit', 'onder@@', 'sch@@', 'at', 'eigenlijk', 'de', 'er@@', 'n@@', 'st', 'van', 'dit', 'specif@@', 'ieke', 'probleem', 'omdat', 'het', 'niet', 'de', 'di@@', 'kte', 'van', 'het', 'ij@@', 's', 'laat', 'zien', '.']
2026-05-28 09:07:16,306 - DEBUG - joeynmt.training - 	Tokenized reference:  ['But', 'this', 'under@@', 'st@@', 'ates', 'the', 'ser@@', 'i@@', 'ous@@', 'ness', 'of', 'this', 'particular', 'problem', 'because', 'it', 'doesn', '&apos;t', 'show', 'the', 'th@@', 'ick@@', 'ness', 'of', 'the', 'ice', '.']
2026-05-28 09:07:16,306 - DEBUG - joeynmt.training - 	Tokenized hypothesis: ['But', 'this', 'is', ',', 'in', 'fact', ',', 'the', 'er@@', 'n@@', 'st', 'of', 'this', 'particular', 'problem', 'because', 'it', 'doesn', '&apos;t', 'show', 'the', 'di@@', 'ty', 'of', 'the', 'ice', '.', '</s>']
2026-05-28 09:07:16,307 - INFO - joeynmt.training - 	Source:     Maar dit onderschat eigenlijk de ernst van dit specifieke probleem omdat het niet de dikte van het ijs laat zien .
2026-05-28 09:07:16,307 - INFO - joeynmt.training - 	Reference:  But this understates the seriousness of this particular problem because it doesn &apos;t show the thickness of the ice .
2026-05-28 09:07:16,307 - INFO - joeynmt.training - 	Hypothesis: But this is , in fact , the ernst of this particular problem because it doesn &apos;t show the dity of the ice .
2026-05-28 09:07:16,307 - INFO - joeynmt.training - Example #2
2026-05-28 09:07:16,307 - DEBUG - joeynmt.training - 	Tokenized source:     ['De', 'ij@@', 'sk@@', 'a@@', 'p', 'op', 'de', 'N@@', 'oor@@', 'd@@', 'p@@', 'ool', 'is', 'in', 'ze@@', 'kere', 'zin', 'het', 'kl@@', 'op@@', 'p@@', 'end', 'har@@', 't', 'van', 'ons', 'glob@@', 'aal', 'kli@@', 'maat@@', 'systeem', '.']
2026-05-28 09:07:16,307 - DEBUG - joeynmt.training - 	Tokenized reference:  ['The', 'ar@@', 'c@@', 'tic', 'ice', 'ca@@', 'p', 'is', ',', 'in', 'a', 'sense', ',', 'the', 'be@@', 'ating', 'heart', 'of', 'the', 'global', 'climate', 'system', '.']
2026-05-28 09:07:16,307 - DEBUG - joeynmt.training - 	Tokenized hypothesis: ['The', 'ice', 'sk@@', 'a@@', 'p', 'on', 'the', 'Nor@@', 'th', 'P@@', 'ole', 'is', 'in', 'a', 'certain', 'sense', ',', 'the', 'cu@@', 'st@@', 'om@@', 'er', 'of', 'our', 'global', 'climate', 'system', '.', '</s>']
2026-05-28 09:07:16,307 - INFO - joeynmt.training - 	Source:     De ijskap op de Noordpool is in zekere zin het kloppend hart van ons globaal klimaatsysteem .
2026-05-28 09:07:16,307 - INFO - joeynmt.training - 	Reference:  The arctic ice cap is , in a sense , the beating heart of the global climate system .
2026-05-28 09:07:16,307 - INFO - joeynmt.training - 	Hypothesis: The ice skap on the North Pole is in a certain sense , the customer of our global climate system .
2026-05-28 09:07:16,307 - INFO - joeynmt.training - Example #3
2026-05-28 09:07:16,307 - DEBUG - joeynmt.training - 	Tokenized source:     ['Het', 'zet', 'uit', 'in', 'de', 'win@@', 'ter', 'en', 'k@@', 'ri@@', 'mp@@', 't', 'in', 'de', 'z@@', 'om@@', 'er', '.']
2026-05-28 09:07:16,307 - DEBUG - joeynmt.training - 	Tokenized reference:  ['It', 'exp@@', 'ands', 'in', 'win@@', 'ter', 'and', 'con@@', 'trac@@', 'ts', 'in', 'su@@', 'mmer', '.']
2026-05-28 09:07:16,307 - DEBUG - joeynmt.training - 	Tokenized hypothesis: ['It', '&apos;s', 'in', 'the', 'win@@', 'ter', 'and', 'k@@', 'ri@@', 'mp@@', 't', 'in', 'the', 's@@', 'om@@', 'er', '.', '</s>']
2026-05-28 09:07:16,308 - INFO - joeynmt.training - 	Source:     Het zet uit in de winter en krimpt in de zomer .
2026-05-28 09:07:16,308 - INFO - joeynmt.training - 	Reference:  It expands in winter and contracts in summer .
2026-05-28 09:07:16,308 - INFO - joeynmt.training - 	Hypothesis: It &apos;s in the winter and krimpt in the somer .
2026-05-28 09:07:16,308 - INFO - joeynmt.training - Example #4
2026-05-28 09:07:16,308 - DEBUG - joeynmt.training - 	Tokenized source:     ['De', 'volgende', 'dia', 'die', 'ik', 'laat', 'zien', 'is', 'een', 'vers@@', 'n@@', 'elde', 'ver@@', 'sie', 'van', 'wat', 'er', 'de', 'afgelopen', '25', 'jaar', 'is', 'gebeurd', '.']
2026-05-28 09:07:16,308 - DEBUG - joeynmt.training - 	Tokenized reference:  ['The', 'next', 'sli@@', 'de', 'I', 'show', 'you', 'will', 'be', 'a', 'r@@', 'ap@@', 'id', 'fa@@', 'st-@@', 'forward', 'of', 'what', '&apos;s', 'happened', 'over', 'the', 'last', '25', 'years', '.']
2026-05-28 09:07:16,308 - DEBUG - joeynmt.training - 	Tokenized hypothesis: ['The', 'next', 'sli@@', 'de', 'I', '&apos;m', 'going', 'to', 'show', 'is', 'a', 'vers@@', 'us', 'of', 'what', '&apos;s', 'happened', 'the', 'last', '25', 'years', '.', '</s>']
2026-05-28 09:07:16,308 - INFO - joeynmt.training - 	Source:     De volgende dia die ik laat zien is een versnelde versie van wat er de afgelopen 25 jaar is gebeurd .
2026-05-28 09:07:16,308 - INFO - joeynmt.training - 	Reference:  The next slide I show you will be a rapid fast-forward of what &apos;s happened over the last 25 years .
2026-05-28 09:07:16,308 - INFO - joeynmt.training - 	Hypothesis: The next slide I &apos;m going to show is a versus of what &apos;s happened the last 25 years .
2026-05-28 09:07:30,628 - INFO - joeynmt.training - Epoch   3, Step:    10100, Batch Loss:     1.562998, Batch Acc: 0.554598, Tokens per Sec:     4942, Lr: 0.000300
2026-05-28 09:07:45,395 - INFO - joeynmt.training - Epoch   3, Step:    10200, Batch Loss:     1.615421, Batch Acc: 0.553357, Tokens per Sec:     5017, Lr: 0.000300
2026-05-28 09:07:59,772 - INFO - joeynmt.training - Epoch   3, Step:    10300, Batch Loss:     1.559720, Batch Acc: 0.553448, Tokens per Sec:     5087, Lr: 0.000300
2026-05-28 09:08:13,999 - INFO - joeynmt.training - Epoch   3, Step:    10400, Batch Loss:     1.506509, Batch Acc: 0.557468, Tokens per Sec:     5347, Lr: 0.000300
2026-05-28 09:08:27,474 - INFO - joeynmt.training - Epoch   3: total training loss 5833.98
2026-05-28 09:08:27,474 - INFO - joeynmt.training - EPOCH 4
2026-05-28 09:08:28,881 - INFO - joeynmt.training - Epoch   4, Step:    10500, Batch Loss:     1.471680, Batch Acc: 0.577568, Tokens per Sec:     4966, Lr: 0.000300
2026-05-28 09:08:28,881 - WARNING - joeynmt.helpers - `alpha` option is obsolete. Please use `beam_alpha`, instead.
2026-05-28 09:08:28,881 - INFO - joeynmt.prediction - Predicting 1003 example(s)... (Greedy decoding with min_output_length=1, max_output_length=-1, return_prob='none', generate_unk=True, repetition_penalty=-1, no_repeat_ngram_size=-1)
2026-05-28 09:08:58,590 - INFO - joeynmt.prediction - Evaluation result (greedy) loss:   1.96, ppl:   7.08, acc:   0.48, generation: 29.6995[sec], evaluation: 0.0000[sec]
2026-05-28 09:08:58,590 - INFO - joeynmt.training - Hooray! New best validation result [ppl]!
2026-05-28 09:08:58,711 - INFO - joeynmt.helpers - delete models/tf_bpe_4000_nl_en/8000.ckpt
2026-05-28 09:08:58,712 - INFO - joeynmt.training - Example #0
2026-05-28 09:08:58,712 - DEBUG - joeynmt.training - 	Tokenized source:     ['V@@', 'or@@', 'ig', 'jaar', 'liet', 'ik', 'deze', 'twee', 'dia', '&apos;', 's', 'zien', 'om', 'aan', 'te', 'tonen', 'dat', 'de', 'p@@', 'oo@@', 'lij@@', 'sk@@', 'a@@', 'p', ',', 'die', 'de', 'afgelopen', 'drie', 'miljoen', 'jaar', 'ongeveer', 'de', 'groot@@', 'te', 'had', 'van', 'het', 'va@@', 'stel@@', 'and', 'van', 'de', 'VS', ',', 'met', '40', '%', 'ge@@', 'k@@', 'rom@@', 'pen', 'was', '.']
2026-05-28 09:08:58,712 - DEBUG - joeynmt.training - 	Tokenized reference:  ['La@@', 'st', 'year', 'I', 'sho@@', 'wed', 'these', 'two', 'sli@@', 'des', 'so', 'that', 'de@@', 'mon@@', 'str@@', 'ate', 'that', 'the', 'ar@@', 'c@@', 'tic', 'ice', 'ca@@', 'p', ',', 'which', 'for', 'most', 'of', 'the', 'last', 'three', 'million', 'years', 'has', 'been', 'the', 'size', 'of', 'the', 'lo@@', 'wer', '4@@', '8', 'st@@', 'ates', ',', 'has', 'sh@@', 'run@@', 'k', 'by', '40', 'percent', '.']
2026-05-28 09:08:58,712 - DEBUG - joeynmt.training - 	Tokenized hypothesis: ['And', 'so', ',', 'I', 'sho@@', 'wed', 'these', 'two', 'sli@@', 'des', ',', 'I', 'sho@@', 'wed', 'these', 'two', 'sli@@', 'des', ',', 'which', 'was', 'the', 'p@@', 'oo@@', 'ling', 'of', 'the', 'size', ',', 'the', 'last', 'three', 'million', 'years', ',', 'the', 'U.S.', ',', 'with', '40', 'percent', 'of', 'the', 'U.S.', ',', 'with', '40', 'percent', 'of', 'the', 'ge@@', 'ome@@', 'try', '.', '</s>']
2026-05-28 09:08:58,713 - INFO - joeynmt.training - 	Source:     Vorig jaar liet ik deze twee dia &apos; s zien om aan te tonen dat de poolijskap , die de afgelopen drie miljoen jaar ongeveer de grootte had van het vasteland van de VS , met 40 % gekrompen was .
2026-05-28 09:08:58,713 - INFO - joeynmt.training - 	Reference:  Last year I showed these two slides so that demonstrate that the arctic ice cap , which for most of the last three million years has been the size of the lower 48 states , has shrunk by 40 percent .
2026-05-28 09:08:58,713 - INFO - joeynmt.training - 	Hypothesis: And so , I showed these two slides , I showed these two slides , which was the pooling of the size , the last three million years , the U.S. , with 40 percent of the U.S. , with 40 percent of the geometry .
2026-05-28 09:08:58,713 - INFO - joeynmt.training - Example #1
2026-05-28 09:08:58,713 - DEBUG - joeynmt.training - 	Tokenized source:     ['Maar', 'dit', 'onder@@', 'sch@@', 'at', 'eigenlijk', 'de', 'er@@', 'n@@', 'st', 'van', 'dit', 'specif@@', 'ieke', 'probleem', 'omdat', 'het', 'niet', 'de', 'di@@', 'kte', 'van', 'het', 'ij@@', 's', 'laat', 'zien', '.']
2026-05-28 09:08:58,713 - DEBUG - joeynmt.training - 	Tokenized reference:  ['But', 'this', 'under@@', 'st@@', 'ates', 'the', 'ser@@', 'i@@', 'ous@@', 'ness', 'of', 'this', 'particular', 'problem', 'because', 'it', 'doesn', '&apos;t', 'show', 'the', 'th@@', 'ick@@', 'ness', 'of', 'the', 'ice', '.']
2026-05-28 09:08:58,713 - DEBUG - joeynmt.training - 	Tokenized hypothesis: ['But', 'this', 'is', 'actually', 'the', 'ex@@', 'er@@', 'ci@@', 'se', 'of', 'this', 'particular', 'problem', 'because', 'it', 'doesn', '&apos;t', 'show', 'it', 'the', 'di@@', 'ty', 'of', 'the', 'ice', 'of', 'the', 'ice', 'of', 'ice', '.', '</s>']
2026-05-28 09:08:58,713 - INFO - joeynmt.training - 	Source:     Maar dit onderschat eigenlijk de ernst van dit specifieke probleem omdat het niet de dikte van het ijs laat zien .
2026-05-28 09:08:58,713 - INFO - joeynmt.training - 	Reference:  But this understates the seriousness of this particular problem because it doesn &apos;t show the thickness of the ice .
2026-05-28 09:08:58,713 - INFO - joeynmt.training - 	Hypothesis: But this is actually the exercise of this particular problem because it doesn &apos;t show it the dity of the ice of the ice of ice .
2026-05-28 09:08:58,713 - INFO - joeynmt.training - Example #2
2026-05-28 09:08:58,713 - DEBUG - joeynmt.training - 	Tokenized source:     ['De', 'ij@@', 'sk@@', 'a@@', 'p', 'op', 'de', 'N@@', 'oor@@', 'd@@', 'p@@', 'ool', 'is', 'in', 'ze@@', 'kere', 'zin', 'het', 'kl@@', 'op@@', 'p@@', 'end', 'har@@', 't', 'van', 'ons', 'glob@@', 'aal', 'kli@@', 'maat@@', 'systeem', '.']
2026-05-28 09:08:58,713 - DEBUG - joeynmt.training - 	Tokenized reference:  ['The', 'ar@@', 'c@@', 'tic', 'ice', 'ca@@', 'p', 'is', ',', 'in', 'a', 'sense', ',', 'the', 'be@@', 'ating', 'heart', 'of', 'the', 'global', 'climate', 'system', '.']
2026-05-28 09:08:58,713 - DEBUG - joeynmt.training - 	Tokenized hypothesis: ['The', 'ice', 'ice', 'sk@@', 'a@@', 'p', 'on', 'the', 'Nor@@', 'th', 'P@@', 'ole', 'is', 'a', 'certain', 'sense', 'of', 'our', 'global', 'global', 'climate', 'system', '.', '</s>']
2026-05-28 09:08:58,713 - INFO - joeynmt.training - 	Source:     De ijskap op de Noordpool is in zekere zin het kloppend hart van ons globaal klimaatsysteem .
2026-05-28 09:08:58,714 - INFO - joeynmt.training - 	Reference:  The arctic ice cap is , in a sense , the beating heart of the global climate system .
2026-05-28 09:08:58,714 - INFO - joeynmt.training - 	Hypothesis: The ice ice skap on the North Pole is a certain sense of our global global climate system .
2026-05-28 09:08:58,714 - INFO - joeynmt.training - Example #3
2026-05-28 09:08:58,714 - DEBUG - joeynmt.training - 	Tokenized source:     ['Het', 'zet', 'uit', 'in', 'de', 'win@@', 'ter', 'en', 'k@@', 'ri@@', 'mp@@', 't', 'in', 'de', 'z@@', 'om@@', 'er', '.']
2026-05-28 09:08:58,714 - DEBUG - joeynmt.training - 	Tokenized reference:  ['It', 'exp@@', 'ands', 'in', 'win@@', 'ter', 'and', 'con@@', 'trac@@', 'ts', 'in', 'su@@', 'mmer', '.']
2026-05-28 09:08:58,714 - DEBUG - joeynmt.training - 	Tokenized hypothesis: ['It', '&apos;s', 'in', 'the', 'win@@', 'ter', 'and', 'c@@', 'ri@@', 'mp@@', 't', 'in', 'the', 'su@@', 'mmer', '.', '</s>']
2026-05-28 09:08:58,714 - INFO - joeynmt.training - 	Source:     Het zet uit in de winter en krimpt in de zomer .
2026-05-28 09:08:58,714 - INFO - joeynmt.training - 	Reference:  It expands in winter and contracts in summer .
2026-05-28 09:08:58,714 - INFO - joeynmt.training - 	Hypothesis: It &apos;s in the winter and crimpt in the summer .
2026-05-28 09:08:58,714 - INFO - joeynmt.training - Example #4
2026-05-28 09:08:58,714 - DEBUG - joeynmt.training - 	Tokenized source:     ['De', 'volgende', 'dia', 'die', 'ik', 'laat', 'zien', 'is', 'een', 'vers@@', 'n@@', 'elde', 'ver@@', 'sie', 'van', 'wat', 'er', 'de', 'afgelopen', '25', 'jaar', 'is', 'gebeurd', '.']
2026-05-28 09:08:58,714 - DEBUG - joeynmt.training - 	Tokenized reference:  ['The', 'next', 'sli@@', 'de', 'I', 'show', 'you', 'will', 'be', 'a', 'r@@', 'ap@@', 'id', 'fa@@', 'st-@@', 'forward', 'of', 'what', '&apos;s', 'happened', 'over', 'the', 'last', '25', 'years', '.']
2026-05-28 09:08:58,714 - DEBUG - joeynmt.training - 	Tokenized hypothesis: ['The', 'next', 'sli@@', 'de', 'I', '&apos;m', 'sho@@', 'wing', 'is', 'a', 'vers@@', 'us', 'a', 'ver@@', 'sion', 'of', 'what', '&apos;s', 'happened', 'the', 'last', '25', 'years', '.', '</s>']
2026-05-28 09:08:58,714 - INFO - joeynmt.training - 	Source:     De volgende dia die ik laat zien is een versnelde versie van wat er de afgelopen 25 jaar is gebeurd .
2026-05-28 09:08:58,714 - INFO - joeynmt.training - 	Reference:  The next slide I show you will be a rapid fast-forward of what &apos;s happened over the last 25 years .
2026-05-28 09:08:58,714 - INFO - joeynmt.training - 	Hypothesis: The next slide I &apos;m showing is a versus a version of what &apos;s happened the last 25 years .
2026-05-28 09:09:13,086 - INFO - joeynmt.training - Epoch   4, Step:    10600, Batch Loss:     1.638417, Batch Acc: 0.576191, Tokens per Sec:     5204, Lr: 0.000300
2026-05-28 09:09:27,189 - INFO - joeynmt.training - Epoch   4, Step:    10700, Batch Loss:     1.354699, Batch Acc: 0.579324, Tokens per Sec:     5315, Lr: 0.000300
2026-05-28 09:09:42,179 - INFO - joeynmt.training - Epoch   4, Step:    10800, Batch Loss:     1.688172, Batch Acc: 0.575859, Tokens per Sec:     4902, Lr: 0.000300
2026-05-28 09:09:56,615 - INFO - joeynmt.training - Epoch   4, Step:    10900, Batch Loss:     1.370984, Batch Acc: 0.576476, Tokens per Sec:     5166, Lr: 0.000300
2026-05-28 09:10:11,692 - INFO - joeynmt.training - Epoch   4, Step:    11000, Batch Loss:     1.473472, Batch Acc: 0.578257, Tokens per Sec:     4938, Lr: 0.000300
2026-05-28 09:10:11,693 - WARNING - joeynmt.helpers - `alpha` option is obsolete. Please use `beam_alpha`, instead.
2026-05-28 09:10:11,693 - INFO - joeynmt.prediction - Predicting 1003 example(s)... (Greedy decoding with min_output_length=1, max_output_length=-1, return_prob='none', generate_unk=True, repetition_penalty=-1, no_repeat_ngram_size=-1)
2026-05-28 09:10:41,563 - INFO - joeynmt.prediction - Evaluation result (greedy) loss:   1.96, ppl:   7.13, acc:   0.48, generation: 29.8594[sec], evaluation: 0.0000[sec]
2026-05-28 09:10:41,690 - INFO - joeynmt.helpers - delete models/tf_bpe_4000_nl_en/8500.ckpt
2026-05-28 09:10:41,694 - INFO - joeynmt.training - Example #0
2026-05-28 09:10:41,694 - DEBUG - joeynmt.training - 	Tokenized source:     ['V@@', 'or@@', 'ig', 'jaar', 'liet', 'ik', 'deze', 'twee', 'dia', '&apos;', 's', 'zien', 'om', 'aan', 'te', 'tonen', 'dat', 'de', 'p@@', 'oo@@', 'lij@@', 'sk@@', 'a@@', 'p', ',', 'die', 'de', 'afgelopen', 'drie', 'miljoen', 'jaar', 'ongeveer', 'de', 'groot@@', 'te', 'had', 'van', 'het', 'va@@', 'stel@@', 'and', 'van', 'de', 'VS', ',', 'met', '40', '%', 'ge@@', 'k@@', 'rom@@', 'pen', 'was', '.']
2026-05-28 09:10:41,694 - DEBUG - joeynmt.training - 	Tokenized reference:  ['La@@', 'st', 'year', 'I', 'sho@@', 'wed', 'these', 'two', 'sli@@', 'des', 'so', 'that', 'de@@', 'mon@@', 'str@@', 'ate', 'that', 'the', 'ar@@', 'c@@', 'tic', 'ice', 'ca@@', 'p', ',', 'which', 'for', 'most', 'of', 'the', 'last', 'three', 'million', 'years', 'has', 'been', 'the', 'size', 'of', 'the', 'lo@@', 'wer', '4@@', '8', 'st@@', 'ates', ',', 'has', 'sh@@', 'run@@', 'k', 'by', '40', 'percent', '.']
2026-05-28 09:10:41,694 - DEBUG - joeynmt.training - 	Tokenized hypothesis: ['And', 'I', 'sho@@', 'wed', 'these', 'two', 'two', 'sli@@', 'des', 'to', 'show', 'that', 'the', 'p@@', 'oo@@', 'l@@', 'pr@@', 'int', 'the', 'p@@', 'oo@@', 'li@@', 'c', 'sk@@', 'a@@', 'p', ',', 'who', 'had', 'about', 'the', 'last', 'three', 'million', 'years', 'of', 'the', 'va@@', 'ded', 'of', 'the', 'United', 'States', ',', 'with', '40', 'percent', 'of', 'the', 'U.S.', ',', 'with', '40', 'percent', 'of', 'the', 'S@@', 'S', ',', 'with', '40', 'percent', '.', '</s>']
2026-05-28 09:10:41,694 - INFO - joeynmt.training - 	Source:     Vorig jaar liet ik deze twee dia &apos; s zien om aan te tonen dat de poolijskap , die de afgelopen drie miljoen jaar ongeveer de grootte had van het vasteland van de VS , met 40 % gekrompen was .
2026-05-28 09:10:41,694 - INFO - joeynmt.training - 	Reference:  Last year I showed these two slides so that demonstrate that the arctic ice cap , which for most of the last three million years has been the size of the lower 48 states , has shrunk by 40 percent .
2026-05-28 09:10:41,694 - INFO - joeynmt.training - 	Hypothesis: And I showed these two two slides to show that the poolprint the poolic skap , who had about the last three million years of the vaded of the United States , with 40 percent of the U.S. , with 40 percent of the SS , with 40 percent .
2026-05-28 09:10:41,694 - INFO - joeynmt.training - Example #1
2026-05-28 09:10:41,694 - DEBUG - joeynmt.training - 	Tokenized source:     ['Maar', 'dit', 'onder@@', 'sch@@', 'at', 'eigenlijk', 'de', 'er@@', 'n@@', 'st', 'van', 'dit', 'specif@@', 'ieke', 'probleem', 'omdat', 'het', 'niet', 'de', 'di@@', 'kte', 'van', 'het', 'ij@@', 's', 'laat', 'zien', '.']
2026-05-28 09:10:41,694 - DEBUG - joeynmt.training - 	Tokenized reference:  ['But', 'this', 'under@@', 'st@@', 'ates', 'the', 'ser@@', 'i@@', 'ous@@', 'ness', 'of', 'this', 'particular', 'problem', 'because', 'it', 'doesn', '&apos;t', 'show', 'the', 'th@@', 'ick@@', 'ness', 'of', 'the', 'ice', '.']
2026-05-28 09:10:41,695 - DEBUG - joeynmt.training - 	Tokenized hypothesis: ['But', 'this', 'under@@', 'st@@', 'ood', 'the', 'first', 'of', 'this', 'particular', 'problem', 'because', 'it', 'doesn', '&apos;t', 'show', 'the', 'di@@', 't', 'of', 'the', 'ice', 'of', 'the', 'ice', '.', '</s>']
2026-05-28 09:10:41,695 - INFO - joeynmt.training - 	Source:     Maar dit onderschat eigenlijk de ernst van dit specifieke probleem omdat het niet de dikte van het ijs laat zien .
2026-05-28 09:10:41,695 - INFO - joeynmt.training - 	Reference:  But this understates the seriousness of this particular problem because it doesn &apos;t show the thickness of the ice .
2026-05-28 09:10:41,695 - INFO - joeynmt.training - 	Hypothesis: But this understood the first of this particular problem because it doesn &apos;t show the dit of the ice of the ice .
2026-05-28 09:10:41,695 - INFO - joeynmt.training - Example #2
2026-05-28 09:10:41,695 - DEBUG - joeynmt.training - 	Tokenized source:     ['De', 'ij@@', 'sk@@', 'a@@', 'p', 'op', 'de', 'N@@', 'oor@@', 'd@@', 'p@@', 'ool', 'is', 'in', 'ze@@', 'kere', 'zin', 'het', 'kl@@', 'op@@', 'p@@', 'end', 'har@@', 't', 'van', 'ons', 'glob@@', 'aal', 'kli@@', 'maat@@', 'systeem', '.']
2026-05-28 09:10:41,695 - DEBUG - joeynmt.training - 	Tokenized reference:  ['The', 'ar@@', 'c@@', 'tic', 'ice', 'ca@@', 'p', 'is', ',', 'in', 'a', 'sense', ',', 'the', 'be@@', 'ating', 'heart', 'of', 'the', 'global', 'climate', 'system', '.']
2026-05-28 09:10:41,695 - DEBUG - joeynmt.training - 	Tokenized hypothesis: ['The', 'ice', 'sk@@', 'a@@', 'p', 'on', 'the', 'Nor@@', 'th', 'P@@', 'ole', 'is', 'in', 'a', 'sense', ',', 'the', 'cl@@', 'op@@', 'ping', 'heart', 'of', 'our', 'global', 'climate', 'system', '.', '</s>']
2026-05-28 09:10:41,695 - INFO - joeynmt.training - 	Source:     De ijskap op de Noordpool is in zekere zin het kloppend hart van ons globaal klimaatsysteem .
2026-05-28 09:10:41,695 - INFO - joeynmt.training - 	Reference:  The arctic ice cap is , in a sense , the beating heart of the global climate system .
2026-05-28 09:10:41,695 - INFO - joeynmt.training - 	Hypothesis: The ice skap on the North Pole is in a sense , the clopping heart of our global climate system .
2026-05-28 09:10:41,695 - INFO - joeynmt.training - Example #3
2026-05-28 09:10:41,695 - DEBUG - joeynmt.training - 	Tokenized source:     ['Het', 'zet', 'uit', 'in', 'de', 'win@@', 'ter', 'en', 'k@@', 'ri@@', 'mp@@', 't', 'in', 'de', 'z@@', 'om@@', 'er', '.']
2026-05-28 09:10:41,695 - DEBUG - joeynmt.training - 	Tokenized reference:  ['It', 'exp@@', 'ands', 'in', 'win@@', 'ter', 'and', 'con@@', 'trac@@', 'ts', 'in', 'su@@', 'mmer', '.']
2026-05-28 09:10:41,695 - DEBUG - joeynmt.training - 	Tokenized hypothesis: ['It', '&apos;s', 'in', 'the', 'win@@', 'ter', 'and', 'c@@', 'ri@@', 'mp@@', 't', 'in', 'the', 's@@', 'ke@@', 'ts', '.', '</s>']
2026-05-28 09:10:41,696 - INFO - joeynmt.training - 	Source:     Het zet uit in de winter en krimpt in de zomer .
2026-05-28 09:10:41,696 - INFO - joeynmt.training - 	Reference:  It expands in winter and contracts in summer .
2026-05-28 09:10:41,696 - INFO - joeynmt.training - 	Hypothesis: It &apos;s in the winter and crimpt in the skets .
2026-05-28 09:10:41,696 - INFO - joeynmt.training - Example #4
2026-05-28 09:10:41,696 - DEBUG - joeynmt.training - 	Tokenized source:     ['De', 'volgende', 'dia', 'die', 'ik', 'laat', 'zien', 'is', 'een', 'vers@@', 'n@@', 'elde', 'ver@@', 'sie', 'van', 'wat', 'er', 'de', 'afgelopen', '25', 'jaar', 'is', 'gebeurd', '.']
2026-05-28 09:10:41,696 - DEBUG - joeynmt.training - 	Tokenized reference:  ['The', 'next', 'sli@@', 'de', 'I', 'show', 'you', 'will', 'be', 'a', 'r@@', 'ap@@', 'id', 'fa@@', 'st-@@', 'forward', 'of', 'what', '&apos;s', 'happened', 'over', 'the', 'last', '25', 'years', '.']
2026-05-28 09:10:41,696 - DEBUG - joeynmt.training - 	Tokenized hypothesis: ['The', 'next', 'sli@@', 'de', 'I', '&apos;m', 'going', 'to', 'show', 'is', 'a', 'ver@@', 'sion', 'of', 'what', 'happened', 'last', '25', 'years', '.', '</s>']
2026-05-28 09:10:41,696 - INFO - joeynmt.training - 	Source:     De volgende dia die ik laat zien is een versnelde versie van wat er de afgelopen 25 jaar is gebeurd .
2026-05-28 09:10:41,696 - INFO - joeynmt.training - 	Reference:  The next slide I show you will be a rapid fast-forward of what &apos;s happened over the last 25 years .
2026-05-28 09:10:41,696 - INFO - joeynmt.training - 	Hypothesis: The next slide I &apos;m going to show is a version of what happened last 25 years .
2026-05-28 09:10:56,477 - INFO - joeynmt.training - Epoch   4, Step:    11100, Batch Loss:     1.440202, Batch Acc: 0.571744, Tokens per Sec:     5015, Lr: 0.000300
2026-05-28 09:11:11,075 - INFO - joeynmt.training - Epoch   4, Step:    11200, Batch Loss:     1.697930, Batch Acc: 0.571447, Tokens per Sec:     5253, Lr: 0.000300
2026-05-28 09:11:25,421 - INFO - joeynmt.training - Epoch   4, Step:    11300, Batch Loss:     1.420214, Batch Acc: 0.570335, Tokens per Sec:     5071, Lr: 0.000300
2026-05-28 09:11:40,684 - INFO - joeynmt.training - Epoch   4, Step:    11400, Batch Loss:     1.475153, Batch Acc: 0.575977, Tokens per Sec:     4845, Lr: 0.000300
2026-05-28 09:11:55,665 - INFO - joeynmt.training - Epoch   4, Step:    11500, Batch Loss:     1.548341, Batch Acc: 0.573133, Tokens per Sec:     4916, Lr: 0.000300
2026-05-28 09:11:55,666 - WARNING - joeynmt.helpers - `alpha` option is obsolete. Please use `beam_alpha`, instead.
2026-05-28 09:11:55,666 - INFO - joeynmt.prediction - Predicting 1003 example(s)... (Greedy decoding with min_output_length=1, max_output_length=-1, return_prob='none', generate_unk=True, repetition_penalty=-1, no_repeat_ngram_size=-1)
2026-05-28 09:12:24,556 - INFO - joeynmt.prediction - Evaluation result (greedy) loss:   1.95, ppl:   7.01, acc:   0.48, generation: 28.8815[sec], evaluation: 0.0000[sec]
2026-05-28 09:12:24,558 - INFO - joeynmt.training - Hooray! New best validation result [ppl]!
2026-05-28 09:12:24,683 - INFO - joeynmt.helpers - delete models/tf_bpe_4000_nl_en/9000.ckpt
2026-05-28 09:12:24,686 - INFO - joeynmt.training - Example #0
2026-05-28 09:12:24,686 - DEBUG - joeynmt.training - 	Tokenized source:     ['V@@', 'or@@', 'ig', 'jaar', 'liet', 'ik', 'deze', 'twee', 'dia', '&apos;', 's', 'zien', 'om', 'aan', 'te', 'tonen', 'dat', 'de', 'p@@', 'oo@@', 'lij@@', 'sk@@', 'a@@', 'p', ',', 'die', 'de', 'afgelopen', 'drie', 'miljoen', 'jaar', 'ongeveer', 'de', 'groot@@', 'te', 'had', 'van', 'het', 'va@@', 'stel@@', 'and', 'van', 'de', 'VS', ',', 'met', '40', '%', 'ge@@', 'k@@', 'rom@@', 'pen', 'was', '.']
2026-05-28 09:12:24,686 - DEBUG - joeynmt.training - 	Tokenized reference:  ['La@@', 'st', 'year', 'I', 'sho@@', 'wed', 'these', 'two', 'sli@@', 'des', 'so', 'that', 'de@@', 'mon@@', 'str@@', 'ate', 'that', 'the', 'ar@@', 'c@@', 'tic', 'ice', 'ca@@', 'p', ',', 'which', 'for', 'most', 'of', 'the', 'last', 'three', 'million', 'years', 'has', 'been', 'the', 'size', 'of', 'the', 'lo@@', 'wer', '4@@', '8', 'st@@', 'ates', ',', 'has', 'sh@@', 'run@@', 'k', 'by', '40', 'percent', '.']
2026-05-28 09:12:24,686 - DEBUG - joeynmt.training - 	Tokenized hypothesis: ['And', 'I', 'sho@@', 'wed', 'this', 'two', 'sli@@', 'des', ',', 'I', 'sho@@', 'wed', 'these', 'two', 'sli@@', 'des', 'to', 'show', 'that', 'the', 'p@@', 'oo@@', 'p', ',', 'which', 'had', 'about', 'the', 'last', 'three', 'million', 'years', 'of', 'the', 'va@@', 'il@@', 'able', 'of', 'the', 'United', 'States', ',', 'with', '40', 'percent', 'of', 'the', 'va@@', 'il@@', 'able', 'of', 'the', 'U.S.', ',', 'with', '40', 'percent', 'of', 'the', 'so@@', '-@@', 'rom@@', 'ps', '.', '</s>']
2026-05-28 09:12:24,686 - INFO - joeynmt.training - 	Source:     Vorig jaar liet ik deze twee dia &apos; s zien om aan te tonen dat de poolijskap , die de afgelopen drie miljoen jaar ongeveer de grootte had van het vasteland van de VS , met 40 % gekrompen was .
2026-05-28 09:12:24,686 - INFO - joeynmt.training - 	Reference:  Last year I showed these two slides so that demonstrate that the arctic ice cap , which for most of the last three million years has been the size of the lower 48 states , has shrunk by 40 percent .
2026-05-28 09:12:24,687 - INFO - joeynmt.training - 	Hypothesis: And I showed this two slides , I showed these two slides to show that the poop , which had about the last three million years of the vailable of the United States , with 40 percent of the vailable of the U.S. , with 40 percent of the so-romps .
2026-05-28 09:12:24,687 - INFO - joeynmt.training - Example #1
2026-05-28 09:12:24,687 - DEBUG - joeynmt.training - 	Tokenized source:     ['Maar', 'dit', 'onder@@', 'sch@@', 'at', 'eigenlijk', 'de', 'er@@', 'n@@', 'st', 'van', 'dit', 'specif@@', 'ieke', 'probleem', 'omdat', 'het', 'niet', 'de', 'di@@', 'kte', 'van', 'het', 'ij@@', 's', 'laat', 'zien', '.']
2026-05-28 09:12:24,687 - DEBUG - joeynmt.training - 	Tokenized reference:  ['But', 'this', 'under@@', 'st@@', 'ates', 'the', 'ser@@', 'i@@', 'ous@@', 'ness', 'of', 'this', 'particular', 'problem', 'because', 'it', 'doesn', '&apos;t', 'show', 'the', 'th@@', 'ick@@', 'ness', 'of', 'the', 'ice', '.']
2026-05-28 09:12:24,687 - DEBUG - joeynmt.training - 	Tokenized hypothesis: ['But', 'this', 'is', 'actually', 'the', 'first', 'of', 'this', 'particular', 'problem', 'because', 'it', 'doesn', '&apos;t', 'show', 'the', 'di@@', 'ty', 'of', 'the', 'ice', 'of', 'the', 'ice', '.', '</s>']
2026-05-28 09:12:24,687 - INFO - joeynmt.training - 	Source:     Maar dit onderschat eigenlijk de ernst van dit specifieke probleem omdat het niet de dikte van het ijs laat zien .
2026-05-28 09:12:24,687 - INFO - joeynmt.training - 	Reference:  But this understates the seriousness of this particular problem because it doesn &apos;t show the thickness of the ice .
2026-05-28 09:12:24,687 - INFO - joeynmt.training - 	Hypothesis: But this is actually the first of this particular problem because it doesn &apos;t show the dity of the ice of the ice .
2026-05-28 09:12:24,687 - INFO - joeynmt.training - Example #2
2026-05-28 09:12:24,687 - DEBUG - joeynmt.training - 	Tokenized source:     ['De', 'ij@@', 'sk@@', 'a@@', 'p', 'op', 'de', 'N@@', 'oor@@', 'd@@', 'p@@', 'ool', 'is', 'in', 'ze@@', 'kere', 'zin', 'het', 'kl@@', 'op@@', 'p@@', 'end', 'har@@', 't', 'van', 'ons', 'glob@@', 'aal', 'kli@@', 'maat@@', 'systeem', '.']
2026-05-28 09:12:24,687 - DEBUG - joeynmt.training - 	Tokenized reference:  ['The', 'ar@@', 'c@@', 'tic', 'ice', 'ca@@', 'p', 'is', ',', 'in', 'a', 'sense', ',', 'the', 'be@@', 'ating', 'heart', 'of', 'the', 'global', 'climate', 'system', '.']
2026-05-28 09:12:24,687 - DEBUG - joeynmt.training - 	Tokenized hypothesis: ['The', 'ice', 'sk@@', 'a@@', 'p', 'on', 'the', 'Nor@@', 'th', 'P@@', 'ole', 'is', 'in', 'a', 'sense', ',', 'the', 'right', 'right', 'right', ',', 'the', 'cu@@', 'st@@', 'om@@', 'er', '&apos;s', 'the', 'right', 'of', 'our', 'global', 'climate', 'system', '.', '</s>']
2026-05-28 09:12:24,687 - INFO - joeynmt.training - 	Source:     De ijskap op de Noordpool is in zekere zin het kloppend hart van ons globaal klimaatsysteem .
2026-05-28 09:12:24,687 - INFO - joeynmt.training - 	Reference:  The arctic ice cap is , in a sense , the beating heart of the global climate system .
2026-05-28 09:12:24,687 - INFO - joeynmt.training - 	Hypothesis: The ice skap on the North Pole is in a sense , the right right right , the customer &apos;s the right of our global climate system .
2026-05-28 09:12:24,687 - INFO - joeynmt.training - Example #3
2026-05-28 09:12:24,687 - DEBUG - joeynmt.training - 	Tokenized source:     ['Het', 'zet', 'uit', 'in', 'de', 'win@@', 'ter', 'en', 'k@@', 'ri@@', 'mp@@', 't', 'in', 'de', 'z@@', 'om@@', 'er', '.']
2026-05-28 09:12:24,687 - DEBUG - joeynmt.training - 	Tokenized reference:  ['It', 'exp@@', 'ands', 'in', 'win@@', 'ter', 'and', 'con@@', 'trac@@', 'ts', 'in', 'su@@', 'mmer', '.']
2026-05-28 09:12:24,688 - DEBUG - joeynmt.training - 	Tokenized hypothesis: ['It', '&apos;s', 'going', 'to', 'put', 'out', 'in', 'the', 'win@@', 'ter', 'and', 'c@@', 'ri@@', 'mp@@', 't', 'in', 'the', 's@@', 'om@@', 'er', '.', '</s>']
2026-05-28 09:12:24,688 - INFO - joeynmt.training - 	Source:     Het zet uit in de winter en krimpt in de zomer .
2026-05-28 09:12:24,688 - INFO - joeynmt.training - 	Reference:  It expands in winter and contracts in summer .
2026-05-28 09:12:24,688 - INFO - joeynmt.training - 	Hypothesis: It &apos;s going to put out in the winter and crimpt in the somer .
2026-05-28 09:12:24,688 - INFO - joeynmt.training - Example #4
2026-05-28 09:12:24,688 - DEBUG - joeynmt.training - 	Tokenized source:     ['De', 'volgende', 'dia', 'die', 'ik', 'laat', 'zien', 'is', 'een', 'vers@@', 'n@@', 'elde', 'ver@@', 'sie', 'van', 'wat', 'er', 'de', 'afgelopen', '25', 'jaar', 'is', 'gebeurd', '.']
2026-05-28 09:12:24,688 - DEBUG - joeynmt.training - 	Tokenized reference:  ['The', 'next', 'sli@@', 'de', 'I', 'show', 'you', 'will', 'be', 'a', 'r@@', 'ap@@', 'id', 'fa@@', 'st-@@', 'forward', 'of', 'what', '&apos;s', 'happened', 'over', 'the', 'last', '25', 'years', '.']
2026-05-28 09:12:24,688 - DEBUG - joeynmt.training - 	Tokenized hypothesis: ['The', 'next', 'sli@@', 'de', 'I', '&apos;m', 'going', 'to', 'show', 'is', 'a', 're@@', 'ver@@', 'sion', 'of', 'what', '&apos;s', 'happened', 'the', 'last', '25', 'years', '.', '</s>']
2026-05-28 09:12:24,688 - INFO - joeynmt.training - 	Source:     De volgende dia die ik laat zien is een versnelde versie van wat er de afgelopen 25 jaar is gebeurd .
2026-05-28 09:12:24,688 - INFO - joeynmt.training - 	Reference:  The next slide I show you will be a rapid fast-forward of what &apos;s happened over the last 25 years .
2026-05-28 09:12:24,688 - INFO - joeynmt.training - 	Hypothesis: The next slide I &apos;m going to show is a reversion of what &apos;s happened the last 25 years .
2026-05-28 09:12:39,471 - INFO - joeynmt.training - Epoch   4, Step:    11600, Batch Loss:     1.662875, Batch Acc: 0.575687, Tokens per Sec:     4906, Lr: 0.000300
2026-05-28 09:12:54,013 - INFO - joeynmt.training - Epoch   4, Step:    11700, Batch Loss:     1.596444, Batch Acc: 0.570249, Tokens per Sec:     5063, Lr: 0.000300
2026-05-28 09:13:09,544 - INFO - joeynmt.training - Epoch   4, Step:    11800, Batch Loss:     1.742657, Batch Acc: 0.568468, Tokens per Sec:     4887, Lr: 0.000300
2026-05-28 09:13:23,990 - INFO - joeynmt.training - Epoch   4, Step:    11900, Batch Loss:     1.423034, Batch Acc: 0.572954, Tokens per Sec:     5200, Lr: 0.000300
2026-05-28 09:13:39,518 - INFO - joeynmt.training - Epoch   4, Step:    12000, Batch Loss:     1.478002, Batch Acc: 0.572093, Tokens per Sec:     4750, Lr: 0.000300
2026-05-28 09:13:39,519 - WARNING - joeynmt.helpers - `alpha` option is obsolete. Please use `beam_alpha`, instead.
2026-05-28 09:13:39,519 - INFO - joeynmt.prediction - Predicting 1003 example(s)... (Greedy decoding with min_output_length=1, max_output_length=-1, return_prob='none', generate_unk=True, repetition_penalty=-1, no_repeat_ngram_size=-1)
2026-05-28 09:14:10,630 - INFO - joeynmt.prediction - Evaluation result (greedy) loss:   1.94, ppl:   6.96, acc:   0.48, generation: 31.1015[sec], evaluation: 0.0000[sec]
2026-05-28 09:14:10,632 - INFO - joeynmt.training - Hooray! New best validation result [ppl]!
2026-05-28 09:14:10,771 - INFO - joeynmt.helpers - delete models/tf_bpe_4000_nl_en/9500.ckpt
2026-05-28 09:14:10,773 - INFO - joeynmt.training - Example #0
2026-05-28 09:14:10,773 - DEBUG - joeynmt.training - 	Tokenized source:     ['V@@', 'or@@', 'ig', 'jaar', 'liet', 'ik', 'deze', 'twee', 'dia', '&apos;', 's', 'zien', 'om', 'aan', 'te', 'tonen', 'dat', 'de', 'p@@', 'oo@@', 'lij@@', 'sk@@', 'a@@', 'p', ',', 'die', 'de', 'afgelopen', 'drie', 'miljoen', 'jaar', 'ongeveer', 'de', 'groot@@', 'te', 'had', 'van', 'het', 'va@@', 'stel@@', 'and', 'van', 'de', 'VS', ',', 'met', '40', '%', 'ge@@', 'k@@', 'rom@@', 'pen', 'was', '.']
2026-05-28 09:14:10,773 - DEBUG - joeynmt.training - 	Tokenized reference:  ['La@@', 'st', 'year', 'I', 'sho@@', 'wed', 'these', 'two', 'sli@@', 'des', 'so', 'that', 'de@@', 'mon@@', 'str@@', 'ate', 'that', 'the', 'ar@@', 'c@@', 'tic', 'ice', 'ca@@', 'p', ',', 'which', 'for', 'most', 'of', 'the', 'last', 'three', 'million', 'years', 'has', 'been', 'the', 'size', 'of', 'the', 'lo@@', 'wer', '4@@', '8', 'st@@', 'ates', ',', 'has', 'sh@@', 'run@@', 'k', 'by', '40', 'percent', '.']
2026-05-28 09:14:10,773 - DEBUG - joeynmt.training - 	Tokenized hypothesis: ['F@@', 'or@@', 'y', 'year', 'I', 'sho@@', 'wed', 'these', 'two', 'sli@@', 'des', 'to', 'show', 'that', 'the', 'p@@', 'oo@@', 'li@@', 'p@@', 'e', 'sk@@', 'a@@', 'p', ',', 'which', 'was', 'about', 'the', 'last', 'three', 'million', 'years', 'of', 'the', 'va@@', 'ded', 'of', 'the', 'va@@', 'ded', ',', 'with', '40', 'percent', 'of', 'the', 'ge@@', 'k@@', 'rom@@', 'ps', '.', '</s>']
2026-05-28 09:14:10,774 - INFO - joeynmt.training - 	Source:     Vorig jaar liet ik deze twee dia &apos; s zien om aan te tonen dat de poolijskap , die de afgelopen drie miljoen jaar ongeveer de grootte had van het vasteland van de VS , met 40 % gekrompen was .
2026-05-28 09:14:10,774 - INFO - joeynmt.training - 	Reference:  Last year I showed these two slides so that demonstrate that the arctic ice cap , which for most of the last three million years has been the size of the lower 48 states , has shrunk by 40 percent .
2026-05-28 09:14:10,774 - INFO - joeynmt.training - 	Hypothesis: Fory year I showed these two slides to show that the poolipe skap , which was about the last three million years of the vaded of the vaded , with 40 percent of the gekromps .
2026-05-28 09:14:10,774 - INFO - joeynmt.training - Example #1
2026-05-28 09:14:10,774 - DEBUG - joeynmt.training - 	Tokenized source:     ['Maar', 'dit', 'onder@@', 'sch@@', 'at', 'eigenlijk', 'de', 'er@@', 'n@@', 'st', 'van', 'dit', 'specif@@', 'ieke', 'probleem', 'omdat', 'het', 'niet', 'de', 'di@@', 'kte', 'van', 'het', 'ij@@', 's', 'laat', 'zien', '.']
2026-05-28 09:14:10,774 - DEBUG - joeynmt.training - 	Tokenized reference:  ['But', 'this', 'under@@', 'st@@', 'ates', 'the', 'ser@@', 'i@@', 'ous@@', 'ness', 'of', 'this', 'particular', 'problem', 'because', 'it', 'doesn', '&apos;t', 'show', 'the', 'th@@', 'ick@@', 'ness', 'of', 'the', 'ice', '.']
2026-05-28 09:14:10,774 - DEBUG - joeynmt.training - 	Tokenized hypothesis: ['But', 'this', 'under@@', 'gra@@', 'du@@', 'ate', 'the', 'first', 'of', 'this', 'particular', 'problem', 'because', 'it', 'doesn', '&apos;t', 'show', 'the', 'di@@', 't', 'of', 'the', 'ice', '.', '</s>']
2026-05-28 09:14:10,774 - INFO - joeynmt.training - 	Source:     Maar dit onderschat eigenlijk de ernst van dit specifieke probleem omdat het niet de dikte van het ijs laat zien .
2026-05-28 09:14:10,774 - INFO - joeynmt.training - 	Reference:  But this understates the seriousness of this particular problem because it doesn &apos;t show the thickness of the ice .
2026-05-28 09:14:10,774 - INFO - joeynmt.training - 	Hypothesis: But this undergraduate the first of this particular problem because it doesn &apos;t show the dit of the ice .
2026-05-28 09:14:10,774 - INFO - joeynmt.training - Example #2
2026-05-28 09:14:10,774 - DEBUG - joeynmt.training - 	Tokenized source:     ['De', 'ij@@', 'sk@@', 'a@@', 'p', 'op', 'de', 'N@@', 'oor@@', 'd@@', 'p@@', 'ool', 'is', 'in', 'ze@@', 'kere', 'zin', 'het', 'kl@@', 'op@@', 'p@@', 'end', 'har@@', 't', 'van', 'ons', 'glob@@', 'aal', 'kli@@', 'maat@@', 'systeem', '.']
2026-05-28 09:14:10,774 - DEBUG - joeynmt.training - 	Tokenized reference:  ['The', 'ar@@', 'c@@', 'tic', 'ice', 'ca@@', 'p', 'is', ',', 'in', 'a', 'sense', ',', 'the', 'be@@', 'ating', 'heart', 'of', 'the', 'global', 'climate', 'system', '.']
2026-05-28 09:14:10,774 - DEBUG - joeynmt.training - 	Tokenized hypothesis: ['The', 'ice', 'sk@@', 'a@@', 'p', 'on', 'the', 'Nor@@', 'th', 'P@@', 'ole', 'is', 'in', 'a', 'certain', 'sense', ',', 'it', '&apos;s', 'right', '?', '</s>']
2026-05-28 09:14:10,775 - INFO - joeynmt.training - 	Source:     De ijskap op de Noordpool is in zekere zin het kloppend hart van ons globaal klimaatsysteem .
2026-05-28 09:14:10,775 - INFO - joeynmt.training - 	Reference:  The arctic ice cap is , in a sense , the beating heart of the global climate system .
2026-05-28 09:14:10,775 - INFO - joeynmt.training - 	Hypothesis: The ice skap on the North Pole is in a certain sense , it &apos;s right ?
2026-05-28 09:14:10,775 - INFO - joeynmt.training - Example #3
2026-05-28 09:14:10,775 - DEBUG - joeynmt.training - 	Tokenized source:     ['Het', 'zet', 'uit', 'in', 'de', 'win@@', 'ter', 'en', 'k@@', 'ri@@', 'mp@@', 't', 'in', 'de', 'z@@', 'om@@', 'er', '.']
2026-05-28 09:14:10,775 - DEBUG - joeynmt.training - 	Tokenized reference:  ['It', 'exp@@', 'ands', 'in', 'win@@', 'ter', 'and', 'con@@', 'trac@@', 'ts', 'in', 'su@@', 'mmer', '.']
2026-05-28 09:14:10,775 - DEBUG - joeynmt.training - 	Tokenized hypothesis: ['It', '&apos;s', 'just', 'in', 'the', 'win@@', 'ter', 'and', 'k@@', 'ri@@', 'mp@@', 't', 'in', 'the', 'su@@', 'mmer', '.', '</s>']
2026-05-28 09:14:10,775 - INFO - joeynmt.training - 	Source:     Het zet uit in de winter en krimpt in de zomer .
2026-05-28 09:14:10,775 - INFO - joeynmt.training - 	Reference:  It expands in winter and contracts in summer .
2026-05-28 09:14:10,775 - INFO - joeynmt.training - 	Hypothesis: It &apos;s just in the winter and krimpt in the summer .
2026-05-28 09:14:10,775 - INFO - joeynmt.training - Example #4
2026-05-28 09:14:10,775 - DEBUG - joeynmt.training - 	Tokenized source:     ['De', 'volgende', 'dia', 'die', 'ik', 'laat', 'zien', 'is', 'een', 'vers@@', 'n@@', 'elde', 'ver@@', 'sie', 'van', 'wat', 'er', 'de', 'afgelopen', '25', 'jaar', 'is', 'gebeurd', '.']
2026-05-28 09:14:10,775 - DEBUG - joeynmt.training - 	Tokenized reference:  ['The', 'next', 'sli@@', 'de', 'I', 'show', 'you', 'will', 'be', 'a', 'r@@', 'ap@@', 'id', 'fa@@', 'st-@@', 'forward', 'of', 'what', '&apos;s', 'happened', 'over', 'the', 'last', '25', 'years', '.']
2026-05-28 09:14:10,775 - DEBUG - joeynmt.training - 	Tokenized hypothesis: ['The', 'next', 'sli@@', 'de', 'I', '&apos;m', 'going', 'to', 'show', 'is', 'a', 'vers@@', 'us', 'of', 'what', '&apos;s', 'happened', 'the', 'last', '25', 'years', '.', '</s>']
2026-05-28 09:14:10,775 - INFO - joeynmt.training - 	Source:     De volgende dia die ik laat zien is een versnelde versie van wat er de afgelopen 25 jaar is gebeurd .
2026-05-28 09:14:10,775 - INFO - joeynmt.training - 	Reference:  The next slide I show you will be a rapid fast-forward of what &apos;s happened over the last 25 years .
2026-05-28 09:14:10,775 - INFO - joeynmt.training - 	Hypothesis: The next slide I &apos;m going to show is a versus of what &apos;s happened the last 25 years .
2026-05-28 09:14:26,214 - INFO - joeynmt.training - Epoch   4, Step:    12100, Batch Loss:     1.375549, Batch Acc: 0.580543, Tokens per Sec:     4737, Lr: 0.000300
2026-05-28 09:14:41,372 - INFO - joeynmt.training - Epoch   4, Step:    12200, Batch Loss:     1.661255, Batch Acc: 0.582728, Tokens per Sec:     4866, Lr: 0.000300
2026-05-28 09:14:55,978 - INFO - joeynmt.training - Epoch   4, Step:    12300, Batch Loss:     1.815300, Batch Acc: 0.571741, Tokens per Sec:     5067, Lr: 0.000300
2026-05-28 09:15:10,830 - INFO - joeynmt.training - Epoch   4, Step:    12400, Batch Loss:     1.523468, Batch Acc: 0.572437, Tokens per Sec:     4901, Lr: 0.000300
2026-05-28 09:15:25,218 - INFO - joeynmt.training - Epoch   4, Step:    12500, Batch Loss:     1.637614, Batch Acc: 0.579322, Tokens per Sec:     5217, Lr: 0.000300
2026-05-28 09:15:25,219 - WARNING - joeynmt.helpers - `alpha` option is obsolete. Please use `beam_alpha`, instead.
2026-05-28 09:15:25,219 - INFO - joeynmt.prediction - Predicting 1003 example(s)... (Greedy decoding with min_output_length=1, max_output_length=-1, return_prob='none', generate_unk=True, repetition_penalty=-1, no_repeat_ngram_size=-1)
2026-05-28 09:15:54,984 - INFO - joeynmt.prediction - Evaluation result (greedy) loss:   1.93, ppl:   6.88, acc:   0.49, generation: 29.7568[sec], evaluation: 0.0000[sec]
2026-05-28 09:15:54,985 - INFO - joeynmt.training - Hooray! New best validation result [ppl]!
2026-05-28 09:15:55,100 - INFO - joeynmt.helpers - delete models/tf_bpe_4000_nl_en/10000.ckpt
2026-05-28 09:15:55,101 - INFO - joeynmt.training - Example #0
2026-05-28 09:15:55,102 - DEBUG - joeynmt.training - 	Tokenized source:     ['V@@', 'or@@', 'ig', 'jaar', 'liet', 'ik', 'deze', 'twee', 'dia', '&apos;', 's', 'zien', 'om', 'aan', 'te', 'tonen', 'dat', 'de', 'p@@', 'oo@@', 'lij@@', 'sk@@', 'a@@', 'p', ',', 'die', 'de', 'afgelopen', 'drie', 'miljoen', 'jaar', 'ongeveer', 'de', 'groot@@', 'te', 'had', 'van', 'het', 'va@@', 'stel@@', 'and', 'van', 'de', 'VS', ',', 'met', '40', '%', 'ge@@', 'k@@', 'rom@@', 'pen', 'was', '.']
2026-05-28 09:15:55,102 - DEBUG - joeynmt.training - 	Tokenized reference:  ['La@@', 'st', 'year', 'I', 'sho@@', 'wed', 'these', 'two', 'sli@@', 'des', 'so', 'that', 'de@@', 'mon@@', 'str@@', 'ate', 'that', 'the', 'ar@@', 'c@@', 'tic', 'ice', 'ca@@', 'p', ',', 'which', 'for', 'most', 'of', 'the', 'last', 'three', 'million', 'years', 'has', 'been', 'the', 'size', 'of', 'the', 'lo@@', 'wer', '4@@', '8', 'st@@', 'ates', ',', 'has', 'sh@@', 'run@@', 'k', 'by', '40', 'percent', '.']
2026-05-28 09:15:55,102 - DEBUG - joeynmt.training - 	Tokenized hypothesis: ['And', 'so', ',', 'I', 'sho@@', 'wed', 'these', 'two', 'sli@@', 'des', 'to', 'show', 'you', 'that', 'the', 'p@@', 'oo@@', 'li@@', 'z@@', 'y', ',', 'which', 'was', 'about', '40', 'million', 'years', ',', 'the', 'size', 'of', 'the', 'va@@', 'ster@@', 'ed', 'of', 'the', 'U.S.', ',', 'with', '40', 'percent', 'of', 'the', 'U.S.', ',', 'with', '40', 'percent', 'ge@@', 'k@@', 'rom@@', 'ked', '.', '</s>']
2026-05-28 09:15:55,102 - INFO - joeynmt.training - 	Source:     Vorig jaar liet ik deze twee dia &apos; s zien om aan te tonen dat de poolijskap , die de afgelopen drie miljoen jaar ongeveer de grootte had van het vasteland van de VS , met 40 % gekrompen was .
2026-05-28 09:15:55,102 - INFO - joeynmt.training - 	Reference:  Last year I showed these two slides so that demonstrate that the arctic ice cap , which for most of the last three million years has been the size of the lower 48 states , has shrunk by 40 percent .
2026-05-28 09:15:55,102 - INFO - joeynmt.training - 	Hypothesis: And so , I showed these two slides to show you that the poolizy , which was about 40 million years , the size of the vastered of the U.S. , with 40 percent of the U.S. , with 40 percent gekromked .
2026-05-28 09:15:55,102 - INFO - joeynmt.training - Example #1
2026-05-28 09:15:55,102 - DEBUG - joeynmt.training - 	Tokenized source:     ['Maar', 'dit', 'onder@@', 'sch@@', 'at', 'eigenlijk', 'de', 'er@@', 'n@@', 'st', 'van', 'dit', 'specif@@', 'ieke', 'probleem', 'omdat', 'het', 'niet', 'de', 'di@@', 'kte', 'van', 'het', 'ij@@', 's', 'laat', 'zien', '.']
2026-05-28 09:15:55,102 - DEBUG - joeynmt.training - 	Tokenized reference:  ['But', 'this', 'under@@', 'st@@', 'ates', 'the', 'ser@@', 'i@@', 'ous@@', 'ness', 'of', 'this', 'particular', 'problem', 'because', 'it', 'doesn', '&apos;t', 'show', 'the', 'th@@', 'ick@@', 'ness', 'of', 'the', 'ice', '.']
2026-05-28 09:15:55,102 - DEBUG - joeynmt.training - 	Tokenized hypothesis: ['But', 'this', 'under@@', 'st@@', 'ood', 'the', 'er@@', 'n@@', 'al', 'of', 'this', 'particular', 'problem', 'because', 'it', 'doesn', '&apos;t', 'show', 'the', 'di@@', 'ted', 'of', 'the', 'ice', '.', '</s>']
2026-05-28 09:15:55,102 - INFO - joeynmt.training - 	Source:     Maar dit onderschat eigenlijk de ernst van dit specifieke probleem omdat het niet de dikte van het ijs laat zien .
2026-05-28 09:15:55,102 - INFO - joeynmt.training - 	Reference:  But this understates the seriousness of this particular problem because it doesn &apos;t show the thickness of the ice .
2026-05-28 09:15:55,102 - INFO - joeynmt.training - 	Hypothesis: But this understood the ernal of this particular problem because it doesn &apos;t show the dited of the ice .
2026-05-28 09:15:55,102 - INFO - joeynmt.training - Example #2
2026-05-28 09:15:55,103 - DEBUG - joeynmt.training - 	Tokenized source:     ['De', 'ij@@', 'sk@@', 'a@@', 'p', 'op', 'de', 'N@@', 'oor@@', 'd@@', 'p@@', 'ool', 'is', 'in', 'ze@@', 'kere', 'zin', 'het', 'kl@@', 'op@@', 'p@@', 'end', 'har@@', 't', 'van', 'ons', 'glob@@', 'aal', 'kli@@', 'maat@@', 'systeem', '.']
2026-05-28 09:15:55,103 - DEBUG - joeynmt.training - 	Tokenized reference:  ['The', 'ar@@', 'c@@', 'tic', 'ice', 'ca@@', 'p', 'is', ',', 'in', 'a', 'sense', ',', 'the', 'be@@', 'ating', 'heart', 'of', 'the', 'global', 'climate', 'system', '.']
2026-05-28 09:15:55,103 - DEBUG - joeynmt.training - 	Tokenized hypothesis: ['The', 'ice', 'sk@@', 'in', 'in', 'the', 'Nor@@', 'th', 'P@@', 'ole', 'is', 'in', 'a', 'certain', 'sense', ',', 'it', '&apos;s', 'right', '?', '</s>']
2026-05-28 09:15:55,103 - INFO - joeynmt.training - 	Source:     De ijskap op de Noordpool is in zekere zin het kloppend hart van ons globaal klimaatsysteem .
2026-05-28 09:15:55,103 - INFO - joeynmt.training - 	Reference:  The arctic ice cap is , in a sense , the beating heart of the global climate system .
2026-05-28 09:15:55,103 - INFO - joeynmt.training - 	Hypothesis: The ice skin in the North Pole is in a certain sense , it &apos;s right ?
2026-05-28 09:15:55,103 - INFO - joeynmt.training - Example #3
2026-05-28 09:15:55,103 - DEBUG - joeynmt.training - 	Tokenized source:     ['Het', 'zet', 'uit', 'in', 'de', 'win@@', 'ter', 'en', 'k@@', 'ri@@', 'mp@@', 't', 'in', 'de', 'z@@', 'om@@', 'er', '.']
2026-05-28 09:15:55,103 - DEBUG - joeynmt.training - 	Tokenized reference:  ['It', 'exp@@', 'ands', 'in', 'win@@', 'ter', 'and', 'con@@', 'trac@@', 'ts', 'in', 'su@@', 'mmer', '.']
2026-05-28 09:15:55,103 - DEBUG - joeynmt.training - 	Tokenized hypothesis: ['It', '&apos;s', 'kind', 'of', 'it', 'in', 'the', 'win@@', 'ter', 'and', 'c@@', 'ri@@', 'mp@@', 't', 'in', 'the', 'su@@', 'mmer', '.', '</s>']
2026-05-28 09:15:55,103 - INFO - joeynmt.training - 	Source:     Het zet uit in de winter en krimpt in de zomer .
2026-05-28 09:15:55,103 - INFO - joeynmt.training - 	Reference:  It expands in winter and contracts in summer .
2026-05-28 09:15:55,103 - INFO - joeynmt.training - 	Hypothesis: It &apos;s kind of it in the winter and crimpt in the summer .
2026-05-28 09:15:55,103 - INFO - joeynmt.training - Example #4
2026-05-28 09:15:55,103 - DEBUG - joeynmt.training - 	Tokenized source:     ['De', 'volgende', 'dia', 'die', 'ik', 'laat', 'zien', 'is', 'een', 'vers@@', 'n@@', 'elde', 'ver@@', 'sie', 'van', 'wat', 'er', 'de', 'afgelopen', '25', 'jaar', 'is', 'gebeurd', '.']
2026-05-28 09:15:55,103 - DEBUG - joeynmt.training - 	Tokenized reference:  ['The', 'next', 'sli@@', 'de', 'I', 'show', 'you', 'will', 'be', 'a', 'r@@', 'ap@@', 'id', 'fa@@', 'st-@@', 'forward', 'of', 'what', '&apos;s', 'happened', 'over', 'the', 'last', '25', 'years', '.']
2026-05-28 09:15:55,103 - DEBUG - joeynmt.training - 	Tokenized hypothesis: ['The', 'next', 'sli@@', 'de', 'I', 'show', 'you', 'is', 'a', 'ac@@', 'coun@@', 't', 'ver@@', 'sion', 'of', 'what', '&apos;s', 'happened', 'the', 'last', '25', 'years', '.', '</s>']
2026-05-28 09:15:55,104 - INFO - joeynmt.training - 	Source:     De volgende dia die ik laat zien is een versnelde versie van wat er de afgelopen 25 jaar is gebeurd .
2026-05-28 09:15:55,104 - INFO - joeynmt.training - 	Reference:  The next slide I show you will be a rapid fast-forward of what &apos;s happened over the last 25 years .
2026-05-28 09:15:55,104 - INFO - joeynmt.training - 	Hypothesis: The next slide I show you is a account version of what &apos;s happened the last 25 years .
2026-05-28 09:16:10,151 - INFO - joeynmt.training - Epoch   4, Step:    12600, Batch Loss:     1.746005, Batch Acc: 0.575173, Tokens per Sec:     4980, Lr: 0.000300
2026-05-28 09:16:24,799 - INFO - joeynmt.training - Epoch   4, Step:    12700, Batch Loss:     1.585290, Batch Acc: 0.576472, Tokens per Sec:     5145, Lr: 0.000300
2026-05-28 09:16:40,395 - INFO - joeynmt.training - Epoch   4, Step:    12800, Batch Loss:     1.651321, Batch Acc: 0.575973, Tokens per Sec:     4686, Lr: 0.000300
2026-05-28 09:16:55,005 - INFO - joeynmt.training - Epoch   4, Step:    12900, Batch Loss:     1.623135, Batch Acc: 0.576242, Tokens per Sec:     4957, Lr: 0.000300
2026-05-28 09:17:10,215 - INFO - joeynmt.training - Epoch   4, Step:    13000, Batch Loss:     1.354389, Batch Acc: 0.579615, Tokens per Sec:     4868, Lr: 0.000300
2026-05-28 09:17:10,216 - WARNING - joeynmt.helpers - `alpha` option is obsolete. Please use `beam_alpha`, instead.
2026-05-28 09:17:10,216 - INFO - joeynmt.prediction - Predicting 1003 example(s)... (Greedy decoding with min_output_length=1, max_output_length=-1, return_prob='none', generate_unk=True, repetition_penalty=-1, no_repeat_ngram_size=-1)
2026-05-28 09:17:40,781 - INFO - joeynmt.prediction - Evaluation result (greedy) loss:   1.91, ppl:   6.78, acc:   0.49, generation: 30.5570[sec], evaluation: 0.0000[sec]
2026-05-28 09:17:40,783 - INFO - joeynmt.training - Hooray! New best validation result [ppl]!
2026-05-28 09:17:40,913 - INFO - joeynmt.helpers - delete models/tf_bpe_4000_nl_en/11000.ckpt
2026-05-28 09:17:40,916 - INFO - joeynmt.training - Example #0
2026-05-28 09:17:40,916 - DEBUG - joeynmt.training - 	Tokenized source:     ['V@@', 'or@@', 'ig', 'jaar', 'liet', 'ik', 'deze', 'twee', 'dia', '&apos;', 's', 'zien', 'om', 'aan', 'te', 'tonen', 'dat', 'de', 'p@@', 'oo@@', 'lij@@', 'sk@@', 'a@@', 'p', ',', 'die', 'de', 'afgelopen', 'drie', 'miljoen', 'jaar', 'ongeveer', 'de', 'groot@@', 'te', 'had', 'van', 'het', 'va@@', 'stel@@', 'and', 'van', 'de', 'VS', ',', 'met', '40', '%', 'ge@@', 'k@@', 'rom@@', 'pen', 'was', '.']
2026-05-28 09:17:40,916 - DEBUG - joeynmt.training - 	Tokenized reference:  ['La@@', 'st', 'year', 'I', 'sho@@', 'wed', 'these', 'two', 'sli@@', 'des', 'so', 'that', 'de@@', 'mon@@', 'str@@', 'ate', 'that', 'the', 'ar@@', 'c@@', 'tic', 'ice', 'ca@@', 'p', ',', 'which', 'for', 'most', 'of', 'the', 'last', 'three', 'million', 'years', 'has', 'been', 'the', 'size', 'of', 'the', 'lo@@', 'wer', '4@@', '8', 'st@@', 'ates', ',', 'has', 'sh@@', 'run@@', 'k', 'by', '40', 'percent', '.']
2026-05-28 09:17:40,916 - DEBUG - joeynmt.training - 	Tokenized hypothesis: ['And', 'last', 'year', ',', 'I', 'sho@@', 'wed', 'these', 'two', 'sli@@', 'des', 'to', 'show', 'that', 'the', 'p@@', 'oo@@', 'li@@', 'st', 'sk@@', 'a@@', 'p', ',', 'which', 'was', 'about', 'the', 'last', 'three', 'million', 'years', 'of', 'the', 'va@@', 'ster@@', 'n', ',', 'in', 'the', 'United', 'States', ',', 'with', '40', 'percent', 'of', 'the', 'U.S.', ',', 'with', '40', 'percent', 'of', 'the', 'U.S.', ',', 'with', '40', 'percent', '.', '</s>']
2026-05-28 09:17:40,916 - INFO - joeynmt.training - 	Source:     Vorig jaar liet ik deze twee dia &apos; s zien om aan te tonen dat de poolijskap , die de afgelopen drie miljoen jaar ongeveer de grootte had van het vasteland van de VS , met 40 % gekrompen was .
2026-05-28 09:17:40,916 - INFO - joeynmt.training - 	Reference:  Last year I showed these two slides so that demonstrate that the arctic ice cap , which for most of the last three million years has been the size of the lower 48 states , has shrunk by 40 percent .
2026-05-28 09:17:40,916 - INFO - joeynmt.training - 	Hypothesis: And last year , I showed these two slides to show that the poolist skap , which was about the last three million years of the vastern , in the United States , with 40 percent of the U.S. , with 40 percent of the U.S. , with 40 percent .
2026-05-28 09:17:40,916 - INFO - joeynmt.training - Example #1
2026-05-28 09:17:40,916 - DEBUG - joeynmt.training - 	Tokenized source:     ['Maar', 'dit', 'onder@@', 'sch@@', 'at', 'eigenlijk', 'de', 'er@@', 'n@@', 'st', 'van', 'dit', 'specif@@', 'ieke', 'probleem', 'omdat', 'het', 'niet', 'de', 'di@@', 'kte', 'van', 'het', 'ij@@', 's', 'laat', 'zien', '.']
2026-05-28 09:17:40,916 - DEBUG - joeynmt.training - 	Tokenized reference:  ['But', 'this', 'under@@', 'st@@', 'ates', 'the', 'ser@@', 'i@@', 'ous@@', 'ness', 'of', 'this', 'particular', 'problem', 'because', 'it', 'doesn', '&apos;t', 'show', 'the', 'th@@', 'ick@@', 'ness', 'of', 'the', 'ice', '.']
2026-05-28 09:17:40,916 - DEBUG - joeynmt.training - 	Tokenized hypothesis: ['But', 'this', 'is', 'actually', 'the', 'first', 'of', 'this', 'particular', 'problem', 'because', 'it', 'doesn', '&apos;t', 'show', 'the', 'di@@', 't', 'of', 'the', 'ice', 'of', 'the', 'ice', '.', '</s>']
2026-05-28 09:17:40,916 - INFO - joeynmt.training - 	Source:     Maar dit onderschat eigenlijk de ernst van dit specifieke probleem omdat het niet de dikte van het ijs laat zien .
2026-05-28 09:17:40,916 - INFO - joeynmt.training - 	Reference:  But this understates the seriousness of this particular problem because it doesn &apos;t show the thickness of the ice .
2026-05-28 09:17:40,917 - INFO - joeynmt.training - 	Hypothesis: But this is actually the first of this particular problem because it doesn &apos;t show the dit of the ice of the ice .
2026-05-28 09:17:40,917 - INFO - joeynmt.training - Example #2
2026-05-28 09:17:40,917 - DEBUG - joeynmt.training - 	Tokenized source:     ['De', 'ij@@', 'sk@@', 'a@@', 'p', 'op', 'de', 'N@@', 'oor@@', 'd@@', 'p@@', 'ool', 'is', 'in', 'ze@@', 'kere', 'zin', 'het', 'kl@@', 'op@@', 'p@@', 'end', 'har@@', 't', 'van', 'ons', 'glob@@', 'aal', 'kli@@', 'maat@@', 'systeem', '.']
2026-05-28 09:17:40,917 - DEBUG - joeynmt.training - 	Tokenized reference:  ['The', 'ar@@', 'c@@', 'tic', 'ice', 'ca@@', 'p', 'is', ',', 'in', 'a', 'sense', ',', 'the', 'be@@', 'ating', 'heart', 'of', 'the', 'global', 'climate', 'system', '.']
2026-05-28 09:17:40,917 - DEBUG - joeynmt.training - 	Tokenized hypothesis: ['The', 'ice', 'sk@@', 'a@@', 'p', 'on', 'the', 'Nor@@', 'th', 'P@@', 'ole', 'is', 'in', 'a', 'certain', 'sense', ',', 'the', 'cli@@', 'p', 'of', 'our', 'global', 'climate', 'system', '.', '</s>']
2026-05-28 09:17:40,917 - INFO - joeynmt.training - 	Source:     De ijskap op de Noordpool is in zekere zin het kloppend hart van ons globaal klimaatsysteem .
2026-05-28 09:17:40,917 - INFO - joeynmt.training - 	Reference:  The arctic ice cap is , in a sense , the beating heart of the global climate system .
2026-05-28 09:17:40,917 - INFO - joeynmt.training - 	Hypothesis: The ice skap on the North Pole is in a certain sense , the clip of our global climate system .
2026-05-28 09:17:40,917 - INFO - joeynmt.training - Example #3
2026-05-28 09:17:40,917 - DEBUG - joeynmt.training - 	Tokenized source:     ['Het', 'zet', 'uit', 'in', 'de', 'win@@', 'ter', 'en', 'k@@', 'ri@@', 'mp@@', 't', 'in', 'de', 'z@@', 'om@@', 'er', '.']
2026-05-28 09:17:40,917 - DEBUG - joeynmt.training - 	Tokenized reference:  ['It', 'exp@@', 'ands', 'in', 'win@@', 'ter', 'and', 'con@@', 'trac@@', 'ts', 'in', 'su@@', 'mmer', '.']
2026-05-28 09:17:40,917 - DEBUG - joeynmt.training - 	Tokenized hypothesis: ['It', '&apos;s', 'in', 'the', 'win@@', 'ter', 'and', 'c@@', 'ri@@', 'mp@@', 't', 'in', 'the', 'su@@', 'mmer', '.', '</s>']
2026-05-28 09:17:40,917 - INFO - joeynmt.training - 	Source:     Het zet uit in de winter en krimpt in de zomer .
2026-05-28 09:17:40,917 - INFO - joeynmt.training - 	Reference:  It expands in winter and contracts in summer .
2026-05-28 09:17:40,917 - INFO - joeynmt.training - 	Hypothesis: It &apos;s in the winter and crimpt in the summer .
2026-05-28 09:17:40,917 - INFO - joeynmt.training - Example #4
2026-05-28 09:17:40,918 - DEBUG - joeynmt.training - 	Tokenized source:     ['De', 'volgende', 'dia', 'die', 'ik', 'laat', 'zien', 'is', 'een', 'vers@@', 'n@@', 'elde', 'ver@@', 'sie', 'van', 'wat', 'er', 'de', 'afgelopen', '25', 'jaar', 'is', 'gebeurd', '.']
2026-05-28 09:17:40,918 - DEBUG - joeynmt.training - 	Tokenized reference:  ['The', 'next', 'sli@@', 'de', 'I', 'show', 'you', 'will', 'be', 'a', 'r@@', 'ap@@', 'id', 'fa@@', 'st-@@', 'forward', 'of', 'what', '&apos;s', 'happened', 'over', 'the', 'last', '25', 'years', '.']
2026-05-28 09:17:40,918 - DEBUG - joeynmt.training - 	Tokenized hypothesis: ['The', 'next', 'sli@@', 'de', 'I', '&apos;m', 'going', 'to', 'show', 'is', 'a', 'vers@@', 'us', 'what', '&apos;s', 'happened', 'the', 'last', '25', 'years', '.', '</s>']
2026-05-28 09:17:40,918 - INFO - joeynmt.training - 	Source:     De volgende dia die ik laat zien is een versnelde versie van wat er de afgelopen 25 jaar is gebeurd .
2026-05-28 09:17:40,918 - INFO - joeynmt.training - 	Reference:  The next slide I show you will be a rapid fast-forward of what &apos;s happened over the last 25 years .
2026-05-28 09:17:40,918 - INFO - joeynmt.training - 	Hypothesis: The next slide I &apos;m going to show is a versus what &apos;s happened the last 25 years .
2026-05-28 09:17:55,629 - INFO - joeynmt.training - Epoch   4, Step:    13100, Batch Loss:     1.687562, Batch Acc: 0.575248, Tokens per Sec:     4947, Lr: 0.000300
2026-05-28 09:18:10,800 - INFO - joeynmt.training - Epoch   4, Step:    13200, Batch Loss:     1.528552, Batch Acc: 0.578517, Tokens per Sec:     4901, Lr: 0.000300
2026-05-28 09:18:25,704 - INFO - joeynmt.training - Epoch   4, Step:    13300, Batch Loss:     1.483202, Batch Acc: 0.577403, Tokens per Sec:     5110, Lr: 0.000300
2026-05-28 09:18:40,741 - INFO - joeynmt.training - Epoch   4, Step:    13400, Batch Loss:     1.542870, Batch Acc: 0.581665, Tokens per Sec:     5041, Lr: 0.000300
2026-05-28 09:18:56,101 - INFO - joeynmt.training - Epoch   4, Step:    13500, Batch Loss:     1.413309, Batch Acc: 0.579897, Tokens per Sec:     4840, Lr: 0.000300
2026-05-28 09:18:56,102 - WARNING - joeynmt.helpers - `alpha` option is obsolete. Please use `beam_alpha`, instead.
2026-05-28 09:18:56,102 - INFO - joeynmt.prediction - Predicting 1003 example(s)... (Greedy decoding with min_output_length=1, max_output_length=-1, return_prob='none', generate_unk=True, repetition_penalty=-1, no_repeat_ngram_size=-1)
2026-05-28 09:19:22,239 - INFO - joeynmt.prediction - Evaluation result (greedy) loss:   1.91, ppl:   6.75, acc:   0.49, generation: 26.1282[sec], evaluation: 0.0000[sec]
2026-05-28 09:19:22,239 - INFO - joeynmt.training - Hooray! New best validation result [ppl]!
2026-05-28 09:19:22,353 - INFO - joeynmt.helpers - delete models/tf_bpe_4000_nl_en/10500.ckpt
2026-05-28 09:19:22,354 - INFO - joeynmt.training - Example #0
2026-05-28 09:19:22,354 - DEBUG - joeynmt.training - 	Tokenized source:     ['V@@', 'or@@', 'ig', 'jaar', 'liet', 'ik', 'deze', 'twee', 'dia', '&apos;', 's', 'zien', 'om', 'aan', 'te', 'tonen', 'dat', 'de', 'p@@', 'oo@@', 'lij@@', 'sk@@', 'a@@', 'p', ',', 'die', 'de', 'afgelopen', 'drie', 'miljoen', 'jaar', 'ongeveer', 'de', 'groot@@', 'te', 'had', 'van', 'het', 'va@@', 'stel@@', 'and', 'van', 'de', 'VS', ',', 'met', '40', '%', 'ge@@', 'k@@', 'rom@@', 'pen', 'was', '.']
2026-05-28 09:19:22,354 - DEBUG - joeynmt.training - 	Tokenized reference:  ['La@@', 'st', 'year', 'I', 'sho@@', 'wed', 'these', 'two', 'sli@@', 'des', 'so', 'that', 'de@@', 'mon@@', 'str@@', 'ate', 'that', 'the', 'ar@@', 'c@@', 'tic', 'ice', 'ca@@', 'p', ',', 'which', 'for', 'most', 'of', 'the', 'last', 'three', 'million', 'years', 'has', 'been', 'the', 'size', 'of', 'the', 'lo@@', 'wer', '4@@', '8', 'st@@', 'ates', ',', 'has', 'sh@@', 'run@@', 'k', 'by', '40', 'percent', '.']
2026-05-28 09:19:22,354 - DEBUG - joeynmt.training - 	Tokenized hypothesis: ['F@@', 'in@@', 'ally', 'year', ',', 'I', 'sho@@', 'wed', 'these', 'two', 'sli@@', 'de', 'to', 'show', 'that', 'the', 'p@@', 'oo@@', 'li@@', 'sk@@', 'y', ',', 'which', 'was', 'the', 'last', 'three', 'million', 'years', 'of', 'the', 'va@@', 'ster@@', 'ing', 'of', 'the', 'United', 'States', ',', 'with', '40', 'percent', 'ge@@', 'k@@', '-@@', 'rom@@', 'is@@', 'ed', '.', '</s>']
2026-05-28 09:19:22,354 - INFO - joeynmt.training - 	Source:     Vorig jaar liet ik deze twee dia &apos; s zien om aan te tonen dat de poolijskap , die de afgelopen drie miljoen jaar ongeveer de grootte had van het vasteland van de VS , met 40 % gekrompen was .
2026-05-28 09:19:22,354 - INFO - joeynmt.training - 	Reference:  Last year I showed these two slides so that demonstrate that the arctic ice cap , which for most of the last three million years has been the size of the lower 48 states , has shrunk by 40 percent .
2026-05-28 09:19:22,354 - INFO - joeynmt.training - 	Hypothesis: Finally year , I showed these two slide to show that the poolisky , which was the last three million years of the vastering of the United States , with 40 percent gek-romised .
2026-05-28 09:19:22,354 - INFO - joeynmt.training - Example #1
2026-05-28 09:19:22,355 - DEBUG - joeynmt.training - 	Tokenized source:     ['Maar', 'dit', 'onder@@', 'sch@@', 'at', 'eigenlijk', 'de', 'er@@', 'n@@', 'st', 'van', 'dit', 'specif@@', 'ieke', 'probleem', 'omdat', 'het', 'niet', 'de', 'di@@', 'kte', 'van', 'het', 'ij@@', 's', 'laat', 'zien', '.']
2026-05-28 09:19:22,355 - DEBUG - joeynmt.training - 	Tokenized reference:  ['But', 'this', 'under@@', 'st@@', 'ates', 'the', 'ser@@', 'i@@', 'ous@@', 'ness', 'of', 'this', 'particular', 'problem', 'because', 'it', 'doesn', '&apos;t', 'show', 'the', 'th@@', 'ick@@', 'ness', 'of', 'the', 'ice', '.']
2026-05-28 09:19:22,355 - DEBUG - joeynmt.training - 	Tokenized hypothesis: ['But', 'this', 'is', 'the', 'sup@@', 'posed', 'of', 'this', 'particular', 'problem', 'because', 'it', 'doesn', '&apos;t', 'show', 'the', 'di@@', 'cul@@', 'ated', 'of', 'the', 'ice', '.', '</s>']
2026-05-28 09:19:22,355 - INFO - joeynmt.training - 	Source:     Maar dit onderschat eigenlijk de ernst van dit specifieke probleem omdat het niet de dikte van het ijs laat zien .
2026-05-28 09:19:22,355 - INFO - joeynmt.training - 	Reference:  But this understates the seriousness of this particular problem because it doesn &apos;t show the thickness of the ice .
2026-05-28 09:19:22,355 - INFO - joeynmt.training - 	Hypothesis: But this is the supposed of this particular problem because it doesn &apos;t show the diculated of the ice .
2026-05-28 09:19:22,355 - INFO - joeynmt.training - Example #2
2026-05-28 09:19:22,355 - DEBUG - joeynmt.training - 	Tokenized source:     ['De', 'ij@@', 'sk@@', 'a@@', 'p', 'op', 'de', 'N@@', 'oor@@', 'd@@', 'p@@', 'ool', 'is', 'in', 'ze@@', 'kere', 'zin', 'het', 'kl@@', 'op@@', 'p@@', 'end', 'har@@', 't', 'van', 'ons', 'glob@@', 'aal', 'kli@@', 'maat@@', 'systeem', '.']
2026-05-28 09:19:22,355 - DEBUG - joeynmt.training - 	Tokenized reference:  ['The', 'ar@@', 'c@@', 'tic', 'ice', 'ca@@', 'p', 'is', ',', 'in', 'a', 'sense', ',', 'the', 'be@@', 'ating', 'heart', 'of', 'the', 'global', 'climate', 'system', '.']
2026-05-28 09:19:22,355 - DEBUG - joeynmt.training - 	Tokenized hypothesis: ['The', 'ice', 'sk@@', 'a@@', 'p', 'on', 'the', 'Nor@@', 'th', 'P@@', 'ole', 'is', 'in', 'a', 'sense', ',', 'the', 'cu@@', 'st@@', 'om@@', 'b', 'of', 'our', 'global', 'climate', 'system', '.', '</s>']
2026-05-28 09:19:22,355 - INFO - joeynmt.training - 	Source:     De ijskap op de Noordpool is in zekere zin het kloppend hart van ons globaal klimaatsysteem .
2026-05-28 09:19:22,355 - INFO - joeynmt.training - 	Reference:  The arctic ice cap is , in a sense , the beating heart of the global climate system .
2026-05-28 09:19:22,355 - INFO - joeynmt.training - 	Hypothesis: The ice skap on the North Pole is in a sense , the customb of our global climate system .
2026-05-28 09:19:22,355 - INFO - joeynmt.training - Example #3
2026-05-28 09:19:22,355 - DEBUG - joeynmt.training - 	Tokenized source:     ['Het', 'zet', 'uit', 'in', 'de', 'win@@', 'ter', 'en', 'k@@', 'ri@@', 'mp@@', 't', 'in', 'de', 'z@@', 'om@@', 'er', '.']
2026-05-28 09:19:22,355 - DEBUG - joeynmt.training - 	Tokenized reference:  ['It', 'exp@@', 'ands', 'in', 'win@@', 'ter', 'and', 'con@@', 'trac@@', 'ts', 'in', 'su@@', 'mmer', '.']
2026-05-28 09:19:22,355 - DEBUG - joeynmt.training - 	Tokenized hypothesis: ['It', '&apos;s', 'in', 'the', 'win@@', 'ter', 'and', 'cr@@', 'ack', 'in', 'the', 'su@@', 'mmer', '.', '</s>']
2026-05-28 09:19:22,356 - INFO - joeynmt.training - 	Source:     Het zet uit in de winter en krimpt in de zomer .
2026-05-28 09:19:22,356 - INFO - joeynmt.training - 	Reference:  It expands in winter and contracts in summer .
2026-05-28 09:19:22,356 - INFO - joeynmt.training - 	Hypothesis: It &apos;s in the winter and crack in the summer .
2026-05-28 09:19:22,356 - INFO - joeynmt.training - Example #4
2026-05-28 09:19:22,356 - DEBUG - joeynmt.training - 	Tokenized source:     ['De', 'volgende', 'dia', 'die', 'ik', 'laat', 'zien', 'is', 'een', 'vers@@', 'n@@', 'elde', 'ver@@', 'sie', 'van', 'wat', 'er', 'de', 'afgelopen', '25', 'jaar', 'is', 'gebeurd', '.']
2026-05-28 09:19:22,356 - DEBUG - joeynmt.training - 	Tokenized reference:  ['The', 'next', 'sli@@', 'de', 'I', 'show', 'you', 'will', 'be', 'a', 'r@@', 'ap@@', 'id', 'fa@@', 'st-@@', 'forward', 'of', 'what', '&apos;s', 'happened', 'over', 'the', 'last', '25', 'years', '.']
2026-05-28 09:19:22,356 - DEBUG - joeynmt.training - 	Tokenized hypothesis: ['The', 'next', 'sli@@', 'de', 'I', '&apos;m', 'sho@@', 'wing', 'is', 'a', 'ac@@', 'coun@@', 'ter@@', 'ed', 'ver@@', 'sion', 'of', 'what', '&apos;s', 'happened', 'the', 'last', '25', 'years', '.', '</s>']
2026-05-28 09:19:22,356 - INFO - joeynmt.training - 	Source:     De volgende dia die ik laat zien is een versnelde versie van wat er de afgelopen 25 jaar is gebeurd .
2026-05-28 09:19:22,356 - INFO - joeynmt.training - 	Reference:  The next slide I show you will be a rapid fast-forward of what &apos;s happened over the last 25 years .
2026-05-28 09:19:22,356 - INFO - joeynmt.training - 	Hypothesis: The next slide I &apos;m showing is a accountered version of what &apos;s happened the last 25 years .
2026-05-28 09:19:37,908 - INFO - joeynmt.training - Epoch   4, Step:    13600, Batch Loss:     1.702020, Batch Acc: 0.574777, Tokens per Sec:     4789, Lr: 0.000300
2026-05-28 09:19:52,568 - INFO - joeynmt.training - Epoch   4, Step:    13700, Batch Loss:     1.627534, Batch Acc: 0.575988, Tokens per Sec:     5089, Lr: 0.000300
2026-05-28 09:20:07,281 - INFO - joeynmt.training - Epoch   4, Step:    13800, Batch Loss:     1.591695, Batch Acc: 0.583646, Tokens per Sec:     5048, Lr: 0.000300
2026-05-28 09:20:21,957 - INFO - joeynmt.training - Epoch   4, Step:    13900, Batch Loss:     1.501183, Batch Acc: 0.582961, Tokens per Sec:     4991, Lr: 0.000300
2026-05-28 09:20:35,830 - INFO - joeynmt.training - Epoch   4: total training loss 5420.94
2026-05-28 09:20:35,831 - INFO - joeynmt.training - EPOCH 5
2026-05-28 09:20:37,219 - INFO - joeynmt.training - Epoch   5, Step:    14000, Batch Loss:     1.216041, Batch Acc: 0.602335, Tokens per Sec:     4568, Lr: 0.000300
2026-05-28 09:20:37,220 - WARNING - joeynmt.helpers - `alpha` option is obsolete. Please use `beam_alpha`, instead.
2026-05-28 09:20:37,220 - INFO - joeynmt.prediction - Predicting 1003 example(s)... (Greedy decoding with min_output_length=1, max_output_length=-1, return_prob='none', generate_unk=True, repetition_penalty=-1, no_repeat_ngram_size=-1)
2026-05-28 09:21:04,659 - INFO - joeynmt.prediction - Evaluation result (greedy) loss:   1.90, ppl:   6.67, acc:   0.49, generation: 27.4301[sec], evaluation: 0.0000[sec]
2026-05-28 09:21:04,660 - INFO - joeynmt.training - Hooray! New best validation result [ppl]!
2026-05-28 09:21:04,781 - INFO - joeynmt.helpers - delete models/tf_bpe_4000_nl_en/11500.ckpt
2026-05-28 09:21:04,783 - INFO - joeynmt.training - Example #0
2026-05-28 09:21:04,783 - DEBUG - joeynmt.training - 	Tokenized source:     ['V@@', 'or@@', 'ig', 'jaar', 'liet', 'ik', 'deze', 'twee', 'dia', '&apos;', 's', 'zien', 'om', 'aan', 'te', 'tonen', 'dat', 'de', 'p@@', 'oo@@', 'lij@@', 'sk@@', 'a@@', 'p', ',', 'die', 'de', 'afgelopen', 'drie', 'miljoen', 'jaar', 'ongeveer', 'de', 'groot@@', 'te', 'had', 'van', 'het', 'va@@', 'stel@@', 'and', 'van', 'de', 'VS', ',', 'met', '40', '%', 'ge@@', 'k@@', 'rom@@', 'pen', 'was', '.']
2026-05-28 09:21:04,783 - DEBUG - joeynmt.training - 	Tokenized reference:  ['La@@', 'st', 'year', 'I', 'sho@@', 'wed', 'these', 'two', 'sli@@', 'des', 'so', 'that', 'de@@', 'mon@@', 'str@@', 'ate', 'that', 'the', 'ar@@', 'c@@', 'tic', 'ice', 'ca@@', 'p', ',', 'which', 'for', 'most', 'of', 'the', 'last', 'three', 'million', 'years', 'has', 'been', 'the', 'size', 'of', 'the', 'lo@@', 'wer', '4@@', '8', 'st@@', 'ates', ',', 'has', 'sh@@', 'run@@', 'k', 'by', '40', 'percent', '.']
2026-05-28 09:21:04,783 - DEBUG - joeynmt.training - 	Tokenized hypothesis: ['And', 'I', 'was', 'sho@@', 'wed', 'these', 'two', 'sli@@', 'des', 'to', 'show', 'that', 'the', 'p@@', 'oo@@', 'li@@', 'p', ',', 'which', 'is', 'the', 'p@@', 'oo@@', 'li@@', 'p', ',', 'which', 'had', 'about', 'the', 'last', 'three', 'million', 'years', ',', 'the', 'U.S.', ',', 'with', '40', 'percent', 'of', 'the', 'U.S.', ',', 'with', '40', 'percent', 'of', 'the', 'U.S.', ',', 'with', '40', 'percent', 'of', 'the', 'U.S.', ',', '</s>']
2026-05-28 09:21:04,783 - INFO - joeynmt.training - 	Source:     Vorig jaar liet ik deze twee dia &apos; s zien om aan te tonen dat de poolijskap , die de afgelopen drie miljoen jaar ongeveer de grootte had van het vasteland van de VS , met 40 % gekrompen was .
2026-05-28 09:21:04,783 - INFO - joeynmt.training - 	Reference:  Last year I showed these two slides so that demonstrate that the arctic ice cap , which for most of the last three million years has been the size of the lower 48 states , has shrunk by 40 percent .
2026-05-28 09:21:04,783 - INFO - joeynmt.training - 	Hypothesis: And I was showed these two slides to show that the poolip , which is the poolip , which had about the last three million years , the U.S. , with 40 percent of the U.S. , with 40 percent of the U.S. , with 40 percent of the U.S. ,
2026-05-28 09:21:04,784 - INFO - joeynmt.training - Example #1
2026-05-28 09:21:04,784 - DEBUG - joeynmt.training - 	Tokenized source:     ['Maar', 'dit', 'onder@@', 'sch@@', 'at', 'eigenlijk', 'de', 'er@@', 'n@@', 'st', 'van', 'dit', 'specif@@', 'ieke', 'probleem', 'omdat', 'het', 'niet', 'de', 'di@@', 'kte', 'van', 'het', 'ij@@', 's', 'laat', 'zien', '.']
2026-05-28 09:21:04,784 - DEBUG - joeynmt.training - 	Tokenized reference:  ['But', 'this', 'under@@', 'st@@', 'ates', 'the', 'ser@@', 'i@@', 'ous@@', 'ness', 'of', 'this', 'particular', 'problem', 'because', 'it', 'doesn', '&apos;t', 'show', 'the', 'th@@', 'ick@@', 'ness', 'of', 'the', 'ice', '.']
2026-05-28 09:21:04,784 - DEBUG - joeynmt.training - 	Tokenized hypothesis: ['But', 'this', 'is', 'actually', 'the', 'most', 'of', 'this', 'particular', 'problem', 'because', 'it', 'doesn', '&apos;t', 'show', 'the', 'di@@', 'cul@@', 'cul@@', 'ated', 'of', 'the', 'ice', '.', '</s>']
2026-05-28 09:21:04,784 - INFO - joeynmt.training - 	Source:     Maar dit onderschat eigenlijk de ernst van dit specifieke probleem omdat het niet de dikte van het ijs laat zien .
2026-05-28 09:21:04,784 - INFO - joeynmt.training - 	Reference:  But this understates the seriousness of this particular problem because it doesn &apos;t show the thickness of the ice .
2026-05-28 09:21:04,784 - INFO - joeynmt.training - 	Hypothesis: But this is actually the most of this particular problem because it doesn &apos;t show the diculculated of the ice .
2026-05-28 09:21:04,784 - INFO - joeynmt.training - Example #2
2026-05-28 09:21:04,784 - DEBUG - joeynmt.training - 	Tokenized source:     ['De', 'ij@@', 'sk@@', 'a@@', 'p', 'op', 'de', 'N@@', 'oor@@', 'd@@', 'p@@', 'ool', 'is', 'in', 'ze@@', 'kere', 'zin', 'het', 'kl@@', 'op@@', 'p@@', 'end', 'har@@', 't', 'van', 'ons', 'glob@@', 'aal', 'kli@@', 'maat@@', 'systeem', '.']
2026-05-28 09:21:04,784 - DEBUG - joeynmt.training - 	Tokenized reference:  ['The', 'ar@@', 'c@@', 'tic', 'ice', 'ca@@', 'p', 'is', ',', 'in', 'a', 'sense', ',', 'the', 'be@@', 'ating', 'heart', 'of', 'the', 'global', 'climate', 'system', '.']
2026-05-28 09:21:04,784 - DEBUG - joeynmt.training - 	Tokenized hypothesis: ['The', 'ice', 'sk@@', 'a@@', 'p', 'on', 'the', 'Nor@@', 'th', 'P@@', 'ole', 'is', 'in', 'a', 'certain', 'sense', ',', 'the', 'cu@@', 'tting', 'heart', 'of', 'our', 'global', 'climate', 'system', '.', '</s>']
2026-05-28 09:21:04,784 - INFO - joeynmt.training - 	Source:     De ijskap op de Noordpool is in zekere zin het kloppend hart van ons globaal klimaatsysteem .
2026-05-28 09:21:04,785 - INFO - joeynmt.training - 	Reference:  The arctic ice cap is , in a sense , the beating heart of the global climate system .
2026-05-28 09:21:04,785 - INFO - joeynmt.training - 	Hypothesis: The ice skap on the North Pole is in a certain sense , the cutting heart of our global climate system .
2026-05-28 09:21:04,785 - INFO - joeynmt.training - Example #3
2026-05-28 09:21:04,785 - DEBUG - joeynmt.training - 	Tokenized source:     ['Het', 'zet', 'uit', 'in', 'de', 'win@@', 'ter', 'en', 'k@@', 'ri@@', 'mp@@', 't', 'in', 'de', 'z@@', 'om@@', 'er', '.']
2026-05-28 09:21:04,785 - DEBUG - joeynmt.training - 	Tokenized reference:  ['It', 'exp@@', 'ands', 'in', 'win@@', 'ter', 'and', 'con@@', 'trac@@', 'ts', 'in', 'su@@', 'mmer', '.']
2026-05-28 09:21:04,785 - DEBUG - joeynmt.training - 	Tokenized hypothesis: ['It', '&apos;s', 'going', 'to', 'put', 'in', 'the', 'win@@', 'ter', 'and', 'k@@', 'ri@@', 'mp@@', 't', 'in', 'the', 'su@@', 'mmer', '.', '</s>']
2026-05-28 09:21:04,785 - INFO - joeynmt.training - 	Source:     Het zet uit in de winter en krimpt in de zomer .
2026-05-28 09:21:04,785 - INFO - joeynmt.training - 	Reference:  It expands in winter and contracts in summer .
2026-05-28 09:21:04,785 - INFO - joeynmt.training - 	Hypothesis: It &apos;s going to put in the winter and krimpt in the summer .
2026-05-28 09:21:04,785 - INFO - joeynmt.training - Example #4
2026-05-28 09:21:04,785 - DEBUG - joeynmt.training - 	Tokenized source:     ['De', 'volgende', 'dia', 'die', 'ik', 'laat', 'zien', 'is', 'een', 'vers@@', 'n@@', 'elde', 'ver@@', 'sie', 'van', 'wat', 'er', 'de', 'afgelopen', '25', 'jaar', 'is', 'gebeurd', '.']
2026-05-28 09:21:04,785 - DEBUG - joeynmt.training - 	Tokenized reference:  ['The', 'next', 'sli@@', 'de', 'I', 'show', 'you', 'will', 'be', 'a', 'r@@', 'ap@@', 'id', 'fa@@', 'st-@@', 'forward', 'of', 'what', '&apos;s', 'happened', 'over', 'the', 'last', '25', 'years', '.']
2026-05-28 09:21:04,785 - DEBUG - joeynmt.training - 	Tokenized hypothesis: ['The', 'next', 'sli@@', 'de', 'I', '&apos;m', 'going', 'to', 'show', 'is', 'a', 'vers@@', 'us', 'what', '&apos;s', 'happened', 'the', 'last', '25', 'years', '.', '</s>']
2026-05-28 09:21:04,786 - INFO - joeynmt.training - 	Source:     De volgende dia die ik laat zien is een versnelde versie van wat er de afgelopen 25 jaar is gebeurd .
2026-05-28 09:21:04,786 - INFO - joeynmt.training - 	Reference:  The next slide I show you will be a rapid fast-forward of what &apos;s happened over the last 25 years .
2026-05-28 09:21:04,786 - INFO - joeynmt.training - 	Hypothesis: The next slide I &apos;m going to show is a versus what &apos;s happened the last 25 years .
2026-05-28 09:21:19,901 - INFO - joeynmt.training - Epoch   5, Step:    14100, Batch Loss:     1.338193, Batch Acc: 0.608421, Tokens per Sec:     4823, Lr: 0.000300
2026-05-28 09:21:35,500 - INFO - joeynmt.training - Epoch   5, Step:    14200, Batch Loss:     1.405169, Batch Acc: 0.598230, Tokens per Sec:     4824, Lr: 0.000300
2026-05-28 09:21:51,012 - INFO - joeynmt.training - Epoch   5, Step:    14300, Batch Loss:     1.326088, Batch Acc: 0.601621, Tokens per Sec:     4837, Lr: 0.000300
2026-05-28 09:22:05,274 - INFO - joeynmt.training - Epoch   5, Step:    14400, Batch Loss:     1.408604, Batch Acc: 0.593750, Tokens per Sec:     5178, Lr: 0.000300
2026-05-28 09:22:20,953 - INFO - joeynmt.training - Epoch   5, Step:    14500, Batch Loss:     1.605760, Batch Acc: 0.600003, Tokens per Sec:     4779, Lr: 0.000300
2026-05-28 09:22:20,953 - WARNING - joeynmt.helpers - `alpha` option is obsolete. Please use `beam_alpha`, instead.
2026-05-28 09:22:20,953 - INFO - joeynmt.prediction - Predicting 1003 example(s)... (Greedy decoding with min_output_length=1, max_output_length=-1, return_prob='none', generate_unk=True, repetition_penalty=-1, no_repeat_ngram_size=-1)
2026-05-28 09:22:46,017 - INFO - joeynmt.prediction - Evaluation result (greedy) loss:   1.90, ppl:   6.67, acc:   0.49, generation: 25.0552[sec], evaluation: 0.0000[sec]
2026-05-28 09:22:46,134 - INFO - joeynmt.helpers - delete models/tf_bpe_4000_nl_en/12000.ckpt
2026-05-28 09:22:46,135 - INFO - joeynmt.training - Example #0
2026-05-28 09:22:46,135 - DEBUG - joeynmt.training - 	Tokenized source:     ['V@@', 'or@@', 'ig', 'jaar', 'liet', 'ik', 'deze', 'twee', 'dia', '&apos;', 's', 'zien', 'om', 'aan', 'te', 'tonen', 'dat', 'de', 'p@@', 'oo@@', 'lij@@', 'sk@@', 'a@@', 'p', ',', 'die', 'de', 'afgelopen', 'drie', 'miljoen', 'jaar', 'ongeveer', 'de', 'groot@@', 'te', 'had', 'van', 'het', 'va@@', 'stel@@', 'and', 'van', 'de', 'VS', ',', 'met', '40', '%', 'ge@@', 'k@@', 'rom@@', 'pen', 'was', '.']
2026-05-28 09:22:46,135 - DEBUG - joeynmt.training - 	Tokenized reference:  ['La@@', 'st', 'year', 'I', 'sho@@', 'wed', 'these', 'two', 'sli@@', 'des', 'so', 'that', 'de@@', 'mon@@', 'str@@', 'ate', 'that', 'the', 'ar@@', 'c@@', 'tic', 'ice', 'ca@@', 'p', ',', 'which', 'for', 'most', 'of', 'the', 'last', 'three', 'million', 'years', 'has', 'been', 'the', 'size', 'of', 'the', 'lo@@', 'wer', '4@@', '8', 'st@@', 'ates', ',', 'has', 'sh@@', 'run@@', 'k', 'by', '40', 'percent', '.']
2026-05-28 09:22:46,135 - DEBUG - joeynmt.training - 	Tokenized hypothesis: ['F@@', 'or@@', 'ally', 'years', ',', 'I', 'sho@@', 'wed', 'these', 'two', 'sli@@', 'des', 'to', 'show', 'that', 'the', 'p@@', 'oo@@', 'li@@', 'st', 'sk@@', 'a@@', 'p', ',', 'who', 'had', 'about', 'the', 'p@@', 'oo@@', 'li@@', 'p', ',', 'who', 'had', 'about', 'the', 'last', 'three', 'million', 'years', 'of', 'the', 'U.S.', ',', 'with', '40', 'percent', 'of', 'the', 'rom@@', 'ise', 'of', 'the', 'United', 'States', ',', 'with', '40', 'percent', '.', '</s>']
2026-05-28 09:22:46,135 - INFO - joeynmt.training - 	Source:     Vorig jaar liet ik deze twee dia &apos; s zien om aan te tonen dat de poolijskap , die de afgelopen drie miljoen jaar ongeveer de grootte had van het vasteland van de VS , met 40 % gekrompen was .
2026-05-28 09:22:46,135 - INFO - joeynmt.training - 	Reference:  Last year I showed these two slides so that demonstrate that the arctic ice cap , which for most of the last three million years has been the size of the lower 48 states , has shrunk by 40 percent .
2026-05-28 09:22:46,135 - INFO - joeynmt.training - 	Hypothesis: Forally years , I showed these two slides to show that the poolist skap , who had about the poolip , who had about the last three million years of the U.S. , with 40 percent of the romise of the United States , with 40 percent .
2026-05-28 09:22:46,135 - INFO - joeynmt.training - Example #1
2026-05-28 09:22:46,136 - DEBUG - joeynmt.training - 	Tokenized source:     ['Maar', 'dit', 'onder@@', 'sch@@', 'at', 'eigenlijk', 'de', 'er@@', 'n@@', 'st', 'van', 'dit', 'specif@@', 'ieke', 'probleem', 'omdat', 'het', 'niet', 'de', 'di@@', 'kte', 'van', 'het', 'ij@@', 's', 'laat', 'zien', '.']
2026-05-28 09:22:46,136 - DEBUG - joeynmt.training - 	Tokenized reference:  ['But', 'this', 'under@@', 'st@@', 'ates', 'the', 'ser@@', 'i@@', 'ous@@', 'ness', 'of', 'this', 'particular', 'problem', 'because', 'it', 'doesn', '&apos;t', 'show', 'the', 'th@@', 'ick@@', 'ness', 'of', 'the', 'ice', '.']
2026-05-28 09:22:46,136 - DEBUG - joeynmt.training - 	Tokenized hypothesis: ['But', 'this', 'is', 'actually', 'the', 'wor@@', 'st', 'of', 'the', 'speci@@', 'fic', 'problem', 'because', 'it', 'doesn', '&apos;t', 'show', 'the', 'di@@', 't', 'of', 'the', 'ice', '.', '</s>']
2026-05-28 09:22:46,136 - INFO - joeynmt.training - 	Source:     Maar dit onderschat eigenlijk de ernst van dit specifieke probleem omdat het niet de dikte van het ijs laat zien .
2026-05-28 09:22:46,136 - INFO - joeynmt.training - 	Reference:  But this understates the seriousness of this particular problem because it doesn &apos;t show the thickness of the ice .
2026-05-28 09:22:46,136 - INFO - joeynmt.training - 	Hypothesis: But this is actually the worst of the specific problem because it doesn &apos;t show the dit of the ice .
2026-05-28 09:22:46,136 - INFO - joeynmt.training - Example #2
2026-05-28 09:22:46,136 - DEBUG - joeynmt.training - 	Tokenized source:     ['De', 'ij@@', 'sk@@', 'a@@', 'p', 'op', 'de', 'N@@', 'oor@@', 'd@@', 'p@@', 'ool', 'is', 'in', 'ze@@', 'kere', 'zin', 'het', 'kl@@', 'op@@', 'p@@', 'end', 'har@@', 't', 'van', 'ons', 'glob@@', 'aal', 'kli@@', 'maat@@', 'systeem', '.']
2026-05-28 09:22:46,136 - DEBUG - joeynmt.training - 	Tokenized reference:  ['The', 'ar@@', 'c@@', 'tic', 'ice', 'ca@@', 'p', 'is', ',', 'in', 'a', 'sense', ',', 'the', 'be@@', 'ating', 'heart', 'of', 'the', 'global', 'climate', 'system', '.']
2026-05-28 09:22:46,136 - DEBUG - joeynmt.training - 	Tokenized hypothesis: ['The', 'ice', 'sk@@', 'a@@', 'p', 'on', 'the', 'Nor@@', 'th', 'P@@', 'ole', 'is', 'in', 'a', 'certain', 'sense', ',', 'it', '&apos;s', 'a', 'kind', 'of', 'har@@', 't', 'the', 'cli@@', 'p', 'of', 'our', 'global', 'climate', 'system', '.', '</s>']
2026-05-28 09:22:46,136 - INFO - joeynmt.training - 	Source:     De ijskap op de Noordpool is in zekere zin het kloppend hart van ons globaal klimaatsysteem .
2026-05-28 09:22:46,136 - INFO - joeynmt.training - 	Reference:  The arctic ice cap is , in a sense , the beating heart of the global climate system .
2026-05-28 09:22:46,136 - INFO - joeynmt.training - 	Hypothesis: The ice skap on the North Pole is in a certain sense , it &apos;s a kind of hart the clip of our global climate system .
2026-05-28 09:22:46,136 - INFO - joeynmt.training - Example #3
2026-05-28 09:22:46,136 - DEBUG - joeynmt.training - 	Tokenized source:     ['Het', 'zet', 'uit', 'in', 'de', 'win@@', 'ter', 'en', 'k@@', 'ri@@', 'mp@@', 't', 'in', 'de', 'z@@', 'om@@', 'er', '.']
2026-05-28 09:22:46,136 - DEBUG - joeynmt.training - 	Tokenized reference:  ['It', 'exp@@', 'ands', 'in', 'win@@', 'ter', 'and', 'con@@', 'trac@@', 'ts', 'in', 'su@@', 'mmer', '.']
2026-05-28 09:22:46,136 - DEBUG - joeynmt.training - 	Tokenized hypothesis: ['It', 'pu@@', 'ts', 'in', 'the', 'win@@', 'ter', 'and', 'k@@', 'n@@', 'in@@', 'ely', 'in', 'the', 'su@@', 'mmer', '.', '</s>']
2026-05-28 09:22:46,137 - INFO - joeynmt.training - 	Source:     Het zet uit in de winter en krimpt in de zomer .
2026-05-28 09:22:46,137 - INFO - joeynmt.training - 	Reference:  It expands in winter and contracts in summer .
2026-05-28 09:22:46,137 - INFO - joeynmt.training - 	Hypothesis: It puts in the winter and kninely in the summer .
2026-05-28 09:22:46,137 - INFO - joeynmt.training - Example #4
2026-05-28 09:22:46,137 - DEBUG - joeynmt.training - 	Tokenized source:     ['De', 'volgende', 'dia', 'die', 'ik', 'laat', 'zien', 'is', 'een', 'vers@@', 'n@@', 'elde', 'ver@@', 'sie', 'van', 'wat', 'er', 'de', 'afgelopen', '25', 'jaar', 'is', 'gebeurd', '.']
2026-05-28 09:22:46,137 - DEBUG - joeynmt.training - 	Tokenized reference:  ['The', 'next', 'sli@@', 'de', 'I', 'show', 'you', 'will', 'be', 'a', 'r@@', 'ap@@', 'id', 'fa@@', 'st-@@', 'forward', 'of', 'what', '&apos;s', 'happened', 'over', 'the', 'last', '25', 'years', '.']
2026-05-28 09:22:46,137 - DEBUG - joeynmt.training - 	Tokenized hypothesis: ['The', 'next', 'sli@@', 'de', 'I', 'show', 'is', 'a', 'ac@@', 'cel@@', 'er@@', 'ation', 'of', 'what', 'happened', 'last', '25', 'years', 'has', 'happened', 'last', '25', 'years', '.', '</s>']
2026-05-28 09:22:46,137 - INFO - joeynmt.training - 	Source:     De volgende dia die ik laat zien is een versnelde versie van wat er de afgelopen 25 jaar is gebeurd .
2026-05-28 09:22:46,137 - INFO - joeynmt.training - 	Reference:  The next slide I show you will be a rapid fast-forward of what &apos;s happened over the last 25 years .
2026-05-28 09:22:46,137 - INFO - joeynmt.training - 	Hypothesis: The next slide I show is a acceleration of what happened last 25 years has happened last 25 years .
2026-05-28 09:23:00,725 - INFO - joeynmt.training - Epoch   5, Step:    14600, Batch Loss:     1.459156, Batch Acc: 0.594789, Tokens per Sec:     4950, Lr: 0.000300
2026-05-28 09:23:15,812 - INFO - joeynmt.training - Epoch   5, Step:    14700, Batch Loss:     1.513585, Batch Acc: 0.595488, Tokens per Sec:     4939, Lr: 0.000300
2026-05-28 09:23:31,115 - INFO - joeynmt.training - Epoch   5, Step:    14800, Batch Loss:     1.463059, Batch Acc: 0.594977, Tokens per Sec:     4892, Lr: 0.000300
2026-05-28 09:23:46,682 - INFO - joeynmt.training - Epoch   5, Step:    14900, Batch Loss:     1.420374, Batch Acc: 0.593354, Tokens per Sec:     4806, Lr: 0.000300
2026-05-28 09:24:01,098 - INFO - joeynmt.training - Epoch   5, Step:    15000, Batch Loss:     1.508055, Batch Acc: 0.593425, Tokens per Sec:     5027, Lr: 0.000300
2026-05-28 09:24:01,098 - WARNING - joeynmt.helpers - `alpha` option is obsolete. Please use `beam_alpha`, instead.
2026-05-28 09:24:01,098 - INFO - joeynmt.prediction - Predicting 1003 example(s)... (Greedy decoding with min_output_length=1, max_output_length=-1, return_prob='none', generate_unk=True, repetition_penalty=-1, no_repeat_ngram_size=-1)
2026-05-28 09:24:36,579 - INFO - joeynmt.prediction - Evaluation result (greedy) loss:   1.90, ppl:   6.70, acc:   0.49, generation: 35.4707[sec], evaluation: 0.0000[sec]
2026-05-28 09:24:36,723 - INFO - joeynmt.helpers - delete models/tf_bpe_4000_nl_en/12500.ckpt
2026-05-28 09:24:36,729 - INFO - joeynmt.training - Example #0
2026-05-28 09:24:36,729 - DEBUG - joeynmt.training - 	Tokenized source:     ['V@@', 'or@@', 'ig', 'jaar', 'liet', 'ik', 'deze', 'twee', 'dia', '&apos;', 's', 'zien', 'om', 'aan', 'te', 'tonen', 'dat', 'de', 'p@@', 'oo@@', 'lij@@', 'sk@@', 'a@@', 'p', ',', 'die', 'de', 'afgelopen', 'drie', 'miljoen', 'jaar', 'ongeveer', 'de', 'groot@@', 'te', 'had', 'van', 'het', 'va@@', 'stel@@', 'and', 'van', 'de', 'VS', ',', 'met', '40', '%', 'ge@@', 'k@@', 'rom@@', 'pen', 'was', '.']
2026-05-28 09:24:36,729 - DEBUG - joeynmt.training - 	Tokenized reference:  ['La@@', 'st', 'year', 'I', 'sho@@', 'wed', 'these', 'two', 'sli@@', 'des', 'so', 'that', 'de@@', 'mon@@', 'str@@', 'ate', 'that', 'the', 'ar@@', 'c@@', 'tic', 'ice', 'ca@@', 'p', ',', 'which', 'for', 'most', 'of', 'the', 'last', 'three', 'million', 'years', 'has', 'been', 'the', 'size', 'of', 'the', 'lo@@', 'wer', '4@@', '8', 'st@@', 'ates', ',', 'has', 'sh@@', 'run@@', 'k', 'by', '40', 'percent', '.']
2026-05-28 09:24:36,729 - DEBUG - joeynmt.training - 	Tokenized hypothesis: ['And', 'so', ',', 'I', 'sho@@', 'wed', 'these', 'two', 'sli@@', 'des', 'to', 'show', 'that', 'the', 'p@@', 'oo@@', 'li@@', 'z@@', 'y', 'sk@@', 'a@@', 'p', ',', 'who', 'had', 'about', 'the', 'last', 'three', 'million', 'years', 'of', 'the', 'va@@', 'il@@', 'and', 'had', 'about', '40', 'percent', 'of', 'the', 'U.S.', ',', 'with', '40', 'percent', 'ge@@', '-@@', 'cra@@', 'w@@', 'l', '.', '</s>']
2026-05-28 09:24:36,729 - INFO - joeynmt.training - 	Source:     Vorig jaar liet ik deze twee dia &apos; s zien om aan te tonen dat de poolijskap , die de afgelopen drie miljoen jaar ongeveer de grootte had van het vasteland van de VS , met 40 % gekrompen was .
2026-05-28 09:24:36,729 - INFO - joeynmt.training - 	Reference:  Last year I showed these two slides so that demonstrate that the arctic ice cap , which for most of the last three million years has been the size of the lower 48 states , has shrunk by 40 percent .
2026-05-28 09:24:36,729 - INFO - joeynmt.training - 	Hypothesis: And so , I showed these two slides to show that the poolizy skap , who had about the last three million years of the vailand had about 40 percent of the U.S. , with 40 percent ge-crawl .
2026-05-28 09:24:36,729 - INFO - joeynmt.training - Example #1
2026-05-28 09:24:36,729 - DEBUG - joeynmt.training - 	Tokenized source:     ['Maar', 'dit', 'onder@@', 'sch@@', 'at', 'eigenlijk', 'de', 'er@@', 'n@@', 'st', 'van', 'dit', 'specif@@', 'ieke', 'probleem', 'omdat', 'het', 'niet', 'de', 'di@@', 'kte', 'van', 'het', 'ij@@', 's', 'laat', 'zien', '.']
2026-05-28 09:24:36,729 - DEBUG - joeynmt.training - 	Tokenized reference:  ['But', 'this', 'under@@', 'st@@', 'ates', 'the', 'ser@@', 'i@@', 'ous@@', 'ness', 'of', 'this', 'particular', 'problem', 'because', 'it', 'doesn', '&apos;t', 'show', 'the', 'th@@', 'ick@@', 'ness', 'of', 'the', 'ice', '.']
2026-05-28 09:24:36,729 - DEBUG - joeynmt.training - 	Tokenized hypothesis: ['But', 'this', 'is', 'actually', 'the', 'first', 'of', 'this', 'particular', 'problem', 'because', 'it', 'doesn', '&apos;t', 'show', 'the', 'di@@', 'sa@@', 'd@@', 'ly', 'of', 'the', 'ice', '.', '</s>']
2026-05-28 09:24:36,730 - INFO - joeynmt.training - 	Source:     Maar dit onderschat eigenlijk de ernst van dit specifieke probleem omdat het niet de dikte van het ijs laat zien .
2026-05-28 09:24:36,730 - INFO - joeynmt.training - 	Reference:  But this understates the seriousness of this particular problem because it doesn &apos;t show the thickness of the ice .
2026-05-28 09:24:36,730 - INFO - joeynmt.training - 	Hypothesis: But this is actually the first of this particular problem because it doesn &apos;t show the disadly of the ice .
2026-05-28 09:24:36,730 - INFO - joeynmt.training - Example #2
2026-05-28 09:24:36,730 - DEBUG - joeynmt.training - 	Tokenized source:     ['De', 'ij@@', 'sk@@', 'a@@', 'p', 'op', 'de', 'N@@', 'oor@@', 'd@@', 'p@@', 'ool', 'is', 'in', 'ze@@', 'kere', 'zin', 'het', 'kl@@', 'op@@', 'p@@', 'end', 'har@@', 't', 'van', 'ons', 'glob@@', 'aal', 'kli@@', 'maat@@', 'systeem', '.']
2026-05-28 09:24:36,730 - DEBUG - joeynmt.training - 	Tokenized reference:  ['The', 'ar@@', 'c@@', 'tic', 'ice', 'ca@@', 'p', 'is', ',', 'in', 'a', 'sense', ',', 'the', 'be@@', 'ating', 'heart', 'of', 'the', 'global', 'climate', 'system', '.']
2026-05-28 09:24:36,730 - DEBUG - joeynmt.training - 	Tokenized hypothesis: ['The', 'ice', 'sk@@', 'a@@', 'p', 'on', 'the', 'Nor@@', 'th', 'P@@', 'ole', 'is', 'in', 'a', 'certain', 'sense', ',', 'the', 'right', 'he@@', 'ar@@', 'ts', 'of', 'our', 'global', 'climate', 'system', '.', '</s>']
2026-05-28 09:24:36,730 - INFO - joeynmt.training - 	Source:     De ijskap op de Noordpool is in zekere zin het kloppend hart van ons globaal klimaatsysteem .
2026-05-28 09:24:36,730 - INFO - joeynmt.training - 	Reference:  The arctic ice cap is , in a sense , the beating heart of the global climate system .
2026-05-28 09:24:36,730 - INFO - joeynmt.training - 	Hypothesis: The ice skap on the North Pole is in a certain sense , the right hearts of our global climate system .
2026-05-28 09:24:36,730 - INFO - joeynmt.training - Example #3
2026-05-28 09:24:36,730 - DEBUG - joeynmt.training - 	Tokenized source:     ['Het', 'zet', 'uit', 'in', 'de', 'win@@', 'ter', 'en', 'k@@', 'ri@@', 'mp@@', 't', 'in', 'de', 'z@@', 'om@@', 'er', '.']
2026-05-28 09:24:36,730 - DEBUG - joeynmt.training - 	Tokenized reference:  ['It', 'exp@@', 'ands', 'in', 'win@@', 'ter', 'and', 'con@@', 'trac@@', 'ts', 'in', 'su@@', 'mmer', '.']
2026-05-28 09:24:36,730 - DEBUG - joeynmt.training - 	Tokenized hypothesis: ['It', '&apos;s', 'going', 'to', 'put', 'in', 'the', 'win@@', 'ter', 'and', 'k@@', 'qu@@', 'ick', 'in', 'the', 'su@@', 'mmer', '.', '</s>']
2026-05-28 09:24:36,730 - INFO - joeynmt.training - 	Source:     Het zet uit in de winter en krimpt in de zomer .
2026-05-28 09:24:36,730 - INFO - joeynmt.training - 	Reference:  It expands in winter and contracts in summer .
2026-05-28 09:24:36,730 - INFO - joeynmt.training - 	Hypothesis: It &apos;s going to put in the winter and kquick in the summer .
2026-05-28 09:24:36,731 - INFO - joeynmt.training - Example #4
2026-05-28 09:24:36,731 - DEBUG - joeynmt.training - 	Tokenized source:     ['De', 'volgende', 'dia', 'die', 'ik', 'laat', 'zien', 'is', 'een', 'vers@@', 'n@@', 'elde', 'ver@@', 'sie', 'van', 'wat', 'er', 'de', 'afgelopen', '25', 'jaar', 'is', 'gebeurd', '.']
2026-05-28 09:24:36,731 - DEBUG - joeynmt.training - 	Tokenized reference:  ['The', 'next', 'sli@@', 'de', 'I', 'show', 'you', 'will', 'be', 'a', 'r@@', 'ap@@', 'id', 'fa@@', 'st-@@', 'forward', 'of', 'what', '&apos;s', 'happened', 'over', 'the', 'last', '25', 'years', '.']
2026-05-28 09:24:36,731 - DEBUG - joeynmt.training - 	Tokenized hypothesis: ['The', 'next', 'sli@@', 'de', 'I', '&apos;m', 'sho@@', 'wing', 'is', 'a', 'vers@@', 'us', 'a', 'little', 'bit', 'of', 'what', 'happened', 'last', '25', 'years', '.', '</s>']
2026-05-28 09:24:36,731 - INFO - joeynmt.training - 	Source:     De volgende dia die ik laat zien is een versnelde versie van wat er de afgelopen 25 jaar is gebeurd .
2026-05-28 09:24:36,731 - INFO - joeynmt.training - 	Reference:  The next slide I show you will be a rapid fast-forward of what &apos;s happened over the last 25 years .
2026-05-28 09:24:36,731 - INFO - joeynmt.training - 	Hypothesis: The next slide I &apos;m showing is a versus a little bit of what happened last 25 years .
2026-05-28 09:24:51,240 - INFO - joeynmt.training - Epoch   5, Step:    15100, Batch Loss:     1.149616, Batch Acc: 0.595628, Tokens per Sec:     5089, Lr: 0.000300
2026-05-28 09:25:06,266 - INFO - joeynmt.training - Epoch   5, Step:    15200, Batch Loss:     1.555718, Batch Acc: 0.600583, Tokens per Sec:     5020, Lr: 0.000300
2026-05-28 09:25:20,847 - INFO - joeynmt.training - Epoch   5, Step:    15300, Batch Loss:     1.495858, Batch Acc: 0.592857, Tokens per Sec:     5141, Lr: 0.000300
2026-05-28 09:25:36,288 - INFO - joeynmt.training - Epoch   5, Step:    15400, Batch Loss:     1.454199, Batch Acc: 0.589596, Tokens per Sec:     4806, Lr: 0.000300
2026-05-28 09:25:50,816 - INFO - joeynmt.training - Epoch   5, Step:    15500, Batch Loss:     1.672144, Batch Acc: 0.592027, Tokens per Sec:     5144, Lr: 0.000300
2026-05-28 09:25:50,816 - WARNING - joeynmt.helpers - `alpha` option is obsolete. Please use `beam_alpha`, instead.
2026-05-28 09:25:50,816 - INFO - joeynmt.prediction - Predicting 1003 example(s)... (Greedy decoding with min_output_length=1, max_output_length=-1, return_prob='none', generate_unk=True, repetition_penalty=-1, no_repeat_ngram_size=-1)
2026-05-28 09:26:16,053 - INFO - joeynmt.prediction - Evaluation result (greedy) loss:   1.89, ppl:   6.65, acc:   0.50, generation: 25.2286[sec], evaluation: 0.0000[sec]
2026-05-28 09:26:16,054 - INFO - joeynmt.training - Hooray! New best validation result [ppl]!
2026-05-28 09:26:16,173 - INFO - joeynmt.helpers - delete models/tf_bpe_4000_nl_en/13000.ckpt
2026-05-28 09:26:16,175 - INFO - joeynmt.training - Example #0
2026-05-28 09:26:16,175 - DEBUG - joeynmt.training - 	Tokenized source:     ['V@@', 'or@@', 'ig', 'jaar', 'liet', 'ik', 'deze', 'twee', 'dia', '&apos;', 's', 'zien', 'om', 'aan', 'te', 'tonen', 'dat', 'de', 'p@@', 'oo@@', 'lij@@', 'sk@@', 'a@@', 'p', ',', 'die', 'de', 'afgelopen', 'drie', 'miljoen', 'jaar', 'ongeveer', 'de', 'groot@@', 'te', 'had', 'van', 'het', 'va@@', 'stel@@', 'and', 'van', 'de', 'VS', ',', 'met', '40', '%', 'ge@@', 'k@@', 'rom@@', 'pen', 'was', '.']
2026-05-28 09:26:16,175 - DEBUG - joeynmt.training - 	Tokenized reference:  ['La@@', 'st', 'year', 'I', 'sho@@', 'wed', 'these', 'two', 'sli@@', 'des', 'so', 'that', 'de@@', 'mon@@', 'str@@', 'ate', 'that', 'the', 'ar@@', 'c@@', 'tic', 'ice', 'ca@@', 'p', ',', 'which', 'for', 'most', 'of', 'the', 'last', 'three', 'million', 'years', 'has', 'been', 'the', 'size', 'of', 'the', 'lo@@', 'wer', '4@@', '8', 'st@@', 'ates', ',', 'has', 'sh@@', 'run@@', 'k', 'by', '40', 'percent', '.']
2026-05-28 09:26:16,175 - DEBUG - joeynmt.training - 	Tokenized hypothesis: ['And', 'so', ',', 'I', 'sho@@', 'wed', 'these', 'two', 'sli@@', 'des', 'to', 'show', 'that', 'the', 'p@@', 'oo@@', 'li@@', 'c', ',', 'which', 'was', 'about', 'the', 'p@@', 'oo@@', 'p', 'sk@@', 'p', ',', 'who', 'was', 'about', 'the', 'last', 'three', 'million', 'years', 'of', 'the', 'U.S.', ',', 'with', '40', 'percent', 'was', 'actually', 'rom@@', 'ps', '.', '</s>']
2026-05-28 09:26:16,175 - INFO - joeynmt.training - 	Source:     Vorig jaar liet ik deze twee dia &apos; s zien om aan te tonen dat de poolijskap , die de afgelopen drie miljoen jaar ongeveer de grootte had van het vasteland van de VS , met 40 % gekrompen was .
2026-05-28 09:26:16,175 - INFO - joeynmt.training - 	Reference:  Last year I showed these two slides so that demonstrate that the arctic ice cap , which for most of the last three million years has been the size of the lower 48 states , has shrunk by 40 percent .
2026-05-28 09:26:16,176 - INFO - joeynmt.training - 	Hypothesis: And so , I showed these two slides to show that the poolic , which was about the poop skp , who was about the last three million years of the U.S. , with 40 percent was actually romps .
2026-05-28 09:26:16,176 - INFO - joeynmt.training - Example #1
2026-05-28 09:26:16,176 - DEBUG - joeynmt.training - 	Tokenized source:     ['Maar', 'dit', 'onder@@', 'sch@@', 'at', 'eigenlijk', 'de', 'er@@', 'n@@', 'st', 'van', 'dit', 'specif@@', 'ieke', 'probleem', 'omdat', 'het', 'niet', 'de', 'di@@', 'kte', 'van', 'het', 'ij@@', 's', 'laat', 'zien', '.']
2026-05-28 09:26:16,176 - DEBUG - joeynmt.training - 	Tokenized reference:  ['But', 'this', 'under@@', 'st@@', 'ates', 'the', 'ser@@', 'i@@', 'ous@@', 'ness', 'of', 'this', 'particular', 'problem', 'because', 'it', 'doesn', '&apos;t', 'show', 'the', 'th@@', 'ick@@', 'ness', 'of', 'the', 'ice', '.']
2026-05-28 09:26:16,176 - DEBUG - joeynmt.training - 	Tokenized hypothesis: ['But', 'this', 'is', 'actually', 'the', 'most', 'of', 'this', 'particular', 'problem', 'because', 'it', 'doesn', '&apos;t', 'show', 'the', 'di@@', 'ted', 'of', 'the', 'ice', '.', '</s>']
2026-05-28 09:26:16,176 - INFO - joeynmt.training - 	Source:     Maar dit onderschat eigenlijk de ernst van dit specifieke probleem omdat het niet de dikte van het ijs laat zien .
2026-05-28 09:26:16,176 - INFO - joeynmt.training - 	Reference:  But this understates the seriousness of this particular problem because it doesn &apos;t show the thickness of the ice .
2026-05-28 09:26:16,176 - INFO - joeynmt.training - 	Hypothesis: But this is actually the most of this particular problem because it doesn &apos;t show the dited of the ice .
2026-05-28 09:26:16,176 - INFO - joeynmt.training - Example #2
2026-05-28 09:26:16,176 - DEBUG - joeynmt.training - 	Tokenized source:     ['De', 'ij@@', 'sk@@', 'a@@', 'p', 'op', 'de', 'N@@', 'oor@@', 'd@@', 'p@@', 'ool', 'is', 'in', 'ze@@', 'kere', 'zin', 'het', 'kl@@', 'op@@', 'p@@', 'end', 'har@@', 't', 'van', 'ons', 'glob@@', 'aal', 'kli@@', 'maat@@', 'systeem', '.']
2026-05-28 09:26:16,176 - DEBUG - joeynmt.training - 	Tokenized reference:  ['The', 'ar@@', 'c@@', 'tic', 'ice', 'ca@@', 'p', 'is', ',', 'in', 'a', 'sense', ',', 'the', 'be@@', 'ating', 'heart', 'of', 'the', 'global', 'climate', 'system', '.']
2026-05-28 09:26:16,176 - DEBUG - joeynmt.training - 	Tokenized hypothesis: ['The', 'ice', 'sk@@', 'a@@', 'p', 'on', 'the', 'Nor@@', 'th', 'P@@', 'ole', 'is', 'in', 'a', 'certain', 'sense', ',', 'it', '&apos;s', 'right', '?', '</s>']
2026-05-28 09:26:16,176 - INFO - joeynmt.training - 	Source:     De ijskap op de Noordpool is in zekere zin het kloppend hart van ons globaal klimaatsysteem .
2026-05-28 09:26:16,176 - INFO - joeynmt.training - 	Reference:  The arctic ice cap is , in a sense , the beating heart of the global climate system .
2026-05-28 09:26:16,176 - INFO - joeynmt.training - 	Hypothesis: The ice skap on the North Pole is in a certain sense , it &apos;s right ?
2026-05-28 09:26:16,176 - INFO - joeynmt.training - Example #3
2026-05-28 09:26:16,176 - DEBUG - joeynmt.training - 	Tokenized source:     ['Het', 'zet', 'uit', 'in', 'de', 'win@@', 'ter', 'en', 'k@@', 'ri@@', 'mp@@', 't', 'in', 'de', 'z@@', 'om@@', 'er', '.']
2026-05-28 09:26:16,177 - DEBUG - joeynmt.training - 	Tokenized reference:  ['It', 'exp@@', 'ands', 'in', 'win@@', 'ter', 'and', 'con@@', 'trac@@', 'ts', 'in', 'su@@', 'mmer', '.']
2026-05-28 09:26:16,177 - DEBUG - joeynmt.training - 	Tokenized hypothesis: ['It', '&apos;s', 'just', 'in', 'the', 'win@@', 'ter', 'and', 'k@@', 'ri@@', 'mp@@', 't', 'in', 'the', 'su@@', 'mmer', '.', '</s>']
2026-05-28 09:26:16,177 - INFO - joeynmt.training - 	Source:     Het zet uit in de winter en krimpt in de zomer .
2026-05-28 09:26:16,177 - INFO - joeynmt.training - 	Reference:  It expands in winter and contracts in summer .
2026-05-28 09:26:16,177 - INFO - joeynmt.training - 	Hypothesis: It &apos;s just in the winter and krimpt in the summer .
2026-05-28 09:26:16,177 - INFO - joeynmt.training - Example #4
2026-05-28 09:26:16,177 - DEBUG - joeynmt.training - 	Tokenized source:     ['De', 'volgende', 'dia', 'die', 'ik', 'laat', 'zien', 'is', 'een', 'vers@@', 'n@@', 'elde', 'ver@@', 'sie', 'van', 'wat', 'er', 'de', 'afgelopen', '25', 'jaar', 'is', 'gebeurd', '.']
2026-05-28 09:26:16,177 - DEBUG - joeynmt.training - 	Tokenized reference:  ['The', 'next', 'sli@@', 'de', 'I', 'show', 'you', 'will', 'be', 'a', 'r@@', 'ap@@', 'id', 'fa@@', 'st-@@', 'forward', 'of', 'what', '&apos;s', 'happened', 'over', 'the', 'last', '25', 'years', '.']
2026-05-28 09:26:16,177 - DEBUG - joeynmt.training - 	Tokenized hypothesis: ['The', 'next', 'sli@@', 'de', 'I', '&apos;m', 'going', 'to', 'show', 'is', 'a', 'ac@@', 'ci@@', 'den@@', 'ts', 'of', 'what', '&apos;s', 'happened', 'last', '25', 'years', '.', '</s>']
2026-05-28 09:26:16,177 - INFO - joeynmt.training - 	Source:     De volgende dia die ik laat zien is een versnelde versie van wat er de afgelopen 25 jaar is gebeurd .
2026-05-28 09:26:16,177 - INFO - joeynmt.training - 	Reference:  The next slide I show you will be a rapid fast-forward of what &apos;s happened over the last 25 years .
2026-05-28 09:26:16,177 - INFO - joeynmt.training - 	Hypothesis: The next slide I &apos;m going to show is a accidents of what &apos;s happened last 25 years .
2026-05-28 09:26:30,916 - INFO - joeynmt.training - Epoch   5, Step:    15600, Batch Loss:     1.566064, Batch Acc: 0.592293, Tokens per Sec:     5046, Lr: 0.000300
2026-05-28 09:26:46,282 - INFO - joeynmt.training - Epoch   5, Step:    15700, Batch Loss:     1.445209, Batch Acc: 0.592756, Tokens per Sec:     4893, Lr: 0.000300
2026-05-28 09:27:00,556 - INFO - joeynmt.training - Epoch   5, Step:    15800, Batch Loss:     1.380328, Batch Acc: 0.594508, Tokens per Sec:     5233, Lr: 0.000300
2026-05-28 09:27:16,135 - INFO - joeynmt.training - Epoch   5, Step:    15900, Batch Loss:     1.416340, Batch Acc: 0.597367, Tokens per Sec:     4774, Lr: 0.000300
2026-05-28 09:27:30,236 - INFO - joeynmt.training - Epoch   5, Step:    16000, Batch Loss:     1.482069, Batch Acc: 0.595157, Tokens per Sec:     5126, Lr: 0.000300
2026-05-28 09:27:30,237 - WARNING - joeynmt.helpers - `alpha` option is obsolete. Please use `beam_alpha`, instead.
2026-05-28 09:27:30,237 - INFO - joeynmt.prediction - Predicting 1003 example(s)... (Greedy decoding with min_output_length=1, max_output_length=-1, return_prob='none', generate_unk=True, repetition_penalty=-1, no_repeat_ngram_size=-1)
2026-05-28 09:28:07,878 - INFO - joeynmt.prediction - Evaluation result (greedy) loss:   1.88, ppl:   6.53, acc:   0.50, generation: 37.6318[sec], evaluation: 0.0000[sec]
2026-05-28 09:28:07,879 - INFO - joeynmt.training - Hooray! New best validation result [ppl]!
2026-05-28 09:28:07,999 - INFO - joeynmt.helpers - delete models/tf_bpe_4000_nl_en/13500.ckpt
2026-05-28 09:28:08,001 - INFO - joeynmt.training - Example #0
2026-05-28 09:28:08,001 - DEBUG - joeynmt.training - 	Tokenized source:     ['V@@', 'or@@', 'ig', 'jaar', 'liet', 'ik', 'deze', 'twee', 'dia', '&apos;', 's', 'zien', 'om', 'aan', 'te', 'tonen', 'dat', 'de', 'p@@', 'oo@@', 'lij@@', 'sk@@', 'a@@', 'p', ',', 'die', 'de', 'afgelopen', 'drie', 'miljoen', 'jaar', 'ongeveer', 'de', 'groot@@', 'te', 'had', 'van', 'het', 'va@@', 'stel@@', 'and', 'van', 'de', 'VS', ',', 'met', '40', '%', 'ge@@', 'k@@', 'rom@@', 'pen', 'was', '.']
2026-05-28 09:28:08,001 - DEBUG - joeynmt.training - 	Tokenized reference:  ['La@@', 'st', 'year', 'I', 'sho@@', 'wed', 'these', 'two', 'sli@@', 'des', 'so', 'that', 'de@@', 'mon@@', 'str@@', 'ate', 'that', 'the', 'ar@@', 'c@@', 'tic', 'ice', 'ca@@', 'p', ',', 'which', 'for', 'most', 'of', 'the', 'last', 'three', 'million', 'years', 'has', 'been', 'the', 'size', 'of', 'the', 'lo@@', 'wer', '4@@', '8', 'st@@', 'ates', ',', 'has', 'sh@@', 'run@@', 'k', 'by', '40', 'percent', '.']
2026-05-28 09:28:08,001 - DEBUG - joeynmt.training - 	Tokenized hypothesis: ['F@@', 'or@@', 'al', 'year', ',', 'I', 'sho@@', 'wed', 'these', 'two', 'sli@@', 'des', 'to', 'show', 'that', 'the', 'p@@', 'oo@@', 'li@@', 'st', 'of', 'the', 'p@@', 'oo@@', 'li@@', 'st', ',', 'which', 'was', 'the', 'last', 'three', 'million', 'years', 'of', 'the', 'va@@', 'gina', ',', 'the', 'U.S.', ',', 'with', '40', 'percent', 'of', 'the', 'U.S.', ',', 'with', '40', 'percent', 'of', 'the', 'U.S.', ',', 'with', '40', 'percent', '.', '</s>']
2026-05-28 09:28:08,001 - INFO - joeynmt.training - 	Source:     Vorig jaar liet ik deze twee dia &apos; s zien om aan te tonen dat de poolijskap , die de afgelopen drie miljoen jaar ongeveer de grootte had van het vasteland van de VS , met 40 % gekrompen was .
2026-05-28 09:28:08,001 - INFO - joeynmt.training - 	Reference:  Last year I showed these two slides so that demonstrate that the arctic ice cap , which for most of the last three million years has been the size of the lower 48 states , has shrunk by 40 percent .
2026-05-28 09:28:08,001 - INFO - joeynmt.training - 	Hypothesis: Foral year , I showed these two slides to show that the poolist of the poolist , which was the last three million years of the vagina , the U.S. , with 40 percent of the U.S. , with 40 percent of the U.S. , with 40 percent .
2026-05-28 09:28:08,001 - INFO - joeynmt.training - Example #1
2026-05-28 09:28:08,001 - DEBUG - joeynmt.training - 	Tokenized source:     ['Maar', 'dit', 'onder@@', 'sch@@', 'at', 'eigenlijk', 'de', 'er@@', 'n@@', 'st', 'van', 'dit', 'specif@@', 'ieke', 'probleem', 'omdat', 'het', 'niet', 'de', 'di@@', 'kte', 'van', 'het', 'ij@@', 's', 'laat', 'zien', '.']
2026-05-28 09:28:08,001 - DEBUG - joeynmt.training - 	Tokenized reference:  ['But', 'this', 'under@@', 'st@@', 'ates', 'the', 'ser@@', 'i@@', 'ous@@', 'ness', 'of', 'this', 'particular', 'problem', 'because', 'it', 'doesn', '&apos;t', 'show', 'the', 'th@@', 'ick@@', 'ness', 'of', 'the', 'ice', '.']
2026-05-28 09:28:08,001 - DEBUG - joeynmt.training - 	Tokenized hypothesis: ['But', 'this', 'is', 'actually', 'the', 'wor@@', 'l@@', 'ying', 'of', 'this', 'particular', 'problem', 'because', 'it', 'doesn', '&apos;t', 'show', 'the', 'di@@', 't', 'of', 'the', 'ice', '.', '</s>']
2026-05-28 09:28:08,002 - INFO - joeynmt.training - 	Source:     Maar dit onderschat eigenlijk de ernst van dit specifieke probleem omdat het niet de dikte van het ijs laat zien .
2026-05-28 09:28:08,002 - INFO - joeynmt.training - 	Reference:  But this understates the seriousness of this particular problem because it doesn &apos;t show the thickness of the ice .
2026-05-28 09:28:08,002 - INFO - joeynmt.training - 	Hypothesis: But this is actually the worlying of this particular problem because it doesn &apos;t show the dit of the ice .
2026-05-28 09:28:08,002 - INFO - joeynmt.training - Example #2
2026-05-28 09:28:08,002 - DEBUG - joeynmt.training - 	Tokenized source:     ['De', 'ij@@', 'sk@@', 'a@@', 'p', 'op', 'de', 'N@@', 'oor@@', 'd@@', 'p@@', 'ool', 'is', 'in', 'ze@@', 'kere', 'zin', 'het', 'kl@@', 'op@@', 'p@@', 'end', 'har@@', 't', 'van', 'ons', 'glob@@', 'aal', 'kli@@', 'maat@@', 'systeem', '.']
2026-05-28 09:28:08,002 - DEBUG - joeynmt.training - 	Tokenized reference:  ['The', 'ar@@', 'c@@', 'tic', 'ice', 'ca@@', 'p', 'is', ',', 'in', 'a', 'sense', ',', 'the', 'be@@', 'ating', 'heart', 'of', 'the', 'global', 'climate', 'system', '.']
2026-05-28 09:28:08,002 - DEBUG - joeynmt.training - 	Tokenized hypothesis: ['The', 'ice', 'sk@@', 'a@@', 'p', 'on', 'the', 'Nor@@', 'th', 'P@@', 'ole', 'is', 'in', 'a', 'sense', ',', 'the', 'cl@@', 'op@@', 'ing', 'heart', 'of', 'our', 'global', 'war@@', 'en@@', 'ess', '.', '</s>']
2026-05-28 09:28:08,002 - INFO - joeynmt.training - 	Source:     De ijskap op de Noordpool is in zekere zin het kloppend hart van ons globaal klimaatsysteem .
2026-05-28 09:28:08,002 - INFO - joeynmt.training - 	Reference:  The arctic ice cap is , in a sense , the beating heart of the global climate system .
2026-05-28 09:28:08,002 - INFO - joeynmt.training - 	Hypothesis: The ice skap on the North Pole is in a sense , the cloping heart of our global wareness .
2026-05-28 09:28:08,002 - INFO - joeynmt.training - Example #3
2026-05-28 09:28:08,002 - DEBUG - joeynmt.training - 	Tokenized source:     ['Het', 'zet', 'uit', 'in', 'de', 'win@@', 'ter', 'en', 'k@@', 'ri@@', 'mp@@', 't', 'in', 'de', 'z@@', 'om@@', 'er', '.']
2026-05-28 09:28:08,002 - DEBUG - joeynmt.training - 	Tokenized reference:  ['It', 'exp@@', 'ands', 'in', 'win@@', 'ter', 'and', 'con@@', 'trac@@', 'ts', 'in', 'su@@', 'mmer', '.']
2026-05-28 09:28:08,002 - DEBUG - joeynmt.training - 	Tokenized hypothesis: ['It', '&apos;s', 'put', 'out', 'in', 'the', 'win@@', 'ter', 'and', 'k@@', 'ri@@', 'mp@@', 's', 'in', 'the', 'su@@', 'mmer', '.', '</s>']
2026-05-28 09:28:08,002 - INFO - joeynmt.training - 	Source:     Het zet uit in de winter en krimpt in de zomer .
2026-05-28 09:28:08,003 - INFO - joeynmt.training - 	Reference:  It expands in winter and contracts in summer .
2026-05-28 09:28:08,003 - INFO - joeynmt.training - 	Hypothesis: It &apos;s put out in the winter and krimps in the summer .
2026-05-28 09:28:08,003 - INFO - joeynmt.training - Example #4
2026-05-28 09:28:08,003 - DEBUG - joeynmt.training - 	Tokenized source:     ['De', 'volgende', 'dia', 'die', 'ik', 'laat', 'zien', 'is', 'een', 'vers@@', 'n@@', 'elde', 'ver@@', 'sie', 'van', 'wat', 'er', 'de', 'afgelopen', '25', 'jaar', 'is', 'gebeurd', '.']
2026-05-28 09:28:08,003 - DEBUG - joeynmt.training - 	Tokenized reference:  ['The', 'next', 'sli@@', 'de', 'I', 'show', 'you', 'will', 'be', 'a', 'r@@', 'ap@@', 'id', 'fa@@', 'st-@@', 'forward', 'of', 'what', '&apos;s', 'happened', 'over', 'the', 'last', '25', 'years', '.']
2026-05-28 09:28:08,003 - DEBUG - joeynmt.training - 	Tokenized hypothesis: ['The', 'next', 'sli@@', 'de', 'I', '&apos;m', 'going', 'to', 'show', 'is', 'a', 'vers@@', 'us', 'what', '&apos;s', 'happened', 'the', 'last', '25', 'years', '.', '</s>']
2026-05-28 09:28:08,003 - INFO - joeynmt.training - 	Source:     De volgende dia die ik laat zien is een versnelde versie van wat er de afgelopen 25 jaar is gebeurd .
2026-05-28 09:28:08,003 - INFO - joeynmt.training - 	Reference:  The next slide I show you will be a rapid fast-forward of what &apos;s happened over the last 25 years .
2026-05-28 09:28:08,003 - INFO - joeynmt.training - 	Hypothesis: The next slide I &apos;m going to show is a versus what &apos;s happened the last 25 years .
2026-05-28 09:28:23,150 - INFO - joeynmt.training - Epoch   5, Step:    16100, Batch Loss:     1.495722, Batch Acc: 0.597702, Tokens per Sec:     4855, Lr: 0.000300
2026-05-28 09:28:38,564 - INFO - joeynmt.training - Epoch   5, Step:    16200, Batch Loss:     1.527375, Batch Acc: 0.596089, Tokens per Sec:     4767, Lr: 0.000300
2026-05-28 09:28:53,397 - INFO - joeynmt.training - Epoch   5, Step:    16300, Batch Loss:     1.436695, Batch Acc: 0.593943, Tokens per Sec:     4982, Lr: 0.000300
2026-05-28 09:29:08,930 - INFO - joeynmt.training - Epoch   5, Step:    16400, Batch Loss:     1.469859, Batch Acc: 0.591105, Tokens per Sec:     4743, Lr: 0.000300
2026-05-28 09:29:23,343 - INFO - joeynmt.training - Epoch   5, Step:    16500, Batch Loss:     1.515367, Batch Acc: 0.593461, Tokens per Sec:     5239, Lr: 0.000300
2026-05-28 09:29:23,344 - WARNING - joeynmt.helpers - `alpha` option is obsolete. Please use `beam_alpha`, instead.
2026-05-28 09:29:23,344 - INFO - joeynmt.prediction - Predicting 1003 example(s)... (Greedy decoding with min_output_length=1, max_output_length=-1, return_prob='none', generate_unk=True, repetition_penalty=-1, no_repeat_ngram_size=-1)
2026-05-28 09:29:59,230 - INFO - joeynmt.prediction - Evaluation result (greedy) loss:   1.88, ppl:   6.53, acc:   0.50, generation: 35.8761[sec], evaluation: 0.0000[sec]
2026-05-28 09:29:59,364 - INFO - joeynmt.helpers - delete models/tf_bpe_4000_nl_en/15000.ckpt
2026-05-28 09:29:59,369 - INFO - joeynmt.training - Example #0
2026-05-28 09:29:59,369 - DEBUG - joeynmt.training - 	Tokenized source:     ['V@@', 'or@@', 'ig', 'jaar', 'liet', 'ik', 'deze', 'twee', 'dia', '&apos;', 's', 'zien', 'om', 'aan', 'te', 'tonen', 'dat', 'de', 'p@@', 'oo@@', 'lij@@', 'sk@@', 'a@@', 'p', ',', 'die', 'de', 'afgelopen', 'drie', 'miljoen', 'jaar', 'ongeveer', 'de', 'groot@@', 'te', 'had', 'van', 'het', 'va@@', 'stel@@', 'and', 'van', 'de', 'VS', ',', 'met', '40', '%', 'ge@@', 'k@@', 'rom@@', 'pen', 'was', '.']
2026-05-28 09:29:59,369 - DEBUG - joeynmt.training - 	Tokenized reference:  ['La@@', 'st', 'year', 'I', 'sho@@', 'wed', 'these', 'two', 'sli@@', 'des', 'so', 'that', 'de@@', 'mon@@', 'str@@', 'ate', 'that', 'the', 'ar@@', 'c@@', 'tic', 'ice', 'ca@@', 'p', ',', 'which', 'for', 'most', 'of', 'the', 'last', 'three', 'million', 'years', 'has', 'been', 'the', 'size', 'of', 'the', 'lo@@', 'wer', '4@@', '8', 'st@@', 'ates', ',', 'has', 'sh@@', 'run@@', 'k', 'by', '40', 'percent', '.']
2026-05-28 09:29:59,369 - DEBUG - joeynmt.training - 	Tokenized hypothesis: ['And', 'so', ',', 'I', 'sho@@', 'wed', 'these', 'two', 'sli@@', 'des', 'to', 'show', 'that', 'the', 'p@@', 'oo@@', 'li@@', 'pr@@', 'acti@@', 'ce', ',', 'which', 'had', 'about', 'the', 'p@@', 'oo@@', 'li@@', 'pr@@', 'os@@', 'cen@@', 'se', 'of', 'the', 'va@@', 'il@@', 'ation', ',', 'which', 'was', 'about', '40', 'percent', 'of', 'the', 'va@@', 'il@@', 'ation', ',', '40', 'percent', 'of', 'the', 'U@@', 'S', ',', 'with', '40', 'percent', '.', '</s>']
2026-05-28 09:29:59,369 - INFO - joeynmt.training - 	Source:     Vorig jaar liet ik deze twee dia &apos; s zien om aan te tonen dat de poolijskap , die de afgelopen drie miljoen jaar ongeveer de grootte had van het vasteland van de VS , met 40 % gekrompen was .
2026-05-28 09:29:59,369 - INFO - joeynmt.training - 	Reference:  Last year I showed these two slides so that demonstrate that the arctic ice cap , which for most of the last three million years has been the size of the lower 48 states , has shrunk by 40 percent .
2026-05-28 09:29:59,369 - INFO - joeynmt.training - 	Hypothesis: And so , I showed these two slides to show that the poolipractice , which had about the pooliproscense of the vailation , which was about 40 percent of the vailation , 40 percent of the US , with 40 percent .
2026-05-28 09:29:59,369 - INFO - joeynmt.training - Example #1
2026-05-28 09:29:59,370 - DEBUG - joeynmt.training - 	Tokenized source:     ['Maar', 'dit', 'onder@@', 'sch@@', 'at', 'eigenlijk', 'de', 'er@@', 'n@@', 'st', 'van', 'dit', 'specif@@', 'ieke', 'probleem', 'omdat', 'het', 'niet', 'de', 'di@@', 'kte', 'van', 'het', 'ij@@', 's', 'laat', 'zien', '.']
2026-05-28 09:29:59,370 - DEBUG - joeynmt.training - 	Tokenized reference:  ['But', 'this', 'under@@', 'st@@', 'ates', 'the', 'ser@@', 'i@@', 'ous@@', 'ness', 'of', 'this', 'particular', 'problem', 'because', 'it', 'doesn', '&apos;t', 'show', 'the', 'th@@', 'ick@@', 'ness', 'of', 'the', 'ice', '.']
2026-05-28 09:29:59,370 - DEBUG - joeynmt.training - 	Tokenized hypothesis: ['But', 'this', 'is', 'actually', 'the', 'most', 'of', 'this', 'particular', 'problem', 'because', 'it', 'doesn', '&apos;t', 'show', 'the', 'di@@', 'sa@@', 'ved', 'of', 'the', 'ice', '.', '</s>']
2026-05-28 09:29:59,370 - INFO - joeynmt.training - 	Source:     Maar dit onderschat eigenlijk de ernst van dit specifieke probleem omdat het niet de dikte van het ijs laat zien .
2026-05-28 09:29:59,370 - INFO - joeynmt.training - 	Reference:  But this understates the seriousness of this particular problem because it doesn &apos;t show the thickness of the ice .
2026-05-28 09:29:59,370 - INFO - joeynmt.training - 	Hypothesis: But this is actually the most of this particular problem because it doesn &apos;t show the disaved of the ice .
2026-05-28 09:29:59,370 - INFO - joeynmt.training - Example #2
2026-05-28 09:29:59,370 - DEBUG - joeynmt.training - 	Tokenized source:     ['De', 'ij@@', 'sk@@', 'a@@', 'p', 'op', 'de', 'N@@', 'oor@@', 'd@@', 'p@@', 'ool', 'is', 'in', 'ze@@', 'kere', 'zin', 'het', 'kl@@', 'op@@', 'p@@', 'end', 'har@@', 't', 'van', 'ons', 'glob@@', 'aal', 'kli@@', 'maat@@', 'systeem', '.']
2026-05-28 09:29:59,370 - DEBUG - joeynmt.training - 	Tokenized reference:  ['The', 'ar@@', 'c@@', 'tic', 'ice', 'ca@@', 'p', 'is', ',', 'in', 'a', 'sense', ',', 'the', 'be@@', 'ating', 'heart', 'of', 'the', 'global', 'climate', 'system', '.']
2026-05-28 09:29:59,370 - DEBUG - joeynmt.training - 	Tokenized hypothesis: ['The', 'ice', 'sk@@', 'a@@', 'p', 'on', 'the', 'Nor@@', 'th', 'P@@', 'ole', 'is', 'a', 'certain', 'sense', ',', 'the', 'cu@@', 'st@@', 'om@@', 'er', 'is', 'the', 'cli@@', 'mat@@', 'ing', 'of', 'our', 'global', 'climate', 'system', '.', '</s>']
2026-05-28 09:29:59,370 - INFO - joeynmt.training - 	Source:     De ijskap op de Noordpool is in zekere zin het kloppend hart van ons globaal klimaatsysteem .
2026-05-28 09:29:59,370 - INFO - joeynmt.training - 	Reference:  The arctic ice cap is , in a sense , the beating heart of the global climate system .
2026-05-28 09:29:59,370 - INFO - joeynmt.training - 	Hypothesis: The ice skap on the North Pole is a certain sense , the customer is the climating of our global climate system .
2026-05-28 09:29:59,370 - INFO - joeynmt.training - Example #3
2026-05-28 09:29:59,370 - DEBUG - joeynmt.training - 	Tokenized source:     ['Het', 'zet', 'uit', 'in', 'de', 'win@@', 'ter', 'en', 'k@@', 'ri@@', 'mp@@', 't', 'in', 'de', 'z@@', 'om@@', 'er', '.']
2026-05-28 09:29:59,370 - DEBUG - joeynmt.training - 	Tokenized reference:  ['It', 'exp@@', 'ands', 'in', 'win@@', 'ter', 'and', 'con@@', 'trac@@', 'ts', 'in', 'su@@', 'mmer', '.']
2026-05-28 09:29:59,370 - DEBUG - joeynmt.training - 	Tokenized hypothesis: ['It', '&apos;s', 'in', 'the', 'win@@', 'ter', 'and', 'cli@@', 'mp@@', 's', 'in', 'the', 'su@@', 'mmer', '.', '</s>']
2026-05-28 09:29:59,371 - INFO - joeynmt.training - 	Source:     Het zet uit in de winter en krimpt in de zomer .
2026-05-28 09:29:59,371 - INFO - joeynmt.training - 	Reference:  It expands in winter and contracts in summer .
2026-05-28 09:29:59,371 - INFO - joeynmt.training - 	Hypothesis: It &apos;s in the winter and climps in the summer .
2026-05-28 09:29:59,371 - INFO - joeynmt.training - Example #4
2026-05-28 09:29:59,371 - DEBUG - joeynmt.training - 	Tokenized source:     ['De', 'volgende', 'dia', 'die', 'ik', 'laat', 'zien', 'is', 'een', 'vers@@', 'n@@', 'elde', 'ver@@', 'sie', 'van', 'wat', 'er', 'de', 'afgelopen', '25', 'jaar', 'is', 'gebeurd', '.']
2026-05-28 09:29:59,371 - DEBUG - joeynmt.training - 	Tokenized reference:  ['The', 'next', 'sli@@', 'de', 'I', 'show', 'you', 'will', 'be', 'a', 'r@@', 'ap@@', 'id', 'fa@@', 'st-@@', 'forward', 'of', 'what', '&apos;s', 'happened', 'over', 'the', 'last', '25', 'years', '.']
2026-05-28 09:29:59,371 - DEBUG - joeynmt.training - 	Tokenized hypothesis: ['The', 'next', 'sli@@', 'de', 'I', '&apos;m', 'sho@@', 'wing', 'is', 'a', 'ac@@', 'cel@@', 'er@@', 'ation', 'of', 'what', '&apos;s', 'happened', 'the', 'last', '25', 'years', '.', '</s>']
2026-05-28 09:29:59,371 - INFO - joeynmt.training - 	Source:     De volgende dia die ik laat zien is een versnelde versie van wat er de afgelopen 25 jaar is gebeurd .
2026-05-28 09:29:59,371 - INFO - joeynmt.training - 	Reference:  The next slide I show you will be a rapid fast-forward of what &apos;s happened over the last 25 years .
2026-05-28 09:29:59,371 - INFO - joeynmt.training - 	Hypothesis: The next slide I &apos;m showing is a acceleration of what &apos;s happened the last 25 years .
2026-05-28 09:30:15,456 - INFO - joeynmt.training - Epoch   5, Step:    16600, Batch Loss:     1.515955, Batch Acc: 0.586384, Tokens per Sec:     4663, Lr: 0.000300
2026-05-28 09:30:30,070 - INFO - joeynmt.training - Epoch   5, Step:    16700, Batch Loss:     1.438465, Batch Acc: 0.593845, Tokens per Sec:     5154, Lr: 0.000300
2026-05-28 09:30:45,444 - INFO - joeynmt.training - Epoch   5, Step:    16800, Batch Loss:     1.570039, Batch Acc: 0.591375, Tokens per Sec:     4843, Lr: 0.000300
2026-05-28 09:31:00,427 - INFO - joeynmt.training - Epoch   5, Step:    16900, Batch Loss:     1.576612, Batch Acc: 0.598744, Tokens per Sec:     4890, Lr: 0.000300
2026-05-28 09:31:15,118 - INFO - joeynmt.training - Epoch   5, Step:    17000, Batch Loss:     1.517161, Batch Acc: 0.585912, Tokens per Sec:     5028, Lr: 0.000300
2026-05-28 09:31:15,119 - WARNING - joeynmt.helpers - `alpha` option is obsolete. Please use `beam_alpha`, instead.
2026-05-28 09:31:15,119 - INFO - joeynmt.prediction - Predicting 1003 example(s)... (Greedy decoding with min_output_length=1, max_output_length=-1, return_prob='none', generate_unk=True, repetition_penalty=-1, no_repeat_ngram_size=-1)
2026-05-28 09:31:41,522 - INFO - joeynmt.prediction - Evaluation result (greedy) loss:   1.87, ppl:   6.49, acc:   0.50, generation: 26.3945[sec], evaluation: 0.0000[sec]
2026-05-28 09:31:41,524 - INFO - joeynmt.training - Hooray! New best validation result [ppl]!
2026-05-28 09:31:41,656 - INFO - joeynmt.helpers - delete models/tf_bpe_4000_nl_en/14500.ckpt
2026-05-28 09:31:41,657 - INFO - joeynmt.training - Example #0
2026-05-28 09:31:41,658 - DEBUG - joeynmt.training - 	Tokenized source:     ['V@@', 'or@@', 'ig', 'jaar', 'liet', 'ik', 'deze', 'twee', 'dia', '&apos;', 's', 'zien', 'om', 'aan', 'te', 'tonen', 'dat', 'de', 'p@@', 'oo@@', 'lij@@', 'sk@@', 'a@@', 'p', ',', 'die', 'de', 'afgelopen', 'drie', 'miljoen', 'jaar', 'ongeveer', 'de', 'groot@@', 'te', 'had', 'van', 'het', 'va@@', 'stel@@', 'and', 'van', 'de', 'VS', ',', 'met', '40', '%', 'ge@@', 'k@@', 'rom@@', 'pen', 'was', '.']
2026-05-28 09:31:41,658 - DEBUG - joeynmt.training - 	Tokenized reference:  ['La@@', 'st', 'year', 'I', 'sho@@', 'wed', 'these', 'two', 'sli@@', 'des', 'so', 'that', 'de@@', 'mon@@', 'str@@', 'ate', 'that', 'the', 'ar@@', 'c@@', 'tic', 'ice', 'ca@@', 'p', ',', 'which', 'for', 'most', 'of', 'the', 'last', 'three', 'million', 'years', 'has', 'been', 'the', 'size', 'of', 'the', 'lo@@', 'wer', '4@@', '8', 'st@@', 'ates', ',', 'has', 'sh@@', 'run@@', 'k', 'by', '40', 'percent', '.']
2026-05-28 09:31:41,658 - DEBUG - joeynmt.training - 	Tokenized hypothesis: ['And', 'so', 'I', 'sho@@', 'wed', 'these', 'two', 'sli@@', 'des', 'to', 'show', 'that', 'the', 'p@@', 'oo@@', 'li@@', 'sk@@', 'p', ',', 'which', 'was', 'the', 'p@@', 'oo@@', 'li@@', 'sk@@', 'top', ',', 'which', 'was', 'the', 'last', 'three', 'million', 'years', 'of', 'the', 'va@@', 'il@@', 'able', 'of', 'the', 'United', 'States', ',', 'with', '40', 'percent', 'ge@@', 'k@@', 'id@@', 'ding', '.', '</s>']
2026-05-28 09:31:41,658 - INFO - joeynmt.training - 	Source:     Vorig jaar liet ik deze twee dia &apos; s zien om aan te tonen dat de poolijskap , die de afgelopen drie miljoen jaar ongeveer de grootte had van het vasteland van de VS , met 40 % gekrompen was .
2026-05-28 09:31:41,658 - INFO - joeynmt.training - 	Reference:  Last year I showed these two slides so that demonstrate that the arctic ice cap , which for most of the last three million years has been the size of the lower 48 states , has shrunk by 40 percent .
2026-05-28 09:31:41,658 - INFO - joeynmt.training - 	Hypothesis: And so I showed these two slides to show that the pooliskp , which was the poolisktop , which was the last three million years of the vailable of the United States , with 40 percent gekidding .
2026-05-28 09:31:41,658 - INFO - joeynmt.training - Example #1
2026-05-28 09:31:41,658 - DEBUG - joeynmt.training - 	Tokenized source:     ['Maar', 'dit', 'onder@@', 'sch@@', 'at', 'eigenlijk', 'de', 'er@@', 'n@@', 'st', 'van', 'dit', 'specif@@', 'ieke', 'probleem', 'omdat', 'het', 'niet', 'de', 'di@@', 'kte', 'van', 'het', 'ij@@', 's', 'laat', 'zien', '.']
2026-05-28 09:31:41,658 - DEBUG - joeynmt.training - 	Tokenized reference:  ['But', 'this', 'under@@', 'st@@', 'ates', 'the', 'ser@@', 'i@@', 'ous@@', 'ness', 'of', 'this', 'particular', 'problem', 'because', 'it', 'doesn', '&apos;t', 'show', 'the', 'th@@', 'ick@@', 'ness', 'of', 'the', 'ice', '.']
2026-05-28 09:31:41,658 - DEBUG - joeynmt.training - 	Tokenized hypothesis: ['But', 'this', 'under@@', 'est@@', 'im@@', 'ated', 'the', 'first', 'of', 'this', 'particular', 'problem', 'because', 'it', 'doesn', '&apos;t', 'leave', 'the', 'di@@', 'ted', 'of', 'the', 'ice', '.', '</s>']
2026-05-28 09:31:41,658 - INFO - joeynmt.training - 	Source:     Maar dit onderschat eigenlijk de ernst van dit specifieke probleem omdat het niet de dikte van het ijs laat zien .
2026-05-28 09:31:41,658 - INFO - joeynmt.training - 	Reference:  But this understates the seriousness of this particular problem because it doesn &apos;t show the thickness of the ice .
2026-05-28 09:31:41,658 - INFO - joeynmt.training - 	Hypothesis: But this underestimated the first of this particular problem because it doesn &apos;t leave the dited of the ice .
2026-05-28 09:31:41,658 - INFO - joeynmt.training - Example #2
2026-05-28 09:31:41,658 - DEBUG - joeynmt.training - 	Tokenized source:     ['De', 'ij@@', 'sk@@', 'a@@', 'p', 'op', 'de', 'N@@', 'oor@@', 'd@@', 'p@@', 'ool', 'is', 'in', 'ze@@', 'kere', 'zin', 'het', 'kl@@', 'op@@', 'p@@', 'end', 'har@@', 't', 'van', 'ons', 'glob@@', 'aal', 'kli@@', 'maat@@', 'systeem', '.']
2026-05-28 09:31:41,658 - DEBUG - joeynmt.training - 	Tokenized reference:  ['The', 'ar@@', 'c@@', 'tic', 'ice', 'ca@@', 'p', 'is', ',', 'in', 'a', 'sense', ',', 'the', 'be@@', 'ating', 'heart', 'of', 'the', 'global', 'climate', 'system', '.']
2026-05-28 09:31:41,659 - DEBUG - joeynmt.training - 	Tokenized hypothesis: ['The', 'ice', 'sk@@', 'a@@', 'p', 'on', 'the', 'Nor@@', 'th', 'P@@', 'ole', 'is', 'in', 'a', 'certain', 'sense', ',', 'the', 'cu@@', 'st@@', 'om@@', 'er', 'of', 'our', 'global', 'climate', 'system', '.', '</s>']
2026-05-28 09:31:41,659 - INFO - joeynmt.training - 	Source:     De ijskap op de Noordpool is in zekere zin het kloppend hart van ons globaal klimaatsysteem .
2026-05-28 09:31:41,659 - INFO - joeynmt.training - 	Reference:  The arctic ice cap is , in a sense , the beating heart of the global climate system .
2026-05-28 09:31:41,659 - INFO - joeynmt.training - 	Hypothesis: The ice skap on the North Pole is in a certain sense , the customer of our global climate system .
2026-05-28 09:31:41,659 - INFO - joeynmt.training - Example #3
2026-05-28 09:31:41,659 - DEBUG - joeynmt.training - 	Tokenized source:     ['Het', 'zet', 'uit', 'in', 'de', 'win@@', 'ter', 'en', 'k@@', 'ri@@', 'mp@@', 't', 'in', 'de', 'z@@', 'om@@', 'er', '.']
2026-05-28 09:31:41,659 - DEBUG - joeynmt.training - 	Tokenized reference:  ['It', 'exp@@', 'ands', 'in', 'win@@', 'ter', 'and', 'con@@', 'trac@@', 'ts', 'in', 'su@@', 'mmer', '.']
2026-05-28 09:31:41,659 - DEBUG - joeynmt.training - 	Tokenized hypothesis: ['It', '&apos;s', 'pu@@', 'tting', 'out', 'in', 'the', 'win@@', 'ter', 'and', 'cr@@', 'ack', 'in', 'the', 'su@@', 'mmer', '.', '</s>']
2026-05-28 09:31:41,659 - INFO - joeynmt.training - 	Source:     Het zet uit in de winter en krimpt in de zomer .
2026-05-28 09:31:41,659 - INFO - joeynmt.training - 	Reference:  It expands in winter and contracts in summer .
2026-05-28 09:31:41,659 - INFO - joeynmt.training - 	Hypothesis: It &apos;s putting out in the winter and crack in the summer .
2026-05-28 09:31:41,659 - INFO - joeynmt.training - Example #4
2026-05-28 09:31:41,659 - DEBUG - joeynmt.training - 	Tokenized source:     ['De', 'volgende', 'dia', 'die', 'ik', 'laat', 'zien', 'is', 'een', 'vers@@', 'n@@', 'elde', 'ver@@', 'sie', 'van', 'wat', 'er', 'de', 'afgelopen', '25', 'jaar', 'is', 'gebeurd', '.']
2026-05-28 09:31:41,659 - DEBUG - joeynmt.training - 	Tokenized reference:  ['The', 'next', 'sli@@', 'de', 'I', 'show', 'you', 'will', 'be', 'a', 'r@@', 'ap@@', 'id', 'fa@@', 'st-@@', 'forward', 'of', 'what', '&apos;s', 'happened', 'over', 'the', 'last', '25', 'years', '.']
2026-05-28 09:31:41,659 - DEBUG - joeynmt.training - 	Tokenized hypothesis: ['The', 'next', 'sli@@', 'de', 'I', '&apos;m', 'going', 'to', 'show', 'is', 'a', 'vers@@', 'us', 'what', '&apos;s', 'happened', 'the', 'last', '25', 'years', '.', '</s>']
2026-05-28 09:31:41,660 - INFO - joeynmt.training - 	Source:     De volgende dia die ik laat zien is een versnelde versie van wat er de afgelopen 25 jaar is gebeurd .
2026-05-28 09:31:41,660 - INFO - joeynmt.training - 	Reference:  The next slide I show you will be a rapid fast-forward of what &apos;s happened over the last 25 years .
2026-05-28 09:31:41,660 - INFO - joeynmt.training - 	Hypothesis: The next slide I &apos;m going to show is a versus what &apos;s happened the last 25 years .
2026-05-28 09:31:56,978 - INFO - joeynmt.training - Epoch   5, Step:    17100, Batch Loss:     1.586413, Batch Acc: 0.591619, Tokens per Sec:     4728, Lr: 0.000300
2026-05-28 09:32:12,693 - INFO - joeynmt.training - Epoch   5, Step:    17200, Batch Loss:     1.429482, Batch Acc: 0.596460, Tokens per Sec:     4750, Lr: 0.000300
2026-05-28 09:32:28,249 - INFO - joeynmt.training - Epoch   5, Step:    17300, Batch Loss:     1.630454, Batch Acc: 0.592944, Tokens per Sec:     4821, Lr: 0.000300
2026-05-28 09:32:44,244 - INFO - joeynmt.training - Epoch   5, Step:    17400, Batch Loss:     1.477108, Batch Acc: 0.597481, Tokens per Sec:     4591, Lr: 0.000300
2026-05-28 09:32:58,015 - INFO - joeynmt.training - Epoch   5: total training loss 5151.84
2026-05-28 09:32:58,015 - INFO - joeynmt.training - EPOCH 6
2026-05-28 09:32:58,815 - INFO - joeynmt.training - Epoch   6, Step:    17500, Batch Loss:     1.349336, Batch Acc: 0.620068, Tokens per Sec:     4786, Lr: 0.000300
2026-05-28 09:32:58,816 - WARNING - joeynmt.helpers - `alpha` option is obsolete. Please use `beam_alpha`, instead.
2026-05-28 09:32:58,816 - INFO - joeynmt.prediction - Predicting 1003 example(s)... (Greedy decoding with min_output_length=1, max_output_length=-1, return_prob='none', generate_unk=True, repetition_penalty=-1, no_repeat_ngram_size=-1)
2026-05-28 09:33:26,306 - INFO - joeynmt.prediction - Evaluation result (greedy) loss:   1.86, ppl:   6.41, acc:   0.50, generation: 27.4810[sec], evaluation: 0.0000[sec]
2026-05-28 09:33:26,308 - INFO - joeynmt.training - Hooray! New best validation result [ppl]!
2026-05-28 09:33:26,433 - INFO - joeynmt.helpers - delete models/tf_bpe_4000_nl_en/14000.ckpt
2026-05-28 09:33:26,435 - INFO - joeynmt.training - Example #0
2026-05-28 09:33:26,435 - DEBUG - joeynmt.training - 	Tokenized source:     ['V@@', 'or@@', 'ig', 'jaar', 'liet', 'ik', 'deze', 'twee', 'dia', '&apos;', 's', 'zien', 'om', 'aan', 'te', 'tonen', 'dat', 'de', 'p@@', 'oo@@', 'lij@@', 'sk@@', 'a@@', 'p', ',', 'die', 'de', 'afgelopen', 'drie', 'miljoen', 'jaar', 'ongeveer', 'de', 'groot@@', 'te', 'had', 'van', 'het', 'va@@', 'stel@@', 'and', 'van', 'de', 'VS', ',', 'met', '40', '%', 'ge@@', 'k@@', 'rom@@', 'pen', 'was', '.']
2026-05-28 09:33:26,435 - DEBUG - joeynmt.training - 	Tokenized reference:  ['La@@', 'st', 'year', 'I', 'sho@@', 'wed', 'these', 'two', 'sli@@', 'des', 'so', 'that', 'de@@', 'mon@@', 'str@@', 'ate', 'that', 'the', 'ar@@', 'c@@', 'tic', 'ice', 'ca@@', 'p', ',', 'which', 'for', 'most', 'of', 'the', 'last', 'three', 'million', 'years', 'has', 'been', 'the', 'size', 'of', 'the', 'lo@@', 'wer', '4@@', '8', 'st@@', 'ates', ',', 'has', 'sh@@', 'run@@', 'k', 'by', '40', 'percent', '.']
2026-05-28 09:33:26,435 - DEBUG - joeynmt.training - 	Tokenized hypothesis: ['And', 'last', 'year', 'I', 'sho@@', 'wed', 'these', 'two', 'sli@@', 'des', 'to', 'show', 'that', 'the', 'p@@', 'oo@@', 'li@@', 'sk@@', 'in', ',', 'which', 'was', 'about', 'the', 'last', 'three', 'million', 'years', 'of', 'the', 'va@@', 'sive', ',', 'who', 'had', 'been', 'about', 'the', 'size', 'of', 'the', 'U@@', 'S', ',', 'with', '40', 'percent', 'ge@@', 'rom@@', 'rom@@', 'e@@', 'ment', '.', '</s>']
2026-05-28 09:33:26,435 - INFO - joeynmt.training - 	Source:     Vorig jaar liet ik deze twee dia &apos; s zien om aan te tonen dat de poolijskap , die de afgelopen drie miljoen jaar ongeveer de grootte had van het vasteland van de VS , met 40 % gekrompen was .
2026-05-28 09:33:26,435 - INFO - joeynmt.training - 	Reference:  Last year I showed these two slides so that demonstrate that the arctic ice cap , which for most of the last three million years has been the size of the lower 48 states , has shrunk by 40 percent .
2026-05-28 09:33:26,435 - INFO - joeynmt.training - 	Hypothesis: And last year I showed these two slides to show that the pooliskin , which was about the last three million years of the vasive , who had been about the size of the US , with 40 percent geromromement .
2026-05-28 09:33:26,435 - INFO - joeynmt.training - Example #1
2026-05-28 09:33:26,435 - DEBUG - joeynmt.training - 	Tokenized source:     ['Maar', 'dit', 'onder@@', 'sch@@', 'at', 'eigenlijk', 'de', 'er@@', 'n@@', 'st', 'van', 'dit', 'specif@@', 'ieke', 'probleem', 'omdat', 'het', 'niet', 'de', 'di@@', 'kte', 'van', 'het', 'ij@@', 's', 'laat', 'zien', '.']
2026-05-28 09:33:26,435 - DEBUG - joeynmt.training - 	Tokenized reference:  ['But', 'this', 'under@@', 'st@@', 'ates', 'the', 'ser@@', 'i@@', 'ous@@', 'ness', 'of', 'this', 'particular', 'problem', 'because', 'it', 'doesn', '&apos;t', 'show', 'the', 'th@@', 'ick@@', 'ness', 'of', 'the', 'ice', '.']
2026-05-28 09:33:26,435 - DEBUG - joeynmt.training - 	Tokenized hypothesis: ['But', 'this', 'under@@', 'est@@', 'im@@', 'ated', 'the', 'first', 'of', 'this', 'particular', 'problem', 'because', 'it', 'doesn', '&apos;t', 'show', 'the', 'di@@', 'ted', 'of', 'the', 'ice', '.', '</s>']
2026-05-28 09:33:26,436 - INFO - joeynmt.training - 	Source:     Maar dit onderschat eigenlijk de ernst van dit specifieke probleem omdat het niet de dikte van het ijs laat zien .
2026-05-28 09:33:26,436 - INFO - joeynmt.training - 	Reference:  But this understates the seriousness of this particular problem because it doesn &apos;t show the thickness of the ice .
2026-05-28 09:33:26,436 - INFO - joeynmt.training - 	Hypothesis: But this underestimated the first of this particular problem because it doesn &apos;t show the dited of the ice .
2026-05-28 09:33:26,436 - INFO - joeynmt.training - Example #2
2026-05-28 09:33:26,436 - DEBUG - joeynmt.training - 	Tokenized source:     ['De', 'ij@@', 'sk@@', 'a@@', 'p', 'op', 'de', 'N@@', 'oor@@', 'd@@', 'p@@', 'ool', 'is', 'in', 'ze@@', 'kere', 'zin', 'het', 'kl@@', 'op@@', 'p@@', 'end', 'har@@', 't', 'van', 'ons', 'glob@@', 'aal', 'kli@@', 'maat@@', 'systeem', '.']
2026-05-28 09:33:26,436 - DEBUG - joeynmt.training - 	Tokenized reference:  ['The', 'ar@@', 'c@@', 'tic', 'ice', 'ca@@', 'p', 'is', ',', 'in', 'a', 'sense', ',', 'the', 'be@@', 'ating', 'heart', 'of', 'the', 'global', 'climate', 'system', '.']
2026-05-28 09:33:26,436 - DEBUG - joeynmt.training - 	Tokenized hypothesis: ['The', 'ice', 'sk@@', 'a@@', 'p', 'on', 'the', 'Nor@@', 'th', 'P@@', 'ole', 'is', 'in', 'a', 'certain', 'sense', ',', 'the', 'cu@@', 'te', 'of', 'our', 'global', 'climate', 'system', '.', '</s>']
2026-05-28 09:33:26,436 - INFO - joeynmt.training - 	Source:     De ijskap op de Noordpool is in zekere zin het kloppend hart van ons globaal klimaatsysteem .
2026-05-28 09:33:26,436 - INFO - joeynmt.training - 	Reference:  The arctic ice cap is , in a sense , the beating heart of the global climate system .
2026-05-28 09:33:26,436 - INFO - joeynmt.training - 	Hypothesis: The ice skap on the North Pole is in a certain sense , the cute of our global climate system .
2026-05-28 09:33:26,436 - INFO - joeynmt.training - Example #3
2026-05-28 09:33:26,436 - DEBUG - joeynmt.training - 	Tokenized source:     ['Het', 'zet', 'uit', 'in', 'de', 'win@@', 'ter', 'en', 'k@@', 'ri@@', 'mp@@', 't', 'in', 'de', 'z@@', 'om@@', 'er', '.']
2026-05-28 09:33:26,436 - DEBUG - joeynmt.training - 	Tokenized reference:  ['It', 'exp@@', 'ands', 'in', 'win@@', 'ter', 'and', 'con@@', 'trac@@', 'ts', 'in', 'su@@', 'mmer', '.']
2026-05-28 09:33:26,436 - DEBUG - joeynmt.training - 	Tokenized hypothesis: ['It', '&apos;s', 'in', 'the', 'win@@', 'ter', 'and', 'k@@', 'mp@@', 's', 'in', 'the', 'su@@', 'mmer', '.', '</s>']
2026-05-28 09:33:26,436 - INFO - joeynmt.training - 	Source:     Het zet uit in de winter en krimpt in de zomer .
2026-05-28 09:33:26,436 - INFO - joeynmt.training - 	Reference:  It expands in winter and contracts in summer .
2026-05-28 09:33:26,436 - INFO - joeynmt.training - 	Hypothesis: It &apos;s in the winter and kmps in the summer .
2026-05-28 09:33:26,436 - INFO - joeynmt.training - Example #4
2026-05-28 09:33:26,437 - DEBUG - joeynmt.training - 	Tokenized source:     ['De', 'volgende', 'dia', 'die', 'ik', 'laat', 'zien', 'is', 'een', 'vers@@', 'n@@', 'elde', 'ver@@', 'sie', 'van', 'wat', 'er', 'de', 'afgelopen', '25', 'jaar', 'is', 'gebeurd', '.']
2026-05-28 09:33:26,437 - DEBUG - joeynmt.training - 	Tokenized reference:  ['The', 'next', 'sli@@', 'de', 'I', 'show', 'you', 'will', 'be', 'a', 'r@@', 'ap@@', 'id', 'fa@@', 'st-@@', 'forward', 'of', 'what', '&apos;s', 'happened', 'over', 'the', 'last', '25', 'years', '.']
2026-05-28 09:33:26,437 - DEBUG - joeynmt.training - 	Tokenized hypothesis: ['The', 'next', 'sli@@', 'de', 'I', 'show', 'you', 'is', 'a', 're@@', 'vers@@', 'ed', 'ver@@', 'sion', 'of', 'what', 'happened', 'the', 'last', '25', 'years', '.', '</s>']
2026-05-28 09:33:26,437 - INFO - joeynmt.training - 	Source:     De volgende dia die ik laat zien is een versnelde versie van wat er de afgelopen 25 jaar is gebeurd .
2026-05-28 09:33:26,437 - INFO - joeynmt.training - 	Reference:  The next slide I show you will be a rapid fast-forward of what &apos;s happened over the last 25 years .
2026-05-28 09:33:26,437 - INFO - joeynmt.training - 	Hypothesis: The next slide I show you is a reversed version of what happened the last 25 years .
2026-05-28 09:33:41,204 - INFO - joeynmt.training - Epoch   6, Step:    17600, Batch Loss:     1.366253, Batch Acc: 0.617861, Tokens per Sec:     5069, Lr: 0.000300
2026-05-28 09:33:56,808 - INFO - joeynmt.training - Epoch   6, Step:    17700, Batch Loss:     1.405969, Batch Acc: 0.619171, Tokens per Sec:     4907, Lr: 0.000300
2026-05-28 09:34:12,117 - INFO - joeynmt.training - Epoch   6, Step:    17800, Batch Loss:     1.106567, Batch Acc: 0.610684, Tokens per Sec:     4938, Lr: 0.000300
2026-05-28 09:34:26,619 - INFO - joeynmt.training - Epoch   6, Step:    17900, Batch Loss:     1.479452, Batch Acc: 0.614341, Tokens per Sec:     5106, Lr: 0.000300
2026-05-28 09:34:41,231 - INFO - joeynmt.training - Epoch   6, Step:    18000, Batch Loss:     1.373719, Batch Acc: 0.615708, Tokens per Sec:     5220, Lr: 0.000300
2026-05-28 09:34:41,231 - WARNING - joeynmt.helpers - `alpha` option is obsolete. Please use `beam_alpha`, instead.
2026-05-28 09:34:41,231 - INFO - joeynmt.prediction - Predicting 1003 example(s)... (Greedy decoding with min_output_length=1, max_output_length=-1, return_prob='none', generate_unk=True, repetition_penalty=-1, no_repeat_ngram_size=-1)
2026-05-28 09:35:09,206 - INFO - joeynmt.prediction - Evaluation result (greedy) loss:   1.87, ppl:   6.47, acc:   0.51, generation: 27.9662[sec], evaluation: 0.0000[sec]
2026-05-28 09:35:09,326 - INFO - joeynmt.helpers - delete models/tf_bpe_4000_nl_en/15500.ckpt
2026-05-28 09:35:09,327 - INFO - joeynmt.training - Example #0
2026-05-28 09:35:09,327 - DEBUG - joeynmt.training - 	Tokenized source:     ['V@@', 'or@@', 'ig', 'jaar', 'liet', 'ik', 'deze', 'twee', 'dia', '&apos;', 's', 'zien', 'om', 'aan', 'te', 'tonen', 'dat', 'de', 'p@@', 'oo@@', 'lij@@', 'sk@@', 'a@@', 'p', ',', 'die', 'de', 'afgelopen', 'drie', 'miljoen', 'jaar', 'ongeveer', 'de', 'groot@@', 'te', 'had', 'van', 'het', 'va@@', 'stel@@', 'and', 'van', 'de', 'VS', ',', 'met', '40', '%', 'ge@@', 'k@@', 'rom@@', 'pen', 'was', '.']
2026-05-28 09:35:09,327 - DEBUG - joeynmt.training - 	Tokenized reference:  ['La@@', 'st', 'year', 'I', 'sho@@', 'wed', 'these', 'two', 'sli@@', 'des', 'so', 'that', 'de@@', 'mon@@', 'str@@', 'ate', 'that', 'the', 'ar@@', 'c@@', 'tic', 'ice', 'ca@@', 'p', ',', 'which', 'for', 'most', 'of', 'the', 'last', 'three', 'million', 'years', 'has', 'been', 'the', 'size', 'of', 'the', 'lo@@', 'wer', '4@@', '8', 'st@@', 'ates', ',', 'has', 'sh@@', 'run@@', 'k', 'by', '40', 'percent', '.']
2026-05-28 09:35:09,327 - DEBUG - joeynmt.training - 	Tokenized hypothesis: ['And', 'so', ',', 'I', 'sho@@', 'wed', 'these', 'two', 'sli@@', 'des', 'to', 'show', 'that', 'the', 'p@@', 'oo@@', 'li@@', 'sk@@', 'a@@', 'p', ',', 'which', 'was', 'about', 'the', 'last', 'three', 'million', 'years', 'of', 'the', 'va@@', 'gina', ',', 'which', 'was', 'about', '40', 'percent', 'of', 'the', 'U.S.', ',', 'with', '40', 'percent', 'of', 'the', 'U.S.', ',', 'with', '40', 'percent', 'of', 'the', 'U.S.', ',', 'with', '40', 'percent', '.', '</s>']
2026-05-28 09:35:09,327 - INFO - joeynmt.training - 	Source:     Vorig jaar liet ik deze twee dia &apos; s zien om aan te tonen dat de poolijskap , die de afgelopen drie miljoen jaar ongeveer de grootte had van het vasteland van de VS , met 40 % gekrompen was .
2026-05-28 09:35:09,327 - INFO - joeynmt.training - 	Reference:  Last year I showed these two slides so that demonstrate that the arctic ice cap , which for most of the last three million years has been the size of the lower 48 states , has shrunk by 40 percent .
2026-05-28 09:35:09,327 - INFO - joeynmt.training - 	Hypothesis: And so , I showed these two slides to show that the pooliskap , which was about the last three million years of the vagina , which was about 40 percent of the U.S. , with 40 percent of the U.S. , with 40 percent of the U.S. , with 40 percent .
2026-05-28 09:35:09,327 - INFO - joeynmt.training - Example #1
2026-05-28 09:35:09,327 - DEBUG - joeynmt.training - 	Tokenized source:     ['Maar', 'dit', 'onder@@', 'sch@@', 'at', 'eigenlijk', 'de', 'er@@', 'n@@', 'st', 'van', 'dit', 'specif@@', 'ieke', 'probleem', 'omdat', 'het', 'niet', 'de', 'di@@', 'kte', 'van', 'het', 'ij@@', 's', 'laat', 'zien', '.']
2026-05-28 09:35:09,327 - DEBUG - joeynmt.training - 	Tokenized reference:  ['But', 'this', 'under@@', 'st@@', 'ates', 'the', 'ser@@', 'i@@', 'ous@@', 'ness', 'of', 'this', 'particular', 'problem', 'because', 'it', 'doesn', '&apos;t', 'show', 'the', 'th@@', 'ick@@', 'ness', 'of', 'the', 'ice', '.']
2026-05-28 09:35:09,327 - DEBUG - joeynmt.training - 	Tokenized hypothesis: ['But', 'this', 'under@@', 'est@@', 'im@@', 'ate', ',', 'the', 'er@@', 'n@@', 'al', 'problem', 'because', 'it', 'doesn', '&apos;t', 'show', 'the', 'di@@', 'ted', 'of', 'the', 'ice', '.', '</s>']
2026-05-28 09:35:09,328 - INFO - joeynmt.training - 	Source:     Maar dit onderschat eigenlijk de ernst van dit specifieke probleem omdat het niet de dikte van het ijs laat zien .
2026-05-28 09:35:09,328 - INFO - joeynmt.training - 	Reference:  But this understates the seriousness of this particular problem because it doesn &apos;t show the thickness of the ice .
2026-05-28 09:35:09,328 - INFO - joeynmt.training - 	Hypothesis: But this underestimate , the ernal problem because it doesn &apos;t show the dited of the ice .
2026-05-28 09:35:09,328 - INFO - joeynmt.training - Example #2
2026-05-28 09:35:09,328 - DEBUG - joeynmt.training - 	Tokenized source:     ['De', 'ij@@', 'sk@@', 'a@@', 'p', 'op', 'de', 'N@@', 'oor@@', 'd@@', 'p@@', 'ool', 'is', 'in', 'ze@@', 'kere', 'zin', 'het', 'kl@@', 'op@@', 'p@@', 'end', 'har@@', 't', 'van', 'ons', 'glob@@', 'aal', 'kli@@', 'maat@@', 'systeem', '.']
2026-05-28 09:35:09,328 - DEBUG - joeynmt.training - 	Tokenized reference:  ['The', 'ar@@', 'c@@', 'tic', 'ice', 'ca@@', 'p', 'is', ',', 'in', 'a', 'sense', ',', 'the', 'be@@', 'ating', 'heart', 'of', 'the', 'global', 'climate', 'system', '.']
2026-05-28 09:35:09,328 - DEBUG - joeynmt.training - 	Tokenized hypothesis: ['The', 'ice', 'sk@@', 'a@@', 'p', 'on', 'the', 'Nor@@', 'th', 'P@@', 'ole', 'is', 'in', 'a', 'certain', 'sense', ',', 'the', 'cu@@', 'st@@', 'om@@', 'er', 'of', 'our', 'global', 'climate', 'system', '.', '</s>']
2026-05-28 09:35:09,328 - INFO - joeynmt.training - 	Source:     De ijskap op de Noordpool is in zekere zin het kloppend hart van ons globaal klimaatsysteem .
2026-05-28 09:35:09,328 - INFO - joeynmt.training - 	Reference:  The arctic ice cap is , in a sense , the beating heart of the global climate system .
2026-05-28 09:35:09,328 - INFO - joeynmt.training - 	Hypothesis: The ice skap on the North Pole is in a certain sense , the customer of our global climate system .
2026-05-28 09:35:09,328 - INFO - joeynmt.training - Example #3
2026-05-28 09:35:09,328 - DEBUG - joeynmt.training - 	Tokenized source:     ['Het', 'zet', 'uit', 'in', 'de', 'win@@', 'ter', 'en', 'k@@', 'ri@@', 'mp@@', 't', 'in', 'de', 'z@@', 'om@@', 'er', '.']
2026-05-28 09:35:09,328 - DEBUG - joeynmt.training - 	Tokenized reference:  ['It', 'exp@@', 'ands', 'in', 'win@@', 'ter', 'and', 'con@@', 'trac@@', 'ts', 'in', 'su@@', 'mmer', '.']
2026-05-28 09:35:09,328 - DEBUG - joeynmt.training - 	Tokenized hypothesis: ['It', 'pu@@', 'ts', 'in', 'the', 'win@@', 'ter', 'and', 'k@@', 'ri@@', 'mp@@', 't', 'in', 'the', 'su@@', 'mmer', '.', '</s>']
2026-05-28 09:35:09,328 - INFO - joeynmt.training - 	Source:     Het zet uit in de winter en krimpt in de zomer .
2026-05-28 09:35:09,329 - INFO - joeynmt.training - 	Reference:  It expands in winter and contracts in summer .
2026-05-28 09:35:09,329 - INFO - joeynmt.training - 	Hypothesis: It puts in the winter and krimpt in the summer .
2026-05-28 09:35:09,329 - INFO - joeynmt.training - Example #4
2026-05-28 09:35:09,329 - DEBUG - joeynmt.training - 	Tokenized source:     ['De', 'volgende', 'dia', 'die', 'ik', 'laat', 'zien', 'is', 'een', 'vers@@', 'n@@', 'elde', 'ver@@', 'sie', 'van', 'wat', 'er', 'de', 'afgelopen', '25', 'jaar', 'is', 'gebeurd', '.']
2026-05-28 09:35:09,329 - DEBUG - joeynmt.training - 	Tokenized reference:  ['The', 'next', 'sli@@', 'de', 'I', 'show', 'you', 'will', 'be', 'a', 'r@@', 'ap@@', 'id', 'fa@@', 'st-@@', 'forward', 'of', 'what', '&apos;s', 'happened', 'over', 'the', 'last', '25', 'years', '.']
2026-05-28 09:35:09,329 - DEBUG - joeynmt.training - 	Tokenized hypothesis: ['The', 'next', 'sli@@', 'de', 'I', '&apos;m', 'sho@@', 'wing', 'is', 'a', 'ver@@', 'sion', 'of', 'what', '&apos;s', 'happened', 'the', 'last', '25', 'years', '.', '</s>']
2026-05-28 09:35:09,329 - INFO - joeynmt.training - 	Source:     De volgende dia die ik laat zien is een versnelde versie van wat er de afgelopen 25 jaar is gebeurd .
2026-05-28 09:35:09,329 - INFO - joeynmt.training - 	Reference:  The next slide I show you will be a rapid fast-forward of what &apos;s happened over the last 25 years .
2026-05-28 09:35:09,329 - INFO - joeynmt.training - 	Hypothesis: The next slide I &apos;m showing is a version of what &apos;s happened the last 25 years .
2026-05-28 09:35:23,731 - INFO - joeynmt.training - Epoch   6, Step:    18100, Batch Loss:     1.343615, Batch Acc: 0.614231, Tokens per Sec:     5107, Lr: 0.000300
2026-05-28 09:35:38,467 - INFO - joeynmt.training - Epoch   6, Step:    18200, Batch Loss:     1.332348, Batch Acc: 0.609895, Tokens per Sec:     4938, Lr: 0.000300
2026-05-28 09:35:53,145 - INFO - joeynmt.training - Epoch   6, Step:    18300, Batch Loss:     1.523527, Batch Acc: 0.609021, Tokens per Sec:     5061, Lr: 0.000300
2026-05-28 09:36:08,786 - INFO - joeynmt.training - Epoch   6, Step:    18400, Batch Loss:     1.318288, Batch Acc: 0.611185, Tokens per Sec:     4694, Lr: 0.000300
2026-05-28 09:36:23,771 - INFO - joeynmt.training - Epoch   6, Step:    18500, Batch Loss:     1.563854, Batch Acc: 0.613158, Tokens per Sec:     4928, Lr: 0.000300
2026-05-28 09:36:23,771 - WARNING - joeynmt.helpers - `alpha` option is obsolete. Please use `beam_alpha`, instead.
2026-05-28 09:36:23,771 - INFO - joeynmt.prediction - Predicting 1003 example(s)... (Greedy decoding with min_output_length=1, max_output_length=-1, return_prob='none', generate_unk=True, repetition_penalty=-1, no_repeat_ngram_size=-1)
2026-05-28 09:36:52,814 - INFO - joeynmt.prediction - Evaluation result (greedy) loss:   1.86, ppl:   6.46, acc:   0.50, generation: 29.0342[sec], evaluation: 0.0000[sec]
2026-05-28 09:36:52,938 - INFO - joeynmt.helpers - delete models/tf_bpe_4000_nl_en/16500.ckpt
2026-05-28 09:36:52,939 - INFO - joeynmt.training - Example #0
2026-05-28 09:36:52,940 - DEBUG - joeynmt.training - 	Tokenized source:     ['V@@', 'or@@', 'ig', 'jaar', 'liet', 'ik', 'deze', 'twee', 'dia', '&apos;', 's', 'zien', 'om', 'aan', 'te', 'tonen', 'dat', 'de', 'p@@', 'oo@@', 'lij@@', 'sk@@', 'a@@', 'p', ',', 'die', 'de', 'afgelopen', 'drie', 'miljoen', 'jaar', 'ongeveer', 'de', 'groot@@', 'te', 'had', 'van', 'het', 'va@@', 'stel@@', 'and', 'van', 'de', 'VS', ',', 'met', '40', '%', 'ge@@', 'k@@', 'rom@@', 'pen', 'was', '.']
2026-05-28 09:36:52,940 - DEBUG - joeynmt.training - 	Tokenized reference:  ['La@@', 'st', 'year', 'I', 'sho@@', 'wed', 'these', 'two', 'sli@@', 'des', 'so', 'that', 'de@@', 'mon@@', 'str@@', 'ate', 'that', 'the', 'ar@@', 'c@@', 'tic', 'ice', 'ca@@', 'p', ',', 'which', 'for', 'most', 'of', 'the', 'last', 'three', 'million', 'years', 'has', 'been', 'the', 'size', 'of', 'the', 'lo@@', 'wer', '4@@', '8', 'st@@', 'ates', ',', 'has', 'sh@@', 'run@@', 'k', 'by', '40', 'percent', '.']
2026-05-28 09:36:52,940 - DEBUG - joeynmt.training - 	Tokenized hypothesis: ['F@@', 'or@@', 'y', 'year', ',', 'I', 'sho@@', 'wed', 'these', 'two', 'sli@@', 'des', 'to', 'show', 'that', 'the', 'p@@', 'oo@@', 'li@@', 'sk@@', 'a@@', 'p', ',', 'who', 'had', 'about', 'the', 'p@@', 'oo@@', 'li@@', 'sk@@', 'a@@', 'p', ',', 'who', 'had', 'about', '40', 'percent', 'of', 'the', 'U.S.', ',', 'with', '40', 'percent', 'of', 'the', 'U.S.', ',', 'with', '40', 'percent', '.', '</s>']
2026-05-28 09:36:52,940 - INFO - joeynmt.training - 	Source:     Vorig jaar liet ik deze twee dia &apos; s zien om aan te tonen dat de poolijskap , die de afgelopen drie miljoen jaar ongeveer de grootte had van het vasteland van de VS , met 40 % gekrompen was .
2026-05-28 09:36:52,940 - INFO - joeynmt.training - 	Reference:  Last year I showed these two slides so that demonstrate that the arctic ice cap , which for most of the last three million years has been the size of the lower 48 states , has shrunk by 40 percent .
2026-05-28 09:36:52,940 - INFO - joeynmt.training - 	Hypothesis: Fory year , I showed these two slides to show that the pooliskap , who had about the pooliskap , who had about 40 percent of the U.S. , with 40 percent of the U.S. , with 40 percent .
2026-05-28 09:36:52,940 - INFO - joeynmt.training - Example #1
2026-05-28 09:36:52,940 - DEBUG - joeynmt.training - 	Tokenized source:     ['Maar', 'dit', 'onder@@', 'sch@@', 'at', 'eigenlijk', 'de', 'er@@', 'n@@', 'st', 'van', 'dit', 'specif@@', 'ieke', 'probleem', 'omdat', 'het', 'niet', 'de', 'di@@', 'kte', 'van', 'het', 'ij@@', 's', 'laat', 'zien', '.']
2026-05-28 09:36:52,940 - DEBUG - joeynmt.training - 	Tokenized reference:  ['But', 'this', 'under@@', 'st@@', 'ates', 'the', 'ser@@', 'i@@', 'ous@@', 'ness', 'of', 'this', 'particular', 'problem', 'because', 'it', 'doesn', '&apos;t', 'show', 'the', 'th@@', 'ick@@', 'ness', 'of', 'the', 'ice', '.']
2026-05-28 09:36:52,940 - DEBUG - joeynmt.training - 	Tokenized hypothesis: ['But', 'this', 'under@@', 'st@@', 'ood', 'the', 'first', 'of', 'this', 'particular', 'problem', 'because', 'it', 'doesn', '&apos;t', 'show', 'the', 'di@@', 'cul@@', 'ated', 'of', 'the', 'ice', '.', '</s>']
2026-05-28 09:36:52,940 - INFO - joeynmt.training - 	Source:     Maar dit onderschat eigenlijk de ernst van dit specifieke probleem omdat het niet de dikte van het ijs laat zien .
2026-05-28 09:36:52,941 - INFO - joeynmt.training - 	Reference:  But this understates the seriousness of this particular problem because it doesn &apos;t show the thickness of the ice .
2026-05-28 09:36:52,941 - INFO - joeynmt.training - 	Hypothesis: But this understood the first of this particular problem because it doesn &apos;t show the diculated of the ice .
2026-05-28 09:36:52,941 - INFO - joeynmt.training - Example #2
2026-05-28 09:36:52,941 - DEBUG - joeynmt.training - 	Tokenized source:     ['De', 'ij@@', 'sk@@', 'a@@', 'p', 'op', 'de', 'N@@', 'oor@@', 'd@@', 'p@@', 'ool', 'is', 'in', 'ze@@', 'kere', 'zin', 'het', 'kl@@', 'op@@', 'p@@', 'end', 'har@@', 't', 'van', 'ons', 'glob@@', 'aal', 'kli@@', 'maat@@', 'systeem', '.']
2026-05-28 09:36:52,941 - DEBUG - joeynmt.training - 	Tokenized reference:  ['The', 'ar@@', 'c@@', 'tic', 'ice', 'ca@@', 'p', 'is', ',', 'in', 'a', 'sense', ',', 'the', 'be@@', 'ating', 'heart', 'of', 'the', 'global', 'climate', 'system', '.']
2026-05-28 09:36:52,941 - DEBUG - joeynmt.training - 	Tokenized hypothesis: ['The', 'ice', 'sk@@', 'a@@', 'p', 'on', 'the', 'Nor@@', 'th', 'P@@', 'ole', 'is', 'in', 'a', 'certain', 'sense', ',', 'the', 'cu@@', 'st@@', 'om@@', 'er', 'of', 'our', 'global', 'climate', 'system', '.', '</s>']
2026-05-28 09:36:52,941 - INFO - joeynmt.training - 	Source:     De ijskap op de Noordpool is in zekere zin het kloppend hart van ons globaal klimaatsysteem .
2026-05-28 09:36:52,941 - INFO - joeynmt.training - 	Reference:  The arctic ice cap is , in a sense , the beating heart of the global climate system .
2026-05-28 09:36:52,941 - INFO - joeynmt.training - 	Hypothesis: The ice skap on the North Pole is in a certain sense , the customer of our global climate system .
2026-05-28 09:36:52,941 - INFO - joeynmt.training - Example #3
2026-05-28 09:36:52,941 - DEBUG - joeynmt.training - 	Tokenized source:     ['Het', 'zet', 'uit', 'in', 'de', 'win@@', 'ter', 'en', 'k@@', 'ri@@', 'mp@@', 't', 'in', 'de', 'z@@', 'om@@', 'er', '.']
2026-05-28 09:36:52,941 - DEBUG - joeynmt.training - 	Tokenized reference:  ['It', 'exp@@', 'ands', 'in', 'win@@', 'ter', 'and', 'con@@', 'trac@@', 'ts', 'in', 'su@@', 'mmer', '.']
2026-05-28 09:36:52,941 - DEBUG - joeynmt.training - 	Tokenized hypothesis: ['It', '&apos;s', 'pu@@', 'tting', 'in', 'the', 'win@@', 'ter', 'and', 'k@@', 'n@@', 'ic@@', 'ks', 'in', 'the', 'su@@', 'mmer', '.', '</s>']
2026-05-28 09:36:52,941 - INFO - joeynmt.training - 	Source:     Het zet uit in de winter en krimpt in de zomer .
2026-05-28 09:36:52,941 - INFO - joeynmt.training - 	Reference:  It expands in winter and contracts in summer .
2026-05-28 09:36:52,941 - INFO - joeynmt.training - 	Hypothesis: It &apos;s putting in the winter and knicks in the summer .
2026-05-28 09:36:52,941 - INFO - joeynmt.training - Example #4
2026-05-28 09:36:52,942 - DEBUG - joeynmt.training - 	Tokenized source:     ['De', 'volgende', 'dia', 'die', 'ik', 'laat', 'zien', 'is', 'een', 'vers@@', 'n@@', 'elde', 'ver@@', 'sie', 'van', 'wat', 'er', 'de', 'afgelopen', '25', 'jaar', 'is', 'gebeurd', '.']
2026-05-28 09:36:52,942 - DEBUG - joeynmt.training - 	Tokenized reference:  ['The', 'next', 'sli@@', 'de', 'I', 'show', 'you', 'will', 'be', 'a', 'r@@', 'ap@@', 'id', 'fa@@', 'st-@@', 'forward', 'of', 'what', '&apos;s', 'happened', 'over', 'the', 'last', '25', 'years', '.']
2026-05-28 09:36:52,942 - DEBUG - joeynmt.training - 	Tokenized hypothesis: ['The', 'next', 'sli@@', 'de', 'I', '&apos;m', 'sho@@', 'wing', 'is', 'a', 'fa@@', 'ir@@', 'ly', 'ver@@', 'sion', 'of', 'what', '&apos;s', 'happened', 'the', 'last', '25', 'years', '.', '</s>']
2026-05-28 09:36:52,942 - INFO - joeynmt.training - 	Source:     De volgende dia die ik laat zien is een versnelde versie van wat er de afgelopen 25 jaar is gebeurd .
2026-05-28 09:36:52,942 - INFO - joeynmt.training - 	Reference:  The next slide I show you will be a rapid fast-forward of what &apos;s happened over the last 25 years .
2026-05-28 09:36:52,942 - INFO - joeynmt.training - 	Hypothesis: The next slide I &apos;m showing is a fairly version of what &apos;s happened the last 25 years .
2026-05-28 09:37:07,775 - INFO - joeynmt.training - Epoch   6, Step:    18600, Batch Loss:     1.358117, Batch Acc: 0.605277, Tokens per Sec:     4935, Lr: 0.000300
2026-05-28 09:37:23,273 - INFO - joeynmt.training - Epoch   6, Step:    18700, Batch Loss:     1.570094, Batch Acc: 0.606557, Tokens per Sec:     4897, Lr: 0.000300
2026-05-28 09:37:38,922 - INFO - joeynmt.training - Epoch   6, Step:    18800, Batch Loss:     1.336703, Batch Acc: 0.607867, Tokens per Sec:     4874, Lr: 0.000300
2026-05-28 09:37:53,522 - INFO - joeynmt.training - Epoch   6, Step:    18900, Batch Loss:     1.329039, Batch Acc: 0.608430, Tokens per Sec:     5059, Lr: 0.000300
2026-05-28 09:38:08,478 - INFO - joeynmt.training - Epoch   6, Step:    19000, Batch Loss:     1.365248, Batch Acc: 0.602847, Tokens per Sec:     4895, Lr: 0.000300
2026-05-28 09:38:08,478 - WARNING - joeynmt.helpers - `alpha` option is obsolete. Please use `beam_alpha`, instead.
2026-05-28 09:38:08,478 - INFO - joeynmt.prediction - Predicting 1003 example(s)... (Greedy decoding with min_output_length=1, max_output_length=-1, return_prob='none', generate_unk=True, repetition_penalty=-1, no_repeat_ngram_size=-1)
2026-05-28 09:38:40,240 - INFO - joeynmt.prediction - Evaluation result (greedy) loss:   1.86, ppl:   6.43, acc:   0.50, generation: 31.7527[sec], evaluation: 0.0000[sec]
2026-05-28 09:38:40,371 - INFO - joeynmt.helpers - delete models/tf_bpe_4000_nl_en/16000.ckpt
2026-05-28 09:38:40,373 - INFO - joeynmt.training - Example #0
2026-05-28 09:38:40,373 - DEBUG - joeynmt.training - 	Tokenized source:     ['V@@', 'or@@', 'ig', 'jaar', 'liet', 'ik', 'deze', 'twee', 'dia', '&apos;', 's', 'zien', 'om', 'aan', 'te', 'tonen', 'dat', 'de', 'p@@', 'oo@@', 'lij@@', 'sk@@', 'a@@', 'p', ',', 'die', 'de', 'afgelopen', 'drie', 'miljoen', 'jaar', 'ongeveer', 'de', 'groot@@', 'te', 'had', 'van', 'het', 'va@@', 'stel@@', 'and', 'van', 'de', 'VS', ',', 'met', '40', '%', 'ge@@', 'k@@', 'rom@@', 'pen', 'was', '.']
2026-05-28 09:38:40,373 - DEBUG - joeynmt.training - 	Tokenized reference:  ['La@@', 'st', 'year', 'I', 'sho@@', 'wed', 'these', 'two', 'sli@@', 'des', 'so', 'that', 'de@@', 'mon@@', 'str@@', 'ate', 'that', 'the', 'ar@@', 'c@@', 'tic', 'ice', 'ca@@', 'p', ',', 'which', 'for', 'most', 'of', 'the', 'last', 'three', 'million', 'years', 'has', 'been', 'the', 'size', 'of', 'the', 'lo@@', 'wer', '4@@', '8', 'st@@', 'ates', ',', 'has', 'sh@@', 'run@@', 'k', 'by', '40', 'percent', '.']
2026-05-28 09:38:40,373 - DEBUG - joeynmt.training - 	Tokenized hypothesis: ['F@@', 'ig', 'year', ',', 'I', 'sho@@', 'wed', 'these', 'two', 'sli@@', 'des', 'to', 'show', 'that', 'the', 'p@@', 'oo@@', 'li@@', 'sk@@', 'a@@', 'p', ',', 'which', 'was', 'about', 'the', 'p@@', 'oo@@', 'li@@', 'sk@@', 'a@@', 'p', ',', 'which', 'had', 'about', '40', 'percent', 'of', 'the', 'va@@', 'il@@', 'able', 'of', 'the', 'United', 'States', ',', 'with', '40', 'percent', 'of', 'the', 'United', 'States', ',', 'with', '40', 'percent', 'of', 'the', 'U.S.', ',', 'with', '40', 'percent', 'of', 'ch@@', 'rom@@', 'ps', '.', '</s>']
2026-05-28 09:38:40,373 - INFO - joeynmt.training - 	Source:     Vorig jaar liet ik deze twee dia &apos; s zien om aan te tonen dat de poolijskap , die de afgelopen drie miljoen jaar ongeveer de grootte had van het vasteland van de VS , met 40 % gekrompen was .
2026-05-28 09:38:40,373 - INFO - joeynmt.training - 	Reference:  Last year I showed these two slides so that demonstrate that the arctic ice cap , which for most of the last three million years has been the size of the lower 48 states , has shrunk by 40 percent .
2026-05-28 09:38:40,373 - INFO - joeynmt.training - 	Hypothesis: Fig year , I showed these two slides to show that the pooliskap , which was about the pooliskap , which had about 40 percent of the vailable of the United States , with 40 percent of the United States , with 40 percent of the U.S. , with 40 percent of chromps .
2026-05-28 09:38:40,373 - INFO - joeynmt.training - Example #1
2026-05-28 09:38:40,373 - DEBUG - joeynmt.training - 	Tokenized source:     ['Maar', 'dit', 'onder@@', 'sch@@', 'at', 'eigenlijk', 'de', 'er@@', 'n@@', 'st', 'van', 'dit', 'specif@@', 'ieke', 'probleem', 'omdat', 'het', 'niet', 'de', 'di@@', 'kte', 'van', 'het', 'ij@@', 's', 'laat', 'zien', '.']
2026-05-28 09:38:40,373 - DEBUG - joeynmt.training - 	Tokenized reference:  ['But', 'this', 'under@@', 'st@@', 'ates', 'the', 'ser@@', 'i@@', 'ous@@', 'ness', 'of', 'this', 'particular', 'problem', 'because', 'it', 'doesn', '&apos;t', 'show', 'the', 'th@@', 'ick@@', 'ness', 'of', 'the', 'ice', '.']
2026-05-28 09:38:40,373 - DEBUG - joeynmt.training - 	Tokenized hypothesis: ['But', 'this', 'under@@', 'est@@', 'im@@', 'ate', 'the', 'er@@', 'n@@', 'st', 'of', 'this', 'speci@@', 'fic', 'problem', 'because', 'it', 'doesn', '&apos;t', 'show', 'the', 'ice', 'of', 'the', 'ice', '.', '</s>']
2026-05-28 09:38:40,374 - INFO - joeynmt.training - 	Source:     Maar dit onderschat eigenlijk de ernst van dit specifieke probleem omdat het niet de dikte van het ijs laat zien .
2026-05-28 09:38:40,374 - INFO - joeynmt.training - 	Reference:  But this understates the seriousness of this particular problem because it doesn &apos;t show the thickness of the ice .
2026-05-28 09:38:40,374 - INFO - joeynmt.training - 	Hypothesis: But this underestimate the ernst of this specific problem because it doesn &apos;t show the ice of the ice .
2026-05-28 09:38:40,374 - INFO - joeynmt.training - Example #2
2026-05-28 09:38:40,374 - DEBUG - joeynmt.training - 	Tokenized source:     ['De', 'ij@@', 'sk@@', 'a@@', 'p', 'op', 'de', 'N@@', 'oor@@', 'd@@', 'p@@', 'ool', 'is', 'in', 'ze@@', 'kere', 'zin', 'het', 'kl@@', 'op@@', 'p@@', 'end', 'har@@', 't', 'van', 'ons', 'glob@@', 'aal', 'kli@@', 'maat@@', 'systeem', '.']
2026-05-28 09:38:40,374 - DEBUG - joeynmt.training - 	Tokenized reference:  ['The', 'ar@@', 'c@@', 'tic', 'ice', 'ca@@', 'p', 'is', ',', 'in', 'a', 'sense', ',', 'the', 'be@@', 'ating', 'heart', 'of', 'the', 'global', 'climate', 'system', '.']
2026-05-28 09:38:40,374 - DEBUG - joeynmt.training - 	Tokenized hypothesis: ['The', 'ice', 'sk@@', 'a@@', 'p', 'on', 'the', 'Nor@@', 'th', 'P@@', 'ole', 'is', 'in', 'a', 'way', ',', 'it', '&apos;s', 'the', 'cl@@', 'op@@', 'ing', 'heart', 'of', 'our', 'global', 'climate', 'system', '.', '</s>']
2026-05-28 09:38:40,374 - INFO - joeynmt.training - 	Source:     De ijskap op de Noordpool is in zekere zin het kloppend hart van ons globaal klimaatsysteem .
2026-05-28 09:38:40,374 - INFO - joeynmt.training - 	Reference:  The arctic ice cap is , in a sense , the beating heart of the global climate system .
2026-05-28 09:38:40,374 - INFO - joeynmt.training - 	Hypothesis: The ice skap on the North Pole is in a way , it &apos;s the cloping heart of our global climate system .
2026-05-28 09:38:40,374 - INFO - joeynmt.training - Example #3
2026-05-28 09:38:40,374 - DEBUG - joeynmt.training - 	Tokenized source:     ['Het', 'zet', 'uit', 'in', 'de', 'win@@', 'ter', 'en', 'k@@', 'ri@@', 'mp@@', 't', 'in', 'de', 'z@@', 'om@@', 'er', '.']
2026-05-28 09:38:40,374 - DEBUG - joeynmt.training - 	Tokenized reference:  ['It', 'exp@@', 'ands', 'in', 'win@@', 'ter', 'and', 'con@@', 'trac@@', 'ts', 'in', 'su@@', 'mmer', '.']
2026-05-28 09:38:40,374 - DEBUG - joeynmt.training - 	Tokenized hypothesis: ['It', 'pu@@', 'ts', 'in', 'the', 'win@@', 'ter', 'and', 'cli@@', 'p', 'in', 'the', 'su@@', 'mmer', '.', '</s>']
2026-05-28 09:38:40,375 - INFO - joeynmt.training - 	Source:     Het zet uit in de winter en krimpt in de zomer .
2026-05-28 09:38:40,375 - INFO - joeynmt.training - 	Reference:  It expands in winter and contracts in summer .
2026-05-28 09:38:40,375 - INFO - joeynmt.training - 	Hypothesis: It puts in the winter and clip in the summer .
2026-05-28 09:38:40,375 - INFO - joeynmt.training - Example #4
2026-05-28 09:38:40,375 - DEBUG - joeynmt.training - 	Tokenized source:     ['De', 'volgende', 'dia', 'die', 'ik', 'laat', 'zien', 'is', 'een', 'vers@@', 'n@@', 'elde', 'ver@@', 'sie', 'van', 'wat', 'er', 'de', 'afgelopen', '25', 'jaar', 'is', 'gebeurd', '.']
2026-05-28 09:38:40,375 - DEBUG - joeynmt.training - 	Tokenized reference:  ['The', 'next', 'sli@@', 'de', 'I', 'show', 'you', 'will', 'be', 'a', 'r@@', 'ap@@', 'id', 'fa@@', 'st-@@', 'forward', 'of', 'what', '&apos;s', 'happened', 'over', 'the', 'last', '25', 'years', '.']
2026-05-28 09:38:40,375 - DEBUG - joeynmt.training - 	Tokenized hypothesis: ['The', 'next', 'sli@@', 'de', 'I', '&apos;m', 'sho@@', 'wing', 'is', 'a', 'ac@@', 'cel@@', 'er@@', 'ation', 'of', 'what', '&apos;s', 'happened', 'the', 'last', '25', 'years', '.', '</s>']
2026-05-28 09:38:40,375 - INFO - joeynmt.training - 	Source:     De volgende dia die ik laat zien is een versnelde versie van wat er de afgelopen 25 jaar is gebeurd .
2026-05-28 09:38:40,375 - INFO - joeynmt.training - 	Reference:  The next slide I show you will be a rapid fast-forward of what &apos;s happened over the last 25 years .
2026-05-28 09:38:40,375 - INFO - joeynmt.training - 	Hypothesis: The next slide I &apos;m showing is a acceleration of what &apos;s happened the last 25 years .
2026-05-28 09:38:55,382 - INFO - joeynmt.training - Epoch   6, Step:    19100, Batch Loss:     1.265987, Batch Acc: 0.609492, Tokens per Sec:     5012, Lr: 0.000300
2026-05-28 09:39:11,061 - INFO - joeynmt.training - Epoch   6, Step:    19200, Batch Loss:     1.599199, Batch Acc: 0.612484, Tokens per Sec:     4909, Lr: 0.000300
2026-05-28 09:39:25,993 - INFO - joeynmt.training - Epoch   6, Step:    19300, Batch Loss:     1.494731, Batch Acc: 0.608631, Tokens per Sec:     4941, Lr: 0.000300
2026-05-28 09:39:41,610 - INFO - joeynmt.training - Epoch   6, Step:    19400, Batch Loss:     1.212966, Batch Acc: 0.607670, Tokens per Sec:     4622, Lr: 0.000300
2026-05-28 09:39:56,874 - INFO - joeynmt.training - Epoch   6, Step:    19500, Batch Loss:     1.214495, Batch Acc: 0.609082, Tokens per Sec:     4934, Lr: 0.000300
2026-05-28 09:39:56,874 - WARNING - joeynmt.helpers - `alpha` option is obsolete. Please use `beam_alpha`, instead.
2026-05-28 09:39:56,875 - INFO - joeynmt.prediction - Predicting 1003 example(s)... (Greedy decoding with min_output_length=1, max_output_length=-1, return_prob='none', generate_unk=True, repetition_penalty=-1, no_repeat_ngram_size=-1)
2026-05-28 09:40:29,460 - INFO - joeynmt.prediction - Evaluation result (greedy) loss:   1.84, ppl:   6.31, acc:   0.51, generation: 32.5765[sec], evaluation: 0.0000[sec]
2026-05-28 09:40:29,462 - INFO - joeynmt.training - Hooray! New best validation result [ppl]!
2026-05-28 09:40:29,603 - INFO - joeynmt.helpers - delete models/tf_bpe_4000_nl_en/17000.ckpt
2026-05-28 09:40:29,608 - INFO - joeynmt.training - Example #0
2026-05-28 09:40:29,608 - DEBUG - joeynmt.training - 	Tokenized source:     ['V@@', 'or@@', 'ig', 'jaar', 'liet', 'ik', 'deze', 'twee', 'dia', '&apos;', 's', 'zien', 'om', 'aan', 'te', 'tonen', 'dat', 'de', 'p@@', 'oo@@', 'lij@@', 'sk@@', 'a@@', 'p', ',', 'die', 'de', 'afgelopen', 'drie', 'miljoen', 'jaar', 'ongeveer', 'de', 'groot@@', 'te', 'had', 'van', 'het', 'va@@', 'stel@@', 'and', 'van', 'de', 'VS', ',', 'met', '40', '%', 'ge@@', 'k@@', 'rom@@', 'pen', 'was', '.']
2026-05-28 09:40:29,608 - DEBUG - joeynmt.training - 	Tokenized reference:  ['La@@', 'st', 'year', 'I', 'sho@@', 'wed', 'these', 'two', 'sli@@', 'des', 'so', 'that', 'de@@', 'mon@@', 'str@@', 'ate', 'that', 'the', 'ar@@', 'c@@', 'tic', 'ice', 'ca@@', 'p', ',', 'which', 'for', 'most', 'of', 'the', 'last', 'three', 'million', 'years', 'has', 'been', 'the', 'size', 'of', 'the', 'lo@@', 'wer', '4@@', '8', 'st@@', 'ates', ',', 'has', 'sh@@', 'run@@', 'k', 'by', '40', 'percent', '.']
2026-05-28 09:40:29,608 - DEBUG - joeynmt.training - 	Tokenized hypothesis: ['F@@', 'or@@', 'ally', 'years', ',', 'I', 'sho@@', 'wed', 'these', 'two', 'sli@@', 'des', 'to', 'show', 'that', 'the', 'p@@', 'oo@@', 'li@@', 'sk@@', 'a@@', 'p', ',', 'who', 'had', 'about', 'the', 'last', 'three', 'million', 'years', 'of', 'the', 'va@@', 'il@@', 'and', 'the', 'va@@', 'il@@', 'and', 'of', 'the', 'United', 'States', ',', 'with', '40', 'percent', 'of', 'the', 'U.S.', 'with', '40', 'percent', '.', '</s>']
2026-05-28 09:40:29,608 - INFO - joeynmt.training - 	Source:     Vorig jaar liet ik deze twee dia &apos; s zien om aan te tonen dat de poolijskap , die de afgelopen drie miljoen jaar ongeveer de grootte had van het vasteland van de VS , met 40 % gekrompen was .
2026-05-28 09:40:29,608 - INFO - joeynmt.training - 	Reference:  Last year I showed these two slides so that demonstrate that the arctic ice cap , which for most of the last three million years has been the size of the lower 48 states , has shrunk by 40 percent .
2026-05-28 09:40:29,608 - INFO - joeynmt.training - 	Hypothesis: Forally years , I showed these two slides to show that the pooliskap , who had about the last three million years of the vailand the vailand of the United States , with 40 percent of the U.S. with 40 percent .
2026-05-28 09:40:29,608 - INFO - joeynmt.training - Example #1
2026-05-28 09:40:29,608 - DEBUG - joeynmt.training - 	Tokenized source:     ['Maar', 'dit', 'onder@@', 'sch@@', 'at', 'eigenlijk', 'de', 'er@@', 'n@@', 'st', 'van', 'dit', 'specif@@', 'ieke', 'probleem', 'omdat', 'het', 'niet', 'de', 'di@@', 'kte', 'van', 'het', 'ij@@', 's', 'laat', 'zien', '.']
2026-05-28 09:40:29,609 - DEBUG - joeynmt.training - 	Tokenized reference:  ['But', 'this', 'under@@', 'st@@', 'ates', 'the', 'ser@@', 'i@@', 'ous@@', 'ness', 'of', 'this', 'particular', 'problem', 'because', 'it', 'doesn', '&apos;t', 'show', 'the', 'th@@', 'ick@@', 'ness', 'of', 'the', 'ice', '.']
2026-05-28 09:40:29,609 - DEBUG - joeynmt.training - 	Tokenized hypothesis: ['But', 'this', 'under@@', 'est@@', 'im@@', 'ated', 'the', 'first', 'of', 'this', 'particular', 'problem', 'because', 'it', 'doesn', '&apos;t', 'show', 'the', 'di@@', 've', 'of', 'the', 'ice', '.', '</s>']
2026-05-28 09:40:29,609 - INFO - joeynmt.training - 	Source:     Maar dit onderschat eigenlijk de ernst van dit specifieke probleem omdat het niet de dikte van het ijs laat zien .
2026-05-28 09:40:29,609 - INFO - joeynmt.training - 	Reference:  But this understates the seriousness of this particular problem because it doesn &apos;t show the thickness of the ice .
2026-05-28 09:40:29,609 - INFO - joeynmt.training - 	Hypothesis: But this underestimated the first of this particular problem because it doesn &apos;t show the dive of the ice .
2026-05-28 09:40:29,609 - INFO - joeynmt.training - Example #2
2026-05-28 09:40:29,609 - DEBUG - joeynmt.training - 	Tokenized source:     ['De', 'ij@@', 'sk@@', 'a@@', 'p', 'op', 'de', 'N@@', 'oor@@', 'd@@', 'p@@', 'ool', 'is', 'in', 'ze@@', 'kere', 'zin', 'het', 'kl@@', 'op@@', 'p@@', 'end', 'har@@', 't', 'van', 'ons', 'glob@@', 'aal', 'kli@@', 'maat@@', 'systeem', '.']
2026-05-28 09:40:29,609 - DEBUG - joeynmt.training - 	Tokenized reference:  ['The', 'ar@@', 'c@@', 'tic', 'ice', 'ca@@', 'p', 'is', ',', 'in', 'a', 'sense', ',', 'the', 'be@@', 'ating', 'heart', 'of', 'the', 'global', 'climate', 'system', '.']
2026-05-28 09:40:29,609 - DEBUG - joeynmt.training - 	Tokenized hypothesis: ['The', 'ice', 'sk@@', 'a@@', 'p', 'on', 'the', 'Nor@@', 'th', 'P@@', 'ole', 'is', 'in', 'a', 'certain', 'sense', ',', 'the', 'c@@', 'lear@@', '-@@', 'up', 'heart', 'of', 'our', 'global', 'climate', 'system', '.', '</s>']
2026-05-28 09:40:29,609 - INFO - joeynmt.training - 	Source:     De ijskap op de Noordpool is in zekere zin het kloppend hart van ons globaal klimaatsysteem .
2026-05-28 09:40:29,609 - INFO - joeynmt.training - 	Reference:  The arctic ice cap is , in a sense , the beating heart of the global climate system .
2026-05-28 09:40:29,609 - INFO - joeynmt.training - 	Hypothesis: The ice skap on the North Pole is in a certain sense , the clear-up heart of our global climate system .
2026-05-28 09:40:29,609 - INFO - joeynmt.training - Example #3
2026-05-28 09:40:29,609 - DEBUG - joeynmt.training - 	Tokenized source:     ['Het', 'zet', 'uit', 'in', 'de', 'win@@', 'ter', 'en', 'k@@', 'ri@@', 'mp@@', 't', 'in', 'de', 'z@@', 'om@@', 'er', '.']
2026-05-28 09:40:29,609 - DEBUG - joeynmt.training - 	Tokenized reference:  ['It', 'exp@@', 'ands', 'in', 'win@@', 'ter', 'and', 'con@@', 'trac@@', 'ts', 'in', 'su@@', 'mmer', '.']
2026-05-28 09:40:29,609 - DEBUG - joeynmt.training - 	Tokenized hypothesis: ['It', 'pu@@', 'ts', 'in', 'the', 'win@@', 'ter', 'and', 'k@@', 'ri@@', 'mp@@', 'ing', 'in', 'the', 'su@@', 'mmer', '.', '</s>']
2026-05-28 09:40:29,610 - INFO - joeynmt.training - 	Source:     Het zet uit in de winter en krimpt in de zomer .
2026-05-28 09:40:29,610 - INFO - joeynmt.training - 	Reference:  It expands in winter and contracts in summer .
2026-05-28 09:40:29,610 - INFO - joeynmt.training - 	Hypothesis: It puts in the winter and krimping in the summer .
2026-05-28 09:40:29,610 - INFO - joeynmt.training - Example #4
2026-05-28 09:40:29,610 - DEBUG - joeynmt.training - 	Tokenized source:     ['De', 'volgende', 'dia', 'die', 'ik', 'laat', 'zien', 'is', 'een', 'vers@@', 'n@@', 'elde', 'ver@@', 'sie', 'van', 'wat', 'er', 'de', 'afgelopen', '25', 'jaar', 'is', 'gebeurd', '.']
2026-05-28 09:40:29,610 - DEBUG - joeynmt.training - 	Tokenized reference:  ['The', 'next', 'sli@@', 'de', 'I', 'show', 'you', 'will', 'be', 'a', 'r@@', 'ap@@', 'id', 'fa@@', 'st-@@', 'forward', 'of', 'what', '&apos;s', 'happened', 'over', 'the', 'last', '25', 'years', '.']
2026-05-28 09:40:29,610 - DEBUG - joeynmt.training - 	Tokenized hypothesis: ['The', 'next', 'sli@@', 'de', 'I', '&apos;m', 'sho@@', 'wing', 'is', 'a', 'vers@@', 'ed', 'ver@@', 'sion', 'of', 'what', '&apos;s', 'happened', 'the', 'last', '25', 'years', '.', '</s>']
2026-05-28 09:40:29,610 - INFO - joeynmt.training - 	Source:     De volgende dia die ik laat zien is een versnelde versie van wat er de afgelopen 25 jaar is gebeurd .
2026-05-28 09:40:29,610 - INFO - joeynmt.training - 	Reference:  The next slide I show you will be a rapid fast-forward of what &apos;s happened over the last 25 years .
2026-05-28 09:40:29,610 - INFO - joeynmt.training - 	Hypothesis: The next slide I &apos;m showing is a versed version of what &apos;s happened the last 25 years .
2026-05-28 09:40:45,647 - INFO - joeynmt.training - Epoch   6, Step:    19600, Batch Loss:     1.382058, Batch Acc: 0.605902, Tokens per Sec:     4637, Lr: 0.000300
2026-05-28 09:41:00,892 - INFO - joeynmt.training - Epoch   6, Step:    19700, Batch Loss:     1.322275, Batch Acc: 0.605110, Tokens per Sec:     4885, Lr: 0.000300
2026-05-28 09:41:16,027 - INFO - joeynmt.training - Epoch   6, Step:    19800, Batch Loss:     1.594535, Batch Acc: 0.602924, Tokens per Sec:     4895, Lr: 0.000300
2026-05-28 09:41:30,843 - INFO - joeynmt.training - Epoch   6, Step:    19900, Batch Loss:     1.421114, Batch Acc: 0.608757, Tokens per Sec:     4996, Lr: 0.000300
2026-05-28 09:41:46,559 - INFO - joeynmt.training - Epoch   6, Step:    20000, Batch Loss:     1.452752, Batch Acc: 0.609523, Tokens per Sec:     4741, Lr: 0.000300
2026-05-28 09:41:46,559 - WARNING - joeynmt.helpers - `alpha` option is obsolete. Please use `beam_alpha`, instead.
2026-05-28 09:41:46,560 - INFO - joeynmt.prediction - Predicting 1003 example(s)... (Greedy decoding with min_output_length=1, max_output_length=-1, return_prob='none', generate_unk=True, repetition_penalty=-1, no_repeat_ngram_size=-1)
2026-05-28 09:42:14,506 - INFO - joeynmt.prediction - Evaluation result (greedy) loss:   1.84, ppl:   6.32, acc:   0.51, generation: 27.9376[sec], evaluation: 0.0000[sec]
2026-05-28 09:42:14,637 - INFO - joeynmt.helpers - delete models/tf_bpe_4000_nl_en/18000.ckpt
2026-05-28 09:42:14,638 - INFO - joeynmt.training - Example #0
2026-05-28 09:42:14,638 - DEBUG - joeynmt.training - 	Tokenized source:     ['V@@', 'or@@', 'ig', 'jaar', 'liet', 'ik', 'deze', 'twee', 'dia', '&apos;', 's', 'zien', 'om', 'aan', 'te', 'tonen', 'dat', 'de', 'p@@', 'oo@@', 'lij@@', 'sk@@', 'a@@', 'p', ',', 'die', 'de', 'afgelopen', 'drie', 'miljoen', 'jaar', 'ongeveer', 'de', 'groot@@', 'te', 'had', 'van', 'het', 'va@@', 'stel@@', 'and', 'van', 'de', 'VS', ',', 'met', '40', '%', 'ge@@', 'k@@', 'rom@@', 'pen', 'was', '.']
2026-05-28 09:42:14,638 - DEBUG - joeynmt.training - 	Tokenized reference:  ['La@@', 'st', 'year', 'I', 'sho@@', 'wed', 'these', 'two', 'sli@@', 'des', 'so', 'that', 'de@@', 'mon@@', 'str@@', 'ate', 'that', 'the', 'ar@@', 'c@@', 'tic', 'ice', 'ca@@', 'p', ',', 'which', 'for', 'most', 'of', 'the', 'last', 'three', 'million', 'years', 'has', 'been', 'the', 'size', 'of', 'the', 'lo@@', 'wer', '4@@', '8', 'st@@', 'ates', ',', 'has', 'sh@@', 'run@@', 'k', 'by', '40', 'percent', '.']
2026-05-28 09:42:14,638 - DEBUG - joeynmt.training - 	Tokenized hypothesis: ['F@@', 'ir@@', 'st', 'years', ',', 'I', 'sho@@', 'wed', 'these', 'two', 'sli@@', 'des', 'to', 'show', 'that', 'the', 'p@@', 'oo@@', 'li@@', 'sk@@', 'in', ',', 'which', 'the', 'P@@', 'o@@', 'li@@', 'p', 'sk@@', 'in', ',', 'who', 'had', 'about', 'the', 'last', 'three', 'million', 'years', 'of', 'the', 'va@@', 'il@@', 'ation', 'of', 'the', 'U.S.', 'with', '40', 'percent', 'of', 'the', 'R@@', 'u@@', 'ps', '.', '</s>']
2026-05-28 09:42:14,639 - INFO - joeynmt.training - 	Source:     Vorig jaar liet ik deze twee dia &apos; s zien om aan te tonen dat de poolijskap , die de afgelopen drie miljoen jaar ongeveer de grootte had van het vasteland van de VS , met 40 % gekrompen was .
2026-05-28 09:42:14,639 - INFO - joeynmt.training - 	Reference:  Last year I showed these two slides so that demonstrate that the arctic ice cap , which for most of the last three million years has been the size of the lower 48 states , has shrunk by 40 percent .
2026-05-28 09:42:14,639 - INFO - joeynmt.training - 	Hypothesis: First years , I showed these two slides to show that the pooliskin , which the Polip skin , who had about the last three million years of the vailation of the U.S. with 40 percent of the Rups .
2026-05-28 09:42:14,639 - INFO - joeynmt.training - Example #1
2026-05-28 09:42:14,639 - DEBUG - joeynmt.training - 	Tokenized source:     ['Maar', 'dit', 'onder@@', 'sch@@', 'at', 'eigenlijk', 'de', 'er@@', 'n@@', 'st', 'van', 'dit', 'specif@@', 'ieke', 'probleem', 'omdat', 'het', 'niet', 'de', 'di@@', 'kte', 'van', 'het', 'ij@@', 's', 'laat', 'zien', '.']
2026-05-28 09:42:14,639 - DEBUG - joeynmt.training - 	Tokenized reference:  ['But', 'this', 'under@@', 'st@@', 'ates', 'the', 'ser@@', 'i@@', 'ous@@', 'ness', 'of', 'this', 'particular', 'problem', 'because', 'it', 'doesn', '&apos;t', 'show', 'the', 'th@@', 'ick@@', 'ness', 'of', 'the', 'ice', '.']
2026-05-28 09:42:14,639 - DEBUG - joeynmt.training - 	Tokenized hypothesis: ['But', 'this', 'under@@', 'est@@', 'im@@', 'ated', 'the', 'first', 'of', 'this', 'particular', 'problem', 'because', 'it', 'doesn', '&apos;t', 'show', 'the', 'di@@', 'stri@@', 'bu@@', 'ted', 'of', 'the', 'ice', '.', '</s>']
2026-05-28 09:42:14,639 - INFO - joeynmt.training - 	Source:     Maar dit onderschat eigenlijk de ernst van dit specifieke probleem omdat het niet de dikte van het ijs laat zien .
2026-05-28 09:42:14,639 - INFO - joeynmt.training - 	Reference:  But this understates the seriousness of this particular problem because it doesn &apos;t show the thickness of the ice .
2026-05-28 09:42:14,639 - INFO - joeynmt.training - 	Hypothesis: But this underestimated the first of this particular problem because it doesn &apos;t show the distributed of the ice .
2026-05-28 09:42:14,639 - INFO - joeynmt.training - Example #2
2026-05-28 09:42:14,639 - DEBUG - joeynmt.training - 	Tokenized source:     ['De', 'ij@@', 'sk@@', 'a@@', 'p', 'op', 'de', 'N@@', 'oor@@', 'd@@', 'p@@', 'ool', 'is', 'in', 'ze@@', 'kere', 'zin', 'het', 'kl@@', 'op@@', 'p@@', 'end', 'har@@', 't', 'van', 'ons', 'glob@@', 'aal', 'kli@@', 'maat@@', 'systeem', '.']
2026-05-28 09:42:14,639 - DEBUG - joeynmt.training - 	Tokenized reference:  ['The', 'ar@@', 'c@@', 'tic', 'ice', 'ca@@', 'p', 'is', ',', 'in', 'a', 'sense', ',', 'the', 'be@@', 'ating', 'heart', 'of', 'the', 'global', 'climate', 'system', '.']
2026-05-28 09:42:14,639 - DEBUG - joeynmt.training - 	Tokenized hypothesis: ['The', 'ice', 'sk@@', 'in', 'in', 'the', 'Nor@@', 'th', 'P@@', 'ole', 'is', 'in', 'a', 'certain', 'sense', ',', 'the', 'cli@@', 'p', 'of', 'our', 'global', 'climate', 'system', '.', '</s>']
2026-05-28 09:42:14,639 - INFO - joeynmt.training - 	Source:     De ijskap op de Noordpool is in zekere zin het kloppend hart van ons globaal klimaatsysteem .
2026-05-28 09:42:14,640 - INFO - joeynmt.training - 	Reference:  The arctic ice cap is , in a sense , the beating heart of the global climate system .
2026-05-28 09:42:14,640 - INFO - joeynmt.training - 	Hypothesis: The ice skin in the North Pole is in a certain sense , the clip of our global climate system .
2026-05-28 09:42:14,640 - INFO - joeynmt.training - Example #3
2026-05-28 09:42:14,640 - DEBUG - joeynmt.training - 	Tokenized source:     ['Het', 'zet', 'uit', 'in', 'de', 'win@@', 'ter', 'en', 'k@@', 'ri@@', 'mp@@', 't', 'in', 'de', 'z@@', 'om@@', 'er', '.']
2026-05-28 09:42:14,640 - DEBUG - joeynmt.training - 	Tokenized reference:  ['It', 'exp@@', 'ands', 'in', 'win@@', 'ter', 'and', 'con@@', 'trac@@', 'ts', 'in', 'su@@', 'mmer', '.']
2026-05-28 09:42:14,640 - DEBUG - joeynmt.training - 	Tokenized hypothesis: ['It', '&apos;s', 'about', 'in', 'the', 'win@@', 'ter', 'and', 'k@@', 'mp@@', 's', 'in', 'the', 'su@@', 'mmer', '.', '</s>']
2026-05-28 09:42:14,640 - INFO - joeynmt.training - 	Source:     Het zet uit in de winter en krimpt in de zomer .
2026-05-28 09:42:14,640 - INFO - joeynmt.training - 	Reference:  It expands in winter and contracts in summer .
2026-05-28 09:42:14,640 - INFO - joeynmt.training - 	Hypothesis: It &apos;s about in the winter and kmps in the summer .
2026-05-28 09:42:14,640 - INFO - joeynmt.training - Example #4
2026-05-28 09:42:14,640 - DEBUG - joeynmt.training - 	Tokenized source:     ['De', 'volgende', 'dia', 'die', 'ik', 'laat', 'zien', 'is', 'een', 'vers@@', 'n@@', 'elde', 'ver@@', 'sie', 'van', 'wat', 'er', 'de', 'afgelopen', '25', 'jaar', 'is', 'gebeurd', '.']
2026-05-28 09:42:14,640 - DEBUG - joeynmt.training - 	Tokenized reference:  ['The', 'next', 'sli@@', 'de', 'I', 'show', 'you', 'will', 'be', 'a', 'r@@', 'ap@@', 'id', 'fa@@', 'st-@@', 'forward', 'of', 'what', '&apos;s', 'happened', 'over', 'the', 'last', '25', 'years', '.']
2026-05-28 09:42:14,640 - DEBUG - joeynmt.training - 	Tokenized hypothesis: ['The', 'next', 'sli@@', 'de', 'I', '&apos;m', 'sho@@', 'wing', 'is', 'a', 'vers@@', 'ed', 'ver@@', 'sion', 'of', 'what', 'happened', 'the', 'last', '25', 'years', '.', '</s>']
2026-05-28 09:42:14,640 - INFO - joeynmt.training - 	Source:     De volgende dia die ik laat zien is een versnelde versie van wat er de afgelopen 25 jaar is gebeurd .
2026-05-28 09:42:14,640 - INFO - joeynmt.training - 	Reference:  The next slide I show you will be a rapid fast-forward of what &apos;s happened over the last 25 years .
2026-05-28 09:42:14,640 - INFO - joeynmt.training - 	Hypothesis: The next slide I &apos;m showing is a versed version of what happened the last 25 years .
2026-05-28 09:42:29,673 - INFO - joeynmt.training - Epoch   6, Step:    20100, Batch Loss:     1.419674, Batch Acc: 0.605179, Tokens per Sec:     4917, Lr: 0.000300
2026-05-28 09:42:45,200 - INFO - joeynmt.training - Epoch   6, Step:    20200, Batch Loss:     1.553019, Batch Acc: 0.605330, Tokens per Sec:     4759, Lr: 0.000300
2026-05-28 09:43:00,273 - INFO - joeynmt.training - Epoch   6, Step:    20300, Batch Loss:     1.395244, Batch Acc: 0.608338, Tokens per Sec:     4852, Lr: 0.000300
2026-05-28 09:43:15,787 - INFO - joeynmt.training - Epoch   6, Step:    20400, Batch Loss:     1.468778, Batch Acc: 0.607227, Tokens per Sec:     4703, Lr: 0.000300
2026-05-28 09:43:30,794 - INFO - joeynmt.training - Epoch   6, Step:    20500, Batch Loss:     1.326751, Batch Acc: 0.609811, Tokens per Sec:     5019, Lr: 0.000300
2026-05-28 09:43:30,795 - WARNING - joeynmt.helpers - `alpha` option is obsolete. Please use `beam_alpha`, instead.
2026-05-28 09:43:30,795 - INFO - joeynmt.prediction - Predicting 1003 example(s)... (Greedy decoding with min_output_length=1, max_output_length=-1, return_prob='none', generate_unk=True, repetition_penalty=-1, no_repeat_ngram_size=-1)
2026-05-28 09:44:04,500 - INFO - joeynmt.prediction - Evaluation result (greedy) loss:   1.84, ppl:   6.29, acc:   0.51, generation: 33.5764[sec], evaluation: 0.0000[sec]
2026-05-28 09:44:04,500 - INFO - joeynmt.training - Hooray! New best validation result [ppl]!
2026-05-28 09:44:04,634 - INFO - joeynmt.helpers - delete models/tf_bpe_4000_nl_en/18500.ckpt
2026-05-28 09:44:04,638 - INFO - joeynmt.training - Example #0
2026-05-28 09:44:04,638 - DEBUG - joeynmt.training - 	Tokenized source:     ['V@@', 'or@@', 'ig', 'jaar', 'liet', 'ik', 'deze', 'twee', 'dia', '&apos;', 's', 'zien', 'om', 'aan', 'te', 'tonen', 'dat', 'de', 'p@@', 'oo@@', 'lij@@', 'sk@@', 'a@@', 'p', ',', 'die', 'de', 'afgelopen', 'drie', 'miljoen', 'jaar', 'ongeveer', 'de', 'groot@@', 'te', 'had', 'van', 'het', 'va@@', 'stel@@', 'and', 'van', 'de', 'VS', ',', 'met', '40', '%', 'ge@@', 'k@@', 'rom@@', 'pen', 'was', '.']
2026-05-28 09:44:04,638 - DEBUG - joeynmt.training - 	Tokenized reference:  ['La@@', 'st', 'year', 'I', 'sho@@', 'wed', 'these', 'two', 'sli@@', 'des', 'so', 'that', 'de@@', 'mon@@', 'str@@', 'ate', 'that', 'the', 'ar@@', 'c@@', 'tic', 'ice', 'ca@@', 'p', ',', 'which', 'for', 'most', 'of', 'the', 'last', 'three', 'million', 'years', 'has', 'been', 'the', 'size', 'of', 'the', 'lo@@', 'wer', '4@@', '8', 'st@@', 'ates', ',', 'has', 'sh@@', 'run@@', 'k', 'by', '40', 'percent', '.']
2026-05-28 09:44:04,638 - DEBUG - joeynmt.training - 	Tokenized hypothesis: ['And', 'so', ',', 'last', 'year', ',', 'I', 'sho@@', 'wed', 'these', 'two', 'sli@@', 'des', 'to', 'show', 'that', 'the', 'p@@', 'oo@@', 'li@@', 'sk@@', 'p', ',', 'which', 'was', 'about', 'the', 'last', 'three', 'million', 'years', 'of', 'the', 'va@@', 'il@@', 'and', 'the', 'va@@', 'il@@', 'and', 'the', 'U.S.', ',', 'with', '40', 'percent', 'of', 'the', 'U.S.', ',', 'with', '40', 'percent', 'of', 'the', 'size', 'of', 'the', 'U.S.', ',', 'with', '40', 'percent', 'of', 'the', 'size', 'of', 'the', 'U.S.', '.', '</s>']
2026-05-28 09:44:04,639 - INFO - joeynmt.training - 	Source:     Vorig jaar liet ik deze twee dia &apos; s zien om aan te tonen dat de poolijskap , die de afgelopen drie miljoen jaar ongeveer de grootte had van het vasteland van de VS , met 40 % gekrompen was .
2026-05-28 09:44:04,639 - INFO - joeynmt.training - 	Reference:  Last year I showed these two slides so that demonstrate that the arctic ice cap , which for most of the last three million years has been the size of the lower 48 states , has shrunk by 40 percent .
2026-05-28 09:44:04,639 - INFO - joeynmt.training - 	Hypothesis: And so , last year , I showed these two slides to show that the pooliskp , which was about the last three million years of the vailand the vailand the U.S. , with 40 percent of the U.S. , with 40 percent of the size of the U.S. , with 40 percent of the size of the U.S. .
2026-05-28 09:44:04,639 - INFO - joeynmt.training - Example #1
2026-05-28 09:44:04,639 - DEBUG - joeynmt.training - 	Tokenized source:     ['Maar', 'dit', 'onder@@', 'sch@@', 'at', 'eigenlijk', 'de', 'er@@', 'n@@', 'st', 'van', 'dit', 'specif@@', 'ieke', 'probleem', 'omdat', 'het', 'niet', 'de', 'di@@', 'kte', 'van', 'het', 'ij@@', 's', 'laat', 'zien', '.']
2026-05-28 09:44:04,639 - DEBUG - joeynmt.training - 	Tokenized reference:  ['But', 'this', 'under@@', 'st@@', 'ates', 'the', 'ser@@', 'i@@', 'ous@@', 'ness', 'of', 'this', 'particular', 'problem', 'because', 'it', 'doesn', '&apos;t', 'show', 'the', 'th@@', 'ick@@', 'ness', 'of', 'the', 'ice', '.']
2026-05-28 09:44:04,639 - DEBUG - joeynmt.training - 	Tokenized hypothesis: ['But', 'this', 'under@@', 'est@@', 'im@@', 'ated', 'the', 'first', 'of', 'this', 'particular', 'problem', 'because', 'it', 'doesn', '&apos;t', 'show', 'the', 'di@@', 'cul@@', 'ated', 'of', 'the', 'ice', '.', '</s>']
2026-05-28 09:44:04,639 - INFO - joeynmt.training - 	Source:     Maar dit onderschat eigenlijk de ernst van dit specifieke probleem omdat het niet de dikte van het ijs laat zien .
2026-05-28 09:44:04,639 - INFO - joeynmt.training - 	Reference:  But this understates the seriousness of this particular problem because it doesn &apos;t show the thickness of the ice .
2026-05-28 09:44:04,639 - INFO - joeynmt.training - 	Hypothesis: But this underestimated the first of this particular problem because it doesn &apos;t show the diculated of the ice .
2026-05-28 09:44:04,639 - INFO - joeynmt.training - Example #2
2026-05-28 09:44:04,639 - DEBUG - joeynmt.training - 	Tokenized source:     ['De', 'ij@@', 'sk@@', 'a@@', 'p', 'op', 'de', 'N@@', 'oor@@', 'd@@', 'p@@', 'ool', 'is', 'in', 'ze@@', 'kere', 'zin', 'het', 'kl@@', 'op@@', 'p@@', 'end', 'har@@', 't', 'van', 'ons', 'glob@@', 'aal', 'kli@@', 'maat@@', 'systeem', '.']
2026-05-28 09:44:04,639 - DEBUG - joeynmt.training - 	Tokenized reference:  ['The', 'ar@@', 'c@@', 'tic', 'ice', 'ca@@', 'p', 'is', ',', 'in', 'a', 'sense', ',', 'the', 'be@@', 'ating', 'heart', 'of', 'the', 'global', 'climate', 'system', '.']
2026-05-28 09:44:04,639 - DEBUG - joeynmt.training - 	Tokenized hypothesis: ['The', 'ice', 'sk@@', 'in', 'the', 'Nor@@', 'th', 'P@@', 'ole', 'is', 'in', 'a', 'sense', ',', 'the', 'right', 'he@@', 'ar@@', 'ts', 'of', 'our', 'global', 'climate', 'system', '.', '</s>']
2026-05-28 09:44:04,639 - INFO - joeynmt.training - 	Source:     De ijskap op de Noordpool is in zekere zin het kloppend hart van ons globaal klimaatsysteem .
2026-05-28 09:44:04,639 - INFO - joeynmt.training - 	Reference:  The arctic ice cap is , in a sense , the beating heart of the global climate system .
2026-05-28 09:44:04,639 - INFO - joeynmt.training - 	Hypothesis: The ice skin the North Pole is in a sense , the right hearts of our global climate system .
2026-05-28 09:44:04,640 - INFO - joeynmt.training - Example #3
2026-05-28 09:44:04,640 - DEBUG - joeynmt.training - 	Tokenized source:     ['Het', 'zet', 'uit', 'in', 'de', 'win@@', 'ter', 'en', 'k@@', 'ri@@', 'mp@@', 't', 'in', 'de', 'z@@', 'om@@', 'er', '.']
2026-05-28 09:44:04,640 - DEBUG - joeynmt.training - 	Tokenized reference:  ['It', 'exp@@', 'ands', 'in', 'win@@', 'ter', 'and', 'con@@', 'trac@@', 'ts', 'in', 'su@@', 'mmer', '.']
2026-05-28 09:44:04,640 - DEBUG - joeynmt.training - 	Tokenized hypothesis: ['It', '&apos;s', 'in', 'the', 'win@@', 'ter', 'and', 'k@@', 'ri@@', 'mp@@', 's', 'in', 'the', 'su@@', 'mmer', '.', '</s>']
2026-05-28 09:44:04,640 - INFO - joeynmt.training - 	Source:     Het zet uit in de winter en krimpt in de zomer .
2026-05-28 09:44:04,640 - INFO - joeynmt.training - 	Reference:  It expands in winter and contracts in summer .
2026-05-28 09:44:04,640 - INFO - joeynmt.training - 	Hypothesis: It &apos;s in the winter and krimps in the summer .
2026-05-28 09:44:04,640 - INFO - joeynmt.training - Example #4
2026-05-28 09:44:04,640 - DEBUG - joeynmt.training - 	Tokenized source:     ['De', 'volgende', 'dia', 'die', 'ik', 'laat', 'zien', 'is', 'een', 'vers@@', 'n@@', 'elde', 'ver@@', 'sie', 'van', 'wat', 'er', 'de', 'afgelopen', '25', 'jaar', 'is', 'gebeurd', '.']
2026-05-28 09:44:04,640 - DEBUG - joeynmt.training - 	Tokenized reference:  ['The', 'next', 'sli@@', 'de', 'I', 'show', 'you', 'will', 'be', 'a', 'r@@', 'ap@@', 'id', 'fa@@', 'st-@@', 'forward', 'of', 'what', '&apos;s', 'happened', 'over', 'the', 'last', '25', 'years', '.']
2026-05-28 09:44:04,640 - DEBUG - joeynmt.training - 	Tokenized hypothesis: ['The', 'next', 'sli@@', 'de', 'I', '&apos;m', 'sho@@', 'wing', 'is', 'a', 'vers@@', 'us', 'of', 'what', '&apos;s', 'happened', 'the', 'last', '25', 'years', '.', '</s>']
2026-05-28 09:44:04,640 - INFO - joeynmt.training - 	Source:     De volgende dia die ik laat zien is een versnelde versie van wat er de afgelopen 25 jaar is gebeurd .
2026-05-28 09:44:04,640 - INFO - joeynmt.training - 	Reference:  The next slide I show you will be a rapid fast-forward of what &apos;s happened over the last 25 years .
2026-05-28 09:44:04,640 - INFO - joeynmt.training - 	Hypothesis: The next slide I &apos;m showing is a versus of what &apos;s happened the last 25 years .
2026-05-28 09:44:20,524 - INFO - joeynmt.training - Epoch   6, Step:    20600, Batch Loss:     1.593995, Batch Acc: 0.608976, Tokens per Sec:     4657, Lr: 0.000300
2026-05-28 09:44:35,312 - INFO - joeynmt.training - Epoch   6, Step:    20700, Batch Loss:     1.418422, Batch Acc: 0.602685, Tokens per Sec:     4902, Lr: 0.000300
2026-05-28 09:44:50,577 - INFO - joeynmt.training - Epoch   6, Step:    20800, Batch Loss:     1.426035, Batch Acc: 0.605555, Tokens per Sec:     4849, Lr: 0.000300
2026-05-28 09:45:05,884 - INFO - joeynmt.training - Epoch   6, Step:    20900, Batch Loss:     1.240381, Batch Acc: 0.609561, Tokens per Sec:     4824, Lr: 0.000300
2026-05-28 09:45:20,440 - INFO - joeynmt.training - Epoch   6: total training loss 4950.97
2026-05-28 09:45:20,440 - INFO - joeynmt.training - EPOCH 7
2026-05-28 09:45:21,204 - INFO - joeynmt.training - Epoch   7, Step:    21000, Batch Loss:     1.429399, Batch Acc: 0.609088, Tokens per Sec:     4356, Lr: 0.000300
2026-05-28 09:45:21,204 - WARNING - joeynmt.helpers - `alpha` option is obsolete. Please use `beam_alpha`, instead.
2026-05-28 09:45:21,204 - INFO - joeynmt.prediction - Predicting 1003 example(s)... (Greedy decoding with min_output_length=1, max_output_length=-1, return_prob='none', generate_unk=True, repetition_penalty=-1, no_repeat_ngram_size=-1)
2026-05-28 09:45:52,534 - INFO - joeynmt.prediction - Evaluation result (greedy) loss:   1.83, ppl:   6.26, acc:   0.51, generation: 31.3193[sec], evaluation: 0.0000[sec]
2026-05-28 09:45:52,537 - INFO - joeynmt.training - Hooray! New best validation result [ppl]!
2026-05-28 09:45:52,672 - INFO - joeynmt.helpers - delete models/tf_bpe_4000_nl_en/19000.ckpt
2026-05-28 09:45:52,679 - INFO - joeynmt.training - Example #0
2026-05-28 09:45:52,679 - DEBUG - joeynmt.training - 	Tokenized source:     ['V@@', 'or@@', 'ig', 'jaar', 'liet', 'ik', 'deze', 'twee', 'dia', '&apos;', 's', 'zien', 'om', 'aan', 'te', 'tonen', 'dat', 'de', 'p@@', 'oo@@', 'lij@@', 'sk@@', 'a@@', 'p', ',', 'die', 'de', 'afgelopen', 'drie', 'miljoen', 'jaar', 'ongeveer', 'de', 'groot@@', 'te', 'had', 'van', 'het', 'va@@', 'stel@@', 'and', 'van', 'de', 'VS', ',', 'met', '40', '%', 'ge@@', 'k@@', 'rom@@', 'pen', 'was', '.']
2026-05-28 09:45:52,679 - DEBUG - joeynmt.training - 	Tokenized reference:  ['La@@', 'st', 'year', 'I', 'sho@@', 'wed', 'these', 'two', 'sli@@', 'des', 'so', 'that', 'de@@', 'mon@@', 'str@@', 'ate', 'that', 'the', 'ar@@', 'c@@', 'tic', 'ice', 'ca@@', 'p', ',', 'which', 'for', 'most', 'of', 'the', 'last', 'three', 'million', 'years', 'has', 'been', 'the', 'size', 'of', 'the', 'lo@@', 'wer', '4@@', '8', 'st@@', 'ates', ',', 'has', 'sh@@', 'run@@', 'k', 'by', '40', 'percent', '.']
2026-05-28 09:45:52,679 - DEBUG - joeynmt.training - 	Tokenized hypothesis: ['And', 'last', 'year', ',', 'I', 'sho@@', 'wed', 'these', 'two', 'sli@@', 'des', 'to', 'show', 'that', 'the', 'p@@', 'oo@@', 'li@@', 'sk@@', 'a@@', 'p', ',', 'which', 'had', 'about', 'the', 'last', 'three', 'million', 'years', 'of', 'the', 'va@@', 'il@@', 'and', 'the', 'va@@', 'il@@', 'and', 'the', 'U@@', 'S', ',', 'with', '40', 'percent', 'of', 'the', 'U@@', 'S', ',', 'with', '40', 'percent', 'percent', 'of', 'the', 'U@@', 'S', ',', 'with', '40', 'percent', 'of', 'the', 'U.S.', ',', 'with', '40', 'percent', 'of', 'the', 'course', 'of', 'the', 'U@@', 'S', ',', 'with', '40', 'percent', 'of', 'the', 'size', 'of', 'the', 'U@@', 'S', ',', 'with', '40', 'percent', 'of']
2026-05-28 09:45:52,680 - INFO - joeynmt.training - 	Source:     Vorig jaar liet ik deze twee dia &apos; s zien om aan te tonen dat de poolijskap , die de afgelopen drie miljoen jaar ongeveer de grootte had van het vasteland van de VS , met 40 % gekrompen was .
2026-05-28 09:45:52,680 - INFO - joeynmt.training - 	Reference:  Last year I showed these two slides so that demonstrate that the arctic ice cap , which for most of the last three million years has been the size of the lower 48 states , has shrunk by 40 percent .
2026-05-28 09:45:52,680 - INFO - joeynmt.training - 	Hypothesis: And last year , I showed these two slides to show that the pooliskap , which had about the last three million years of the vailand the vailand the US , with 40 percent of the US , with 40 percent percent of the US , with 40 percent of the U.S. , with 40 percent of the course of the US , with 40 percent of the size of the US , with 40 percent of
2026-05-28 09:45:52,680 - INFO - joeynmt.training - Example #1
2026-05-28 09:45:52,680 - DEBUG - joeynmt.training - 	Tokenized source:     ['Maar', 'dit', 'onder@@', 'sch@@', 'at', 'eigenlijk', 'de', 'er@@', 'n@@', 'st', 'van', 'dit', 'specif@@', 'ieke', 'probleem', 'omdat', 'het', 'niet', 'de', 'di@@', 'kte', 'van', 'het', 'ij@@', 's', 'laat', 'zien', '.']
2026-05-28 09:45:52,680 - DEBUG - joeynmt.training - 	Tokenized reference:  ['But', 'this', 'under@@', 'st@@', 'ates', 'the', 'ser@@', 'i@@', 'ous@@', 'ness', 'of', 'this', 'particular', 'problem', 'because', 'it', 'doesn', '&apos;t', 'show', 'the', 'th@@', 'ick@@', 'ness', 'of', 'the', 'ice', '.']
2026-05-28 09:45:52,680 - DEBUG - joeynmt.training - 	Tokenized hypothesis: ['But', 'this', 'is', 'actually', ',', 'actually', ',', 'the', 'wor@@', 'th', 'of', 'this', 'particular', 'problem', 'because', 'it', 'doesn', '&apos;t', 'show', 'the', 'di@@', 'sa@@', 'ved', 'of', 'the', 'ice', '.', '</s>']
2026-05-28 09:45:52,680 - INFO - joeynmt.training - 	Source:     Maar dit onderschat eigenlijk de ernst van dit specifieke probleem omdat het niet de dikte van het ijs laat zien .
2026-05-28 09:45:52,680 - INFO - joeynmt.training - 	Reference:  But this understates the seriousness of this particular problem because it doesn &apos;t show the thickness of the ice .
2026-05-28 09:45:52,680 - INFO - joeynmt.training - 	Hypothesis: But this is actually , actually , the worth of this particular problem because it doesn &apos;t show the disaved of the ice .
2026-05-28 09:45:52,680 - INFO - joeynmt.training - Example #2
2026-05-28 09:45:52,680 - DEBUG - joeynmt.training - 	Tokenized source:     ['De', 'ij@@', 'sk@@', 'a@@', 'p', 'op', 'de', 'N@@', 'oor@@', 'd@@', 'p@@', 'ool', 'is', 'in', 'ze@@', 'kere', 'zin', 'het', 'kl@@', 'op@@', 'p@@', 'end', 'har@@', 't', 'van', 'ons', 'glob@@', 'aal', 'kli@@', 'maat@@', 'systeem', '.']
2026-05-28 09:45:52,680 - DEBUG - joeynmt.training - 	Tokenized reference:  ['The', 'ar@@', 'c@@', 'tic', 'ice', 'ca@@', 'p', 'is', ',', 'in', 'a', 'sense', ',', 'the', 'be@@', 'ating', 'heart', 'of', 'the', 'global', 'climate', 'system', '.']
2026-05-28 09:45:52,680 - DEBUG - joeynmt.training - 	Tokenized hypothesis: ['The', 'ic@@', 'sk@@', 'a@@', 'p', 'on', 'the', 'Nor@@', 'th', 'P@@', 'ole', 'is', 'in', 'a', 'sense', ',', 'the', 'cl@@', 'op@@', 'e', 'of', 'our', 'global', 'climate', 'system', '.', '</s>']
2026-05-28 09:45:52,680 - INFO - joeynmt.training - 	Source:     De ijskap op de Noordpool is in zekere zin het kloppend hart van ons globaal klimaatsysteem .
2026-05-28 09:45:52,681 - INFO - joeynmt.training - 	Reference:  The arctic ice cap is , in a sense , the beating heart of the global climate system .
2026-05-28 09:45:52,681 - INFO - joeynmt.training - 	Hypothesis: The icskap on the North Pole is in a sense , the clope of our global climate system .
2026-05-28 09:45:52,681 - INFO - joeynmt.training - Example #3
2026-05-28 09:45:52,681 - DEBUG - joeynmt.training - 	Tokenized source:     ['Het', 'zet', 'uit', 'in', 'de', 'win@@', 'ter', 'en', 'k@@', 'ri@@', 'mp@@', 't', 'in', 'de', 'z@@', 'om@@', 'er', '.']
2026-05-28 09:45:52,681 - DEBUG - joeynmt.training - 	Tokenized reference:  ['It', 'exp@@', 'ands', 'in', 'win@@', 'ter', 'and', 'con@@', 'trac@@', 'ts', 'in', 'su@@', 'mmer', '.']
2026-05-28 09:45:52,681 - DEBUG - joeynmt.training - 	Tokenized hypothesis: ['It', '&apos;s', 'pu@@', 'tting', 'out', 'in', 'the', 'win@@', 'ter', 'and', 'k@@', 'ri@@', 'mp@@', 't', 'in', 'the', 'su@@', 'mmer', '.', '</s>']
2026-05-28 09:45:52,681 - INFO - joeynmt.training - 	Source:     Het zet uit in de winter en krimpt in de zomer .
2026-05-28 09:45:52,681 - INFO - joeynmt.training - 	Reference:  It expands in winter and contracts in summer .
2026-05-28 09:45:52,682 - INFO - joeynmt.training - 	Hypothesis: It &apos;s putting out in the winter and krimpt in the summer .
2026-05-28 09:45:52,682 - INFO - joeynmt.training - Example #4
2026-05-28 09:45:52,682 - DEBUG - joeynmt.training - 	Tokenized source:     ['De', 'volgende', 'dia', 'die', 'ik', 'laat', 'zien', 'is', 'een', 'vers@@', 'n@@', 'elde', 'ver@@', 'sie', 'van', 'wat', 'er', 'de', 'afgelopen', '25', 'jaar', 'is', 'gebeurd', '.']
2026-05-28 09:45:52,682 - DEBUG - joeynmt.training - 	Tokenized reference:  ['The', 'next', 'sli@@', 'de', 'I', 'show', 'you', 'will', 'be', 'a', 'r@@', 'ap@@', 'id', 'fa@@', 'st-@@', 'forward', 'of', 'what', '&apos;s', 'happened', 'over', 'the', 'last', '25', 'years', '.']
2026-05-28 09:45:52,682 - DEBUG - joeynmt.training - 	Tokenized hypothesis: ['The', 'next', 'sli@@', 'de', 'I', '&apos;m', 'sho@@', 'wing', 'is', 'a', 'vers@@', 'us', 'what', '&apos;s', 'happened', 'the', 'last', '25', 'years', '.', '</s>']
2026-05-28 09:45:52,683 - INFO - joeynmt.training - 	Source:     De volgende dia die ik laat zien is een versnelde versie van wat er de afgelopen 25 jaar is gebeurd .
2026-05-28 09:45:52,683 - INFO - joeynmt.training - 	Reference:  The next slide I show you will be a rapid fast-forward of what &apos;s happened over the last 25 years .
2026-05-28 09:45:52,683 - INFO - joeynmt.training - 	Hypothesis: The next slide I &apos;m showing is a versus what &apos;s happened the last 25 years .
2026-05-28 09:46:08,572 - INFO - joeynmt.training - Epoch   7, Step:    21100, Batch Loss:     1.453783, Batch Acc: 0.625949, Tokens per Sec:     4567, Lr: 0.000300
2026-05-28 09:46:23,388 - INFO - joeynmt.training - Epoch   7, Step:    21200, Batch Loss:     1.168789, Batch Acc: 0.625714, Tokens per Sec:     5084, Lr: 0.000300
2026-05-28 09:46:39,005 - INFO - joeynmt.training - Epoch   7, Step:    21300, Batch Loss:     1.224331, Batch Acc: 0.625217, Tokens per Sec:     4547, Lr: 0.000300
2026-05-28 09:47:08,946 - INFO - joeynmt.training - Epoch   7, Step:    21400, Batch Loss:     1.385393, Batch Acc: 0.631873, Tokens per Sec:     2497, Lr: 0.000300
2026-05-28 09:47:24,698 - INFO - joeynmt.training - Epoch   7, Step:    21500, Batch Loss:     1.149410, Batch Acc: 0.623580, Tokens per Sec:     4622, Lr: 0.000300
2026-05-28 09:47:24,699 - WARNING - joeynmt.helpers - `alpha` option is obsolete. Please use `beam_alpha`, instead.
2026-05-28 09:47:24,699 - INFO - joeynmt.prediction - Predicting 1003 example(s)... (Greedy decoding with min_output_length=1, max_output_length=-1, return_prob='none', generate_unk=True, repetition_penalty=-1, no_repeat_ngram_size=-1)
2026-05-28 09:47:53,273 - INFO - joeynmt.prediction - Evaluation result (greedy) loss:   1.85, ppl:   6.37, acc:   0.51, generation: 28.5658[sec], evaluation: 0.0000[sec]
2026-05-28 09:47:53,410 - INFO - joeynmt.helpers - delete models/tf_bpe_4000_nl_en/17500.ckpt
2026-05-28 09:47:53,415 - INFO - joeynmt.training - Example #0
2026-05-28 09:47:53,415 - DEBUG - joeynmt.training - 	Tokenized source:     ['V@@', 'or@@', 'ig', 'jaar', 'liet', 'ik', 'deze', 'twee', 'dia', '&apos;', 's', 'zien', 'om', 'aan', 'te', 'tonen', 'dat', 'de', 'p@@', 'oo@@', 'lij@@', 'sk@@', 'a@@', 'p', ',', 'die', 'de', 'afgelopen', 'drie', 'miljoen', 'jaar', 'ongeveer', 'de', 'groot@@', 'te', 'had', 'van', 'het', 'va@@', 'stel@@', 'and', 'van', 'de', 'VS', ',', 'met', '40', '%', 'ge@@', 'k@@', 'rom@@', 'pen', 'was', '.']
2026-05-28 09:47:53,415 - DEBUG - joeynmt.training - 	Tokenized reference:  ['La@@', 'st', 'year', 'I', 'sho@@', 'wed', 'these', 'two', 'sli@@', 'des', 'so', 'that', 'de@@', 'mon@@', 'str@@', 'ate', 'that', 'the', 'ar@@', 'c@@', 'tic', 'ice', 'ca@@', 'p', ',', 'which', 'for', 'most', 'of', 'the', 'last', 'three', 'million', 'years', 'has', 'been', 'the', 'size', 'of', 'the', 'lo@@', 'wer', '4@@', '8', 'st@@', 'ates', ',', 'has', 'sh@@', 'run@@', 'k', 'by', '40', 'percent', '.']
2026-05-28 09:47:53,415 - DEBUG - joeynmt.training - 	Tokenized hypothesis: ['F@@', 'in@@', 'ally', 'years', ',', 'I', 'sho@@', 'wed', 'these', 'two', 'sli@@', 'des', 'to', 'show', 'that', 'the', 'p@@', 'oo@@', 'li@@', 'sk@@', 'a@@', 'p', ',', 'who', 'had', 'about', 'the', 'last', 'three', 'million', 'years', 'of', 'the', 'va@@', 'ster@@', 'land', 'of', 'the', 'va@@', 'ster@@', 'land', 'of', 'the', 'va@@', 'ster@@', 'n', ',', 'with', '40', 'percent', 'of', 'the', 'n@@', 'ar@@', 'r@@', 'ative', '.', '</s>']
2026-05-28 09:47:53,415 - INFO - joeynmt.training - 	Source:     Vorig jaar liet ik deze twee dia &apos; s zien om aan te tonen dat de poolijskap , die de afgelopen drie miljoen jaar ongeveer de grootte had van het vasteland van de VS , met 40 % gekrompen was .
2026-05-28 09:47:53,416 - INFO - joeynmt.training - 	Reference:  Last year I showed these two slides so that demonstrate that the arctic ice cap , which for most of the last three million years has been the size of the lower 48 states , has shrunk by 40 percent .
2026-05-28 09:47:53,416 - INFO - joeynmt.training - 	Hypothesis: Finally years , I showed these two slides to show that the pooliskap , who had about the last three million years of the vasterland of the vasterland of the vastern , with 40 percent of the narrative .
2026-05-28 09:47:53,416 - INFO - joeynmt.training - Example #1
2026-05-28 09:47:53,416 - DEBUG - joeynmt.training - 	Tokenized source:     ['Maar', 'dit', 'onder@@', 'sch@@', 'at', 'eigenlijk', 'de', 'er@@', 'n@@', 'st', 'van', 'dit', 'specif@@', 'ieke', 'probleem', 'omdat', 'het', 'niet', 'de', 'di@@', 'kte', 'van', 'het', 'ij@@', 's', 'laat', 'zien', '.']
2026-05-28 09:47:53,416 - DEBUG - joeynmt.training - 	Tokenized reference:  ['But', 'this', 'under@@', 'st@@', 'ates', 'the', 'ser@@', 'i@@', 'ous@@', 'ness', 'of', 'this', 'particular', 'problem', 'because', 'it', 'doesn', '&apos;t', 'show', 'the', 'th@@', 'ick@@', 'ness', 'of', 'the', 'ice', '.']
2026-05-28 09:47:53,416 - DEBUG - joeynmt.training - 	Tokenized hypothesis: ['But', 'this', 'is', 'actually', 'the', 'most', 'of', 'this', 'particular', 'problem', 'because', 'it', 'doesn', '&apos;t', 'show', 'the', 'di@@', 'cul@@', 'ti@@', 'v@@', 'ate', 'of', 'the', 'ice', '.', '</s>']
2026-05-28 09:47:53,416 - INFO - joeynmt.training - 	Source:     Maar dit onderschat eigenlijk de ernst van dit specifieke probleem omdat het niet de dikte van het ijs laat zien .
2026-05-28 09:47:53,416 - INFO - joeynmt.training - 	Reference:  But this understates the seriousness of this particular problem because it doesn &apos;t show the thickness of the ice .
2026-05-28 09:47:53,416 - INFO - joeynmt.training - 	Hypothesis: But this is actually the most of this particular problem because it doesn &apos;t show the dicultivate of the ice .
2026-05-28 09:47:53,416 - INFO - joeynmt.training - Example #2
2026-05-28 09:47:53,416 - DEBUG - joeynmt.training - 	Tokenized source:     ['De', 'ij@@', 'sk@@', 'a@@', 'p', 'op', 'de', 'N@@', 'oor@@', 'd@@', 'p@@', 'ool', 'is', 'in', 'ze@@', 'kere', 'zin', 'het', 'kl@@', 'op@@', 'p@@', 'end', 'har@@', 't', 'van', 'ons', 'glob@@', 'aal', 'kli@@', 'maat@@', 'systeem', '.']
2026-05-28 09:47:53,416 - DEBUG - joeynmt.training - 	Tokenized reference:  ['The', 'ar@@', 'c@@', 'tic', 'ice', 'ca@@', 'p', 'is', ',', 'in', 'a', 'sense', ',', 'the', 'be@@', 'ating', 'heart', 'of', 'the', 'global', 'climate', 'system', '.']
2026-05-28 09:47:53,416 - DEBUG - joeynmt.training - 	Tokenized hypothesis: ['The', 'ic@@', 'sk@@', 'a@@', 'p', 'on', 'the', 'Nor@@', 'th', 'P@@', 'ole', 'is', 'in', 'a', 'certain', 'sense', ',', 'the', 'cl@@', 'op@@', 'y', 'of', 'our', 'global', 'climate', 'system', '.', '</s>']
2026-05-28 09:47:53,416 - INFO - joeynmt.training - 	Source:     De ijskap op de Noordpool is in zekere zin het kloppend hart van ons globaal klimaatsysteem .
2026-05-28 09:47:53,416 - INFO - joeynmt.training - 	Reference:  The arctic ice cap is , in a sense , the beating heart of the global climate system .
2026-05-28 09:47:53,416 - INFO - joeynmt.training - 	Hypothesis: The icskap on the North Pole is in a certain sense , the clopy of our global climate system .
2026-05-28 09:47:53,417 - INFO - joeynmt.training - Example #3
2026-05-28 09:47:53,417 - DEBUG - joeynmt.training - 	Tokenized source:     ['Het', 'zet', 'uit', 'in', 'de', 'win@@', 'ter', 'en', 'k@@', 'ri@@', 'mp@@', 't', 'in', 'de', 'z@@', 'om@@', 'er', '.']
2026-05-28 09:47:53,417 - DEBUG - joeynmt.training - 	Tokenized reference:  ['It', 'exp@@', 'ands', 'in', 'win@@', 'ter', 'and', 'con@@', 'trac@@', 'ts', 'in', 'su@@', 'mmer', '.']
2026-05-28 09:47:53,417 - DEBUG - joeynmt.training - 	Tokenized hypothesis: ['It', '&apos;s', 'a', 'way', 'in', 'the', 'su@@', 'mmer', 'and', 'k@@', 'mp@@', 's', 'in', 'the', 'su@@', 'mmer', '.', '</s>']
2026-05-28 09:47:53,417 - INFO - joeynmt.training - 	Source:     Het zet uit in de winter en krimpt in de zomer .
2026-05-28 09:47:53,417 - INFO - joeynmt.training - 	Reference:  It expands in winter and contracts in summer .
2026-05-28 09:47:53,417 - INFO - joeynmt.training - 	Hypothesis: It &apos;s a way in the summer and kmps in the summer .
2026-05-28 09:47:53,417 - INFO - joeynmt.training - Example #4
2026-05-28 09:47:53,417 - DEBUG - joeynmt.training - 	Tokenized source:     ['De', 'volgende', 'dia', 'die', 'ik', 'laat', 'zien', 'is', 'een', 'vers@@', 'n@@', 'elde', 'ver@@', 'sie', 'van', 'wat', 'er', 'de', 'afgelopen', '25', 'jaar', 'is', 'gebeurd', '.']
2026-05-28 09:47:53,417 - DEBUG - joeynmt.training - 	Tokenized reference:  ['The', 'next', 'sli@@', 'de', 'I', 'show', 'you', 'will', 'be', 'a', 'r@@', 'ap@@', 'id', 'fa@@', 'st-@@', 'forward', 'of', 'what', '&apos;s', 'happened', 'over', 'the', 'last', '25', 'years', '.']
2026-05-28 09:47:53,417 - DEBUG - joeynmt.training - 	Tokenized hypothesis: ['The', 'next', 'sli@@', 'de', 'I', '&apos;m', 'sho@@', 'wing', 'is', 'a', 'vers@@', 'ed', 'ver@@', 'sion', 'of', 'what', '&apos;s', 'happened', 'the', 'last', '25', 'years', '.', '</s>']
2026-05-28 09:47:53,417 - INFO - joeynmt.training - 	Source:     De volgende dia die ik laat zien is een versnelde versie van wat er de afgelopen 25 jaar is gebeurd .
2026-05-28 09:47:53,417 - INFO - joeynmt.training - 	Reference:  The next slide I show you will be a rapid fast-forward of what &apos;s happened over the last 25 years .
2026-05-28 09:47:53,417 - INFO - joeynmt.training - 	Hypothesis: The next slide I &apos;m showing is a versed version of what &apos;s happened the last 25 years .
2026-05-28 09:48:09,365 - INFO - joeynmt.training - Epoch   7, Step:    21600, Batch Loss:     1.413530, Batch Acc: 0.622714, Tokens per Sec:     4859, Lr: 0.000300
2026-05-28 09:48:25,283 - INFO - joeynmt.training - Epoch   7, Step:    21700, Batch Loss:     1.355455, Batch Acc: 0.621164, Tokens per Sec:     4600, Lr: 0.000300
2026-05-28 09:48:41,166 - INFO - joeynmt.training - Epoch   7, Step:    21800, Batch Loss:     1.190834, Batch Acc: 0.620611, Tokens per Sec:     4795, Lr: 0.000300
2026-05-28 09:48:56,443 - INFO - joeynmt.training - Epoch   7, Step:    21900, Batch Loss:     1.515499, Batch Acc: 0.623449, Tokens per Sec:     4959, Lr: 0.000300
2026-05-28 09:49:11,907 - INFO - joeynmt.training - Epoch   7, Step:    22000, Batch Loss:     1.357712, Batch Acc: 0.624026, Tokens per Sec:     4762, Lr: 0.000300
2026-05-28 09:49:11,907 - WARNING - joeynmt.helpers - `alpha` option is obsolete. Please use `beam_alpha`, instead.
2026-05-28 09:49:11,907 - INFO - joeynmt.prediction - Predicting 1003 example(s)... (Greedy decoding with min_output_length=1, max_output_length=-1, return_prob='none', generate_unk=True, repetition_penalty=-1, no_repeat_ngram_size=-1)
2026-05-28 09:49:40,487 - INFO - joeynmt.prediction - Evaluation result (greedy) loss:   1.85, ppl:   6.38, acc:   0.51, generation: 28.5704[sec], evaluation: 0.0000[sec]
2026-05-28 09:49:40,492 - INFO - joeynmt.training - Example #0
2026-05-28 09:49:40,492 - DEBUG - joeynmt.training - 	Tokenized source:     ['V@@', 'or@@', 'ig', 'jaar', 'liet', 'ik', 'deze', 'twee', 'dia', '&apos;', 's', 'zien', 'om', 'aan', 'te', 'tonen', 'dat', 'de', 'p@@', 'oo@@', 'lij@@', 'sk@@', 'a@@', 'p', ',', 'die', 'de', 'afgelopen', 'drie', 'miljoen', 'jaar', 'ongeveer', 'de', 'groot@@', 'te', 'had', 'van', 'het', 'va@@', 'stel@@', 'and', 'van', 'de', 'VS', ',', 'met', '40', '%', 'ge@@', 'k@@', 'rom@@', 'pen', 'was', '.']
2026-05-28 09:49:40,492 - DEBUG - joeynmt.training - 	Tokenized reference:  ['La@@', 'st', 'year', 'I', 'sho@@', 'wed', 'these', 'two', 'sli@@', 'des', 'so', 'that', 'de@@', 'mon@@', 'str@@', 'ate', 'that', 'the', 'ar@@', 'c@@', 'tic', 'ice', 'ca@@', 'p', ',', 'which', 'for', 'most', 'of', 'the', 'last', 'three', 'million', 'years', 'has', 'been', 'the', 'size', 'of', 'the', 'lo@@', 'wer', '4@@', '8', 'st@@', 'ates', ',', 'has', 'sh@@', 'run@@', 'k', 'by', '40', 'percent', '.']
2026-05-28 09:49:40,492 - DEBUG - joeynmt.training - 	Tokenized hypothesis: ['La@@', 'st', 'year', ',', 'I', 'sho@@', 'wed', 'these', 'two', 'sli@@', 'des', 'to', 'show', 'that', 'the', 'p@@', 'oo@@', 'l@@', 'sk@@', 'a@@', 'p', ',', 'who', 'had', 'about', 'the', 'last', 'three', 'million', 'years', 'about', 'the', 'size', 'of', 'the', 'va@@', 'ed', 'of', 'the', 'U.S.', ',', 'with', '40', 'percent', 'of', 'the', 'U.S.', ',', 'with', '40', 'percent', '.', '</s>']
2026-05-28 09:49:40,493 - INFO - joeynmt.training - 	Source:     Vorig jaar liet ik deze twee dia &apos; s zien om aan te tonen dat de poolijskap , die de afgelopen drie miljoen jaar ongeveer de grootte had van het vasteland van de VS , met 40 % gekrompen was .
2026-05-28 09:49:40,493 - INFO - joeynmt.training - 	Reference:  Last year I showed these two slides so that demonstrate that the arctic ice cap , which for most of the last three million years has been the size of the lower 48 states , has shrunk by 40 percent .
2026-05-28 09:49:40,493 - INFO - joeynmt.training - 	Hypothesis: Last year , I showed these two slides to show that the poolskap , who had about the last three million years about the size of the vaed of the U.S. , with 40 percent of the U.S. , with 40 percent .
2026-05-28 09:49:40,493 - INFO - joeynmt.training - Example #1
2026-05-28 09:49:40,493 - DEBUG - joeynmt.training - 	Tokenized source:     ['Maar', 'dit', 'onder@@', 'sch@@', 'at', 'eigenlijk', 'de', 'er@@', 'n@@', 'st', 'van', 'dit', 'specif@@', 'ieke', 'probleem', 'omdat', 'het', 'niet', 'de', 'di@@', 'kte', 'van', 'het', 'ij@@', 's', 'laat', 'zien', '.']
2026-05-28 09:49:40,493 - DEBUG - joeynmt.training - 	Tokenized reference:  ['But', 'this', 'under@@', 'st@@', 'ates', 'the', 'ser@@', 'i@@', 'ous@@', 'ness', 'of', 'this', 'particular', 'problem', 'because', 'it', 'doesn', '&apos;t', 'show', 'the', 'th@@', 'ick@@', 'ness', 'of', 'the', 'ice', '.']
2026-05-28 09:49:40,493 - DEBUG - joeynmt.training - 	Tokenized hypothesis: ['But', 'this', 'under@@', 'est@@', 'im@@', 'ates', 'the', 'very', 'speci@@', 'fic', 'problem', 'because', 'it', 'doesn', '&apos;t', 'show', 'the', 'di@@', 'cul@@', 'ate', 'of', 'the', 'ice', '.', '</s>']
2026-05-28 09:49:40,493 - INFO - joeynmt.training - 	Source:     Maar dit onderschat eigenlijk de ernst van dit specifieke probleem omdat het niet de dikte van het ijs laat zien .
2026-05-28 09:49:40,493 - INFO - joeynmt.training - 	Reference:  But this understates the seriousness of this particular problem because it doesn &apos;t show the thickness of the ice .
2026-05-28 09:49:40,493 - INFO - joeynmt.training - 	Hypothesis: But this underestimates the very specific problem because it doesn &apos;t show the diculate of the ice .
2026-05-28 09:49:40,493 - INFO - joeynmt.training - Example #2
2026-05-28 09:49:40,494 - DEBUG - joeynmt.training - 	Tokenized source:     ['De', 'ij@@', 'sk@@', 'a@@', 'p', 'op', 'de', 'N@@', 'oor@@', 'd@@', 'p@@', 'ool', 'is', 'in', 'ze@@', 'kere', 'zin', 'het', 'kl@@', 'op@@', 'p@@', 'end', 'har@@', 't', 'van', 'ons', 'glob@@', 'aal', 'kli@@', 'maat@@', 'systeem', '.']
2026-05-28 09:49:40,494 - DEBUG - joeynmt.training - 	Tokenized reference:  ['The', 'ar@@', 'c@@', 'tic', 'ice', 'ca@@', 'p', 'is', ',', 'in', 'a', 'sense', ',', 'the', 'be@@', 'ating', 'heart', 'of', 'the', 'global', 'climate', 'system', '.']
2026-05-28 09:49:40,494 - DEBUG - joeynmt.training - 	Tokenized hypothesis: ['The', 'ir@@', 'st', 'sk@@', 'a@@', 'p', 'on', 'the', 'Nor@@', 'th', 'P@@', 'ole', 'is', 'in', 'a', 'sense', ',', 'the', 'cl@@', 'op@@', 'y', 'of', 'our', 'global', 'climate', 'system', '.', '</s>']
2026-05-28 09:49:40,494 - INFO - joeynmt.training - 	Source:     De ijskap op de Noordpool is in zekere zin het kloppend hart van ons globaal klimaatsysteem .
2026-05-28 09:49:40,494 - INFO - joeynmt.training - 	Reference:  The arctic ice cap is , in a sense , the beating heart of the global climate system .
2026-05-28 09:49:40,494 - INFO - joeynmt.training - 	Hypothesis: The irst skap on the North Pole is in a sense , the clopy of our global climate system .
2026-05-28 09:49:40,494 - INFO - joeynmt.training - Example #3
2026-05-28 09:49:40,494 - DEBUG - joeynmt.training - 	Tokenized source:     ['Het', 'zet', 'uit', 'in', 'de', 'win@@', 'ter', 'en', 'k@@', 'ri@@', 'mp@@', 't', 'in', 'de', 'z@@', 'om@@', 'er', '.']
2026-05-28 09:49:40,494 - DEBUG - joeynmt.training - 	Tokenized reference:  ['It', 'exp@@', 'ands', 'in', 'win@@', 'ter', 'and', 'con@@', 'trac@@', 'ts', 'in', 'su@@', 'mmer', '.']
2026-05-28 09:49:40,494 - DEBUG - joeynmt.training - 	Tokenized hypothesis: ['It', '&apos;s', 'pu@@', 'tting', 'it', 'in', 'the', 'win@@', 'ter', 'and', 'k@@', 'ri@@', 'mp@@', 's', 'in', 'the', 'su@@', 'mmer', '.', '</s>']
2026-05-28 09:49:40,494 - INFO - joeynmt.training - 	Source:     Het zet uit in de winter en krimpt in de zomer .
2026-05-28 09:49:40,494 - INFO - joeynmt.training - 	Reference:  It expands in winter and contracts in summer .
2026-05-28 09:49:40,494 - INFO - joeynmt.training - 	Hypothesis: It &apos;s putting it in the winter and krimps in the summer .
2026-05-28 09:49:40,495 - INFO - joeynmt.training - Example #4
2026-05-28 09:49:40,495 - DEBUG - joeynmt.training - 	Tokenized source:     ['De', 'volgende', 'dia', 'die', 'ik', 'laat', 'zien', 'is', 'een', 'vers@@', 'n@@', 'elde', 'ver@@', 'sie', 'van', 'wat', 'er', 'de', 'afgelopen', '25', 'jaar', 'is', 'gebeurd', '.']
2026-05-28 09:49:40,495 - DEBUG - joeynmt.training - 	Tokenized reference:  ['The', 'next', 'sli@@', 'de', 'I', 'show', 'you', 'will', 'be', 'a', 'r@@', 'ap@@', 'id', 'fa@@', 'st-@@', 'forward', 'of', 'what', '&apos;s', 'happened', 'over', 'the', 'last', '25', 'years', '.']
2026-05-28 09:49:40,495 - DEBUG - joeynmt.training - 	Tokenized hypothesis: ['The', 'next', 'sli@@', 'de', 'I', '&apos;m', 'sho@@', 'wing', 'is', 'a', 'ac@@', 'cel@@', 'er@@', 'ated', 'ver@@', 'sion', 'of', 'what', '&apos;s', 'happened', 'over', 'the', 'last', '25', 'years', '.', '</s>']
2026-05-28 09:49:40,495 - INFO - joeynmt.training - 	Source:     De volgende dia die ik laat zien is een versnelde versie van wat er de afgelopen 25 jaar is gebeurd .
2026-05-28 09:49:40,495 - INFO - joeynmt.training - 	Reference:  The next slide I show you will be a rapid fast-forward of what &apos;s happened over the last 25 years .
2026-05-28 09:49:40,495 - INFO - joeynmt.training - 	Hypothesis: The next slide I &apos;m showing is a accelerated version of what &apos;s happened over the last 25 years .
2026-05-28 09:49:56,128 - INFO - joeynmt.training - Epoch   7, Step:    22100, Batch Loss:     1.476641, Batch Acc: 0.623116, Tokens per Sec:     4767, Lr: 0.000300
2026-05-28 09:50:12,552 - INFO - joeynmt.training - Epoch   7, Step:    22200, Batch Loss:     1.358115, Batch Acc: 0.619411, Tokens per Sec:     4554, Lr: 0.000300
2026-05-28 09:50:28,419 - INFO - joeynmt.training - Epoch   7, Step:    22300, Batch Loss:     1.409142, Batch Acc: 0.616509, Tokens per Sec:     4732, Lr: 0.000300
2026-05-28 09:50:43,846 - INFO - joeynmt.training - Epoch   7, Step:    22400, Batch Loss:     1.257735, Batch Acc: 0.618646, Tokens per Sec:     4749, Lr: 0.000300
2026-05-28 09:50:59,000 - INFO - joeynmt.training - Epoch   7, Step:    22500, Batch Loss:     1.217707, Batch Acc: 0.620660, Tokens per Sec:     4841, Lr: 0.000300
2026-05-28 09:50:59,001 - WARNING - joeynmt.helpers - `alpha` option is obsolete. Please use `beam_alpha`, instead.
2026-05-28 09:50:59,001 - INFO - joeynmt.prediction - Predicting 1003 example(s)... (Greedy decoding with min_output_length=1, max_output_length=-1, return_prob='none', generate_unk=True, repetition_penalty=-1, no_repeat_ngram_size=-1)
2026-05-28 09:51:31,531 - INFO - joeynmt.prediction - Evaluation result (greedy) loss:   1.84, ppl:   6.30, acc:   0.51, generation: 32.5189[sec], evaluation: 0.0000[sec]
2026-05-28 09:51:31,684 - INFO - joeynmt.helpers - delete models/tf_bpe_4000_nl_en/21500.ckpt
2026-05-28 09:51:31,686 - INFO - joeynmt.helpers - delete /Users/annajung/Desktop/MT/exercise_4/mt-exercise-04/models/tf_bpe_4000_nl_en/21500.ckpt
2026-05-28 09:51:31,686 - WARNING - joeynmt.helpers - Wanted to delete old checkpoint /Users/annajung/Desktop/MT/exercise_4/mt-exercise-04/models/tf_bpe_4000_nl_en/21500.ckpt but file does not exist. ([Errno 2] No such file or directory: '/Users/annajung/Desktop/MT/exercise_4/mt-exercise-04/models/tf_bpe_4000_nl_en/21500.ckpt')
2026-05-28 09:51:31,688 - INFO - joeynmt.training - Example #0
2026-05-28 09:51:31,688 - DEBUG - joeynmt.training - 	Tokenized source:     ['V@@', 'or@@', 'ig', 'jaar', 'liet', 'ik', 'deze', 'twee', 'dia', '&apos;', 's', 'zien', 'om', 'aan', 'te', 'tonen', 'dat', 'de', 'p@@', 'oo@@', 'lij@@', 'sk@@', 'a@@', 'p', ',', 'die', 'de', 'afgelopen', 'drie', 'miljoen', 'jaar', 'ongeveer', 'de', 'groot@@', 'te', 'had', 'van', 'het', 'va@@', 'stel@@', 'and', 'van', 'de', 'VS', ',', 'met', '40', '%', 'ge@@', 'k@@', 'rom@@', 'pen', 'was', '.']
2026-05-28 09:51:31,688 - DEBUG - joeynmt.training - 	Tokenized reference:  ['La@@', 'st', 'year', 'I', 'sho@@', 'wed', 'these', 'two', 'sli@@', 'des', 'so', 'that', 'de@@', 'mon@@', 'str@@', 'ate', 'that', 'the', 'ar@@', 'c@@', 'tic', 'ice', 'ca@@', 'p', ',', 'which', 'for', 'most', 'of', 'the', 'last', 'three', 'million', 'years', 'has', 'been', 'the', 'size', 'of', 'the', 'lo@@', 'wer', '4@@', '8', 'st@@', 'ates', ',', 'has', 'sh@@', 'run@@', 'k', 'by', '40', 'percent', '.']
2026-05-28 09:51:31,688 - DEBUG - joeynmt.training - 	Tokenized hypothesis: ['And', 'I', 'sho@@', 'wed', 'these', 'two', 'sli@@', 'des', 'to', 'show', 'you', 'that', 'the', 'two', 'sli@@', 'des', 'to', 'show', 'that', 'the', 'P@@', 'lu@@', 'e', ',', 'who', 'had', 'about', 'the', 'size', 'three', 'million', 'years', 'of', 'the', 'va@@', 'gu@@', 'in', ',', 'the', 'U.S.', 'with', '40', 'percent', 'of', 'the', 'va@@', 'stel@@', 'and', 'the', 'U.S.', 'with', '40', 'percent', '.', '</s>']
2026-05-28 09:51:31,689 - INFO - joeynmt.training - 	Source:     Vorig jaar liet ik deze twee dia &apos; s zien om aan te tonen dat de poolijskap , die de afgelopen drie miljoen jaar ongeveer de grootte had van het vasteland van de VS , met 40 % gekrompen was .
2026-05-28 09:51:31,689 - INFO - joeynmt.training - 	Reference:  Last year I showed these two slides so that demonstrate that the arctic ice cap , which for most of the last three million years has been the size of the lower 48 states , has shrunk by 40 percent .
2026-05-28 09:51:31,689 - INFO - joeynmt.training - 	Hypothesis: And I showed these two slides to show you that the two slides to show that the Plue , who had about the size three million years of the vaguin , the U.S. with 40 percent of the vasteland the U.S. with 40 percent .
2026-05-28 09:51:31,689 - INFO - joeynmt.training - Example #1
2026-05-28 09:51:31,689 - DEBUG - joeynmt.training - 	Tokenized source:     ['Maar', 'dit', 'onder@@', 'sch@@', 'at', 'eigenlijk', 'de', 'er@@', 'n@@', 'st', 'van', 'dit', 'specif@@', 'ieke', 'probleem', 'omdat', 'het', 'niet', 'de', 'di@@', 'kte', 'van', 'het', 'ij@@', 's', 'laat', 'zien', '.']
2026-05-28 09:51:31,689 - DEBUG - joeynmt.training - 	Tokenized reference:  ['But', 'this', 'under@@', 'st@@', 'ates', 'the', 'ser@@', 'i@@', 'ous@@', 'ness', 'of', 'this', 'particular', 'problem', 'because', 'it', 'doesn', '&apos;t', 'show', 'the', 'th@@', 'ick@@', 'ness', 'of', 'the', 'ice', '.']
2026-05-28 09:51:31,689 - DEBUG - joeynmt.training - 	Tokenized hypothesis: ['But', 'this', 'is', 'actually', 'the', 'most', 'of', 'this', 'particular', 'problem', 'because', 'it', 'doesn', '&apos;t', 'show', 'the', 'di@@', 'sh', 'of', 'the', 'ice', '.', '</s>']
2026-05-28 09:51:31,689 - INFO - joeynmt.training - 	Source:     Maar dit onderschat eigenlijk de ernst van dit specifieke probleem omdat het niet de dikte van het ijs laat zien .
2026-05-28 09:51:31,689 - INFO - joeynmt.training - 	Reference:  But this understates the seriousness of this particular problem because it doesn &apos;t show the thickness of the ice .
2026-05-28 09:51:31,689 - INFO - joeynmt.training - 	Hypothesis: But this is actually the most of this particular problem because it doesn &apos;t show the dish of the ice .
2026-05-28 09:51:31,689 - INFO - joeynmt.training - Example #2
2026-05-28 09:51:31,689 - DEBUG - joeynmt.training - 	Tokenized source:     ['De', 'ij@@', 'sk@@', 'a@@', 'p', 'op', 'de', 'N@@', 'oor@@', 'd@@', 'p@@', 'ool', 'is', 'in', 'ze@@', 'kere', 'zin', 'het', 'kl@@', 'op@@', 'p@@', 'end', 'har@@', 't', 'van', 'ons', 'glob@@', 'aal', 'kli@@', 'maat@@', 'systeem', '.']
2026-05-28 09:51:31,689 - DEBUG - joeynmt.training - 	Tokenized reference:  ['The', 'ar@@', 'c@@', 'tic', 'ice', 'ca@@', 'p', 'is', ',', 'in', 'a', 'sense', ',', 'the', 'be@@', 'ating', 'heart', 'of', 'the', 'global', 'climate', 'system', '.']
2026-05-28 09:51:31,689 - DEBUG - joeynmt.training - 	Tokenized hypothesis: ['The', 'ic@@', 'ch@@', 'sk@@', 'i@@', 'p', 'on', 'the', 'Nor@@', 'th', 'P@@', 'ole', 'is', 'in', 'a', 'sense', ',', 'the', 'cli@@', 'p', 'of', 'our', 'global', 'climate', 'system', '.', '</s>']
2026-05-28 09:51:31,690 - INFO - joeynmt.training - 	Source:     De ijskap op de Noordpool is in zekere zin het kloppend hart van ons globaal klimaatsysteem .
2026-05-28 09:51:31,690 - INFO - joeynmt.training - 	Reference:  The arctic ice cap is , in a sense , the beating heart of the global climate system .
2026-05-28 09:51:31,690 - INFO - joeynmt.training - 	Hypothesis: The icchskip on the North Pole is in a sense , the clip of our global climate system .
2026-05-28 09:51:31,690 - INFO - joeynmt.training - Example #3
2026-05-28 09:51:31,690 - DEBUG - joeynmt.training - 	Tokenized source:     ['Het', 'zet', 'uit', 'in', 'de', 'win@@', 'ter', 'en', 'k@@', 'ri@@', 'mp@@', 't', 'in', 'de', 'z@@', 'om@@', 'er', '.']
2026-05-28 09:51:31,690 - DEBUG - joeynmt.training - 	Tokenized reference:  ['It', 'exp@@', 'ands', 'in', 'win@@', 'ter', 'and', 'con@@', 'trac@@', 'ts', 'in', 'su@@', 'mmer', '.']
2026-05-28 09:51:31,690 - DEBUG - joeynmt.training - 	Tokenized hypothesis: ['It', '&apos;s', 'in', 'the', 'win@@', 'ter', 'and', 'cli@@', 'p', 'in', 'the', 'su@@', 'mmer', '.', '</s>']
2026-05-28 09:51:31,690 - INFO - joeynmt.training - 	Source:     Het zet uit in de winter en krimpt in de zomer .
2026-05-28 09:51:31,690 - INFO - joeynmt.training - 	Reference:  It expands in winter and contracts in summer .
2026-05-28 09:51:31,690 - INFO - joeynmt.training - 	Hypothesis: It &apos;s in the winter and clip in the summer .
2026-05-28 09:51:31,690 - INFO - joeynmt.training - Example #4
2026-05-28 09:51:31,690 - DEBUG - joeynmt.training - 	Tokenized source:     ['De', 'volgende', 'dia', 'die', 'ik', 'laat', 'zien', 'is', 'een', 'vers@@', 'n@@', 'elde', 'ver@@', 'sie', 'van', 'wat', 'er', 'de', 'afgelopen', '25', 'jaar', 'is', 'gebeurd', '.']
2026-05-28 09:51:31,690 - DEBUG - joeynmt.training - 	Tokenized reference:  ['The', 'next', 'sli@@', 'de', 'I', 'show', 'you', 'will', 'be', 'a', 'r@@', 'ap@@', 'id', 'fa@@', 'st-@@', 'forward', 'of', 'what', '&apos;s', 'happened', 'over', 'the', 'last', '25', 'years', '.']
2026-05-28 09:51:31,690 - DEBUG - joeynmt.training - 	Tokenized hypothesis: ['The', 'next', 'sli@@', 'de', 'I', '&apos;m', 'going', 'to', 'show', 'you', 'is', 'a', 'ac@@', 'cel@@', 'er@@', 'ated', 'ver@@', 'sion', 'of', 'what', '&apos;s', 'happened', 'over', 'the', 'last', '25', 'years', '.', '</s>']
2026-05-28 09:51:31,691 - INFO - joeynmt.training - 	Source:     De volgende dia die ik laat zien is een versnelde versie van wat er de afgelopen 25 jaar is gebeurd .
2026-05-28 09:51:31,691 - INFO - joeynmt.training - 	Reference:  The next slide I show you will be a rapid fast-forward of what &apos;s happened over the last 25 years .
2026-05-28 09:51:31,691 - INFO - joeynmt.training - 	Hypothesis: The next slide I &apos;m going to show you is a accelerated version of what &apos;s happened over the last 25 years .
2026-05-28 09:51:47,645 - INFO - joeynmt.training - Epoch   7, Step:    22600, Batch Loss:     1.302340, Batch Acc: 0.622436, Tokens per Sec:     4653, Lr: 0.000300
2026-05-28 09:52:02,685 - INFO - joeynmt.training - Epoch   7, Step:    22700, Batch Loss:     1.254897, Batch Acc: 0.625578, Tokens per Sec:     4759, Lr: 0.000300
2026-05-28 09:52:18,718 - INFO - joeynmt.training - Epoch   7, Step:    22800, Batch Loss:     1.395984, Batch Acc: 0.619518, Tokens per Sec:     4847, Lr: 0.000300
2026-05-28 09:52:34,560 - INFO - joeynmt.training - Epoch   7, Step:    22900, Batch Loss:     1.233580, Batch Acc: 0.618718, Tokens per Sec:     4777, Lr: 0.000300
2026-05-28 09:52:50,503 - INFO - joeynmt.training - Epoch   7, Step:    23000, Batch Loss:     1.499889, Batch Acc: 0.620529, Tokens per Sec:     4768, Lr: 0.000300
2026-05-28 09:52:50,504 - WARNING - joeynmt.helpers - `alpha` option is obsolete. Please use `beam_alpha`, instead.
2026-05-28 09:52:50,504 - INFO - joeynmt.prediction - Predicting 1003 example(s)... (Greedy decoding with min_output_length=1, max_output_length=-1, return_prob='none', generate_unk=True, repetition_penalty=-1, no_repeat_ngram_size=-1)
2026-05-28 09:53:20,446 - INFO - joeynmt.prediction - Evaluation result (greedy) loss:   1.82, ppl:   6.20, acc:   0.51, generation: 29.9300[sec], evaluation: 0.0000[sec]
2026-05-28 09:53:20,448 - INFO - joeynmt.training - Hooray! New best validation result [ppl]!
2026-05-28 09:53:20,593 - INFO - joeynmt.helpers - delete models/tf_bpe_4000_nl_en/20000.ckpt
2026-05-28 09:53:20,594 - INFO - joeynmt.training - Example #0
2026-05-28 09:53:20,594 - DEBUG - joeynmt.training - 	Tokenized source:     ['V@@', 'or@@', 'ig', 'jaar', 'liet', 'ik', 'deze', 'twee', 'dia', '&apos;', 's', 'zien', 'om', 'aan', 'te', 'tonen', 'dat', 'de', 'p@@', 'oo@@', 'lij@@', 'sk@@', 'a@@', 'p', ',', 'die', 'de', 'afgelopen', 'drie', 'miljoen', 'jaar', 'ongeveer', 'de', 'groot@@', 'te', 'had', 'van', 'het', 'va@@', 'stel@@', 'and', 'van', 'de', 'VS', ',', 'met', '40', '%', 'ge@@', 'k@@', 'rom@@', 'pen', 'was', '.']
2026-05-28 09:53:20,594 - DEBUG - joeynmt.training - 	Tokenized reference:  ['La@@', 'st', 'year', 'I', 'sho@@', 'wed', 'these', 'two', 'sli@@', 'des', 'so', 'that', 'de@@', 'mon@@', 'str@@', 'ate', 'that', 'the', 'ar@@', 'c@@', 'tic', 'ice', 'ca@@', 'p', ',', 'which', 'for', 'most', 'of', 'the', 'last', 'three', 'million', 'years', 'has', 'been', 'the', 'size', 'of', 'the', 'lo@@', 'wer', '4@@', '8', 'st@@', 'ates', ',', 'has', 'sh@@', 'run@@', 'k', 'by', '40', 'percent', '.']
2026-05-28 09:53:20,594 - DEBUG - joeynmt.training - 	Tokenized hypothesis: ['And', 'so', ',', 'last', 'year', ',', 'I', 'sho@@', 'wed', 'these', 'two', 'sli@@', 'des', 'to', 'show', 'that', 'the', 'p@@', 'oo@@', 'li@@', 'sk@@', 'a@@', 'p', ',', 'which', 'had', 'about', 'the', 'last', 'three', 'million', 'years', 'of', 'the', 'va@@', 'st@@', 'and', 'of', 'the', 'U@@', 'S@@', 'A', ',', 'with', '40', 'percent', 'of', 'the', 'U.S.', ',', 'with', '40', 'percent', 'of', 'the', 'U.S.', ',', 'with', '40', 'percent', '.', '</s>']
2026-05-28 09:53:20,594 - INFO - joeynmt.training - 	Source:     Vorig jaar liet ik deze twee dia &apos; s zien om aan te tonen dat de poolijskap , die de afgelopen drie miljoen jaar ongeveer de grootte had van het vasteland van de VS , met 40 % gekrompen was .
2026-05-28 09:53:20,594 - INFO - joeynmt.training - 	Reference:  Last year I showed these two slides so that demonstrate that the arctic ice cap , which for most of the last three million years has been the size of the lower 48 states , has shrunk by 40 percent .
2026-05-28 09:53:20,594 - INFO - joeynmt.training - 	Hypothesis: And so , last year , I showed these two slides to show that the pooliskap , which had about the last three million years of the vastand of the USA , with 40 percent of the U.S. , with 40 percent of the U.S. , with 40 percent .
2026-05-28 09:53:20,594 - INFO - joeynmt.training - Example #1
2026-05-28 09:53:20,595 - DEBUG - joeynmt.training - 	Tokenized source:     ['Maar', 'dit', 'onder@@', 'sch@@', 'at', 'eigenlijk', 'de', 'er@@', 'n@@', 'st', 'van', 'dit', 'specif@@', 'ieke', 'probleem', 'omdat', 'het', 'niet', 'de', 'di@@', 'kte', 'van', 'het', 'ij@@', 's', 'laat', 'zien', '.']
2026-05-28 09:53:20,595 - DEBUG - joeynmt.training - 	Tokenized reference:  ['But', 'this', 'under@@', 'st@@', 'ates', 'the', 'ser@@', 'i@@', 'ous@@', 'ness', 'of', 'this', 'particular', 'problem', 'because', 'it', 'doesn', '&apos;t', 'show', 'the', 'th@@', 'ick@@', 'ness', 'of', 'the', 'ice', '.']
2026-05-28 09:53:20,595 - DEBUG - joeynmt.training - 	Tokenized hypothesis: ['But', 'this', 'sub@@', 'ur@@', 'ban', ',', 'actually', 'the', 'ser@@', 'ious', 'problem', 'because', 'it', '&apos;s', 'a', 'di@@', 'stri@@', 'bu@@', 'ting', 'of', 'the', 'ice', '.', '</s>']
2026-05-28 09:53:20,595 - INFO - joeynmt.training - 	Source:     Maar dit onderschat eigenlijk de ernst van dit specifieke probleem omdat het niet de dikte van het ijs laat zien .
2026-05-28 09:53:20,595 - INFO - joeynmt.training - 	Reference:  But this understates the seriousness of this particular problem because it doesn &apos;t show the thickness of the ice .
2026-05-28 09:53:20,595 - INFO - joeynmt.training - 	Hypothesis: But this suburban , actually the serious problem because it &apos;s a distributing of the ice .
2026-05-28 09:53:20,595 - INFO - joeynmt.training - Example #2
2026-05-28 09:53:20,595 - DEBUG - joeynmt.training - 	Tokenized source:     ['De', 'ij@@', 'sk@@', 'a@@', 'p', 'op', 'de', 'N@@', 'oor@@', 'd@@', 'p@@', 'ool', 'is', 'in', 'ze@@', 'kere', 'zin', 'het', 'kl@@', 'op@@', 'p@@', 'end', 'har@@', 't', 'van', 'ons', 'glob@@', 'aal', 'kli@@', 'maat@@', 'systeem', '.']
2026-05-28 09:53:20,595 - DEBUG - joeynmt.training - 	Tokenized reference:  ['The', 'ar@@', 'c@@', 'tic', 'ice', 'ca@@', 'p', 'is', ',', 'in', 'a', 'sense', ',', 'the', 'be@@', 'ating', 'heart', 'of', 'the', 'global', 'climate', 'system', '.']
2026-05-28 09:53:20,595 - DEBUG - joeynmt.training - 	Tokenized hypothesis: ['The', 'ic@@', 'sk@@', 'a@@', 'p', 'on', 'the', 'Nor@@', 'th', 'P@@', 'ole', 'is', 'in', 'a', 'certain', 'sense', ',', 'the', 'right', 'right', '?', '</s>']
2026-05-28 09:53:20,595 - INFO - joeynmt.training - 	Source:     De ijskap op de Noordpool is in zekere zin het kloppend hart van ons globaal klimaatsysteem .
2026-05-28 09:53:20,595 - INFO - joeynmt.training - 	Reference:  The arctic ice cap is , in a sense , the beating heart of the global climate system .
2026-05-28 09:53:20,595 - INFO - joeynmt.training - 	Hypothesis: The icskap on the North Pole is in a certain sense , the right right ?
2026-05-28 09:53:20,595 - INFO - joeynmt.training - Example #3
2026-05-28 09:53:20,595 - DEBUG - joeynmt.training - 	Tokenized source:     ['Het', 'zet', 'uit', 'in', 'de', 'win@@', 'ter', 'en', 'k@@', 'ri@@', 'mp@@', 't', 'in', 'de', 'z@@', 'om@@', 'er', '.']
2026-05-28 09:53:20,596 - DEBUG - joeynmt.training - 	Tokenized reference:  ['It', 'exp@@', 'ands', 'in', 'win@@', 'ter', 'and', 'con@@', 'trac@@', 'ts', 'in', 'su@@', 'mmer', '.']
2026-05-28 09:53:20,596 - DEBUG - joeynmt.training - 	Tokenized hypothesis: ['It', '&apos;s', 'in', 'the', 'win@@', 'ter', 'and', 'k@@', 'k@@', 'n@@', 'one', 'in', 'the', 'su@@', 'mmer', '.', '</s>']
2026-05-28 09:53:20,596 - INFO - joeynmt.training - 	Source:     Het zet uit in de winter en krimpt in de zomer .
2026-05-28 09:53:20,596 - INFO - joeynmt.training - 	Reference:  It expands in winter and contracts in summer .
2026-05-28 09:53:20,596 - INFO - joeynmt.training - 	Hypothesis: It &apos;s in the winter and kknone in the summer .
2026-05-28 09:53:20,596 - INFO - joeynmt.training - Example #4
2026-05-28 09:53:20,596 - DEBUG - joeynmt.training - 	Tokenized source:     ['De', 'volgende', 'dia', 'die', 'ik', 'laat', 'zien', 'is', 'een', 'vers@@', 'n@@', 'elde', 'ver@@', 'sie', 'van', 'wat', 'er', 'de', 'afgelopen', '25', 'jaar', 'is', 'gebeurd', '.']
2026-05-28 09:53:20,596 - DEBUG - joeynmt.training - 	Tokenized reference:  ['The', 'next', 'sli@@', 'de', 'I', 'show', 'you', 'will', 'be', 'a', 'r@@', 'ap@@', 'id', 'fa@@', 'st-@@', 'forward', 'of', 'what', '&apos;s', 'happened', 'over', 'the', 'last', '25', 'years', '.']
2026-05-28 09:53:20,596 - DEBUG - joeynmt.training - 	Tokenized hypothesis: ['The', 'next', 'sli@@', 'de', 'that', 'I', '&apos;m', 'going', 'to', 'show', 'is', 'a', 'ac@@', 'cel@@', 'er@@', 'ated', 'ver@@', 'sion', 'of', 'what', '&apos;s', 'happened', 'over', 'the', 'last', '25', 'years', '.', '</s>']
2026-05-28 09:53:20,596 - INFO - joeynmt.training - 	Source:     De volgende dia die ik laat zien is een versnelde versie van wat er de afgelopen 25 jaar is gebeurd .
2026-05-28 09:53:20,596 - INFO - joeynmt.training - 	Reference:  The next slide I show you will be a rapid fast-forward of what &apos;s happened over the last 25 years .
2026-05-28 09:53:20,596 - INFO - joeynmt.training - 	Hypothesis: The next slide that I &apos;m going to show is a accelerated version of what &apos;s happened over the last 25 years .
2026-05-28 09:53:36,904 - INFO - joeynmt.training - Epoch   7, Step:    23100, Batch Loss:     1.371226, Batch Acc: 0.618135, Tokens per Sec:     4510, Lr: 0.000300
2026-05-28 09:53:51,914 - INFO - joeynmt.training - Epoch   7, Step:    23200, Batch Loss:     1.368587, Batch Acc: 0.619907, Tokens per Sec:     4961, Lr: 0.000300
2026-05-28 09:54:12,530 - INFO - joeynmt.training - Epoch   7, Step:    23300, Batch Loss:     1.333457, Batch Acc: 0.617975, Tokens per Sec:     3501, Lr: 0.000300
2026-05-28 09:54:46,217 - INFO - joeynmt.training - Epoch   7, Step:    23400, Batch Loss:     1.503795, Batch Acc: 0.614709, Tokens per Sec:     2142, Lr: 0.000300
2026-05-28 09:55:14,298 - INFO - joeynmt.training - Epoch   7, Step:    23500, Batch Loss:     1.396083, Batch Acc: 0.618712, Tokens per Sec:     2663, Lr: 0.000300
2026-05-28 09:55:14,299 - WARNING - joeynmt.helpers - `alpha` option is obsolete. Please use `beam_alpha`, instead.
2026-05-28 09:55:14,299 - INFO - joeynmt.prediction - Predicting 1003 example(s)... (Greedy decoding with min_output_length=1, max_output_length=-1, return_prob='none', generate_unk=True, repetition_penalty=-1, no_repeat_ngram_size=-1)
2026-05-28 09:56:03,633 - INFO - joeynmt.prediction - Evaluation result (greedy) loss:   1.82, ppl:   6.19, acc:   0.51, generation: 49.3180[sec], evaluation: 0.0000[sec]
2026-05-28 09:56:03,641 - INFO - joeynmt.training - Hooray! New best validation result [ppl]!
2026-05-28 09:56:03,844 - INFO - joeynmt.helpers - delete models/tf_bpe_4000_nl_en/19500.ckpt
2026-05-28 09:56:03,850 - INFO - joeynmt.training - Example #0
2026-05-28 09:56:03,850 - DEBUG - joeynmt.training - 	Tokenized source:     ['V@@', 'or@@', 'ig', 'jaar', 'liet', 'ik', 'deze', 'twee', 'dia', '&apos;', 's', 'zien', 'om', 'aan', 'te', 'tonen', 'dat', 'de', 'p@@', 'oo@@', 'lij@@', 'sk@@', 'a@@', 'p', ',', 'die', 'de', 'afgelopen', 'drie', 'miljoen', 'jaar', 'ongeveer', 'de', 'groot@@', 'te', 'had', 'van', 'het', 'va@@', 'stel@@', 'and', 'van', 'de', 'VS', ',', 'met', '40', '%', 'ge@@', 'k@@', 'rom@@', 'pen', 'was', '.']
2026-05-28 09:56:03,850 - DEBUG - joeynmt.training - 	Tokenized reference:  ['La@@', 'st', 'year', 'I', 'sho@@', 'wed', 'these', 'two', 'sli@@', 'des', 'so', 'that', 'de@@', 'mon@@', 'str@@', 'ate', 'that', 'the', 'ar@@', 'c@@', 'tic', 'ice', 'ca@@', 'p', ',', 'which', 'for', 'most', 'of', 'the', 'last', 'three', 'million', 'years', 'has', 'been', 'the', 'size', 'of', 'the', 'lo@@', 'wer', '4@@', '8', 'st@@', 'ates', ',', 'has', 'sh@@', 'run@@', 'k', 'by', '40', 'percent', '.']
2026-05-28 09:56:03,850 - DEBUG - joeynmt.training - 	Tokenized hypothesis: ['And', 'last', 'year', ',', 'I', 'sho@@', 'wed', 'these', 'two', 'sli@@', 'des', 'to', 'show', 'that', 'the', 'p@@', 'oo@@', 'l@@', 'pr@@', 'int', 'that', 'the', 'p@@', 'oo@@', 'li@@', 'sk@@', 'a@@', 'p', ',', 'which', 'had', 'about', 'the', 'last', 'three', 'million', 'years', 'of', 'the', 'U@@', 'S', ',', 'with', '40', 'percent', 'of', 'the', 'United', 'States', ',', 'with', '40', 'percent', '.', '</s>']
2026-05-28 09:56:03,851 - INFO - joeynmt.training - 	Source:     Vorig jaar liet ik deze twee dia &apos; s zien om aan te tonen dat de poolijskap , die de afgelopen drie miljoen jaar ongeveer de grootte had van het vasteland van de VS , met 40 % gekrompen was .
2026-05-28 09:56:03,851 - INFO - joeynmt.training - 	Reference:  Last year I showed these two slides so that demonstrate that the arctic ice cap , which for most of the last three million years has been the size of the lower 48 states , has shrunk by 40 percent .
2026-05-28 09:56:03,851 - INFO - joeynmt.training - 	Hypothesis: And last year , I showed these two slides to show that the poolprint that the pooliskap , which had about the last three million years of the US , with 40 percent of the United States , with 40 percent .
2026-05-28 09:56:03,851 - INFO - joeynmt.training - Example #1
2026-05-28 09:56:03,851 - DEBUG - joeynmt.training - 	Tokenized source:     ['Maar', 'dit', 'onder@@', 'sch@@', 'at', 'eigenlijk', 'de', 'er@@', 'n@@', 'st', 'van', 'dit', 'specif@@', 'ieke', 'probleem', 'omdat', 'het', 'niet', 'de', 'di@@', 'kte', 'van', 'het', 'ij@@', 's', 'laat', 'zien', '.']
2026-05-28 09:56:03,851 - DEBUG - joeynmt.training - 	Tokenized reference:  ['But', 'this', 'under@@', 'st@@', 'ates', 'the', 'ser@@', 'i@@', 'ous@@', 'ness', 'of', 'this', 'particular', 'problem', 'because', 'it', 'doesn', '&apos;t', 'show', 'the', 'th@@', 'ick@@', 'ness', 'of', 'the', 'ice', '.']
2026-05-28 09:56:03,851 - DEBUG - joeynmt.training - 	Tokenized hypothesis: ['But', 'this', 'is', 'actually', 'the', 'most', 'of', 'the', 'most', 'of', 'this', 'particular', 'problem', ',', 'because', 'it', 'doesn', '&apos;t', 'show', 'the', 'di@@', 'cul@@', 'tures', 'of', 'the', 'ice', '.', '</s>']
2026-05-28 09:56:03,851 - INFO - joeynmt.training - 	Source:     Maar dit onderschat eigenlijk de ernst van dit specifieke probleem omdat het niet de dikte van het ijs laat zien .
2026-05-28 09:56:03,851 - INFO - joeynmt.training - 	Reference:  But this understates the seriousness of this particular problem because it doesn &apos;t show the thickness of the ice .
2026-05-28 09:56:03,851 - INFO - joeynmt.training - 	Hypothesis: But this is actually the most of the most of this particular problem , because it doesn &apos;t show the dicultures of the ice .
2026-05-28 09:56:03,851 - INFO - joeynmt.training - Example #2
2026-05-28 09:56:03,852 - DEBUG - joeynmt.training - 	Tokenized source:     ['De', 'ij@@', 'sk@@', 'a@@', 'p', 'op', 'de', 'N@@', 'oor@@', 'd@@', 'p@@', 'ool', 'is', 'in', 'ze@@', 'kere', 'zin', 'het', 'kl@@', 'op@@', 'p@@', 'end', 'har@@', 't', 'van', 'ons', 'glob@@', 'aal', 'kli@@', 'maat@@', 'systeem', '.']
2026-05-28 09:56:03,852 - DEBUG - joeynmt.training - 	Tokenized reference:  ['The', 'ar@@', 'c@@', 'tic', 'ice', 'ca@@', 'p', 'is', ',', 'in', 'a', 'sense', ',', 'the', 'be@@', 'ating', 'heart', 'of', 'the', 'global', 'climate', 'system', '.']
2026-05-28 09:56:03,852 - DEBUG - joeynmt.training - 	Tokenized hypothesis: ['The', 'ice', 'sk@@', 'a@@', 'p', 'on', 'the', 'Nor@@', 'th', 'P@@', 'ole', 'is', 'in', 'a', 'certain', 'sense', ',', 'the', 'cl@@', 'op@@', 'e', 'of', 'our', 'global', 'climate', 'system', '.', '</s>']
2026-05-28 09:56:03,852 - INFO - joeynmt.training - 	Source:     De ijskap op de Noordpool is in zekere zin het kloppend hart van ons globaal klimaatsysteem .
2026-05-28 09:56:03,852 - INFO - joeynmt.training - 	Reference:  The arctic ice cap is , in a sense , the beating heart of the global climate system .
2026-05-28 09:56:03,852 - INFO - joeynmt.training - 	Hypothesis: The ice skap on the North Pole is in a certain sense , the clope of our global climate system .
2026-05-28 09:56:03,852 - INFO - joeynmt.training - Example #3
2026-05-28 09:56:03,852 - DEBUG - joeynmt.training - 	Tokenized source:     ['Het', 'zet', 'uit', 'in', 'de', 'win@@', 'ter', 'en', 'k@@', 'ri@@', 'mp@@', 't', 'in', 'de', 'z@@', 'om@@', 'er', '.']
2026-05-28 09:56:03,852 - DEBUG - joeynmt.training - 	Tokenized reference:  ['It', 'exp@@', 'ands', 'in', 'win@@', 'ter', 'and', 'con@@', 'trac@@', 'ts', 'in', 'su@@', 'mmer', '.']
2026-05-28 09:56:03,852 - DEBUG - joeynmt.training - 	Tokenized hypothesis: ['It', '&apos;s', 'pu@@', 'tting', 'in', 'the', 'win@@', 'ter', 'and', 'cr@@', 'os@@', 's', 'in', 'the', 'su@@', 'mmer', '.', '</s>']
2026-05-28 09:56:03,853 - INFO - joeynmt.training - 	Source:     Het zet uit in de winter en krimpt in de zomer .
2026-05-28 09:56:03,853 - INFO - joeynmt.training - 	Reference:  It expands in winter and contracts in summer .
2026-05-28 09:56:03,853 - INFO - joeynmt.training - 	Hypothesis: It &apos;s putting in the winter and cross in the summer .
2026-05-28 09:56:03,853 - INFO - joeynmt.training - Example #4
2026-05-28 09:56:03,853 - DEBUG - joeynmt.training - 	Tokenized source:     ['De', 'volgende', 'dia', 'die', 'ik', 'laat', 'zien', 'is', 'een', 'vers@@', 'n@@', 'elde', 'ver@@', 'sie', 'van', 'wat', 'er', 'de', 'afgelopen', '25', 'jaar', 'is', 'gebeurd', '.']
2026-05-28 09:56:03,853 - DEBUG - joeynmt.training - 	Tokenized reference:  ['The', 'next', 'sli@@', 'de', 'I', 'show', 'you', 'will', 'be', 'a', 'r@@', 'ap@@', 'id', 'fa@@', 'st-@@', 'forward', 'of', 'what', '&apos;s', 'happened', 'over', 'the', 'last', '25', 'years', '.']
2026-05-28 09:56:03,853 - DEBUG - joeynmt.training - 	Tokenized hypothesis: ['The', 'next', 'sli@@', 'de', 'I', 'show', 'you', 'is', 'a', 'ac@@', 'cel@@', 'er@@', 'ated', 'ver@@', 'sion', 'of', 'what', '&apos;s', 'happened', 'over', 'the', 'last', '25', 'years', '.', '</s>']
2026-05-28 09:56:03,853 - INFO - joeynmt.training - 	Source:     De volgende dia die ik laat zien is een versnelde versie van wat er de afgelopen 25 jaar is gebeurd .
2026-05-28 09:56:03,853 - INFO - joeynmt.training - 	Reference:  The next slide I show you will be a rapid fast-forward of what &apos;s happened over the last 25 years .
2026-05-28 09:56:03,853 - INFO - joeynmt.training - 	Hypothesis: The next slide I show you is a accelerated version of what &apos;s happened over the last 25 years .
2026-05-28 09:56:24,160 - INFO - joeynmt.training - Epoch   7, Step:    23600, Batch Loss:     1.310272, Batch Acc: 0.619313, Tokens per Sec:     3631, Lr: 0.000300
2026-05-28 09:56:47,589 - INFO - joeynmt.training - Epoch   7, Step:    23700, Batch Loss:     1.339055, Batch Acc: 0.614440, Tokens per Sec:     3124, Lr: 0.000300
2026-05-28 09:57:09,139 - INFO - joeynmt.training - Epoch   7, Step:    23800, Batch Loss:     1.318795, Batch Acc: 0.616226, Tokens per Sec:     3394, Lr: 0.000300
2026-05-28 09:57:30,651 - INFO - joeynmt.training - Epoch   7, Step:    23900, Batch Loss:     1.449834, Batch Acc: 0.614435, Tokens per Sec:     3510, Lr: 0.000300
2026-05-28 09:57:49,814 - INFO - joeynmt.training - Epoch   7, Step:    24000, Batch Loss:     1.331716, Batch Acc: 0.611656, Tokens per Sec:     3818, Lr: 0.000300
2026-05-28 09:57:49,815 - WARNING - joeynmt.helpers - `alpha` option is obsolete. Please use `beam_alpha`, instead.
2026-05-28 09:57:49,815 - INFO - joeynmt.prediction - Predicting 1003 example(s)... (Greedy decoding with min_output_length=1, max_output_length=-1, return_prob='none', generate_unk=True, repetition_penalty=-1, no_repeat_ngram_size=-1)
2026-05-28 09:58:26,081 - INFO - joeynmt.prediction - Evaluation result (greedy) loss:   1.82, ppl:   6.16, acc:   0.51, generation: 36.2541[sec], evaluation: 0.0000[sec]
2026-05-28 09:58:26,083 - INFO - joeynmt.training - Hooray! New best validation result [ppl]!
2026-05-28 09:58:26,243 - INFO - joeynmt.helpers - delete models/tf_bpe_4000_nl_en/22500.ckpt
2026-05-28 09:58:26,250 - INFO - joeynmt.training - Example #0
2026-05-28 09:58:26,250 - DEBUG - joeynmt.training - 	Tokenized source:     ['V@@', 'or@@', 'ig', 'jaar', 'liet', 'ik', 'deze', 'twee', 'dia', '&apos;', 's', 'zien', 'om', 'aan', 'te', 'tonen', 'dat', 'de', 'p@@', 'oo@@', 'lij@@', 'sk@@', 'a@@', 'p', ',', 'die', 'de', 'afgelopen', 'drie', 'miljoen', 'jaar', 'ongeveer', 'de', 'groot@@', 'te', 'had', 'van', 'het', 'va@@', 'stel@@', 'and', 'van', 'de', 'VS', ',', 'met', '40', '%', 'ge@@', 'k@@', 'rom@@', 'pen', 'was', '.']
2026-05-28 09:58:26,250 - DEBUG - joeynmt.training - 	Tokenized reference:  ['La@@', 'st', 'year', 'I', 'sho@@', 'wed', 'these', 'two', 'sli@@', 'des', 'so', 'that', 'de@@', 'mon@@', 'str@@', 'ate', 'that', 'the', 'ar@@', 'c@@', 'tic', 'ice', 'ca@@', 'p', ',', 'which', 'for', 'most', 'of', 'the', 'last', 'three', 'million', 'years', 'has', 'been', 'the', 'size', 'of', 'the', 'lo@@', 'wer', '4@@', '8', 'st@@', 'ates', ',', 'has', 'sh@@', 'run@@', 'k', 'by', '40', 'percent', '.']
2026-05-28 09:58:26,250 - DEBUG - joeynmt.training - 	Tokenized hypothesis: ['F@@', 'or@@', 'ny', 'years', ',', 'I', 'sho@@', 'wed', 'these', 'two', 'sli@@', 'des', 'to', 'show', 'that', 'the', 'P@@', 'oo@@', 'li@@', 'an', 'C@@', 'a@@', 'p', ',', 'who', 'had', 'about', 'the', 'last', 'three', 'million', 'years', ',', 'the', 'U.S.', ',', 'with', '40', 'percent', 'of', 'the', 'va@@', 'gu@@', 'e', 'was', 'the', 'U.S.', 'with', '40', 'percent', '.', '</s>']
2026-05-28 09:58:26,251 - INFO - joeynmt.training - 	Source:     Vorig jaar liet ik deze twee dia &apos; s zien om aan te tonen dat de poolijskap , die de afgelopen drie miljoen jaar ongeveer de grootte had van het vasteland van de VS , met 40 % gekrompen was .
2026-05-28 09:58:26,251 - INFO - joeynmt.training - 	Reference:  Last year I showed these two slides so that demonstrate that the arctic ice cap , which for most of the last three million years has been the size of the lower 48 states , has shrunk by 40 percent .
2026-05-28 09:58:26,251 - INFO - joeynmt.training - 	Hypothesis: Forny years , I showed these two slides to show that the Poolian Cap , who had about the last three million years , the U.S. , with 40 percent of the vague was the U.S. with 40 percent .
2026-05-28 09:58:26,251 - INFO - joeynmt.training - Example #1
2026-05-28 09:58:26,251 - DEBUG - joeynmt.training - 	Tokenized source:     ['Maar', 'dit', 'onder@@', 'sch@@', 'at', 'eigenlijk', 'de', 'er@@', 'n@@', 'st', 'van', 'dit', 'specif@@', 'ieke', 'probleem', 'omdat', 'het', 'niet', 'de', 'di@@', 'kte', 'van', 'het', 'ij@@', 's', 'laat', 'zien', '.']
2026-05-28 09:58:26,251 - DEBUG - joeynmt.training - 	Tokenized reference:  ['But', 'this', 'under@@', 'st@@', 'ates', 'the', 'ser@@', 'i@@', 'ous@@', 'ness', 'of', 'this', 'particular', 'problem', 'because', 'it', 'doesn', '&apos;t', 'show', 'the', 'th@@', 'ick@@', 'ness', 'of', 'the', 'ice', '.']
2026-05-28 09:58:26,251 - DEBUG - joeynmt.training - 	Tokenized hypothesis: ['But', 'this', 'under@@', 'est@@', 'im@@', 'ated', 'the', 'first', 'of', 'this', 'particular', 'problem', 'because', 'it', 'doesn', '&apos;t', 'show', 'the', 'di@@', 'cul@@', 'ated', 'di@@', 'cul@@', 'ate', '.', '</s>']
2026-05-28 09:58:26,251 - INFO - joeynmt.training - 	Source:     Maar dit onderschat eigenlijk de ernst van dit specifieke probleem omdat het niet de dikte van het ijs laat zien .
2026-05-28 09:58:26,251 - INFO - joeynmt.training - 	Reference:  But this understates the seriousness of this particular problem because it doesn &apos;t show the thickness of the ice .
2026-05-28 09:58:26,251 - INFO - joeynmt.training - 	Hypothesis: But this underestimated the first of this particular problem because it doesn &apos;t show the diculated diculate .
2026-05-28 09:58:26,251 - INFO - joeynmt.training - Example #2
2026-05-28 09:58:26,251 - DEBUG - joeynmt.training - 	Tokenized source:     ['De', 'ij@@', 'sk@@', 'a@@', 'p', 'op', 'de', 'N@@', 'oor@@', 'd@@', 'p@@', 'ool', 'is', 'in', 'ze@@', 'kere', 'zin', 'het', 'kl@@', 'op@@', 'p@@', 'end', 'har@@', 't', 'van', 'ons', 'glob@@', 'aal', 'kli@@', 'maat@@', 'systeem', '.']
2026-05-28 09:58:26,251 - DEBUG - joeynmt.training - 	Tokenized reference:  ['The', 'ar@@', 'c@@', 'tic', 'ice', 'ca@@', 'p', 'is', ',', 'in', 'a', 'sense', ',', 'the', 'be@@', 'ating', 'heart', 'of', 'the', 'global', 'climate', 'system', '.']
2026-05-28 09:58:26,251 - DEBUG - joeynmt.training - 	Tokenized hypothesis: ['The', 'ice', 'sk@@', 'a@@', 'p', 'on', 'the', 'Nor@@', 'th', 'P@@', 'ole', 'is', 'in', 'a', 'certain', 'sense', ',', 'the', 'right', 'right', '?', '</s>']
2026-05-28 09:58:26,252 - INFO - joeynmt.training - 	Source:     De ijskap op de Noordpool is in zekere zin het kloppend hart van ons globaal klimaatsysteem .
2026-05-28 09:58:26,252 - INFO - joeynmt.training - 	Reference:  The arctic ice cap is , in a sense , the beating heart of the global climate system .
2026-05-28 09:58:26,252 - INFO - joeynmt.training - 	Hypothesis: The ice skap on the North Pole is in a certain sense , the right right ?
2026-05-28 09:58:26,252 - INFO - joeynmt.training - Example #3
2026-05-28 09:58:26,252 - DEBUG - joeynmt.training - 	Tokenized source:     ['Het', 'zet', 'uit', 'in', 'de', 'win@@', 'ter', 'en', 'k@@', 'ri@@', 'mp@@', 't', 'in', 'de', 'z@@', 'om@@', 'er', '.']
2026-05-28 09:58:26,252 - DEBUG - joeynmt.training - 	Tokenized reference:  ['It', 'exp@@', 'ands', 'in', 'win@@', 'ter', 'and', 'con@@', 'trac@@', 'ts', 'in', 'su@@', 'mmer', '.']
2026-05-28 09:58:26,252 - DEBUG - joeynmt.training - 	Tokenized hypothesis: ['It', '&apos;s', 'pu@@', 'tting', 'out', 'in', 'the', 'su@@', 'mmer', 'and', 'cr@@', 'os@@', 's', 'in', 'the', 'su@@', 'mmer', '.', '</s>']
2026-05-28 09:58:26,252 - INFO - joeynmt.training - 	Source:     Het zet uit in de winter en krimpt in de zomer .
2026-05-28 09:58:26,252 - INFO - joeynmt.training - 	Reference:  It expands in winter and contracts in summer .
2026-05-28 09:58:26,252 - INFO - joeynmt.training - 	Hypothesis: It &apos;s putting out in the summer and cross in the summer .
2026-05-28 09:58:26,252 - INFO - joeynmt.training - Example #4
2026-05-28 09:58:26,252 - DEBUG - joeynmt.training - 	Tokenized source:     ['De', 'volgende', 'dia', 'die', 'ik', 'laat', 'zien', 'is', 'een', 'vers@@', 'n@@', 'elde', 'ver@@', 'sie', 'van', 'wat', 'er', 'de', 'afgelopen', '25', 'jaar', 'is', 'gebeurd', '.']
2026-05-28 09:58:26,252 - DEBUG - joeynmt.training - 	Tokenized reference:  ['The', 'next', 'sli@@', 'de', 'I', 'show', 'you', 'will', 'be', 'a', 'r@@', 'ap@@', 'id', 'fa@@', 'st-@@', 'forward', 'of', 'what', '&apos;s', 'happened', 'over', 'the', 'last', '25', 'years', '.']
2026-05-28 09:58:26,252 - DEBUG - joeynmt.training - 	Tokenized hypothesis: ['The', 'next', 'sli@@', 'de', 'I', 'show', 'you', 'is', 'a', 'ac@@', 'dic@@', 'ated', 'ver@@', 'sion', 'of', 'what', '&apos;s', 'happened', 'the', 'last', '25', 'years', '.', '</s>']
2026-05-28 09:58:26,253 - INFO - joeynmt.training - 	Source:     De volgende dia die ik laat zien is een versnelde versie van wat er de afgelopen 25 jaar is gebeurd .
2026-05-28 09:58:26,253 - INFO - joeynmt.training - 	Reference:  The next slide I show you will be a rapid fast-forward of what &apos;s happened over the last 25 years .
2026-05-28 09:58:26,253 - INFO - joeynmt.training - 	Hypothesis: The next slide I show you is a acdicated version of what &apos;s happened the last 25 years .
2026-05-28 09:58:45,597 - INFO - joeynmt.training - Epoch   7, Step:    24100, Batch Loss:     1.525914, Batch Acc: 0.620188, Tokens per Sec:     3803, Lr: 0.000300
2026-05-28 09:59:04,963 - INFO - joeynmt.training - Epoch   7, Step:    24200, Batch Loss:     1.159078, Batch Acc: 0.617802, Tokens per Sec:     3765, Lr: 0.000300
2026-05-28 09:59:30,010 - INFO - joeynmt.training - Epoch   7, Step:    24300, Batch Loss:     1.491128, Batch Acc: 0.621801, Tokens per Sec:     3008, Lr: 0.000300
2026-05-28 09:59:54,817 - INFO - joeynmt.training - Epoch   7, Step:    24400, Batch Loss:     1.348301, Batch Acc: 0.616822, Tokens per Sec:     2942, Lr: 0.000300
2026-05-28 10:00:16,318 - INFO - joeynmt.training - Epoch   7, Step:    24500, Batch Loss:     1.369112, Batch Acc: 0.617537, Tokens per Sec:     3436, Lr: 0.000300
2026-05-28 10:00:16,319 - WARNING - joeynmt.helpers - `alpha` option is obsolete. Please use `beam_alpha`, instead.
2026-05-28 10:00:16,319 - INFO - joeynmt.prediction - Predicting 1003 example(s)... (Greedy decoding with min_output_length=1, max_output_length=-1, return_prob='none', generate_unk=True, repetition_penalty=-1, no_repeat_ngram_size=-1)
2026-05-28 10:01:02,902 - INFO - joeynmt.prediction - Evaluation result (greedy) loss:   1.82, ppl:   6.14, acc:   0.51, generation: 46.5689[sec], evaluation: 0.0000[sec]
2026-05-28 10:01:02,907 - INFO - joeynmt.training - Hooray! New best validation result [ppl]!
2026-05-28 10:01:03,120 - INFO - joeynmt.helpers - delete models/tf_bpe_4000_nl_en/20500.ckpt
2026-05-28 10:01:03,121 - INFO - joeynmt.training - Example #0
2026-05-28 10:01:03,121 - DEBUG - joeynmt.training - 	Tokenized source:     ['V@@', 'or@@', 'ig', 'jaar', 'liet', 'ik', 'deze', 'twee', 'dia', '&apos;', 's', 'zien', 'om', 'aan', 'te', 'tonen', 'dat', 'de', 'p@@', 'oo@@', 'lij@@', 'sk@@', 'a@@', 'p', ',', 'die', 'de', 'afgelopen', 'drie', 'miljoen', 'jaar', 'ongeveer', 'de', 'groot@@', 'te', 'had', 'van', 'het', 'va@@', 'stel@@', 'and', 'van', 'de', 'VS', ',', 'met', '40', '%', 'ge@@', 'k@@', 'rom@@', 'pen', 'was', '.']
2026-05-28 10:01:03,121 - DEBUG - joeynmt.training - 	Tokenized reference:  ['La@@', 'st', 'year', 'I', 'sho@@', 'wed', 'these', 'two', 'sli@@', 'des', 'so', 'that', 'de@@', 'mon@@', 'str@@', 'ate', 'that', 'the', 'ar@@', 'c@@', 'tic', 'ice', 'ca@@', 'p', ',', 'which', 'for', 'most', 'of', 'the', 'last', 'three', 'million', 'years', 'has', 'been', 'the', 'size', 'of', 'the', 'lo@@', 'wer', '4@@', '8', 'st@@', 'ates', ',', 'has', 'sh@@', 'run@@', 'k', 'by', '40', 'percent', '.']
2026-05-28 10:01:03,121 - DEBUG - joeynmt.training - 	Tokenized hypothesis: ['F@@', 'or@@', 'ally', 'years', ',', 'I', 'sho@@', 'wed', 'these', 'two', 'sli@@', 'des', 'to', 'show', 'that', 'the', 'p@@', 'oo@@', 'li@@', 'sk@@', 'a@@', 'p', ',', 'which', 'had', 'about', 'the', 'last', 'three', 'million', 'years', 'of', 'the', 'va@@', 'il@@', 'able', 'of', 'the', 'va@@', 'il@@', 'able', 'of', 'the', 'U.S.', ',', 'with', '40', 'percent', '.', '</s>']
2026-05-28 10:01:03,121 - INFO - joeynmt.training - 	Source:     Vorig jaar liet ik deze twee dia &apos; s zien om aan te tonen dat de poolijskap , die de afgelopen drie miljoen jaar ongeveer de grootte had van het vasteland van de VS , met 40 % gekrompen was .
2026-05-28 10:01:03,121 - INFO - joeynmt.training - 	Reference:  Last year I showed these two slides so that demonstrate that the arctic ice cap , which for most of the last three million years has been the size of the lower 48 states , has shrunk by 40 percent .
2026-05-28 10:01:03,122 - INFO - joeynmt.training - 	Hypothesis: Forally years , I showed these two slides to show that the pooliskap , which had about the last three million years of the vailable of the vailable of the U.S. , with 40 percent .
2026-05-28 10:01:03,122 - INFO - joeynmt.training - Example #1
2026-05-28 10:01:03,122 - DEBUG - joeynmt.training - 	Tokenized source:     ['Maar', 'dit', 'onder@@', 'sch@@', 'at', 'eigenlijk', 'de', 'er@@', 'n@@', 'st', 'van', 'dit', 'specif@@', 'ieke', 'probleem', 'omdat', 'het', 'niet', 'de', 'di@@', 'kte', 'van', 'het', 'ij@@', 's', 'laat', 'zien', '.']
2026-05-28 10:01:03,122 - DEBUG - joeynmt.training - 	Tokenized reference:  ['But', 'this', 'under@@', 'st@@', 'ates', 'the', 'ser@@', 'i@@', 'ous@@', 'ness', 'of', 'this', 'particular', 'problem', 'because', 'it', 'doesn', '&apos;t', 'show', 'the', 'th@@', 'ick@@', 'ness', 'of', 'the', 'ice', '.']
2026-05-28 10:01:03,122 - DEBUG - joeynmt.training - 	Tokenized hypothesis: ['But', 'this', 'is', 'actually', ',', 'actually', ',', 'the', 'ser@@', 'ies', 'of', 'this', 'particular', 'problem', 'because', 'it', 'doesn', '&apos;t', 'show', 'the', 'di@@', 'stri@@', 'bu@@', 'ted', 'from', 'the', 'ice', '.', '</s>']
2026-05-28 10:01:03,122 - INFO - joeynmt.training - 	Source:     Maar dit onderschat eigenlijk de ernst van dit specifieke probleem omdat het niet de dikte van het ijs laat zien .
2026-05-28 10:01:03,122 - INFO - joeynmt.training - 	Reference:  But this understates the seriousness of this particular problem because it doesn &apos;t show the thickness of the ice .
2026-05-28 10:01:03,122 - INFO - joeynmt.training - 	Hypothesis: But this is actually , actually , the series of this particular problem because it doesn &apos;t show the distributed from the ice .
2026-05-28 10:01:03,122 - INFO - joeynmt.training - Example #2
2026-05-28 10:01:03,122 - DEBUG - joeynmt.training - 	Tokenized source:     ['De', 'ij@@', 'sk@@', 'a@@', 'p', 'op', 'de', 'N@@', 'oor@@', 'd@@', 'p@@', 'ool', 'is', 'in', 'ze@@', 'kere', 'zin', 'het', 'kl@@', 'op@@', 'p@@', 'end', 'har@@', 't', 'van', 'ons', 'glob@@', 'aal', 'kli@@', 'maat@@', 'systeem', '.']
2026-05-28 10:01:03,122 - DEBUG - joeynmt.training - 	Tokenized reference:  ['The', 'ar@@', 'c@@', 'tic', 'ice', 'ca@@', 'p', 'is', ',', 'in', 'a', 'sense', ',', 'the', 'be@@', 'ating', 'heart', 'of', 'the', 'global', 'climate', 'system', '.']
2026-05-28 10:01:03,122 - DEBUG - joeynmt.training - 	Tokenized hypothesis: ['The', 'ice', 'sk@@', 'a@@', 'p', 'on', 'the', 'Nor@@', 'th', 'P@@', 'ole', 'is', 'in', 'a', 'certain', 'sense', ',', 'the', 'cli@@', 'p', 'of', 'our', 'global', 'climate', 'system', '.', '</s>']
2026-05-28 10:01:03,123 - INFO - joeynmt.training - 	Source:     De ijskap op de Noordpool is in zekere zin het kloppend hart van ons globaal klimaatsysteem .
2026-05-28 10:01:03,123 - INFO - joeynmt.training - 	Reference:  The arctic ice cap is , in a sense , the beating heart of the global climate system .
2026-05-28 10:01:03,123 - INFO - joeynmt.training - 	Hypothesis: The ice skap on the North Pole is in a certain sense , the clip of our global climate system .
2026-05-28 10:01:03,123 - INFO - joeynmt.training - Example #3
2026-05-28 10:01:03,123 - DEBUG - joeynmt.training - 	Tokenized source:     ['Het', 'zet', 'uit', 'in', 'de', 'win@@', 'ter', 'en', 'k@@', 'ri@@', 'mp@@', 't', 'in', 'de', 'z@@', 'om@@', 'er', '.']
2026-05-28 10:01:03,123 - DEBUG - joeynmt.training - 	Tokenized reference:  ['It', 'exp@@', 'ands', 'in', 'win@@', 'ter', 'and', 'con@@', 'trac@@', 'ts', 'in', 'su@@', 'mmer', '.']
2026-05-28 10:01:03,123 - DEBUG - joeynmt.training - 	Tokenized hypothesis: ['It', 'pu@@', 'tting', 'out', 'in', 'the', 'win@@', 'ter', 'and', 'k@@', 'ill', 'in', 'the', 'su@@', 'mmer', '.', '</s>']
2026-05-28 10:01:03,123 - INFO - joeynmt.training - 	Source:     Het zet uit in de winter en krimpt in de zomer .
2026-05-28 10:01:03,123 - INFO - joeynmt.training - 	Reference:  It expands in winter and contracts in summer .
2026-05-28 10:01:03,123 - INFO - joeynmt.training - 	Hypothesis: It putting out in the winter and kill in the summer .
2026-05-28 10:01:03,124 - INFO - joeynmt.training - Example #4
2026-05-28 10:01:03,124 - DEBUG - joeynmt.training - 	Tokenized source:     ['De', 'volgende', 'dia', 'die', 'ik', 'laat', 'zien', 'is', 'een', 'vers@@', 'n@@', 'elde', 'ver@@', 'sie', 'van', 'wat', 'er', 'de', 'afgelopen', '25', 'jaar', 'is', 'gebeurd', '.']
2026-05-28 10:01:03,124 - DEBUG - joeynmt.training - 	Tokenized reference:  ['The', 'next', 'sli@@', 'de', 'I', 'show', 'you', 'will', 'be', 'a', 'r@@', 'ap@@', 'id', 'fa@@', 'st-@@', 'forward', 'of', 'what', '&apos;s', 'happened', 'over', 'the', 'last', '25', 'years', '.']
2026-05-28 10:01:03,124 - DEBUG - joeynmt.training - 	Tokenized hypothesis: ['The', 'next', 'sli@@', 'de', 'I', 'show', 'is', 'a', 'ac@@', 'dic@@', 'ated', 'ver@@', 'sion', 'of', 'what', 'has', 'happened', 'the', 'last', '25', 'years', '.', '</s>']
2026-05-28 10:01:03,124 - INFO - joeynmt.training - 	Source:     De volgende dia die ik laat zien is een versnelde versie van wat er de afgelopen 25 jaar is gebeurd .
2026-05-28 10:01:03,124 - INFO - joeynmt.training - 	Reference:  The next slide I show you will be a rapid fast-forward of what &apos;s happened over the last 25 years .
2026-05-28 10:01:03,124 - INFO - joeynmt.training - 	Hypothesis: The next slide I show is a acdicated version of what has happened the last 25 years .
2026-05-28 10:01:03,751 - INFO - joeynmt.training - Epoch   7: total training loss 4798.48
2026-05-28 10:01:03,751 - INFO - joeynmt.training - EPOCH 8
2026-05-28 10:01:25,602 - INFO - joeynmt.training - Epoch   8, Step:    24600, Batch Loss:     1.213841, Batch Acc: 0.640872, Tokens per Sec:     3308, Lr: 0.000300
2026-05-28 10:01:48,185 - INFO - joeynmt.training - Epoch   8, Step:    24700, Batch Loss:     1.334173, Batch Acc: 0.639709, Tokens per Sec:     3350, Lr: 0.000300
2026-05-28 10:02:11,104 - INFO - joeynmt.training - Epoch   8, Step:    24800, Batch Loss:     1.301360, Batch Acc: 0.636090, Tokens per Sec:     3259, Lr: 0.000300
2026-05-28 10:02:33,158 - INFO - joeynmt.training - Epoch   8, Step:    24900, Batch Loss:     1.474829, Batch Acc: 0.638379, Tokens per Sec:     3310, Lr: 0.000300
2026-05-28 10:02:55,647 - INFO - joeynmt.training - Epoch   8, Step:    25000, Batch Loss:     1.307214, Batch Acc: 0.634066, Tokens per Sec:     3364, Lr: 0.000300
2026-05-28 10:02:55,648 - WARNING - joeynmt.helpers - `alpha` option is obsolete. Please use `beam_alpha`, instead.
2026-05-28 10:02:55,648 - INFO - joeynmt.prediction - Predicting 1003 example(s)... (Greedy decoding with min_output_length=1, max_output_length=-1, return_prob='none', generate_unk=True, repetition_penalty=-1, no_repeat_ngram_size=-1)
2026-05-28 10:03:43,231 - INFO - joeynmt.prediction - Evaluation result (greedy) loss:   1.83, ppl:   6.21, acc:   0.51, generation: 47.5667[sec], evaluation: 0.0000[sec]
2026-05-28 10:03:43,483 - INFO - joeynmt.helpers - delete models/tf_bpe_4000_nl_en/21000.ckpt
2026-05-28 10:03:43,484 - INFO - joeynmt.training - Example #0
2026-05-28 10:03:43,485 - DEBUG - joeynmt.training - 	Tokenized source:     ['V@@', 'or@@', 'ig', 'jaar', 'liet', 'ik', 'deze', 'twee', 'dia', '&apos;', 's', 'zien', 'om', 'aan', 'te', 'tonen', 'dat', 'de', 'p@@', 'oo@@', 'lij@@', 'sk@@', 'a@@', 'p', ',', 'die', 'de', 'afgelopen', 'drie', 'miljoen', 'jaar', 'ongeveer', 'de', 'groot@@', 'te', 'had', 'van', 'het', 'va@@', 'stel@@', 'and', 'van', 'de', 'VS', ',', 'met', '40', '%', 'ge@@', 'k@@', 'rom@@', 'pen', 'was', '.']
2026-05-28 10:03:43,485 - DEBUG - joeynmt.training - 	Tokenized reference:  ['La@@', 'st', 'year', 'I', 'sho@@', 'wed', 'these', 'two', 'sli@@', 'des', 'so', 'that', 'de@@', 'mon@@', 'str@@', 'ate', 'that', 'the', 'ar@@', 'c@@', 'tic', 'ice', 'ca@@', 'p', ',', 'which', 'for', 'most', 'of', 'the', 'last', 'three', 'million', 'years', 'has', 'been', 'the', 'size', 'of', 'the', 'lo@@', 'wer', '4@@', '8', 'st@@', 'ates', ',', 'has', 'sh@@', 'run@@', 'k', 'by', '40', 'percent', '.']
2026-05-28 10:03:43,485 - DEBUG - joeynmt.training - 	Tokenized hypothesis: ['And', 'so', ',', 'I', 'sho@@', 'wed', 'these', 'two', 'sli@@', 'des', 'to', 'show', 'that', 'the', 'p@@', 'oo@@', 'l@@', 'bo@@', 'x', ',', 'which', 'had', 'about', 'the', 'p@@', 'oo@@', 'li@@', 'c', '.', 'who', 'had', 'about', 'the', 'mag@@', 'ni@@', 'fic@@', 'ance', 'of', 'the', 'U.S.', ',', 'with', '40', 'percent', 'of', 'the', 'U@@', 'S', ',', 'with', '40', 'percent', 'of', 'cra@@', 'w@@', 'ling', '.', '</s>']
2026-05-28 10:03:43,485 - INFO - joeynmt.training - 	Source:     Vorig jaar liet ik deze twee dia &apos; s zien om aan te tonen dat de poolijskap , die de afgelopen drie miljoen jaar ongeveer de grootte had van het vasteland van de VS , met 40 % gekrompen was .
2026-05-28 10:03:43,485 - INFO - joeynmt.training - 	Reference:  Last year I showed these two slides so that demonstrate that the arctic ice cap , which for most of the last three million years has been the size of the lower 48 states , has shrunk by 40 percent .
2026-05-28 10:03:43,485 - INFO - joeynmt.training - 	Hypothesis: And so , I showed these two slides to show that the poolbox , which had about the poolic . who had about the magnificance of the U.S. , with 40 percent of the US , with 40 percent of crawling .
2026-05-28 10:03:43,485 - INFO - joeynmt.training - Example #1
2026-05-28 10:03:43,485 - DEBUG - joeynmt.training - 	Tokenized source:     ['Maar', 'dit', 'onder@@', 'sch@@', 'at', 'eigenlijk', 'de', 'er@@', 'n@@', 'st', 'van', 'dit', 'specif@@', 'ieke', 'probleem', 'omdat', 'het', 'niet', 'de', 'di@@', 'kte', 'van', 'het', 'ij@@', 's', 'laat', 'zien', '.']
2026-05-28 10:03:43,485 - DEBUG - joeynmt.training - 	Tokenized reference:  ['But', 'this', 'under@@', 'st@@', 'ates', 'the', 'ser@@', 'i@@', 'ous@@', 'ness', 'of', 'this', 'particular', 'problem', 'because', 'it', 'doesn', '&apos;t', 'show', 'the', 'th@@', 'ick@@', 'ness', 'of', 'the', 'ice', '.']
2026-05-28 10:03:43,485 - DEBUG - joeynmt.training - 	Tokenized hypothesis: ['But', 'this', 'is', 'actually', 'the', 'im@@', 'medi@@', 'ately', 'of', 'this', 'particular', 'problem', 'because', 'it', 'doesn', '&apos;t', 'show', 'the', 'di@@', 'd@@', 'ate', 'of', 'the', 'ice', '.', '</s>']
2026-05-28 10:03:43,486 - INFO - joeynmt.training - 	Source:     Maar dit onderschat eigenlijk de ernst van dit specifieke probleem omdat het niet de dikte van het ijs laat zien .
2026-05-28 10:03:43,486 - INFO - joeynmt.training - 	Reference:  But this understates the seriousness of this particular problem because it doesn &apos;t show the thickness of the ice .
2026-05-28 10:03:43,486 - INFO - joeynmt.training - 	Hypothesis: But this is actually the immediately of this particular problem because it doesn &apos;t show the didate of the ice .
2026-05-28 10:03:43,486 - INFO - joeynmt.training - Example #2
2026-05-28 10:03:43,486 - DEBUG - joeynmt.training - 	Tokenized source:     ['De', 'ij@@', 'sk@@', 'a@@', 'p', 'op', 'de', 'N@@', 'oor@@', 'd@@', 'p@@', 'ool', 'is', 'in', 'ze@@', 'kere', 'zin', 'het', 'kl@@', 'op@@', 'p@@', 'end', 'har@@', 't', 'van', 'ons', 'glob@@', 'aal', 'kli@@', 'maat@@', 'systeem', '.']
2026-05-28 10:03:43,486 - DEBUG - joeynmt.training - 	Tokenized reference:  ['The', 'ar@@', 'c@@', 'tic', 'ice', 'ca@@', 'p', 'is', ',', 'in', 'a', 'sense', ',', 'the', 'be@@', 'ating', 'heart', 'of', 'the', 'global', 'climate', 'system', '.']
2026-05-28 10:03:43,486 - DEBUG - joeynmt.training - 	Tokenized hypothesis: ['The', 'ice', 'sk@@', 'a@@', 'p', 'on', 'the', 'Nor@@', 'th', 'P@@', 'ole', 'is', 'in', 'a', 'certain', 'sense', ',', 'the', 'cli@@', 'p', 'of', 'our', 'global', 'climate', 'system', '.', '</s>']
2026-05-28 10:03:43,486 - INFO - joeynmt.training - 	Source:     De ijskap op de Noordpool is in zekere zin het kloppend hart van ons globaal klimaatsysteem .
2026-05-28 10:03:43,487 - INFO - joeynmt.training - 	Reference:  The arctic ice cap is , in a sense , the beating heart of the global climate system .
2026-05-28 10:03:43,487 - INFO - joeynmt.training - 	Hypothesis: The ice skap on the North Pole is in a certain sense , the clip of our global climate system .
2026-05-28 10:03:43,487 - INFO - joeynmt.training - Example #3
2026-05-28 10:03:43,487 - DEBUG - joeynmt.training - 	Tokenized source:     ['Het', 'zet', 'uit', 'in', 'de', 'win@@', 'ter', 'en', 'k@@', 'ri@@', 'mp@@', 't', 'in', 'de', 'z@@', 'om@@', 'er', '.']
2026-05-28 10:03:43,487 - DEBUG - joeynmt.training - 	Tokenized reference:  ['It', 'exp@@', 'ands', 'in', 'win@@', 'ter', 'and', 'con@@', 'trac@@', 'ts', 'in', 'su@@', 'mmer', '.']
2026-05-28 10:03:43,487 - DEBUG - joeynmt.training - 	Tokenized hypothesis: ['It', 'pu@@', 'ts', 'in', 'the', 'win@@', 'ter', 'and', 'k@@', 'mp@@', 's', 'in', 'the', 'su@@', 'mmer', '.', '</s>']
2026-05-28 10:03:43,487 - INFO - joeynmt.training - 	Source:     Het zet uit in de winter en krimpt in de zomer .
2026-05-28 10:03:43,487 - INFO - joeynmt.training - 	Reference:  It expands in winter and contracts in summer .
2026-05-28 10:03:43,487 - INFO - joeynmt.training - 	Hypothesis: It puts in the winter and kmps in the summer .
2026-05-28 10:03:43,487 - INFO - joeynmt.training - Example #4
2026-05-28 10:03:43,487 - DEBUG - joeynmt.training - 	Tokenized source:     ['De', 'volgende', 'dia', 'die', 'ik', 'laat', 'zien', 'is', 'een', 'vers@@', 'n@@', 'elde', 'ver@@', 'sie', 'van', 'wat', 'er', 'de', 'afgelopen', '25', 'jaar', 'is', 'gebeurd', '.']
2026-05-28 10:03:43,488 - DEBUG - joeynmt.training - 	Tokenized reference:  ['The', 'next', 'sli@@', 'de', 'I', 'show', 'you', 'will', 'be', 'a', 'r@@', 'ap@@', 'id', 'fa@@', 'st-@@', 'forward', 'of', 'what', '&apos;s', 'happened', 'over', 'the', 'last', '25', 'years', '.']
2026-05-28 10:03:43,488 - DEBUG - joeynmt.training - 	Tokenized hypothesis: ['The', 'next', 'sli@@', 'de', 'I', '&apos;m', 'sho@@', 'wing', 'is', 'a', 'ac@@', 'coun@@', 't', 'of', 'what', 'was', 'happened', 'the', 'last', '25', 'years', '.', '</s>']
2026-05-28 10:03:43,488 - INFO - joeynmt.training - 	Source:     De volgende dia die ik laat zien is een versnelde versie van wat er de afgelopen 25 jaar is gebeurd .
2026-05-28 10:03:43,488 - INFO - joeynmt.training - 	Reference:  The next slide I show you will be a rapid fast-forward of what &apos;s happened over the last 25 years .
2026-05-28 10:03:43,488 - INFO - joeynmt.training - 	Hypothesis: The next slide I &apos;m showing is a account of what was happened the last 25 years .
2026-05-28 10:04:04,198 - INFO - joeynmt.training - Epoch   8, Step:    25100, Batch Loss:     1.325520, Batch Acc: 0.637069, Tokens per Sec:     3536, Lr: 0.000300
2026-05-28 10:04:26,128 - INFO - joeynmt.training - Epoch   8, Step:    25200, Batch Loss:     1.258642, Batch Acc: 0.634155, Tokens per Sec:     3468, Lr: 0.000300
2026-05-28 10:04:47,349 - INFO - joeynmt.training - Epoch   8, Step:    25300, Batch Loss:     1.310224, Batch Acc: 0.634883, Tokens per Sec:     3446, Lr: 0.000300
2026-05-28 10:05:11,814 - INFO - joeynmt.training - Epoch   8, Step:    25400, Batch Loss:     1.410359, Batch Acc: 0.626380, Tokens per Sec:     3024, Lr: 0.000300
2026-05-28 10:05:37,771 - INFO - joeynmt.training - Epoch   8, Step:    25500, Batch Loss:     1.249154, Batch Acc: 0.629749, Tokens per Sec:     2829, Lr: 0.000300
2026-05-28 10:05:37,772 - WARNING - joeynmt.helpers - `alpha` option is obsolete. Please use `beam_alpha`, instead.
2026-05-28 10:05:37,772 - INFO - joeynmt.prediction - Predicting 1003 example(s)... (Greedy decoding with min_output_length=1, max_output_length=-1, return_prob='none', generate_unk=True, repetition_penalty=-1, no_repeat_ngram_size=-1)
2026-05-28 10:06:26,695 - INFO - joeynmt.prediction - Evaluation result (greedy) loss:   1.83, ppl:   6.21, acc:   0.51, generation: 48.9082[sec], evaluation: 0.0000[sec]
2026-05-28 10:06:26,701 - INFO - joeynmt.training - Example #0
2026-05-28 10:06:26,701 - DEBUG - joeynmt.training - 	Tokenized source:     ['V@@', 'or@@', 'ig', 'jaar', 'liet', 'ik', 'deze', 'twee', 'dia', '&apos;', 's', 'zien', 'om', 'aan', 'te', 'tonen', 'dat', 'de', 'p@@', 'oo@@', 'lij@@', 'sk@@', 'a@@', 'p', ',', 'die', 'de', 'afgelopen', 'drie', 'miljoen', 'jaar', 'ongeveer', 'de', 'groot@@', 'te', 'had', 'van', 'het', 'va@@', 'stel@@', 'and', 'van', 'de', 'VS', ',', 'met', '40', '%', 'ge@@', 'k@@', 'rom@@', 'pen', 'was', '.']
2026-05-28 10:06:26,701 - DEBUG - joeynmt.training - 	Tokenized reference:  ['La@@', 'st', 'year', 'I', 'sho@@', 'wed', 'these', 'two', 'sli@@', 'des', 'so', 'that', 'de@@', 'mon@@', 'str@@', 'ate', 'that', 'the', 'ar@@', 'c@@', 'tic', 'ice', 'ca@@', 'p', ',', 'which', 'for', 'most', 'of', 'the', 'last', 'three', 'million', 'years', 'has', 'been', 'the', 'size', 'of', 'the', 'lo@@', 'wer', '4@@', '8', 'st@@', 'ates', ',', 'has', 'sh@@', 'run@@', 'k', 'by', '40', 'percent', '.']
2026-05-28 10:06:26,702 - DEBUG - joeynmt.training - 	Tokenized hypothesis: ['La@@', 'st', 'year', ',', 'I', 'sho@@', 'wed', 'these', 'two', 'sli@@', 'des', 'to', 'show', 'that', 'the', 'p@@', 'oo@@', 'l@@', 'pr@@', 'ac@@', 'tic@@', 's', ',', 'who', 'had', 'about', 'the', 'last', 'three', 'million', 'years', 'of', 'the', 'va@@', 'gu@@', 'e', ',', 'who', 'had', '40', 'percent', 'the', 'size', 'of', 'the', 'U.S.', ',', 'with', '40', 'percent', 'of', 'cra@@', 'w@@', 'ling', '.', '</s>']
2026-05-28 10:06:26,702 - INFO - joeynmt.training - 	Source:     Vorig jaar liet ik deze twee dia &apos; s zien om aan te tonen dat de poolijskap , die de afgelopen drie miljoen jaar ongeveer de grootte had van het vasteland van de VS , met 40 % gekrompen was .
2026-05-28 10:06:26,702 - INFO - joeynmt.training - 	Reference:  Last year I showed these two slides so that demonstrate that the arctic ice cap , which for most of the last three million years has been the size of the lower 48 states , has shrunk by 40 percent .
2026-05-28 10:06:26,702 - INFO - joeynmt.training - 	Hypothesis: Last year , I showed these two slides to show that the poolpractics , who had about the last three million years of the vague , who had 40 percent the size of the U.S. , with 40 percent of crawling .
2026-05-28 10:06:26,702 - INFO - joeynmt.training - Example #1
2026-05-28 10:06:26,702 - DEBUG - joeynmt.training - 	Tokenized source:     ['Maar', 'dit', 'onder@@', 'sch@@', 'at', 'eigenlijk', 'de', 'er@@', 'n@@', 'st', 'van', 'dit', 'specif@@', 'ieke', 'probleem', 'omdat', 'het', 'niet', 'de', 'di@@', 'kte', 'van', 'het', 'ij@@', 's', 'laat', 'zien', '.']
2026-05-28 10:06:26,703 - DEBUG - joeynmt.training - 	Tokenized reference:  ['But', 'this', 'under@@', 'st@@', 'ates', 'the', 'ser@@', 'i@@', 'ous@@', 'ness', 'of', 'this', 'particular', 'problem', 'because', 'it', 'doesn', '&apos;t', 'show', 'the', 'th@@', 'ick@@', 'ness', 'of', 'the', 'ice', '.']
2026-05-28 10:06:26,703 - DEBUG - joeynmt.training - 	Tokenized hypothesis: ['But', 'this', 'is', 'actually', 'the', 'im@@', 'pres@@', 'sion', 'of', 'this', 'particular', 'problem', 'because', 'it', 'doesn', '&apos;t', 'show', 'the', 'di@@', 'stri@@', 'bu@@', 'ted', 'from', 'the', 'ice', '.', '</s>']
2026-05-28 10:06:26,703 - INFO - joeynmt.training - 	Source:     Maar dit onderschat eigenlijk de ernst van dit specifieke probleem omdat het niet de dikte van het ijs laat zien .
2026-05-28 10:06:26,703 - INFO - joeynmt.training - 	Reference:  But this understates the seriousness of this particular problem because it doesn &apos;t show the thickness of the ice .
2026-05-28 10:06:26,703 - INFO - joeynmt.training - 	Hypothesis: But this is actually the impression of this particular problem because it doesn &apos;t show the distributed from the ice .
2026-05-28 10:06:26,703 - INFO - joeynmt.training - Example #2
2026-05-28 10:06:26,703 - DEBUG - joeynmt.training - 	Tokenized source:     ['De', 'ij@@', 'sk@@', 'a@@', 'p', 'op', 'de', 'N@@', 'oor@@', 'd@@', 'p@@', 'ool', 'is', 'in', 'ze@@', 'kere', 'zin', 'het', 'kl@@', 'op@@', 'p@@', 'end', 'har@@', 't', 'van', 'ons', 'glob@@', 'aal', 'kli@@', 'maat@@', 'systeem', '.']
2026-05-28 10:06:26,703 - DEBUG - joeynmt.training - 	Tokenized reference:  ['The', 'ar@@', 'c@@', 'tic', 'ice', 'ca@@', 'p', 'is', ',', 'in', 'a', 'sense', ',', 'the', 'be@@', 'ating', 'heart', 'of', 'the', 'global', 'climate', 'system', '.']
2026-05-28 10:06:26,703 - DEBUG - joeynmt.training - 	Tokenized hypothesis: ['The', 'ice', 'sk@@', 'a@@', 'p', 'on', 'the', 'Nor@@', 'th', 'P@@', 'ole', 'is', 'in', 'a', 'certain', 'sense', ',', 'the', 'cli@@', 'mb@@', 'ing', 'heart', 'of', 'our', 'global', 'climate', 'system', '.', '</s>']
2026-05-28 10:06:26,704 - INFO - joeynmt.training - 	Source:     De ijskap op de Noordpool is in zekere zin het kloppend hart van ons globaal klimaatsysteem .
2026-05-28 10:06:26,704 - INFO - joeynmt.training - 	Reference:  The arctic ice cap is , in a sense , the beating heart of the global climate system .
2026-05-28 10:06:26,704 - INFO - joeynmt.training - 	Hypothesis: The ice skap on the North Pole is in a certain sense , the climbing heart of our global climate system .
2026-05-28 10:06:26,704 - INFO - joeynmt.training - Example #3
2026-05-28 10:06:26,704 - DEBUG - joeynmt.training - 	Tokenized source:     ['Het', 'zet', 'uit', 'in', 'de', 'win@@', 'ter', 'en', 'k@@', 'ri@@', 'mp@@', 't', 'in', 'de', 'z@@', 'om@@', 'er', '.']
2026-05-28 10:06:26,704 - DEBUG - joeynmt.training - 	Tokenized reference:  ['It', 'exp@@', 'ands', 'in', 'win@@', 'ter', 'and', 'con@@', 'trac@@', 'ts', 'in', 'su@@', 'mmer', '.']
2026-05-28 10:06:26,704 - DEBUG - joeynmt.training - 	Tokenized hypothesis: ['It', '&apos;s', 'pu@@', 'tting', 'out', 'in', 'the', 'win@@', 'ter', 'and', 'k@@', 'ri@@', 'mp@@', 's', 'in', 'the', 'su@@', 'mmer', '.', '</s>']
2026-05-28 10:06:26,705 - INFO - joeynmt.training - 	Source:     Het zet uit in de winter en krimpt in de zomer .
2026-05-28 10:06:26,705 - INFO - joeynmt.training - 	Reference:  It expands in winter and contracts in summer .
2026-05-28 10:06:26,705 - INFO - joeynmt.training - 	Hypothesis: It &apos;s putting out in the winter and krimps in the summer .
2026-05-28 10:06:26,705 - INFO - joeynmt.training - Example #4
2026-05-28 10:06:26,705 - DEBUG - joeynmt.training - 	Tokenized source:     ['De', 'volgende', 'dia', 'die', 'ik', 'laat', 'zien', 'is', 'een', 'vers@@', 'n@@', 'elde', 'ver@@', 'sie', 'van', 'wat', 'er', 'de', 'afgelopen', '25', 'jaar', 'is', 'gebeurd', '.']
2026-05-28 10:06:26,705 - DEBUG - joeynmt.training - 	Tokenized reference:  ['The', 'next', 'sli@@', 'de', 'I', 'show', 'you', 'will', 'be', 'a', 'r@@', 'ap@@', 'id', 'fa@@', 'st-@@', 'forward', 'of', 'what', '&apos;s', 'happened', 'over', 'the', 'last', '25', 'years', '.']
2026-05-28 10:06:26,705 - DEBUG - joeynmt.training - 	Tokenized hypothesis: ['The', 'next', 'sli@@', 'de', 'I', 'show', 'you', 'is', 'a', 'ac@@', 'coun@@', 't', 'ver@@', 'sion', 'of', 'what', 'happened', 'over', 'the', 'last', '25', 'years', '.', '</s>']
2026-05-28 10:06:26,705 - INFO - joeynmt.training - 	Source:     De volgende dia die ik laat zien is een versnelde versie van wat er de afgelopen 25 jaar is gebeurd .
2026-05-28 10:06:26,705 - INFO - joeynmt.training - 	Reference:  The next slide I show you will be a rapid fast-forward of what &apos;s happened over the last 25 years .
2026-05-28 10:06:26,706 - INFO - joeynmt.training - 	Hypothesis: The next slide I show you is a account version of what happened over the last 25 years .
2026-05-28 10:07:00,997 - INFO - joeynmt.training - Epoch   8, Step:    25600, Batch Loss:     1.279831, Batch Acc: 0.630451, Tokens per Sec:     2177, Lr: 0.000300
2026-05-28 10:07:39,214 - INFO - joeynmt.training - Epoch   8, Step:    25700, Batch Loss:     1.211277, Batch Acc: 0.629415, Tokens per Sec:     1924, Lr: 0.000300
2026-05-28 10:08:00,482 - INFO - joeynmt.training - Epoch   8, Step:    25800, Batch Loss:     1.415459, Batch Acc: 0.627602, Tokens per Sec:     3424, Lr: 0.000300
2026-05-28 10:08:23,878 - INFO - joeynmt.training - Epoch   8, Step:    25900, Batch Loss:     1.337788, Batch Acc: 0.627382, Tokens per Sec:     3140, Lr: 0.000300
2026-05-28 10:08:50,892 - INFO - joeynmt.training - Epoch   8, Step:    26000, Batch Loss:     1.440071, Batch Acc: 0.631713, Tokens per Sec:     2774, Lr: 0.000300
2026-05-28 10:08:50,893 - WARNING - joeynmt.helpers - `alpha` option is obsolete. Please use `beam_alpha`, instead.
2026-05-28 10:08:50,893 - INFO - joeynmt.prediction - Predicting 1003 example(s)... (Greedy decoding with min_output_length=1, max_output_length=-1, return_prob='none', generate_unk=True, repetition_penalty=-1, no_repeat_ngram_size=-1)
2026-05-28 10:09:27,642 - INFO - joeynmt.prediction - Evaluation result (greedy) loss:   1.83, ppl:   6.22, acc:   0.51, generation: 36.7372[sec], evaluation: 0.0000[sec]
2026-05-28 10:09:27,645 - INFO - joeynmt.training - Example #0
2026-05-28 10:09:27,645 - DEBUG - joeynmt.training - 	Tokenized source:     ['V@@', 'or@@', 'ig', 'jaar', 'liet', 'ik', 'deze', 'twee', 'dia', '&apos;', 's', 'zien', 'om', 'aan', 'te', 'tonen', 'dat', 'de', 'p@@', 'oo@@', 'lij@@', 'sk@@', 'a@@', 'p', ',', 'die', 'de', 'afgelopen', 'drie', 'miljoen', 'jaar', 'ongeveer', 'de', 'groot@@', 'te', 'had', 'van', 'het', 'va@@', 'stel@@', 'and', 'van', 'de', 'VS', ',', 'met', '40', '%', 'ge@@', 'k@@', 'rom@@', 'pen', 'was', '.']
2026-05-28 10:09:27,645 - DEBUG - joeynmt.training - 	Tokenized reference:  ['La@@', 'st', 'year', 'I', 'sho@@', 'wed', 'these', 'two', 'sli@@', 'des', 'so', 'that', 'de@@', 'mon@@', 'str@@', 'ate', 'that', 'the', 'ar@@', 'c@@', 'tic', 'ice', 'ca@@', 'p', ',', 'which', 'for', 'most', 'of', 'the', 'last', 'three', 'million', 'years', 'has', 'been', 'the', 'size', 'of', 'the', 'lo@@', 'wer', '4@@', '8', 'st@@', 'ates', ',', 'has', 'sh@@', 'run@@', 'k', 'by', '40', 'percent', '.']
2026-05-28 10:09:27,645 - DEBUG - joeynmt.training - 	Tokenized hypothesis: ['La@@', 'st', 'year', ',', 'I', 'sho@@', 'wed', 'these', 'two', 'sli@@', 'des', 'to', 'show', 'that', 'the', 'p@@', 'oo@@', 'y', 'bo@@', 'x', ',', 'which', 'had', 'about', 'the', 'p@@', 'oo@@', 'y', 'three', 'million', 'years', ',', 'which', 'had', 'about', 'the', 'gre@@', 'at@@', '-@@', 'cra@@', 'ft', ',', 'who', 'had', '40', 'percent', 'rom@@', 'bs', '.', '</s>']
2026-05-28 10:09:27,646 - INFO - joeynmt.training - 	Source:     Vorig jaar liet ik deze twee dia &apos; s zien om aan te tonen dat de poolijskap , die de afgelopen drie miljoen jaar ongeveer de grootte had van het vasteland van de VS , met 40 % gekrompen was .
2026-05-28 10:09:27,646 - INFO - joeynmt.training - 	Reference:  Last year I showed these two slides so that demonstrate that the arctic ice cap , which for most of the last three million years has been the size of the lower 48 states , has shrunk by 40 percent .
2026-05-28 10:09:27,646 - INFO - joeynmt.training - 	Hypothesis: Last year , I showed these two slides to show that the pooy box , which had about the pooy three million years , which had about the great-craft , who had 40 percent rombs .
2026-05-28 10:09:27,646 - INFO - joeynmt.training - Example #1
2026-05-28 10:09:27,646 - DEBUG - joeynmt.training - 	Tokenized source:     ['Maar', 'dit', 'onder@@', 'sch@@', 'at', 'eigenlijk', 'de', 'er@@', 'n@@', 'st', 'van', 'dit', 'specif@@', 'ieke', 'probleem', 'omdat', 'het', 'niet', 'de', 'di@@', 'kte', 'van', 'het', 'ij@@', 's', 'laat', 'zien', '.']
2026-05-28 10:09:27,646 - DEBUG - joeynmt.training - 	Tokenized reference:  ['But', 'this', 'under@@', 'st@@', 'ates', 'the', 'ser@@', 'i@@', 'ous@@', 'ness', 'of', 'this', 'particular', 'problem', 'because', 'it', 'doesn', '&apos;t', 'show', 'the', 'th@@', 'ick@@', 'ness', 'of', 'the', 'ice', '.']
2026-05-28 10:09:27,646 - DEBUG - joeynmt.training - 	Tokenized hypothesis: ['But', 'this', 'is', 'actually', 'the', 'very', 'speci@@', 'fic', 'problem', ',', 'because', 'it', '&apos;s', 'not', 'the', 'di@@', 'r@@', 'ty', 'of', 'the', 'ice', '.', '</s>']
2026-05-28 10:09:27,646 - INFO - joeynmt.training - 	Source:     Maar dit onderschat eigenlijk de ernst van dit specifieke probleem omdat het niet de dikte van het ijs laat zien .
2026-05-28 10:09:27,646 - INFO - joeynmt.training - 	Reference:  But this understates the seriousness of this particular problem because it doesn &apos;t show the thickness of the ice .
2026-05-28 10:09:27,647 - INFO - joeynmt.training - 	Hypothesis: But this is actually the very specific problem , because it &apos;s not the dirty of the ice .
2026-05-28 10:09:27,647 - INFO - joeynmt.training - Example #2
2026-05-28 10:09:27,647 - DEBUG - joeynmt.training - 	Tokenized source:     ['De', 'ij@@', 'sk@@', 'a@@', 'p', 'op', 'de', 'N@@', 'oor@@', 'd@@', 'p@@', 'ool', 'is', 'in', 'ze@@', 'kere', 'zin', 'het', 'kl@@', 'op@@', 'p@@', 'end', 'har@@', 't', 'van', 'ons', 'glob@@', 'aal', 'kli@@', 'maat@@', 'systeem', '.']
2026-05-28 10:09:27,647 - DEBUG - joeynmt.training - 	Tokenized reference:  ['The', 'ar@@', 'c@@', 'tic', 'ice', 'ca@@', 'p', 'is', ',', 'in', 'a', 'sense', ',', 'the', 'be@@', 'ating', 'heart', 'of', 'the', 'global', 'climate', 'system', '.']
2026-05-28 10:09:27,647 - DEBUG - joeynmt.training - 	Tokenized hypothesis: ['The', 'ic@@', 'sk@@', 'in', 'the', 'Nor@@', 'th', 'P@@', 'ole', 'is', 'in', 'the', 'Nor@@', 'th', 'P@@', 'ole', 'is', 'the', 'cli@@', 'p', 'of', 'our', 'global', 'climate', 'system', '.', '</s>']
2026-05-28 10:09:27,647 - INFO - joeynmt.training - 	Source:     De ijskap op de Noordpool is in zekere zin het kloppend hart van ons globaal klimaatsysteem .
2026-05-28 10:09:27,647 - INFO - joeynmt.training - 	Reference:  The arctic ice cap is , in a sense , the beating heart of the global climate system .
2026-05-28 10:09:27,647 - INFO - joeynmt.training - 	Hypothesis: The icskin the North Pole is in the North Pole is the clip of our global climate system .
2026-05-28 10:09:27,647 - INFO - joeynmt.training - Example #3
2026-05-28 10:09:27,647 - DEBUG - joeynmt.training - 	Tokenized source:     ['Het', 'zet', 'uit', 'in', 'de', 'win@@', 'ter', 'en', 'k@@', 'ri@@', 'mp@@', 't', 'in', 'de', 'z@@', 'om@@', 'er', '.']
2026-05-28 10:09:27,647 - DEBUG - joeynmt.training - 	Tokenized reference:  ['It', 'exp@@', 'ands', 'in', 'win@@', 'ter', 'and', 'con@@', 'trac@@', 'ts', 'in', 'su@@', 'mmer', '.']
2026-05-28 10:09:27,647 - DEBUG - joeynmt.training - 	Tokenized hypothesis: ['It', '&apos;s', 'pu@@', 'tting', 'up', 'in', 'the', 'win@@', 'ter', 'and', 'k@@', 'ri@@', 'mp@@', 's', 'in', 'the', 'su@@', 'mmer', '.', '</s>']
2026-05-28 10:09:27,648 - INFO - joeynmt.training - 	Source:     Het zet uit in de winter en krimpt in de zomer .
2026-05-28 10:09:27,648 - INFO - joeynmt.training - 	Reference:  It expands in winter and contracts in summer .
2026-05-28 10:09:27,648 - INFO - joeynmt.training - 	Hypothesis: It &apos;s putting up in the winter and krimps in the summer .
2026-05-28 10:09:27,648 - INFO - joeynmt.training - Example #4
2026-05-28 10:09:27,648 - DEBUG - joeynmt.training - 	Tokenized source:     ['De', 'volgende', 'dia', 'die', 'ik', 'laat', 'zien', 'is', 'een', 'vers@@', 'n@@', 'elde', 'ver@@', 'sie', 'van', 'wat', 'er', 'de', 'afgelopen', '25', 'jaar', 'is', 'gebeurd', '.']
2026-05-28 10:09:27,648 - DEBUG - joeynmt.training - 	Tokenized reference:  ['The', 'next', 'sli@@', 'de', 'I', 'show', 'you', 'will', 'be', 'a', 'r@@', 'ap@@', 'id', 'fa@@', 'st-@@', 'forward', 'of', 'what', '&apos;s', 'happened', 'over', 'the', 'last', '25', 'years', '.']
2026-05-28 10:09:27,648 - DEBUG - joeynmt.training - 	Tokenized hypothesis: ['The', 'next', 'sli@@', 'de', 'I', 'show', 'you', 'is', 'a', 'ac@@', 'cel@@', 'er@@', 'ated', 'ver@@', 'sion', 'of', 'what', '&apos;s', 'happened', 'the', 'last', '25', 'years', '.', '</s>']
2026-05-28 10:09:27,648 - INFO - joeynmt.training - 	Source:     De volgende dia die ik laat zien is een versnelde versie van wat er de afgelopen 25 jaar is gebeurd .
2026-05-28 10:09:27,648 - INFO - joeynmt.training - 	Reference:  The next slide I show you will be a rapid fast-forward of what &apos;s happened over the last 25 years .
2026-05-28 10:09:27,648 - INFO - joeynmt.training - 	Hypothesis: The next slide I show you is a accelerated version of what &apos;s happened the last 25 years .
2026-05-28 10:09:48,445 - INFO - joeynmt.training - Epoch   8, Step:    26100, Batch Loss:     1.162122, Batch Acc: 0.630483, Tokens per Sec:     3469, Lr: 0.000300
2026-05-28 10:10:09,047 - INFO - joeynmt.training - Epoch   8, Step:    26200, Batch Loss:     1.278753, Batch Acc: 0.627367, Tokens per Sec:     3564, Lr: 0.000300
2026-05-28 10:10:28,908 - INFO - joeynmt.training - Epoch   8, Step:    26300, Batch Loss:     1.395076, Batch Acc: 0.628995, Tokens per Sec:     3743, Lr: 0.000300
2026-05-28 10:10:51,639 - INFO - joeynmt.training - Epoch   8, Step:    26400, Batch Loss:     1.523847, Batch Acc: 0.628504, Tokens per Sec:     3282, Lr: 0.000300
2026-05-28 10:11:12,933 - INFO - joeynmt.training - Epoch   8, Step:    26500, Batch Loss:     1.369308, Batch Acc: 0.627193, Tokens per Sec:     3509, Lr: 0.000300
2026-05-28 10:11:12,933 - WARNING - joeynmt.helpers - `alpha` option is obsolete. Please use `beam_alpha`, instead.
2026-05-28 10:11:12,933 - INFO - joeynmt.prediction - Predicting 1003 example(s)... (Greedy decoding with min_output_length=1, max_output_length=-1, return_prob='none', generate_unk=True, repetition_penalty=-1, no_repeat_ngram_size=-1)
2026-05-28 10:12:02,528 - INFO - joeynmt.prediction - Evaluation result (greedy) loss:   1.82, ppl:   6.20, acc:   0.51, generation: 49.5795[sec], evaluation: 0.0000[sec]
2026-05-28 10:12:02,753 - INFO - joeynmt.helpers - delete models/tf_bpe_4000_nl_en/25000.ckpt
2026-05-28 10:12:02,756 - INFO - joeynmt.helpers - delete /Users/annajung/Desktop/MT/exercise_4/mt-exercise-04/models/tf_bpe_4000_nl_en/25000.ckpt
2026-05-28 10:12:02,756 - WARNING - joeynmt.helpers - Wanted to delete old checkpoint /Users/annajung/Desktop/MT/exercise_4/mt-exercise-04/models/tf_bpe_4000_nl_en/25000.ckpt but file does not exist. ([Errno 2] No such file or directory: '/Users/annajung/Desktop/MT/exercise_4/mt-exercise-04/models/tf_bpe_4000_nl_en/25000.ckpt')
2026-05-28 10:12:02,757 - INFO - joeynmt.training - Example #0
2026-05-28 10:12:02,758 - DEBUG - joeynmt.training - 	Tokenized source:     ['V@@', 'or@@', 'ig', 'jaar', 'liet', 'ik', 'deze', 'twee', 'dia', '&apos;', 's', 'zien', 'om', 'aan', 'te', 'tonen', 'dat', 'de', 'p@@', 'oo@@', 'lij@@', 'sk@@', 'a@@', 'p', ',', 'die', 'de', 'afgelopen', 'drie', 'miljoen', 'jaar', 'ongeveer', 'de', 'groot@@', 'te', 'had', 'van', 'het', 'va@@', 'stel@@', 'and', 'van', 'de', 'VS', ',', 'met', '40', '%', 'ge@@', 'k@@', 'rom@@', 'pen', 'was', '.']
2026-05-28 10:12:02,758 - DEBUG - joeynmt.training - 	Tokenized reference:  ['La@@', 'st', 'year', 'I', 'sho@@', 'wed', 'these', 'two', 'sli@@', 'des', 'so', 'that', 'de@@', 'mon@@', 'str@@', 'ate', 'that', 'the', 'ar@@', 'c@@', 'tic', 'ice', 'ca@@', 'p', ',', 'which', 'for', 'most', 'of', 'the', 'last', 'three', 'million', 'years', 'has', 'been', 'the', 'size', 'of', 'the', 'lo@@', 'wer', '4@@', '8', 'st@@', 'ates', ',', 'has', 'sh@@', 'run@@', 'k', 'by', '40', 'percent', '.']
2026-05-28 10:12:02,758 - DEBUG - joeynmt.training - 	Tokenized hypothesis: ['F@@', 'in@@', 'ally', 'years', ',', 'I', 'sho@@', 'wed', 'these', 'two', 'sli@@', 'des', 'to', 'show', 'that', 'the', 'P@@', 'o@@', 'li@@', 'c', 'C@@', 'a@@', 'p', ',', 'who', 'had', 'about', 'the', 'P@@', 'o@@', 'li@@', 'c', 'year', ',', 'the', 'U.S.', ',', 'with', '40', 'percent', 'of', 'the', 'U@@', 'S', ',', 'with', '40', 'percent', 'ge@@', 'rom@@', 'is@@', 'ed', '.', '</s>']
2026-05-28 10:12:02,758 - INFO - joeynmt.training - 	Source:     Vorig jaar liet ik deze twee dia &apos; s zien om aan te tonen dat de poolijskap , die de afgelopen drie miljoen jaar ongeveer de grootte had van het vasteland van de VS , met 40 % gekrompen was .
2026-05-28 10:12:02,758 - INFO - joeynmt.training - 	Reference:  Last year I showed these two slides so that demonstrate that the arctic ice cap , which for most of the last three million years has been the size of the lower 48 states , has shrunk by 40 percent .
2026-05-28 10:12:02,758 - INFO - joeynmt.training - 	Hypothesis: Finally years , I showed these two slides to show that the Polic Cap , who had about the Polic year , the U.S. , with 40 percent of the US , with 40 percent geromised .
2026-05-28 10:12:02,758 - INFO - joeynmt.training - Example #1
2026-05-28 10:12:02,758 - DEBUG - joeynmt.training - 	Tokenized source:     ['Maar', 'dit', 'onder@@', 'sch@@', 'at', 'eigenlijk', 'de', 'er@@', 'n@@', 'st', 'van', 'dit', 'specif@@', 'ieke', 'probleem', 'omdat', 'het', 'niet', 'de', 'di@@', 'kte', 'van', 'het', 'ij@@', 's', 'laat', 'zien', '.']
2026-05-28 10:12:02,759 - DEBUG - joeynmt.training - 	Tokenized reference:  ['But', 'this', 'under@@', 'st@@', 'ates', 'the', 'ser@@', 'i@@', 'ous@@', 'ness', 'of', 'this', 'particular', 'problem', 'because', 'it', 'doesn', '&apos;t', 'show', 'the', 'th@@', 'ick@@', 'ness', 'of', 'the', 'ice', '.']
2026-05-28 10:12:02,759 - DEBUG - joeynmt.training - 	Tokenized hypothesis: ['But', 'this', 'is', 'actually', 'the', 'very', 'very', 'speci@@', 'fic', 'problem', 'because', 'it', 'doesn', '&apos;t', 'show', 'the', 'di@@', 'r@@', 'ty', 'of', 'the', 'ice', '.', '</s>']
2026-05-28 10:12:02,759 - INFO - joeynmt.training - 	Source:     Maar dit onderschat eigenlijk de ernst van dit specifieke probleem omdat het niet de dikte van het ijs laat zien .
2026-05-28 10:12:02,759 - INFO - joeynmt.training - 	Reference:  But this understates the seriousness of this particular problem because it doesn &apos;t show the thickness of the ice .
2026-05-28 10:12:02,759 - INFO - joeynmt.training - 	Hypothesis: But this is actually the very very specific problem because it doesn &apos;t show the dirty of the ice .
2026-05-28 10:12:02,759 - INFO - joeynmt.training - Example #2
2026-05-28 10:12:02,759 - DEBUG - joeynmt.training - 	Tokenized source:     ['De', 'ij@@', 'sk@@', 'a@@', 'p', 'op', 'de', 'N@@', 'oor@@', 'd@@', 'p@@', 'ool', 'is', 'in', 'ze@@', 'kere', 'zin', 'het', 'kl@@', 'op@@', 'p@@', 'end', 'har@@', 't', 'van', 'ons', 'glob@@', 'aal', 'kli@@', 'maat@@', 'systeem', '.']
2026-05-28 10:12:02,759 - DEBUG - joeynmt.training - 	Tokenized reference:  ['The', 'ar@@', 'c@@', 'tic', 'ice', 'ca@@', 'p', 'is', ',', 'in', 'a', 'sense', ',', 'the', 'be@@', 'ating', 'heart', 'of', 'the', 'global', 'climate', 'system', '.']
2026-05-28 10:12:02,759 - DEBUG - joeynmt.training - 	Tokenized hypothesis: ['The', 'ice', 'sk@@', 'a@@', 'p', 'on', 'the', 'Nor@@', 'th', 'P@@', 'ole', 'is', 'in', 'a', 'way', ',', 'the', 'cre@@', 'ating', 'har@@', 'd-@@', 'har@@', 't', 'of', 'our', 'global', 'climate', 'system', '.', '</s>']
2026-05-28 10:12:02,760 - INFO - joeynmt.training - 	Source:     De ijskap op de Noordpool is in zekere zin het kloppend hart van ons globaal klimaatsysteem .
2026-05-28 10:12:02,760 - INFO - joeynmt.training - 	Reference:  The arctic ice cap is , in a sense , the beating heart of the global climate system .
2026-05-28 10:12:02,760 - INFO - joeynmt.training - 	Hypothesis: The ice skap on the North Pole is in a way , the creating hard-hart of our global climate system .
2026-05-28 10:12:02,760 - INFO - joeynmt.training - Example #3
2026-05-28 10:12:02,760 - DEBUG - joeynmt.training - 	Tokenized source:     ['Het', 'zet', 'uit', 'in', 'de', 'win@@', 'ter', 'en', 'k@@', 'ri@@', 'mp@@', 't', 'in', 'de', 'z@@', 'om@@', 'er', '.']
2026-05-28 10:12:02,760 - DEBUG - joeynmt.training - 	Tokenized reference:  ['It', 'exp@@', 'ands', 'in', 'win@@', 'ter', 'and', 'con@@', 'trac@@', 'ts', 'in', 'su@@', 'mmer', '.']
2026-05-28 10:12:02,760 - DEBUG - joeynmt.training - 	Tokenized hypothesis: ['It', '&apos;s', 'in', 'the', 'win@@', 'ter', 'and', 'k@@', 'ill', 'in', 'the', 'su@@', 'mmer', '.', '</s>']
2026-05-28 10:12:02,760 - INFO - joeynmt.training - 	Source:     Het zet uit in de winter en krimpt in de zomer .
2026-05-28 10:12:02,760 - INFO - joeynmt.training - 	Reference:  It expands in winter and contracts in summer .
2026-05-28 10:12:02,760 - INFO - joeynmt.training - 	Hypothesis: It &apos;s in the winter and kill in the summer .
2026-05-28 10:12:02,760 - INFO - joeynmt.training - Example #4
2026-05-28 10:12:02,760 - DEBUG - joeynmt.training - 	Tokenized source:     ['De', 'volgende', 'dia', 'die', 'ik', 'laat', 'zien', 'is', 'een', 'vers@@', 'n@@', 'elde', 'ver@@', 'sie', 'van', 'wat', 'er', 'de', 'afgelopen', '25', 'jaar', 'is', 'gebeurd', '.']
2026-05-28 10:12:02,760 - DEBUG - joeynmt.training - 	Tokenized reference:  ['The', 'next', 'sli@@', 'de', 'I', 'show', 'you', 'will', 'be', 'a', 'r@@', 'ap@@', 'id', 'fa@@', 'st-@@', 'forward', 'of', 'what', '&apos;s', 'happened', 'over', 'the', 'last', '25', 'years', '.']
2026-05-28 10:12:02,760 - DEBUG - joeynmt.training - 	Tokenized hypothesis: ['The', 'next', 'sli@@', 'de', 'I', 'show', 'you', 'is', 'a', 'ac@@', 'cel@@', 'er@@', 'ated', 'ver@@', 'sion', 'of', 'what', '&apos;s', 'happened', 'the', 'last', '25', 'years', '.', '</s>']
2026-05-28 10:12:02,761 - INFO - joeynmt.training - 	Source:     De volgende dia die ik laat zien is een versnelde versie van wat er de afgelopen 25 jaar is gebeurd .
2026-05-28 10:12:02,761 - INFO - joeynmt.training - 	Reference:  The next slide I show you will be a rapid fast-forward of what &apos;s happened over the last 25 years .
2026-05-28 10:12:02,761 - INFO - joeynmt.training - 	Hypothesis: The next slide I show you is a accelerated version of what &apos;s happened the last 25 years .
2026-05-28 10:12:26,892 - INFO - joeynmt.training - Epoch   8, Step:    26600, Batch Loss:     1.189690, Batch Acc: 0.631153, Tokens per Sec:     3066, Lr: 0.000300
2026-05-28 10:12:48,179 - INFO - joeynmt.training - Epoch   8, Step:    26700, Batch Loss:     1.461087, Batch Acc: 0.632492, Tokens per Sec:     3411, Lr: 0.000300
2026-05-28 10:13:10,187 - INFO - joeynmt.training - Epoch   8, Step:    26800, Batch Loss:     1.388980, Batch Acc: 0.629039, Tokens per Sec:     3366, Lr: 0.000300
2026-05-28 10:13:31,823 - INFO - joeynmt.training - Epoch   8, Step:    26900, Batch Loss:     1.239555, Batch Acc: 0.626944, Tokens per Sec:     3298, Lr: 0.000300
2026-05-28 10:13:54,881 - INFO - joeynmt.training - Epoch   8, Step:    27000, Batch Loss:     1.267940, Batch Acc: 0.624683, Tokens per Sec:     3319, Lr: 0.000300
2026-05-28 10:13:54,882 - WARNING - joeynmt.helpers - `alpha` option is obsolete. Please use `beam_alpha`, instead.
2026-05-28 10:13:54,882 - INFO - joeynmt.prediction - Predicting 1003 example(s)... (Greedy decoding with min_output_length=1, max_output_length=-1, return_prob='none', generate_unk=True, repetition_penalty=-1, no_repeat_ngram_size=-1)
2026-05-28 10:14:40,603 - INFO - joeynmt.prediction - Evaluation result (greedy) loss:   1.81, ppl:   6.14, acc:   0.52, generation: 45.7088[sec], evaluation: 0.0000[sec]
2026-05-28 10:14:40,606 - INFO - joeynmt.training - Hooray! New best validation result [ppl]!
2026-05-28 10:14:40,814 - INFO - joeynmt.helpers - delete models/tf_bpe_4000_nl_en/23000.ckpt
2026-05-28 10:14:40,816 - INFO - joeynmt.training - Example #0
2026-05-28 10:14:40,817 - DEBUG - joeynmt.training - 	Tokenized source:     ['V@@', 'or@@', 'ig', 'jaar', 'liet', 'ik', 'deze', 'twee', 'dia', '&apos;', 's', 'zien', 'om', 'aan', 'te', 'tonen', 'dat', 'de', 'p@@', 'oo@@', 'lij@@', 'sk@@', 'a@@', 'p', ',', 'die', 'de', 'afgelopen', 'drie', 'miljoen', 'jaar', 'ongeveer', 'de', 'groot@@', 'te', 'had', 'van', 'het', 'va@@', 'stel@@', 'and', 'van', 'de', 'VS', ',', 'met', '40', '%', 'ge@@', 'k@@', 'rom@@', 'pen', 'was', '.']
2026-05-28 10:14:40,817 - DEBUG - joeynmt.training - 	Tokenized reference:  ['La@@', 'st', 'year', 'I', 'sho@@', 'wed', 'these', 'two', 'sli@@', 'des', 'so', 'that', 'de@@', 'mon@@', 'str@@', 'ate', 'that', 'the', 'ar@@', 'c@@', 'tic', 'ice', 'ca@@', 'p', ',', 'which', 'for', 'most', 'of', 'the', 'last', 'three', 'million', 'years', 'has', 'been', 'the', 'size', 'of', 'the', 'lo@@', 'wer', '4@@', '8', 'st@@', 'ates', ',', 'has', 'sh@@', 'run@@', 'k', 'by', '40', 'percent', '.']
2026-05-28 10:14:40,817 - DEBUG - joeynmt.training - 	Tokenized hypothesis: ['And', 'last', 'year', ',', 'I', 'sho@@', 'wed', 'these', 'two', 'sli@@', 'des', 'to', 'show', 'that', 'the', 'p@@', 'oo@@', 'l@@', 'pr@@', 'ac@@', 'tic@@', 's', ',', 'which', 'had', 'about', 'the', 'last', 'three', 'million', 'years', 'of', 'the', 'va@@', 'gu@@', 'il@@', 'ing', 'of', 'the', 'U.S.', ',', 'with', '40', 'percent', 'of', 'the', 'va@@', 'gu@@', 'il@@', 'able', ',', '</s>']
2026-05-28 10:14:40,817 - INFO - joeynmt.training - 	Source:     Vorig jaar liet ik deze twee dia &apos; s zien om aan te tonen dat de poolijskap , die de afgelopen drie miljoen jaar ongeveer de grootte had van het vasteland van de VS , met 40 % gekrompen was .
2026-05-28 10:14:40,817 - INFO - joeynmt.training - 	Reference:  Last year I showed these two slides so that demonstrate that the arctic ice cap , which for most of the last three million years has been the size of the lower 48 states , has shrunk by 40 percent .
2026-05-28 10:14:40,817 - INFO - joeynmt.training - 	Hypothesis: And last year , I showed these two slides to show that the poolpractics , which had about the last three million years of the vaguiling of the U.S. , with 40 percent of the vaguilable ,
2026-05-28 10:14:40,817 - INFO - joeynmt.training - Example #1
2026-05-28 10:14:40,818 - DEBUG - joeynmt.training - 	Tokenized source:     ['Maar', 'dit', 'onder@@', 'sch@@', 'at', 'eigenlijk', 'de', 'er@@', 'n@@', 'st', 'van', 'dit', 'specif@@', 'ieke', 'probleem', 'omdat', 'het', 'niet', 'de', 'di@@', 'kte', 'van', 'het', 'ij@@', 's', 'laat', 'zien', '.']
2026-05-28 10:14:40,818 - DEBUG - joeynmt.training - 	Tokenized reference:  ['But', 'this', 'under@@', 'st@@', 'ates', 'the', 'ser@@', 'i@@', 'ous@@', 'ness', 'of', 'this', 'particular', 'problem', 'because', 'it', 'doesn', '&apos;t', 'show', 'the', 'th@@', 'ick@@', 'ness', 'of', 'the', 'ice', '.']
2026-05-28 10:14:40,818 - DEBUG - joeynmt.training - 	Tokenized hypothesis: ['But', 'this', 'under@@', 'est@@', 'im@@', 'ated', ',', 'the', 'ser@@', 'ious', 'of', 'this', 'particular', 'problem', 'because', 'it', 'doesn', '&apos;t', 'show', 'the', 'di@@', 'versity', 'of', 'the', 'ice', '.', '</s>']
2026-05-28 10:14:40,818 - INFO - joeynmt.training - 	Source:     Maar dit onderschat eigenlijk de ernst van dit specifieke probleem omdat het niet de dikte van het ijs laat zien .
2026-05-28 10:14:40,818 - INFO - joeynmt.training - 	Reference:  But this understates the seriousness of this particular problem because it doesn &apos;t show the thickness of the ice .
2026-05-28 10:14:40,818 - INFO - joeynmt.training - 	Hypothesis: But this underestimated , the serious of this particular problem because it doesn &apos;t show the diversity of the ice .
2026-05-28 10:14:40,818 - INFO - joeynmt.training - Example #2
2026-05-28 10:14:40,818 - DEBUG - joeynmt.training - 	Tokenized source:     ['De', 'ij@@', 'sk@@', 'a@@', 'p', 'op', 'de', 'N@@', 'oor@@', 'd@@', 'p@@', 'ool', 'is', 'in', 'ze@@', 'kere', 'zin', 'het', 'kl@@', 'op@@', 'p@@', 'end', 'har@@', 't', 'van', 'ons', 'glob@@', 'aal', 'kli@@', 'maat@@', 'systeem', '.']
2026-05-28 10:14:40,818 - DEBUG - joeynmt.training - 	Tokenized reference:  ['The', 'ar@@', 'c@@', 'tic', 'ice', 'ca@@', 'p', 'is', ',', 'in', 'a', 'sense', ',', 'the', 'be@@', 'ating', 'heart', 'of', 'the', 'global', 'climate', 'system', '.']
2026-05-28 10:14:40,818 - DEBUG - joeynmt.training - 	Tokenized hypothesis: ['The', 'ice', 'sk@@', 'a@@', 'p', 'on', 'the', 'Nor@@', 'th', 'P@@', 'ole', 'is', 'in', 'a', 'certain', 'sense', ',', 'the', 'cli@@', 'p', 'of', 'our', 'global', 'climate', 'system', '.', '</s>']
2026-05-28 10:14:40,819 - INFO - joeynmt.training - 	Source:     De ijskap op de Noordpool is in zekere zin het kloppend hart van ons globaal klimaatsysteem .
2026-05-28 10:14:40,819 - INFO - joeynmt.training - 	Reference:  The arctic ice cap is , in a sense , the beating heart of the global climate system .
2026-05-28 10:14:40,819 - INFO - joeynmt.training - 	Hypothesis: The ice skap on the North Pole is in a certain sense , the clip of our global climate system .
2026-05-28 10:14:40,819 - INFO - joeynmt.training - Example #3
2026-05-28 10:14:40,819 - DEBUG - joeynmt.training - 	Tokenized source:     ['Het', 'zet', 'uit', 'in', 'de', 'win@@', 'ter', 'en', 'k@@', 'ri@@', 'mp@@', 't', 'in', 'de', 'z@@', 'om@@', 'er', '.']
2026-05-28 10:14:40,819 - DEBUG - joeynmt.training - 	Tokenized reference:  ['It', 'exp@@', 'ands', 'in', 'win@@', 'ter', 'and', 'con@@', 'trac@@', 'ts', 'in', 'su@@', 'mmer', '.']
2026-05-28 10:14:40,819 - DEBUG - joeynmt.training - 	Tokenized hypothesis: ['It', '&apos;s', 'pu@@', 'ts', 'in', 'the', 'win@@', 'ter', 'and', 'k@@', 'ill', 'the', 'su@@', 'mmer', '.', '</s>']
2026-05-28 10:14:40,819 - INFO - joeynmt.training - 	Source:     Het zet uit in de winter en krimpt in de zomer .
2026-05-28 10:14:40,819 - INFO - joeynmt.training - 	Reference:  It expands in winter and contracts in summer .
2026-05-28 10:14:40,819 - INFO - joeynmt.training - 	Hypothesis: It &apos;s puts in the winter and kill the summer .
2026-05-28 10:14:40,819 - INFO - joeynmt.training - Example #4
2026-05-28 10:14:40,820 - DEBUG - joeynmt.training - 	Tokenized source:     ['De', 'volgende', 'dia', 'die', 'ik', 'laat', 'zien', 'is', 'een', 'vers@@', 'n@@', 'elde', 'ver@@', 'sie', 'van', 'wat', 'er', 'de', 'afgelopen', '25', 'jaar', 'is', 'gebeurd', '.']
2026-05-28 10:14:40,820 - DEBUG - joeynmt.training - 	Tokenized reference:  ['The', 'next', 'sli@@', 'de', 'I', 'show', 'you', 'will', 'be', 'a', 'r@@', 'ap@@', 'id', 'fa@@', 'st-@@', 'forward', 'of', 'what', '&apos;s', 'happened', 'over', 'the', 'last', '25', 'years', '.']
2026-05-28 10:14:40,820 - DEBUG - joeynmt.training - 	Tokenized hypothesis: ['The', 'next', 'sli@@', 'de', 'I', 'show', 'you', 'is', 'a', 'ac@@', 'cel@@', 'er@@', 'ated', 'ver@@', 'sion', 'of', 'what', '&apos;s', 'happened', 'over', 'the', 'last', '25', 'years', '.', '</s>']
2026-05-28 10:14:40,820 - INFO - joeynmt.training - 	Source:     De volgende dia die ik laat zien is een versnelde versie van wat er de afgelopen 25 jaar is gebeurd .
2026-05-28 10:14:40,820 - INFO - joeynmt.training - 	Reference:  The next slide I show you will be a rapid fast-forward of what &apos;s happened over the last 25 years .
2026-05-28 10:14:40,820 - INFO - joeynmt.training - 	Hypothesis: The next slide I show you is a accelerated version of what &apos;s happened over the last 25 years .
2026-05-28 10:15:05,077 - INFO - joeynmt.training - Epoch   8, Step:    27100, Batch Loss:     1.199650, Batch Acc: 0.626908, Tokens per Sec:     3105, Lr: 0.000300
2026-05-28 10:15:28,219 - INFO - joeynmt.training - Epoch   8, Step:    27200, Batch Loss:     1.249311, Batch Acc: 0.629602, Tokens per Sec:     3213, Lr: 0.000300
2026-05-28 10:15:51,340 - INFO - joeynmt.training - Epoch   8, Step:    27300, Batch Loss:     1.439461, Batch Acc: 0.625717, Tokens per Sec:     3214, Lr: 0.000300
2026-05-28 10:16:12,190 - INFO - joeynmt.training - Epoch   8, Step:    27400, Batch Loss:     1.286842, Batch Acc: 0.622601, Tokens per Sec:     3582, Lr: 0.000300
2026-05-28 10:16:34,744 - INFO - joeynmt.training - Epoch   8, Step:    27500, Batch Loss:     1.108345, Batch Acc: 0.624217, Tokens per Sec:     3361, Lr: 0.000300
2026-05-28 10:16:34,745 - WARNING - joeynmt.helpers - `alpha` option is obsolete. Please use `beam_alpha`, instead.
2026-05-28 10:16:34,745 - INFO - joeynmt.prediction - Predicting 1003 example(s)... (Greedy decoding with min_output_length=1, max_output_length=-1, return_prob='none', generate_unk=True, repetition_penalty=-1, no_repeat_ngram_size=-1)
2026-05-28 10:17:19,512 - INFO - joeynmt.prediction - Evaluation result (greedy) loss:   1.81, ppl:   6.09, acc:   0.52, generation: 44.7530[sec], evaluation: 0.0000[sec]
2026-05-28 10:17:19,514 - INFO - joeynmt.training - Hooray! New best validation result [ppl]!
2026-05-28 10:17:19,710 - INFO - joeynmt.helpers - delete models/tf_bpe_4000_nl_en/26500.ckpt
2026-05-28 10:17:19,714 - INFO - joeynmt.training - Example #0
2026-05-28 10:17:19,714 - DEBUG - joeynmt.training - 	Tokenized source:     ['V@@', 'or@@', 'ig', 'jaar', 'liet', 'ik', 'deze', 'twee', 'dia', '&apos;', 's', 'zien', 'om', 'aan', 'te', 'tonen', 'dat', 'de', 'p@@', 'oo@@', 'lij@@', 'sk@@', 'a@@', 'p', ',', 'die', 'de', 'afgelopen', 'drie', 'miljoen', 'jaar', 'ongeveer', 'de', 'groot@@', 'te', 'had', 'van', 'het', 'va@@', 'stel@@', 'and', 'van', 'de', 'VS', ',', 'met', '40', '%', 'ge@@', 'k@@', 'rom@@', 'pen', 'was', '.']
2026-05-28 10:17:19,714 - DEBUG - joeynmt.training - 	Tokenized reference:  ['La@@', 'st', 'year', 'I', 'sho@@', 'wed', 'these', 'two', 'sli@@', 'des', 'so', 'that', 'de@@', 'mon@@', 'str@@', 'ate', 'that', 'the', 'ar@@', 'c@@', 'tic', 'ice', 'ca@@', 'p', ',', 'which', 'for', 'most', 'of', 'the', 'last', 'three', 'million', 'years', 'has', 'been', 'the', 'size', 'of', 'the', 'lo@@', 'wer', '4@@', '8', 'st@@', 'ates', ',', 'has', 'sh@@', 'run@@', 'k', 'by', '40', 'percent', '.']
2026-05-28 10:17:19,714 - DEBUG - joeynmt.training - 	Tokenized hypothesis: ['And', 'so', ',', 'I', 'sho@@', 'wed', 'these', 'two', 'sli@@', 'des', 'to', 'show', 'that', 'the', 'p@@', 'oo@@', 'l@@', 'pr@@', 'int', 'that', 'the', 'p@@', 'oo@@', 'l@@', 'o', ',', 'which', 'had', 'about', 'the', 'last', 'three', 'million', 'years', 'of', 'the', 'va@@', 'ged', 'of', 'the', 'U@@', 'S', ',', 'with', '40', 'percent', 'of', 'the', 'va@@', 'gu@@', 'il@@', 'able', '.', '</s>']
2026-05-28 10:17:19,714 - INFO - joeynmt.training - 	Source:     Vorig jaar liet ik deze twee dia &apos; s zien om aan te tonen dat de poolijskap , die de afgelopen drie miljoen jaar ongeveer de grootte had van het vasteland van de VS , met 40 % gekrompen was .
2026-05-28 10:17:19,714 - INFO - joeynmt.training - 	Reference:  Last year I showed these two slides so that demonstrate that the arctic ice cap , which for most of the last three million years has been the size of the lower 48 states , has shrunk by 40 percent .
2026-05-28 10:17:19,715 - INFO - joeynmt.training - 	Hypothesis: And so , I showed these two slides to show that the poolprint that the poolo , which had about the last three million years of the vaged of the US , with 40 percent of the vaguilable .
2026-05-28 10:17:19,715 - INFO - joeynmt.training - Example #1
2026-05-28 10:17:19,715 - DEBUG - joeynmt.training - 	Tokenized source:     ['Maar', 'dit', 'onder@@', 'sch@@', 'at', 'eigenlijk', 'de', 'er@@', 'n@@', 'st', 'van', 'dit', 'specif@@', 'ieke', 'probleem', 'omdat', 'het', 'niet', 'de', 'di@@', 'kte', 'van', 'het', 'ij@@', 's', 'laat', 'zien', '.']
2026-05-28 10:17:19,715 - DEBUG - joeynmt.training - 	Tokenized reference:  ['But', 'this', 'under@@', 'st@@', 'ates', 'the', 'ser@@', 'i@@', 'ous@@', 'ness', 'of', 'this', 'particular', 'problem', 'because', 'it', 'doesn', '&apos;t', 'show', 'the', 'th@@', 'ick@@', 'ness', 'of', 'the', 'ice', '.']
2026-05-28 10:17:19,715 - DEBUG - joeynmt.training - 	Tokenized hypothesis: ['But', 'this', 'under@@', 'est@@', 'im@@', 'ate', ',', 'the', 'ser@@', 'ious', 'thing', 'about', 'this', 'particular', 'problem', 'because', 'it', 'doesn', '&apos;t', 'show', 'the', 'di@@', 'cul@@', 'ated', 'of', 'the', 'ice', '.', '</s>']
2026-05-28 10:17:19,715 - INFO - joeynmt.training - 	Source:     Maar dit onderschat eigenlijk de ernst van dit specifieke probleem omdat het niet de dikte van het ijs laat zien .
2026-05-28 10:17:19,715 - INFO - joeynmt.training - 	Reference:  But this understates the seriousness of this particular problem because it doesn &apos;t show the thickness of the ice .
2026-05-28 10:17:19,715 - INFO - joeynmt.training - 	Hypothesis: But this underestimate , the serious thing about this particular problem because it doesn &apos;t show the diculated of the ice .
2026-05-28 10:17:19,715 - INFO - joeynmt.training - Example #2
2026-05-28 10:17:19,715 - DEBUG - joeynmt.training - 	Tokenized source:     ['De', 'ij@@', 'sk@@', 'a@@', 'p', 'op', 'de', 'N@@', 'oor@@', 'd@@', 'p@@', 'ool', 'is', 'in', 'ze@@', 'kere', 'zin', 'het', 'kl@@', 'op@@', 'p@@', 'end', 'har@@', 't', 'van', 'ons', 'glob@@', 'aal', 'kli@@', 'maat@@', 'systeem', '.']
2026-05-28 10:17:19,715 - DEBUG - joeynmt.training - 	Tokenized reference:  ['The', 'ar@@', 'c@@', 'tic', 'ice', 'ca@@', 'p', 'is', ',', 'in', 'a', 'sense', ',', 'the', 'be@@', 'ating', 'heart', 'of', 'the', 'global', 'climate', 'system', '.']
2026-05-28 10:17:19,715 - DEBUG - joeynmt.training - 	Tokenized hypothesis: ['The', 'ice', 'sk@@', 'a@@', 'p', 'on', 'the', 'Nor@@', 'th', 'P@@', 'ole', 'is', 'in', 'a', 'certain', 'sense', ',', 'the', 'cl@@', 'op@@', 'e', 'of', 'our', 'global', 'climate', 'system', '.', '</s>']
2026-05-28 10:17:19,716 - INFO - joeynmt.training - 	Source:     De ijskap op de Noordpool is in zekere zin het kloppend hart van ons globaal klimaatsysteem .
2026-05-28 10:17:19,716 - INFO - joeynmt.training - 	Reference:  The arctic ice cap is , in a sense , the beating heart of the global climate system .
2026-05-28 10:17:19,716 - INFO - joeynmt.training - 	Hypothesis: The ice skap on the North Pole is in a certain sense , the clope of our global climate system .
2026-05-28 10:17:19,716 - INFO - joeynmt.training - Example #3
2026-05-28 10:17:19,716 - DEBUG - joeynmt.training - 	Tokenized source:     ['Het', 'zet', 'uit', 'in', 'de', 'win@@', 'ter', 'en', 'k@@', 'ri@@', 'mp@@', 't', 'in', 'de', 'z@@', 'om@@', 'er', '.']
2026-05-28 10:17:19,716 - DEBUG - joeynmt.training - 	Tokenized reference:  ['It', 'exp@@', 'ands', 'in', 'win@@', 'ter', 'and', 'con@@', 'trac@@', 'ts', 'in', 'su@@', 'mmer', '.']
2026-05-28 10:17:19,716 - DEBUG - joeynmt.training - 	Tokenized hypothesis: ['It', '&apos;s', 'in', 'the', 'win@@', 'ter', 'and', 'k@@', 'ri@@', 'mp@@', 's', 'in', 'the', 'su@@', 'mmer', '.', '</s>']
2026-05-28 10:17:19,716 - INFO - joeynmt.training - 	Source:     Het zet uit in de winter en krimpt in de zomer .
2026-05-28 10:17:19,716 - INFO - joeynmt.training - 	Reference:  It expands in winter and contracts in summer .
2026-05-28 10:17:19,716 - INFO - joeynmt.training - 	Hypothesis: It &apos;s in the winter and krimps in the summer .
2026-05-28 10:17:19,716 - INFO - joeynmt.training - Example #4
2026-05-28 10:17:19,717 - DEBUG - joeynmt.training - 	Tokenized source:     ['De', 'volgende', 'dia', 'die', 'ik', 'laat', 'zien', 'is', 'een', 'vers@@', 'n@@', 'elde', 'ver@@', 'sie', 'van', 'wat', 'er', 'de', 'afgelopen', '25', 'jaar', 'is', 'gebeurd', '.']
2026-05-28 10:17:19,717 - DEBUG - joeynmt.training - 	Tokenized reference:  ['The', 'next', 'sli@@', 'de', 'I', 'show', 'you', 'will', 'be', 'a', 'r@@', 'ap@@', 'id', 'fa@@', 'st-@@', 'forward', 'of', 'what', '&apos;s', 'happened', 'over', 'the', 'last', '25', 'years', '.']
2026-05-28 10:17:19,717 - DEBUG - joeynmt.training - 	Tokenized hypothesis: ['The', 'next', 'sli@@', 'de', 'I', '&apos;m', 'going', 'to', 'show', 'is', 'a', 'ac@@', 'dic@@', 'tion@@', 'ed', 'ver@@', 'sion', 'of', 'what', '&apos;s', 'happened', 'over', 'the', 'last', '25', 'years', '.', '</s>']
2026-05-28 10:17:19,717 - INFO - joeynmt.training - 	Source:     De volgende dia die ik laat zien is een versnelde versie van wat er de afgelopen 25 jaar is gebeurd .
2026-05-28 10:17:19,717 - INFO - joeynmt.training - 	Reference:  The next slide I show you will be a rapid fast-forward of what &apos;s happened over the last 25 years .
2026-05-28 10:17:19,717 - INFO - joeynmt.training - 	Hypothesis: The next slide I &apos;m going to show is a acdictioned version of what &apos;s happened over the last 25 years .
2026-05-28 10:17:42,312 - INFO - joeynmt.training - Epoch   8, Step:    27600, Batch Loss:     1.362567, Batch Acc: 0.629807, Tokens per Sec:     3248, Lr: 0.000300
2026-05-28 10:18:06,347 - INFO - joeynmt.training - Epoch   8, Step:    27700, Batch Loss:     1.402604, Batch Acc: 0.625407, Tokens per Sec:     3157, Lr: 0.000300
2026-05-28 10:18:36,534 - INFO - joeynmt.training - Epoch   8, Step:    27800, Batch Loss:     1.400658, Batch Acc: 0.627269, Tokens per Sec:     2465, Lr: 0.000300
2026-05-28 10:19:03,073 - INFO - joeynmt.training - Epoch   8, Step:    27900, Batch Loss:     1.456500, Batch Acc: 0.619588, Tokens per Sec:     2742, Lr: 0.000300
2026-05-28 10:19:22,875 - INFO - joeynmt.training - Epoch   8, Step:    28000, Batch Loss:     1.215793, Batch Acc: 0.621969, Tokens per Sec:     3785, Lr: 0.000300
2026-05-28 10:19:22,877 - WARNING - joeynmt.helpers - `alpha` option is obsolete. Please use `beam_alpha`, instead.
2026-05-28 10:19:22,877 - INFO - joeynmt.prediction - Predicting 1003 example(s)... (Greedy decoding with min_output_length=1, max_output_length=-1, return_prob='none', generate_unk=True, repetition_penalty=-1, no_repeat_ngram_size=-1)
2026-05-28 10:20:05,911 - INFO - joeynmt.prediction - Evaluation result (greedy) loss:   1.80, ppl:   6.06, acc:   0.52, generation: 43.0207[sec], evaluation: 0.0000[sec]
2026-05-28 10:20:05,914 - INFO - joeynmt.training - Hooray! New best validation result [ppl]!
2026-05-28 10:20:06,143 - INFO - joeynmt.helpers - delete models/tf_bpe_4000_nl_en/23500.ckpt
2026-05-28 10:20:06,152 - INFO - joeynmt.training - Example #0
2026-05-28 10:20:06,153 - DEBUG - joeynmt.training - 	Tokenized source:     ['V@@', 'or@@', 'ig', 'jaar', 'liet', 'ik', 'deze', 'twee', 'dia', '&apos;', 's', 'zien', 'om', 'aan', 'te', 'tonen', 'dat', 'de', 'p@@', 'oo@@', 'lij@@', 'sk@@', 'a@@', 'p', ',', 'die', 'de', 'afgelopen', 'drie', 'miljoen', 'jaar', 'ongeveer', 'de', 'groot@@', 'te', 'had', 'van', 'het', 'va@@', 'stel@@', 'and', 'van', 'de', 'VS', ',', 'met', '40', '%', 'ge@@', 'k@@', 'rom@@', 'pen', 'was', '.']
2026-05-28 10:20:06,153 - DEBUG - joeynmt.training - 	Tokenized reference:  ['La@@', 'st', 'year', 'I', 'sho@@', 'wed', 'these', 'two', 'sli@@', 'des', 'so', 'that', 'de@@', 'mon@@', 'str@@', 'ate', 'that', 'the', 'ar@@', 'c@@', 'tic', 'ice', 'ca@@', 'p', ',', 'which', 'for', 'most', 'of', 'the', 'last', 'three', 'million', 'years', 'has', 'been', 'the', 'size', 'of', 'the', 'lo@@', 'wer', '4@@', '8', 'st@@', 'ates', ',', 'has', 'sh@@', 'run@@', 'k', 'by', '40', 'percent', '.']
2026-05-28 10:20:06,153 - DEBUG - joeynmt.training - 	Tokenized hypothesis: ['And', 'last', 'year', ',', 'I', 'sho@@', 'wed', 'these', 'two', 'sli@@', 'des', 'to', 'show', 'that', 'the', 'p@@', 'oo@@', 'l@@', 'bo@@', 'x', ',', 'which', 'was', 'about', 'the', 'P@@', 'oo@@', 'li@@', 'sk@@', 'a@@', 'p', ',', 'which', 'had', 'about', '40', 'percent', 'of', 'the', 'va@@', 'gu@@', 'e', 'was', 'cur@@', 'ves', 'of', 'the', 'va@@', 'gu@@', 'e', ',', 'with', '40', 'percent', '.', '</s>']
2026-05-28 10:20:06,153 - INFO - joeynmt.training - 	Source:     Vorig jaar liet ik deze twee dia &apos; s zien om aan te tonen dat de poolijskap , die de afgelopen drie miljoen jaar ongeveer de grootte had van het vasteland van de VS , met 40 % gekrompen was .
2026-05-28 10:20:06,154 - INFO - joeynmt.training - 	Reference:  Last year I showed these two slides so that demonstrate that the arctic ice cap , which for most of the last three million years has been the size of the lower 48 states , has shrunk by 40 percent .
2026-05-28 10:20:06,154 - INFO - joeynmt.training - 	Hypothesis: And last year , I showed these two slides to show that the poolbox , which was about the Pooliskap , which had about 40 percent of the vague was curves of the vague , with 40 percent .
2026-05-28 10:20:06,154 - INFO - joeynmt.training - Example #1
2026-05-28 10:20:06,154 - DEBUG - joeynmt.training - 	Tokenized source:     ['Maar', 'dit', 'onder@@', 'sch@@', 'at', 'eigenlijk', 'de', 'er@@', 'n@@', 'st', 'van', 'dit', 'specif@@', 'ieke', 'probleem', 'omdat', 'het', 'niet', 'de', 'di@@', 'kte', 'van', 'het', 'ij@@', 's', 'laat', 'zien', '.']
2026-05-28 10:20:06,154 - DEBUG - joeynmt.training - 	Tokenized reference:  ['But', 'this', 'under@@', 'st@@', 'ates', 'the', 'ser@@', 'i@@', 'ous@@', 'ness', 'of', 'this', 'particular', 'problem', 'because', 'it', 'doesn', '&apos;t', 'show', 'the', 'th@@', 'ick@@', 'ness', 'of', 'the', 'ice', '.']
2026-05-28 10:20:06,154 - DEBUG - joeynmt.training - 	Tokenized hypothesis: ['But', 'this', 'under@@', 'est@@', 'im@@', 'ate', 'the', 'de@@', 'm@@', 'ine', 'of', 'this', 'particular', 'problem', 'because', 'it', 'doesn', '&apos;t', 'show', 'the', 'di@@', 'stri@@', 'bu@@', 'ted', 'of', 'the', 'ice', '.', '</s>']
2026-05-28 10:20:06,155 - INFO - joeynmt.training - 	Source:     Maar dit onderschat eigenlijk de ernst van dit specifieke probleem omdat het niet de dikte van het ijs laat zien .
2026-05-28 10:20:06,155 - INFO - joeynmt.training - 	Reference:  But this understates the seriousness of this particular problem because it doesn &apos;t show the thickness of the ice .
2026-05-28 10:20:06,159 - INFO - joeynmt.training - 	Hypothesis: But this underestimate the demine of this particular problem because it doesn &apos;t show the distributed of the ice .
2026-05-28 10:20:06,160 - INFO - joeynmt.training - Example #2
2026-05-28 10:20:06,160 - DEBUG - joeynmt.training - 	Tokenized source:     ['De', 'ij@@', 'sk@@', 'a@@', 'p', 'op', 'de', 'N@@', 'oor@@', 'd@@', 'p@@', 'ool', 'is', 'in', 'ze@@', 'kere', 'zin', 'het', 'kl@@', 'op@@', 'p@@', 'end', 'har@@', 't', 'van', 'ons', 'glob@@', 'aal', 'kli@@', 'maat@@', 'systeem', '.']
2026-05-28 10:20:06,160 - DEBUG - joeynmt.training - 	Tokenized reference:  ['The', 'ar@@', 'c@@', 'tic', 'ice', 'ca@@', 'p', 'is', ',', 'in', 'a', 'sense', ',', 'the', 'be@@', 'ating', 'heart', 'of', 'the', 'global', 'climate', 'system', '.']
2026-05-28 10:20:06,160 - DEBUG - joeynmt.training - 	Tokenized hypothesis: ['The', 'ice', 'sk@@', 'a@@', 'p', 'on', 'the', 'Nor@@', 'th', 'P@@', 'ole', 'is', 'in', 'a', 'sense', ',', 'the', 'cl@@', 'op@@', 'e', 'of', 'our', 'global', 'climate', 'system', '.', '</s>']
2026-05-28 10:20:06,161 - INFO - joeynmt.training - 	Source:     De ijskap op de Noordpool is in zekere zin het kloppend hart van ons globaal klimaatsysteem .
2026-05-28 10:20:06,161 - INFO - joeynmt.training - 	Reference:  The arctic ice cap is , in a sense , the beating heart of the global climate system .
2026-05-28 10:20:06,161 - INFO - joeynmt.training - 	Hypothesis: The ice skap on the North Pole is in a sense , the clope of our global climate system .
2026-05-28 10:20:06,161 - INFO - joeynmt.training - Example #3
2026-05-28 10:20:06,161 - DEBUG - joeynmt.training - 	Tokenized source:     ['Het', 'zet', 'uit', 'in', 'de', 'win@@', 'ter', 'en', 'k@@', 'ri@@', 'mp@@', 't', 'in', 'de', 'z@@', 'om@@', 'er', '.']
2026-05-28 10:20:06,161 - DEBUG - joeynmt.training - 	Tokenized reference:  ['It', 'exp@@', 'ands', 'in', 'win@@', 'ter', 'and', 'con@@', 'trac@@', 'ts', 'in', 'su@@', 'mmer', '.']
2026-05-28 10:20:06,161 - DEBUG - joeynmt.training - 	Tokenized hypothesis: ['It', '&apos;s', 'in', 'the', 'win@@', 'ter', 'and', 'k@@', 'ri@@', 'mp@@', 's', 'in', 'the', 'su@@', 'mmer', '.', '</s>']
2026-05-28 10:20:06,162 - INFO - joeynmt.training - 	Source:     Het zet uit in de winter en krimpt in de zomer .
2026-05-28 10:20:06,162 - INFO - joeynmt.training - 	Reference:  It expands in winter and contracts in summer .
2026-05-28 10:20:06,162 - INFO - joeynmt.training - 	Hypothesis: It &apos;s in the winter and krimps in the summer .
2026-05-28 10:20:06,162 - INFO - joeynmt.training - Example #4
2026-05-28 10:20:06,162 - DEBUG - joeynmt.training - 	Tokenized source:     ['De', 'volgende', 'dia', 'die', 'ik', 'laat', 'zien', 'is', 'een', 'vers@@', 'n@@', 'elde', 'ver@@', 'sie', 'van', 'wat', 'er', 'de', 'afgelopen', '25', 'jaar', 'is', 'gebeurd', '.']
2026-05-28 10:20:06,162 - DEBUG - joeynmt.training - 	Tokenized reference:  ['The', 'next', 'sli@@', 'de', 'I', 'show', 'you', 'will', 'be', 'a', 'r@@', 'ap@@', 'id', 'fa@@', 'st-@@', 'forward', 'of', 'what', '&apos;s', 'happened', 'over', 'the', 'last', '25', 'years', '.']
2026-05-28 10:20:06,163 - DEBUG - joeynmt.training - 	Tokenized hypothesis: ['The', 'next', 'sli@@', 'de', 'I', '&apos;m', 'sho@@', 'wing', 'is', 'a', 'ac@@', 'cel@@', 'er@@', 'ated', 'ver@@', 'sion', 'of', 'what', 'happened', 'over', 'the', 'last', '25', 'years', '.', '</s>']
2026-05-28 10:20:06,163 - INFO - joeynmt.training - 	Source:     De volgende dia die ik laat zien is een versnelde versie van wat er de afgelopen 25 jaar is gebeurd .
2026-05-28 10:20:06,163 - INFO - joeynmt.training - 	Reference:  The next slide I show you will be a rapid fast-forward of what &apos;s happened over the last 25 years .
2026-05-28 10:20:06,163 - INFO - joeynmt.training - 	Hypothesis: The next slide I &apos;m showing is a accelerated version of what happened over the last 25 years .
2026-05-28 10:20:08,020 - INFO - joeynmt.training - Epoch   8: total training loss 4661.64
2026-05-28 10:20:08,023 - INFO - joeynmt.training - EPOCH 9
2026-05-28 10:20:27,026 - INFO - joeynmt.training - Epoch   9, Step:    28100, Batch Loss:     1.233129, Batch Acc: 0.644134, Tokens per Sec:     3630, Lr: 0.000300
2026-05-28 10:20:48,344 - INFO - joeynmt.training - Epoch   9, Step:    28200, Batch Loss:     1.327707, Batch Acc: 0.646657, Tokens per Sec:     3431, Lr: 0.000300
2026-05-28 10:21:08,133 - INFO - joeynmt.training - Epoch   9, Step:    28300, Batch Loss:     1.197998, Batch Acc: 0.647763, Tokens per Sec:     3645, Lr: 0.000300
2026-05-28 10:21:29,397 - INFO - joeynmt.training - Epoch   9, Step:    28400, Batch Loss:     1.283700, Batch Acc: 0.647144, Tokens per Sec:     3464, Lr: 0.000300
2026-05-28 10:21:50,431 - INFO - joeynmt.training - Epoch   9, Step:    28500, Batch Loss:     1.172204, Batch Acc: 0.644377, Tokens per Sec:     3581, Lr: 0.000300
2026-05-28 10:21:50,431 - WARNING - joeynmt.helpers - `alpha` option is obsolete. Please use `beam_alpha`, instead.
2026-05-28 10:21:50,431 - INFO - joeynmt.prediction - Predicting 1003 example(s)... (Greedy decoding with min_output_length=1, max_output_length=-1, return_prob='none', generate_unk=True, repetition_penalty=-1, no_repeat_ngram_size=-1)
2026-05-28 10:22:28,117 - INFO - joeynmt.prediction - Evaluation result (greedy) loss:   1.82, ppl:   6.16, acc:   0.52, generation: 37.6717[sec], evaluation: 0.0000[sec]
2026-05-28 10:22:28,121 - INFO - joeynmt.training - Example #0
2026-05-28 10:22:28,121 - DEBUG - joeynmt.training - 	Tokenized source:     ['V@@', 'or@@', 'ig', 'jaar', 'liet', 'ik', 'deze', 'twee', 'dia', '&apos;', 's', 'zien', 'om', 'aan', 'te', 'tonen', 'dat', 'de', 'p@@', 'oo@@', 'lij@@', 'sk@@', 'a@@', 'p', ',', 'die', 'de', 'afgelopen', 'drie', 'miljoen', 'jaar', 'ongeveer', 'de', 'groot@@', 'te', 'had', 'van', 'het', 'va@@', 'stel@@', 'and', 'van', 'de', 'VS', ',', 'met', '40', '%', 'ge@@', 'k@@', 'rom@@', 'pen', 'was', '.']
2026-05-28 10:22:28,121 - DEBUG - joeynmt.training - 	Tokenized reference:  ['La@@', 'st', 'year', 'I', 'sho@@', 'wed', 'these', 'two', 'sli@@', 'des', 'so', 'that', 'de@@', 'mon@@', 'str@@', 'ate', 'that', 'the', 'ar@@', 'c@@', 'tic', 'ice', 'ca@@', 'p', ',', 'which', 'for', 'most', 'of', 'the', 'last', 'three', 'million', 'years', 'has', 'been', 'the', 'size', 'of', 'the', 'lo@@', 'wer', '4@@', '8', 'st@@', 'ates', ',', 'has', 'sh@@', 'run@@', 'k', 'by', '40', 'percent', '.']
2026-05-28 10:22:28,121 - DEBUG - joeynmt.training - 	Tokenized hypothesis: ['And', 'last', 'year', ',', 'I', 'sho@@', 'wed', 'these', 'two', 'sli@@', 'des', 'to', 'show', 'that', 'the', 'p@@', 'oo@@', 'li@@', 'bo@@', 'p', ',', 'who', 'had', 'about', 'the', 'last', 'three', 'million', 'years', 'of', 'the', 'va@@', 'ster@@', 'land', ',', 'which', 'had', 'been', 'about', '40', 'percent', 'of', 'the', 'va@@', 'ster@@', 'land', ',', 'with', '40', 'percent', '.', '</s>']
2026-05-28 10:22:28,122 - INFO - joeynmt.training - 	Source:     Vorig jaar liet ik deze twee dia &apos; s zien om aan te tonen dat de poolijskap , die de afgelopen drie miljoen jaar ongeveer de grootte had van het vasteland van de VS , met 40 % gekrompen was .
2026-05-28 10:22:28,122 - INFO - joeynmt.training - 	Reference:  Last year I showed these two slides so that demonstrate that the arctic ice cap , which for most of the last three million years has been the size of the lower 48 states , has shrunk by 40 percent .
2026-05-28 10:22:28,122 - INFO - joeynmt.training - 	Hypothesis: And last year , I showed these two slides to show that the poolibop , who had about the last three million years of the vasterland , which had been about 40 percent of the vasterland , with 40 percent .
2026-05-28 10:22:28,122 - INFO - joeynmt.training - Example #1
2026-05-28 10:22:28,122 - DEBUG - joeynmt.training - 	Tokenized source:     ['Maar', 'dit', 'onder@@', 'sch@@', 'at', 'eigenlijk', 'de', 'er@@', 'n@@', 'st', 'van', 'dit', 'specif@@', 'ieke', 'probleem', 'omdat', 'het', 'niet', 'de', 'di@@', 'kte', 'van', 'het', 'ij@@', 's', 'laat', 'zien', '.']
2026-05-28 10:22:28,122 - DEBUG - joeynmt.training - 	Tokenized reference:  ['But', 'this', 'under@@', 'st@@', 'ates', 'the', 'ser@@', 'i@@', 'ous@@', 'ness', 'of', 'this', 'particular', 'problem', 'because', 'it', 'doesn', '&apos;t', 'show', 'the', 'th@@', 'ick@@', 'ness', 'of', 'the', 'ice', '.']
2026-05-28 10:22:28,122 - DEBUG - joeynmt.training - 	Tokenized hypothesis: ['But', 'this', 'under@@', 'est@@', 'im@@', 'ates', 'the', 'most', 'of', 'this', 'particular', 'problem', 'because', 'it', 'doesn', '&apos;t', 'show', 'the', 'di@@', 'stri@@', 'bu@@', 'ted', '.', '</s>']
2026-05-28 10:22:28,122 - INFO - joeynmt.training - 	Source:     Maar dit onderschat eigenlijk de ernst van dit specifieke probleem omdat het niet de dikte van het ijs laat zien .
2026-05-28 10:22:28,122 - INFO - joeynmt.training - 	Reference:  But this understates the seriousness of this particular problem because it doesn &apos;t show the thickness of the ice .
2026-05-28 10:22:28,122 - INFO - joeynmt.training - 	Hypothesis: But this underestimates the most of this particular problem because it doesn &apos;t show the distributed .
2026-05-28 10:22:28,122 - INFO - joeynmt.training - Example #2
2026-05-28 10:22:28,122 - DEBUG - joeynmt.training - 	Tokenized source:     ['De', 'ij@@', 'sk@@', 'a@@', 'p', 'op', 'de', 'N@@', 'oor@@', 'd@@', 'p@@', 'ool', 'is', 'in', 'ze@@', 'kere', 'zin', 'het', 'kl@@', 'op@@', 'p@@', 'end', 'har@@', 't', 'van', 'ons', 'glob@@', 'aal', 'kli@@', 'maat@@', 'systeem', '.']
2026-05-28 10:22:28,123 - DEBUG - joeynmt.training - 	Tokenized reference:  ['The', 'ar@@', 'c@@', 'tic', 'ice', 'ca@@', 'p', 'is', ',', 'in', 'a', 'sense', ',', 'the', 'be@@', 'ating', 'heart', 'of', 'the', 'global', 'climate', 'system', '.']
2026-05-28 10:22:28,123 - DEBUG - joeynmt.training - 	Tokenized hypothesis: ['The', 'pol@@', 'e', 'is', 'on', 'the', 'Nor@@', 'th', 'P@@', 'ole', 'is', 'in', 'a', 'sense', ',', 'the', 'right', 'right', 'right', 'right', ',', 'the', 'cli@@', 'p', 'of', 'our', 'global', 'climate', 'system', '.', '</s>']
2026-05-28 10:22:28,123 - INFO - joeynmt.training - 	Source:     De ijskap op de Noordpool is in zekere zin het kloppend hart van ons globaal klimaatsysteem .
2026-05-28 10:22:28,123 - INFO - joeynmt.training - 	Reference:  The arctic ice cap is , in a sense , the beating heart of the global climate system .
2026-05-28 10:22:28,123 - INFO - joeynmt.training - 	Hypothesis: The pole is on the North Pole is in a sense , the right right right right , the clip of our global climate system .
2026-05-28 10:22:28,123 - INFO - joeynmt.training - Example #3
2026-05-28 10:22:28,123 - DEBUG - joeynmt.training - 	Tokenized source:     ['Het', 'zet', 'uit', 'in', 'de', 'win@@', 'ter', 'en', 'k@@', 'ri@@', 'mp@@', 't', 'in', 'de', 'z@@', 'om@@', 'er', '.']
2026-05-28 10:22:28,123 - DEBUG - joeynmt.training - 	Tokenized reference:  ['It', 'exp@@', 'ands', 'in', 'win@@', 'ter', 'and', 'con@@', 'trac@@', 'ts', 'in', 'su@@', 'mmer', '.']
2026-05-28 10:22:28,123 - DEBUG - joeynmt.training - 	Tokenized hypothesis: ['It', 'pu@@', 'ts', 'in', 'the', 'win@@', 'ter', 'and', 'cr@@', 'os@@', 's', 'in', 'the', 'su@@', 'mmer', '.', '</s>']
2026-05-28 10:22:28,124 - INFO - joeynmt.training - 	Source:     Het zet uit in de winter en krimpt in de zomer .
2026-05-28 10:22:28,124 - INFO - joeynmt.training - 	Reference:  It expands in winter and contracts in summer .
2026-05-28 10:22:28,124 - INFO - joeynmt.training - 	Hypothesis: It puts in the winter and cross in the summer .
2026-05-28 10:22:28,124 - INFO - joeynmt.training - Example #4
2026-05-28 10:22:28,124 - DEBUG - joeynmt.training - 	Tokenized source:     ['De', 'volgende', 'dia', 'die', 'ik', 'laat', 'zien', 'is', 'een', 'vers@@', 'n@@', 'elde', 'ver@@', 'sie', 'van', 'wat', 'er', 'de', 'afgelopen', '25', 'jaar', 'is', 'gebeurd', '.']
2026-05-28 10:22:28,124 - DEBUG - joeynmt.training - 	Tokenized reference:  ['The', 'next', 'sli@@', 'de', 'I', 'show', 'you', 'will', 'be', 'a', 'r@@', 'ap@@', 'id', 'fa@@', 'st-@@', 'forward', 'of', 'what', '&apos;s', 'happened', 'over', 'the', 'last', '25', 'years', '.']
2026-05-28 10:22:28,124 - DEBUG - joeynmt.training - 	Tokenized hypothesis: ['The', 'next', 'sli@@', 'de', 'I', '&apos;m', 'sho@@', 'wing', 'is', 'a', 'ac@@', 'cel@@', 'er@@', 'ated', 'ver@@', 'sion', 'of', 'what', '&apos;s', 'happened', 'last', '25', 'years', '.', '</s>']
2026-05-28 10:22:28,124 - INFO - joeynmt.training - 	Source:     De volgende dia die ik laat zien is een versnelde versie van wat er de afgelopen 25 jaar is gebeurd .
2026-05-28 10:22:28,124 - INFO - joeynmt.training - 	Reference:  The next slide I show you will be a rapid fast-forward of what &apos;s happened over the last 25 years .
2026-05-28 10:22:28,124 - INFO - joeynmt.training - 	Hypothesis: The next slide I &apos;m showing is a accelerated version of what &apos;s happened last 25 years .
2026-05-28 10:22:49,087 - INFO - joeynmt.training - Epoch   9, Step:    28600, Batch Loss:     1.286746, Batch Acc: 0.646902, Tokens per Sec:     3499, Lr: 0.000300
2026-05-28 10:23:09,818 - INFO - joeynmt.training - Epoch   9, Step:    28700, Batch Loss:     1.454493, Batch Acc: 0.647574, Tokens per Sec:     3654, Lr: 0.000300
2026-05-28 10:23:30,355 - INFO - joeynmt.training - Epoch   9, Step:    28800, Batch Loss:     1.240282, Batch Acc: 0.642953, Tokens per Sec:     3623, Lr: 0.000300
2026-05-28 10:23:52,550 - INFO - joeynmt.training - Epoch   9, Step:    28900, Batch Loss:     1.187391, Batch Acc: 0.644890, Tokens per Sec:     3469, Lr: 0.000300
2026-05-28 10:24:14,019 - INFO - joeynmt.training - Epoch   9, Step:    29000, Batch Loss:     1.332704, Batch Acc: 0.637584, Tokens per Sec:     3491, Lr: 0.000300
2026-05-28 10:24:14,020 - WARNING - joeynmt.helpers - `alpha` option is obsolete. Please use `beam_alpha`, instead.
2026-05-28 10:24:14,020 - INFO - joeynmt.prediction - Predicting 1003 example(s)... (Greedy decoding with min_output_length=1, max_output_length=-1, return_prob='none', generate_unk=True, repetition_penalty=-1, no_repeat_ngram_size=-1)
2026-05-28 10:24:55,145 - INFO - joeynmt.prediction - Evaluation result (greedy) loss:   1.82, ppl:   6.17, acc:   0.52, generation: 41.1116[sec], evaluation: 0.0000[sec]
2026-05-28 10:24:55,149 - INFO - joeynmt.training - Example #0
2026-05-28 10:24:55,149 - DEBUG - joeynmt.training - 	Tokenized source:     ['V@@', 'or@@', 'ig', 'jaar', 'liet', 'ik', 'deze', 'twee', 'dia', '&apos;', 's', 'zien', 'om', 'aan', 'te', 'tonen', 'dat', 'de', 'p@@', 'oo@@', 'lij@@', 'sk@@', 'a@@', 'p', ',', 'die', 'de', 'afgelopen', 'drie', 'miljoen', 'jaar', 'ongeveer', 'de', 'groot@@', 'te', 'had', 'van', 'het', 'va@@', 'stel@@', 'and', 'van', 'de', 'VS', ',', 'met', '40', '%', 'ge@@', 'k@@', 'rom@@', 'pen', 'was', '.']
2026-05-28 10:24:55,149 - DEBUG - joeynmt.training - 	Tokenized reference:  ['La@@', 'st', 'year', 'I', 'sho@@', 'wed', 'these', 'two', 'sli@@', 'des', 'so', 'that', 'de@@', 'mon@@', 'str@@', 'ate', 'that', 'the', 'ar@@', 'c@@', 'tic', 'ice', 'ca@@', 'p', ',', 'which', 'for', 'most', 'of', 'the', 'last', 'three', 'million', 'years', 'has', 'been', 'the', 'size', 'of', 'the', 'lo@@', 'wer', '4@@', '8', 'st@@', 'ates', ',', 'has', 'sh@@', 'run@@', 'k', 'by', '40', 'percent', '.']
2026-05-28 10:24:55,149 - DEBUG - joeynmt.training - 	Tokenized hypothesis: ['And', 'so', ',', 'I', 'sho@@', 'wed', 'these', 'two', 'sli@@', 'des', 'to', 'show', 'that', 'the', 'P@@', 'oo@@', 'li@@', 'sk@@', 'a@@', 'p', ',', 'which', 'had', 'about', 'the', 'last', 'three', 'million', 'years', ',', 'the', 'size', 'of', 'the', 'va@@', 'ged', 'of', 'the', 'U.S.', ',', 'with', '40', 'percent', 'of', 'the', 'va@@', 'il@@', 'able', ',', '</s>']
2026-05-28 10:24:55,150 - INFO - joeynmt.training - 	Source:     Vorig jaar liet ik deze twee dia &apos; s zien om aan te tonen dat de poolijskap , die de afgelopen drie miljoen jaar ongeveer de grootte had van het vasteland van de VS , met 40 % gekrompen was .
2026-05-28 10:24:55,150 - INFO - joeynmt.training - 	Reference:  Last year I showed these two slides so that demonstrate that the arctic ice cap , which for most of the last three million years has been the size of the lower 48 states , has shrunk by 40 percent .
2026-05-28 10:24:55,150 - INFO - joeynmt.training - 	Hypothesis: And so , I showed these two slides to show that the Pooliskap , which had about the last three million years , the size of the vaged of the U.S. , with 40 percent of the vailable ,
2026-05-28 10:24:55,150 - INFO - joeynmt.training - Example #1
2026-05-28 10:24:55,150 - DEBUG - joeynmt.training - 	Tokenized source:     ['Maar', 'dit', 'onder@@', 'sch@@', 'at', 'eigenlijk', 'de', 'er@@', 'n@@', 'st', 'van', 'dit', 'specif@@', 'ieke', 'probleem', 'omdat', 'het', 'niet', 'de', 'di@@', 'kte', 'van', 'het', 'ij@@', 's', 'laat', 'zien', '.']
2026-05-28 10:24:55,150 - DEBUG - joeynmt.training - 	Tokenized reference:  ['But', 'this', 'under@@', 'st@@', 'ates', 'the', 'ser@@', 'i@@', 'ous@@', 'ness', 'of', 'this', 'particular', 'problem', 'because', 'it', 'doesn', '&apos;t', 'show', 'the', 'th@@', 'ick@@', 'ness', 'of', 'the', 'ice', '.']
2026-05-28 10:24:55,150 - DEBUG - joeynmt.training - 	Tokenized hypothesis: ['But', 'this', 'under@@', 'est@@', 'im@@', 'ated', 'the', 'first', 'of', 'this', 'particular', 'problem', 'because', 'it', 'doesn', '&apos;t', 'show', 'the', 'di@@', 'ic@@', 'ked', 'di@@', 'ic@@', 'ted', '.', '</s>']
2026-05-28 10:24:55,150 - INFO - joeynmt.training - 	Source:     Maar dit onderschat eigenlijk de ernst van dit specifieke probleem omdat het niet de dikte van het ijs laat zien .
2026-05-28 10:24:55,150 - INFO - joeynmt.training - 	Reference:  But this understates the seriousness of this particular problem because it doesn &apos;t show the thickness of the ice .
2026-05-28 10:24:55,150 - INFO - joeynmt.training - 	Hypothesis: But this underestimated the first of this particular problem because it doesn &apos;t show the diicked diicted .
2026-05-28 10:24:55,151 - INFO - joeynmt.training - Example #2
2026-05-28 10:24:55,151 - DEBUG - joeynmt.training - 	Tokenized source:     ['De', 'ij@@', 'sk@@', 'a@@', 'p', 'op', 'de', 'N@@', 'oor@@', 'd@@', 'p@@', 'ool', 'is', 'in', 'ze@@', 'kere', 'zin', 'het', 'kl@@', 'op@@', 'p@@', 'end', 'har@@', 't', 'van', 'ons', 'glob@@', 'aal', 'kli@@', 'maat@@', 'systeem', '.']
2026-05-28 10:24:55,151 - DEBUG - joeynmt.training - 	Tokenized reference:  ['The', 'ar@@', 'c@@', 'tic', 'ice', 'ca@@', 'p', 'is', ',', 'in', 'a', 'sense', ',', 'the', 'be@@', 'ating', 'heart', 'of', 'the', 'global', 'climate', 'system', '.']
2026-05-28 10:24:55,151 - DEBUG - joeynmt.training - 	Tokenized hypothesis: ['The', 'ice', 'sk@@', 'a@@', 'p', 'on', 'the', 'Nor@@', 'th', 'P@@', 'ole', 'is', 'in', 'a', 'sense', ',', 'the', 'cl@@', 'op@@', 'y', 'of', 'our', 'global', 'climate', 'system', '.', '</s>']
2026-05-28 10:24:55,151 - INFO - joeynmt.training - 	Source:     De ijskap op de Noordpool is in zekere zin het kloppend hart van ons globaal klimaatsysteem .
2026-05-28 10:24:55,151 - INFO - joeynmt.training - 	Reference:  The arctic ice cap is , in a sense , the beating heart of the global climate system .
2026-05-28 10:24:55,151 - INFO - joeynmt.training - 	Hypothesis: The ice skap on the North Pole is in a sense , the clopy of our global climate system .
2026-05-28 10:24:55,151 - INFO - joeynmt.training - Example #3
2026-05-28 10:24:55,151 - DEBUG - joeynmt.training - 	Tokenized source:     ['Het', 'zet', 'uit', 'in', 'de', 'win@@', 'ter', 'en', 'k@@', 'ri@@', 'mp@@', 't', 'in', 'de', 'z@@', 'om@@', 'er', '.']
2026-05-28 10:24:55,151 - DEBUG - joeynmt.training - 	Tokenized reference:  ['It', 'exp@@', 'ands', 'in', 'win@@', 'ter', 'and', 'con@@', 'trac@@', 'ts', 'in', 'su@@', 'mmer', '.']
2026-05-28 10:24:55,151 - DEBUG - joeynmt.training - 	Tokenized hypothesis: ['It', 'pu@@', 'ts', 'into', 'the', 'win@@', 'ter', 'and', 'k@@', 'ill', 'the', 'su@@', 'mmer', '.', '</s>']
2026-05-28 10:24:55,152 - INFO - joeynmt.training - 	Source:     Het zet uit in de winter en krimpt in de zomer .
2026-05-28 10:24:55,152 - INFO - joeynmt.training - 	Reference:  It expands in winter and contracts in summer .
2026-05-28 10:24:55,152 - INFO - joeynmt.training - 	Hypothesis: It puts into the winter and kill the summer .
2026-05-28 10:24:55,152 - INFO - joeynmt.training - Example #4
2026-05-28 10:24:55,152 - DEBUG - joeynmt.training - 	Tokenized source:     ['De', 'volgende', 'dia', 'die', 'ik', 'laat', 'zien', 'is', 'een', 'vers@@', 'n@@', 'elde', 'ver@@', 'sie', 'van', 'wat', 'er', 'de', 'afgelopen', '25', 'jaar', 'is', 'gebeurd', '.']
2026-05-28 10:24:55,152 - DEBUG - joeynmt.training - 	Tokenized reference:  ['The', 'next', 'sli@@', 'de', 'I', 'show', 'you', 'will', 'be', 'a', 'r@@', 'ap@@', 'id', 'fa@@', 'st-@@', 'forward', 'of', 'what', '&apos;s', 'happened', 'over', 'the', 'last', '25', 'years', '.']
2026-05-28 10:24:55,152 - DEBUG - joeynmt.training - 	Tokenized hypothesis: ['The', 'next', 'sli@@', 'de', 'I', '&apos;m', 'sho@@', 'wing', 'is', 'a', 'ver@@', 'sion', 'of', 'what', '&apos;s', 'happened', 'over', 'the', 'last', '25', 'years', '.', '</s>']
2026-05-28 10:24:55,152 - INFO - joeynmt.training - 	Source:     De volgende dia die ik laat zien is een versnelde versie van wat er de afgelopen 25 jaar is gebeurd .
2026-05-28 10:24:55,152 - INFO - joeynmt.training - 	Reference:  The next slide I show you will be a rapid fast-forward of what &apos;s happened over the last 25 years .
2026-05-28 10:24:55,153 - INFO - joeynmt.training - 	Hypothesis: The next slide I &apos;m showing is a version of what &apos;s happened over the last 25 years .
2026-05-28 10:25:19,504 - INFO - joeynmt.training - Epoch   9, Step:    29100, Batch Loss:     1.422835, Batch Acc: 0.637542, Tokens per Sec:     2988, Lr: 0.000300
2026-05-28 10:25:43,736 - INFO - joeynmt.training - Epoch   9, Step:    29200, Batch Loss:     1.344340, Batch Acc: 0.639156, Tokens per Sec:     3082, Lr: 0.000300
2026-05-28 10:26:05,441 - INFO - joeynmt.training - Epoch   9, Step:    29300, Batch Loss:     1.279453, Batch Acc: 0.638577, Tokens per Sec:     3492, Lr: 0.000300
2026-05-28 10:26:28,636 - INFO - joeynmt.training - Epoch   9, Step:    29400, Batch Loss:     1.317106, Batch Acc: 0.637940, Tokens per Sec:     3172, Lr: 0.000300
2026-05-28 10:26:52,748 - INFO - joeynmt.training - Epoch   9, Step:    29500, Batch Loss:     1.295395, Batch Acc: 0.638944, Tokens per Sec:     3189, Lr: 0.000300
2026-05-28 10:26:52,749 - WARNING - joeynmt.helpers - `alpha` option is obsolete. Please use `beam_alpha`, instead.
2026-05-28 10:26:52,749 - INFO - joeynmt.prediction - Predicting 1003 example(s)... (Greedy decoding with min_output_length=1, max_output_length=-1, return_prob='none', generate_unk=True, repetition_penalty=-1, no_repeat_ngram_size=-1)
2026-05-28 10:27:37,035 - INFO - joeynmt.prediction - Evaluation result (greedy) loss:   1.81, ppl:   6.09, acc:   0.52, generation: 44.2716[sec], evaluation: 0.0000[sec]
2026-05-28 10:27:37,463 - INFO - joeynmt.helpers - delete models/tf_bpe_4000_nl_en/24000.ckpt
2026-05-28 10:27:37,464 - INFO - joeynmt.training - Example #0
2026-05-28 10:27:37,465 - DEBUG - joeynmt.training - 	Tokenized source:     ['V@@', 'or@@', 'ig', 'jaar', 'liet', 'ik', 'deze', 'twee', 'dia', '&apos;', 's', 'zien', 'om', 'aan', 'te', 'tonen', 'dat', 'de', 'p@@', 'oo@@', 'lij@@', 'sk@@', 'a@@', 'p', ',', 'die', 'de', 'afgelopen', 'drie', 'miljoen', 'jaar', 'ongeveer', 'de', 'groot@@', 'te', 'had', 'van', 'het', 'va@@', 'stel@@', 'and', 'van', 'de', 'VS', ',', 'met', '40', '%', 'ge@@', 'k@@', 'rom@@', 'pen', 'was', '.']
2026-05-28 10:27:37,465 - DEBUG - joeynmt.training - 	Tokenized reference:  ['La@@', 'st', 'year', 'I', 'sho@@', 'wed', 'these', 'two', 'sli@@', 'des', 'so', 'that', 'de@@', 'mon@@', 'str@@', 'ate', 'that', 'the', 'ar@@', 'c@@', 'tic', 'ice', 'ca@@', 'p', ',', 'which', 'for', 'most', 'of', 'the', 'last', 'three', 'million', 'years', 'has', 'been', 'the', 'size', 'of', 'the', 'lo@@', 'wer', '4@@', '8', 'st@@', 'ates', ',', 'has', 'sh@@', 'run@@', 'k', 'by', '40', 'percent', '.']
2026-05-28 10:27:37,465 - DEBUG - joeynmt.training - 	Tokenized hypothesis: ['And', 'last', 'year', ',', 'I', 'sho@@', 'wed', 'these', 'two', 'sli@@', 'des', 'to', 'show', 'that', 'the', 'p@@', 'oo@@', 'li@@', 'sk@@', 'a@@', 'p', ',', 'who', 'had', 'about', 'the', 'p@@', 'oo@@', 'li@@', 'sk@@', 'a@@', 'p', ',', 'who', 'had', 'about', 'the', 'size', 'of', 'the', 'U.S.', ',', 'with', '40', 'percent', 'of', 'the', 'U.S.', ',', 'with', '40', 'percent', 'of', 'the', 'U.S.', ',', 'with', '40', 'percent', 'of', 'them', '.', '</s>']
2026-05-28 10:27:37,465 - INFO - joeynmt.training - 	Source:     Vorig jaar liet ik deze twee dia &apos; s zien om aan te tonen dat de poolijskap , die de afgelopen drie miljoen jaar ongeveer de grootte had van het vasteland van de VS , met 40 % gekrompen was .
2026-05-28 10:27:37,465 - INFO - joeynmt.training - 	Reference:  Last year I showed these two slides so that demonstrate that the arctic ice cap , which for most of the last three million years has been the size of the lower 48 states , has shrunk by 40 percent .
2026-05-28 10:27:37,465 - INFO - joeynmt.training - 	Hypothesis: And last year , I showed these two slides to show that the pooliskap , who had about the pooliskap , who had about the size of the U.S. , with 40 percent of the U.S. , with 40 percent of the U.S. , with 40 percent of them .
2026-05-28 10:27:37,465 - INFO - joeynmt.training - Example #1
2026-05-28 10:27:37,465 - DEBUG - joeynmt.training - 	Tokenized source:     ['Maar', 'dit', 'onder@@', 'sch@@', 'at', 'eigenlijk', 'de', 'er@@', 'n@@', 'st', 'van', 'dit', 'specif@@', 'ieke', 'probleem', 'omdat', 'het', 'niet', 'de', 'di@@', 'kte', 'van', 'het', 'ij@@', 's', 'laat', 'zien', '.']
2026-05-28 10:27:37,465 - DEBUG - joeynmt.training - 	Tokenized reference:  ['But', 'this', 'under@@', 'st@@', 'ates', 'the', 'ser@@', 'i@@', 'ous@@', 'ness', 'of', 'this', 'particular', 'problem', 'because', 'it', 'doesn', '&apos;t', 'show', 'the', 'th@@', 'ick@@', 'ness', 'of', 'the', 'ice', '.']
2026-05-28 10:27:37,465 - DEBUG - joeynmt.training - 	Tokenized hypothesis: ['But', 'this', 'is', 'actually', 'the', 'most', 'of', 'the', 'most', 'of', 'this', 'particular', 'problem', 'because', 'it', 'doesn', '&apos;t', 'show', 'the', 'di@@', 'stri@@', 'bu@@', 'ted', 'ice', '.', '</s>']
2026-05-28 10:27:37,466 - INFO - joeynmt.training - 	Source:     Maar dit onderschat eigenlijk de ernst van dit specifieke probleem omdat het niet de dikte van het ijs laat zien .
2026-05-28 10:27:37,466 - INFO - joeynmt.training - 	Reference:  But this understates the seriousness of this particular problem because it doesn &apos;t show the thickness of the ice .
2026-05-28 10:27:37,466 - INFO - joeynmt.training - 	Hypothesis: But this is actually the most of the most of this particular problem because it doesn &apos;t show the distributed ice .
2026-05-28 10:27:37,466 - INFO - joeynmt.training - Example #2
2026-05-28 10:27:37,466 - DEBUG - joeynmt.training - 	Tokenized source:     ['De', 'ij@@', 'sk@@', 'a@@', 'p', 'op', 'de', 'N@@', 'oor@@', 'd@@', 'p@@', 'ool', 'is', 'in', 'ze@@', 'kere', 'zin', 'het', 'kl@@', 'op@@', 'p@@', 'end', 'har@@', 't', 'van', 'ons', 'glob@@', 'aal', 'kli@@', 'maat@@', 'systeem', '.']
2026-05-28 10:27:37,466 - DEBUG - joeynmt.training - 	Tokenized reference:  ['The', 'ar@@', 'c@@', 'tic', 'ice', 'ca@@', 'p', 'is', ',', 'in', 'a', 'sense', ',', 'the', 'be@@', 'ating', 'heart', 'of', 'the', 'global', 'climate', 'system', '.']
2026-05-28 10:27:37,466 - DEBUG - joeynmt.training - 	Tokenized hypothesis: ['The', 'ic@@', 'y@@', 'e', 'is', 'on', 'the', 'Nor@@', 'th', 'P@@', 'ole', 'is', 'in', 'a', 'sense', ',', 'the', 'cli@@', 'p', 'of', 'our', 'global', 'climate', 'system', '.', '</s>']
2026-05-28 10:27:37,466 - INFO - joeynmt.training - 	Source:     De ijskap op de Noordpool is in zekere zin het kloppend hart van ons globaal klimaatsysteem .
2026-05-28 10:27:37,467 - INFO - joeynmt.training - 	Reference:  The arctic ice cap is , in a sense , the beating heart of the global climate system .
2026-05-28 10:27:37,467 - INFO - joeynmt.training - 	Hypothesis: The icye is on the North Pole is in a sense , the clip of our global climate system .
2026-05-28 10:27:37,467 - INFO - joeynmt.training - Example #3
2026-05-28 10:27:37,467 - DEBUG - joeynmt.training - 	Tokenized source:     ['Het', 'zet', 'uit', 'in', 'de', 'win@@', 'ter', 'en', 'k@@', 'ri@@', 'mp@@', 't', 'in', 'de', 'z@@', 'om@@', 'er', '.']
2026-05-28 10:27:37,467 - DEBUG - joeynmt.training - 	Tokenized reference:  ['It', 'exp@@', 'ands', 'in', 'win@@', 'ter', 'and', 'con@@', 'trac@@', 'ts', 'in', 'su@@', 'mmer', '.']
2026-05-28 10:27:37,467 - DEBUG - joeynmt.training - 	Tokenized hypothesis: ['It', '&apos;s', 'in', 'the', 'win@@', 'ter', 'and', 'k@@', 'ri@@', 'mp@@', 's', 'in', 'the', 'su@@', 'mmer', '.', '</s>']
2026-05-28 10:27:37,467 - INFO - joeynmt.training - 	Source:     Het zet uit in de winter en krimpt in de zomer .
2026-05-28 10:27:37,467 - INFO - joeynmt.training - 	Reference:  It expands in winter and contracts in summer .
2026-05-28 10:27:37,467 - INFO - joeynmt.training - 	Hypothesis: It &apos;s in the winter and krimps in the summer .
2026-05-28 10:27:37,467 - INFO - joeynmt.training - Example #4
2026-05-28 10:27:37,467 - DEBUG - joeynmt.training - 	Tokenized source:     ['De', 'volgende', 'dia', 'die', 'ik', 'laat', 'zien', 'is', 'een', 'vers@@', 'n@@', 'elde', 'ver@@', 'sie', 'van', 'wat', 'er', 'de', 'afgelopen', '25', 'jaar', 'is', 'gebeurd', '.']
2026-05-28 10:27:37,467 - DEBUG - joeynmt.training - 	Tokenized reference:  ['The', 'next', 'sli@@', 'de', 'I', 'show', 'you', 'will', 'be', 'a', 'r@@', 'ap@@', 'id', 'fa@@', 'st-@@', 'forward', 'of', 'what', '&apos;s', 'happened', 'over', 'the', 'last', '25', 'years', '.']
2026-05-28 10:27:37,467 - DEBUG - joeynmt.training - 	Tokenized hypothesis: ['The', 'next', 'sli@@', 'de', 'I', '&apos;m', 'going', 'to', 'show', 'you', 'is', 'a', 'ac@@', 'cel@@', 'er@@', 'ated', 'ver@@', 'sion', 'of', 'what', '&apos;s', 'happened', 'over', 'the', 'last', '25', 'years', '.', '</s>']
2026-05-28 10:27:37,468 - INFO - joeynmt.training - 	Source:     De volgende dia die ik laat zien is een versnelde versie van wat er de afgelopen 25 jaar is gebeurd .
2026-05-28 10:27:37,468 - INFO - joeynmt.training - 	Reference:  The next slide I show you will be a rapid fast-forward of what &apos;s happened over the last 25 years .
2026-05-28 10:27:37,468 - INFO - joeynmt.training - 	Hypothesis: The next slide I &apos;m going to show you is a accelerated version of what &apos;s happened over the last 25 years .
2026-05-28 10:28:01,612 - INFO - joeynmt.training - Epoch   9, Step:    29600, Batch Loss:     1.424053, Batch Acc: 0.638741, Tokens per Sec:     2975, Lr: 0.000300
2026-05-28 10:28:24,213 - INFO - joeynmt.training - Epoch   9, Step:    29700, Batch Loss:     1.402514, Batch Acc: 0.634640, Tokens per Sec:     3256, Lr: 0.000300
2026-05-28 10:28:45,744 - INFO - joeynmt.training - Epoch   9, Step:    29800, Batch Loss:     1.254372, Batch Acc: 0.641837, Tokens per Sec:     3424, Lr: 0.000300
2026-05-28 10:29:07,536 - INFO - joeynmt.training - Epoch   9, Step:    29900, Batch Loss:     1.181572, Batch Acc: 0.638873, Tokens per Sec:     3374, Lr: 0.000300
2026-05-28 10:29:29,488 - INFO - joeynmt.training - Epoch   9, Step:    30000, Batch Loss:     1.404487, Batch Acc: 0.636477, Tokens per Sec:     3459, Lr: 0.000300
2026-05-28 10:29:29,489 - WARNING - joeynmt.helpers - `alpha` option is obsolete. Please use `beam_alpha`, instead.
2026-05-28 10:29:29,489 - INFO - joeynmt.prediction - Predicting 1003 example(s)... (Greedy decoding with min_output_length=1, max_output_length=-1, return_prob='none', generate_unk=True, repetition_penalty=-1, no_repeat_ngram_size=-1)
2026-05-28 10:30:11,887 - INFO - joeynmt.prediction - Evaluation result (greedy) loss:   1.81, ppl:   6.08, acc:   0.52, generation: 42.3714[sec], evaluation: 0.0000[sec]
2026-05-28 10:30:12,088 - INFO - joeynmt.helpers - delete models/tf_bpe_4000_nl_en/24500.ckpt
2026-05-28 10:30:12,099 - INFO - joeynmt.training - Example #0
2026-05-28 10:30:12,099 - DEBUG - joeynmt.training - 	Tokenized source:     ['V@@', 'or@@', 'ig', 'jaar', 'liet', 'ik', 'deze', 'twee', 'dia', '&apos;', 's', 'zien', 'om', 'aan', 'te', 'tonen', 'dat', 'de', 'p@@', 'oo@@', 'lij@@', 'sk@@', 'a@@', 'p', ',', 'die', 'de', 'afgelopen', 'drie', 'miljoen', 'jaar', 'ongeveer', 'de', 'groot@@', 'te', 'had', 'van', 'het', 'va@@', 'stel@@', 'and', 'van', 'de', 'VS', ',', 'met', '40', '%', 'ge@@', 'k@@', 'rom@@', 'pen', 'was', '.']
2026-05-28 10:30:12,099 - DEBUG - joeynmt.training - 	Tokenized reference:  ['La@@', 'st', 'year', 'I', 'sho@@', 'wed', 'these', 'two', 'sli@@', 'des', 'so', 'that', 'de@@', 'mon@@', 'str@@', 'ate', 'that', 'the', 'ar@@', 'c@@', 'tic', 'ice', 'ca@@', 'p', ',', 'which', 'for', 'most', 'of', 'the', 'last', 'three', 'million', 'years', 'has', 'been', 'the', 'size', 'of', 'the', 'lo@@', 'wer', '4@@', '8', 'st@@', 'ates', ',', 'has', 'sh@@', 'run@@', 'k', 'by', '40', 'percent', '.']
2026-05-28 10:30:12,099 - DEBUG - joeynmt.training - 	Tokenized hypothesis: ['La@@', 'st', 'year', ',', 'I', 'sho@@', 'wed', 'these', 'two', 'sli@@', 'des', 'to', 'show', 'that', 'the', 'pol@@', 'ar', 'sk@@', 'a@@', 'p', ',', 'which', 'was', 'about', 'the', 'last', 'three', 'million', 'years', ',', 'had', 'about', 'the', 'size', 'of', 'the', 'va@@', 'ged', 'of', 'the', 'va@@', 'gu@@', 'e', 'of', 'the', 'U.S.', ',', 'with', '40', 'percent', 'of', 'the', 'va@@', 'gu@@', 'e', 'was', 'actually', 'doing', '40', 'percent', '.', '</s>']
2026-05-28 10:30:12,099 - INFO - joeynmt.training - 	Source:     Vorig jaar liet ik deze twee dia &apos; s zien om aan te tonen dat de poolijskap , die de afgelopen drie miljoen jaar ongeveer de grootte had van het vasteland van de VS , met 40 % gekrompen was .
2026-05-28 10:30:12,099 - INFO - joeynmt.training - 	Reference:  Last year I showed these two slides so that demonstrate that the arctic ice cap , which for most of the last three million years has been the size of the lower 48 states , has shrunk by 40 percent .
2026-05-28 10:30:12,099 - INFO - joeynmt.training - 	Hypothesis: Last year , I showed these two slides to show that the polar skap , which was about the last three million years , had about the size of the vaged of the vague of the U.S. , with 40 percent of the vague was actually doing 40 percent .
2026-05-28 10:30:12,099 - INFO - joeynmt.training - Example #1
2026-05-28 10:30:12,100 - DEBUG - joeynmt.training - 	Tokenized source:     ['Maar', 'dit', 'onder@@', 'sch@@', 'at', 'eigenlijk', 'de', 'er@@', 'n@@', 'st', 'van', 'dit', 'specif@@', 'ieke', 'probleem', 'omdat', 'het', 'niet', 'de', 'di@@', 'kte', 'van', 'het', 'ij@@', 's', 'laat', 'zien', '.']
2026-05-28 10:30:12,100 - DEBUG - joeynmt.training - 	Tokenized reference:  ['But', 'this', 'under@@', 'st@@', 'ates', 'the', 'ser@@', 'i@@', 'ous@@', 'ness', 'of', 'this', 'particular', 'problem', 'because', 'it', 'doesn', '&apos;t', 'show', 'the', 'th@@', 'ick@@', 'ness', 'of', 'the', 'ice', '.']
2026-05-28 10:30:12,100 - DEBUG - joeynmt.training - 	Tokenized hypothesis: ['But', 'this', 'under@@', 'est@@', 'im@@', 'ated', 'the', 'ser@@', 'ious', 'problem', 'because', 'it', 'doesn', '&apos;t', 'show', 'the', 'di@@', 'stri@@', 'bu@@', 'ted', 'from', 'the', 'ice', '.', '</s>']
2026-05-28 10:30:12,100 - INFO - joeynmt.training - 	Source:     Maar dit onderschat eigenlijk de ernst van dit specifieke probleem omdat het niet de dikte van het ijs laat zien .
2026-05-28 10:30:12,100 - INFO - joeynmt.training - 	Reference:  But this understates the seriousness of this particular problem because it doesn &apos;t show the thickness of the ice .
2026-05-28 10:30:12,100 - INFO - joeynmt.training - 	Hypothesis: But this underestimated the serious problem because it doesn &apos;t show the distributed from the ice .
2026-05-28 10:30:12,100 - INFO - joeynmt.training - Example #2
2026-05-28 10:30:12,100 - DEBUG - joeynmt.training - 	Tokenized source:     ['De', 'ij@@', 'sk@@', 'a@@', 'p', 'op', 'de', 'N@@', 'oor@@', 'd@@', 'p@@', 'ool', 'is', 'in', 'ze@@', 'kere', 'zin', 'het', 'kl@@', 'op@@', 'p@@', 'end', 'har@@', 't', 'van', 'ons', 'glob@@', 'aal', 'kli@@', 'maat@@', 'systeem', '.']
2026-05-28 10:30:12,100 - DEBUG - joeynmt.training - 	Tokenized reference:  ['The', 'ar@@', 'c@@', 'tic', 'ice', 'ca@@', 'p', 'is', ',', 'in', 'a', 'sense', ',', 'the', 'be@@', 'ating', 'heart', 'of', 'the', 'global', 'climate', 'system', '.']
2026-05-28 10:30:12,100 - DEBUG - joeynmt.training - 	Tokenized hypothesis: ['The', 'ice', 'sk@@', 'a@@', 'p', 'on', 'the', 'Nor@@', 'th', 'P@@', 'ole', 'is', 'in', 'a', 'sense', ',', 'the', 'tr@@', 'ack', 'of', 'our', 'global', 'global', 'climate', 'system', '.', '</s>']
2026-05-28 10:30:12,101 - INFO - joeynmt.training - 	Source:     De ijskap op de Noordpool is in zekere zin het kloppend hart van ons globaal klimaatsysteem .
2026-05-28 10:30:12,101 - INFO - joeynmt.training - 	Reference:  The arctic ice cap is , in a sense , the beating heart of the global climate system .
2026-05-28 10:30:12,101 - INFO - joeynmt.training - 	Hypothesis: The ice skap on the North Pole is in a sense , the track of our global global climate system .
2026-05-28 10:30:12,101 - INFO - joeynmt.training - Example #3
2026-05-28 10:30:12,101 - DEBUG - joeynmt.training - 	Tokenized source:     ['Het', 'zet', 'uit', 'in', 'de', 'win@@', 'ter', 'en', 'k@@', 'ri@@', 'mp@@', 't', 'in', 'de', 'z@@', 'om@@', 'er', '.']
2026-05-28 10:30:12,101 - DEBUG - joeynmt.training - 	Tokenized reference:  ['It', 'exp@@', 'ands', 'in', 'win@@', 'ter', 'and', 'con@@', 'trac@@', 'ts', 'in', 'su@@', 'mmer', '.']
2026-05-28 10:30:12,101 - DEBUG - joeynmt.training - 	Tokenized hypothesis: ['It', '&apos;s', 'pu@@', 'ts', 'in', 'the', 'win@@', 'ter', 'and', 'k@@', 'ill', 'in', 'the', 'su@@', 'mmer', '.', '</s>']
2026-05-28 10:30:12,101 - INFO - joeynmt.training - 	Source:     Het zet uit in de winter en krimpt in de zomer .
2026-05-28 10:30:12,101 - INFO - joeynmt.training - 	Reference:  It expands in winter and contracts in summer .
2026-05-28 10:30:12,101 - INFO - joeynmt.training - 	Hypothesis: It &apos;s puts in the winter and kill in the summer .
2026-05-28 10:30:12,101 - INFO - joeynmt.training - Example #4
2026-05-28 10:30:12,101 - DEBUG - joeynmt.training - 	Tokenized source:     ['De', 'volgende', 'dia', 'die', 'ik', 'laat', 'zien', 'is', 'een', 'vers@@', 'n@@', 'elde', 'ver@@', 'sie', 'van', 'wat', 'er', 'de', 'afgelopen', '25', 'jaar', 'is', 'gebeurd', '.']
2026-05-28 10:30:12,102 - DEBUG - joeynmt.training - 	Tokenized reference:  ['The', 'next', 'sli@@', 'de', 'I', 'show', 'you', 'will', 'be', 'a', 'r@@', 'ap@@', 'id', 'fa@@', 'st-@@', 'forward', 'of', 'what', '&apos;s', 'happened', 'over', 'the', 'last', '25', 'years', '.']
2026-05-28 10:30:12,102 - DEBUG - joeynmt.training - 	Tokenized hypothesis: ['The', 'next', 'sli@@', 'de', 'I', '&apos;m', 'sho@@', 'wing', 'is', 'a', 'ac@@', 'dic@@', 'ated', 'ver@@', 'sion', 'of', 'what', 'has', 'happened', 'the', 'last', '25', 'years', '.', '</s>']
2026-05-28 10:30:12,102 - INFO - joeynmt.training - 	Source:     De volgende dia die ik laat zien is een versnelde versie van wat er de afgelopen 25 jaar is gebeurd .
2026-05-28 10:30:12,102 - INFO - joeynmt.training - 	Reference:  The next slide I show you will be a rapid fast-forward of what &apos;s happened over the last 25 years .
2026-05-28 10:30:12,102 - INFO - joeynmt.training - 	Hypothesis: The next slide I &apos;m showing is a acdicated version of what has happened the last 25 years .
2026-05-28 10:30:38,373 - INFO - joeynmt.training - Epoch   9, Step:    30100, Batch Loss:     1.270980, Batch Acc: 0.630485, Tokens per Sec:     2745, Lr: 0.000300
2026-05-28 10:31:00,536 - INFO - joeynmt.training - Epoch   9, Step:    30200, Batch Loss:     1.223909, Batch Acc: 0.633894, Tokens per Sec:     3354, Lr: 0.000300
2026-05-28 10:31:21,342 - INFO - joeynmt.training - Epoch   9, Step:    30300, Batch Loss:     1.346153, Batch Acc: 0.635609, Tokens per Sec:     3557, Lr: 0.000300
2026-05-28 10:31:45,532 - INFO - joeynmt.training - Epoch   9, Step:    30400, Batch Loss:     1.276022, Batch Acc: 0.635275, Tokens per Sec:     3113, Lr: 0.000300
2026-05-28 10:32:10,371 - INFO - joeynmt.training - Epoch   9, Step:    30500, Batch Loss:     1.248535, Batch Acc: 0.635337, Tokens per Sec:     3081, Lr: 0.000300
2026-05-28 10:32:10,372 - WARNING - joeynmt.helpers - `alpha` option is obsolete. Please use `beam_alpha`, instead.
2026-05-28 10:32:10,372 - INFO - joeynmt.prediction - Predicting 1003 example(s)... (Greedy decoding with min_output_length=1, max_output_length=-1, return_prob='none', generate_unk=True, repetition_penalty=-1, no_repeat_ngram_size=-1)
2026-05-28 10:32:52,544 - INFO - joeynmt.prediction - Evaluation result (greedy) loss:   1.80, ppl:   6.04, acc:   0.52, generation: 42.1574[sec], evaluation: 0.0000[sec]
2026-05-28 10:32:52,546 - INFO - joeynmt.training - Hooray! New best validation result [ppl]!
2026-05-28 10:32:52,739 - INFO - joeynmt.helpers - delete models/tf_bpe_4000_nl_en/27000.ckpt
2026-05-28 10:32:52,749 - INFO - joeynmt.training - Example #0
2026-05-28 10:32:52,749 - DEBUG - joeynmt.training - 	Tokenized source:     ['V@@', 'or@@', 'ig', 'jaar', 'liet', 'ik', 'deze', 'twee', 'dia', '&apos;', 's', 'zien', 'om', 'aan', 'te', 'tonen', 'dat', 'de', 'p@@', 'oo@@', 'lij@@', 'sk@@', 'a@@', 'p', ',', 'die', 'de', 'afgelopen', 'drie', 'miljoen', 'jaar', 'ongeveer', 'de', 'groot@@', 'te', 'had', 'van', 'het', 'va@@', 'stel@@', 'and', 'van', 'de', 'VS', ',', 'met', '40', '%', 'ge@@', 'k@@', 'rom@@', 'pen', 'was', '.']
2026-05-28 10:32:52,750 - DEBUG - joeynmt.training - 	Tokenized reference:  ['La@@', 'st', 'year', 'I', 'sho@@', 'wed', 'these', 'two', 'sli@@', 'des', 'so', 'that', 'de@@', 'mon@@', 'str@@', 'ate', 'that', 'the', 'ar@@', 'c@@', 'tic', 'ice', 'ca@@', 'p', ',', 'which', 'for', 'most', 'of', 'the', 'last', 'three', 'million', 'years', 'has', 'been', 'the', 'size', 'of', 'the', 'lo@@', 'wer', '4@@', '8', 'st@@', 'ates', ',', 'has', 'sh@@', 'run@@', 'k', 'by', '40', 'percent', '.']
2026-05-28 10:32:52,750 - DEBUG - joeynmt.training - 	Tokenized hypothesis: ['And', 'last', 'year', ',', 'I', 'sho@@', 'wed', 'these', 'two', 'sli@@', 'des', 'to', 'show', 'that', 'the', 'p@@', 'oo@@', 'l@@', 'bo@@', 'x', ',', 'which', 'was', 'about', 'the', 'last', 'three', 'million', 'years', 'of', 'the', 'va@@', 'e', ',', 'which', 'had', 'about', 'the', 'last', 'three', 'million', 'years', 'of', 'the', 'va@@', 'e', 'was', 'the', 'last', 'three', 'million', 'years', 'of', 'the', 'va@@', 'il@@', 'able', '.', '</s>']
2026-05-28 10:32:52,750 - INFO - joeynmt.training - 	Source:     Vorig jaar liet ik deze twee dia &apos; s zien om aan te tonen dat de poolijskap , die de afgelopen drie miljoen jaar ongeveer de grootte had van het vasteland van de VS , met 40 % gekrompen was .
2026-05-28 10:32:52,750 - INFO - joeynmt.training - 	Reference:  Last year I showed these two slides so that demonstrate that the arctic ice cap , which for most of the last three million years has been the size of the lower 48 states , has shrunk by 40 percent .
2026-05-28 10:32:52,750 - INFO - joeynmt.training - 	Hypothesis: And last year , I showed these two slides to show that the poolbox , which was about the last three million years of the vae , which had about the last three million years of the vae was the last three million years of the vailable .
2026-05-28 10:32:52,750 - INFO - joeynmt.training - Example #1
2026-05-28 10:32:52,750 - DEBUG - joeynmt.training - 	Tokenized source:     ['Maar', 'dit', 'onder@@', 'sch@@', 'at', 'eigenlijk', 'de', 'er@@', 'n@@', 'st', 'van', 'dit', 'specif@@', 'ieke', 'probleem', 'omdat', 'het', 'niet', 'de', 'di@@', 'kte', 'van', 'het', 'ij@@', 's', 'laat', 'zien', '.']
2026-05-28 10:32:52,750 - DEBUG - joeynmt.training - 	Tokenized reference:  ['But', 'this', 'under@@', 'st@@', 'ates', 'the', 'ser@@', 'i@@', 'ous@@', 'ness', 'of', 'this', 'particular', 'problem', 'because', 'it', 'doesn', '&apos;t', 'show', 'the', 'th@@', 'ick@@', 'ness', 'of', 'the', 'ice', '.']
2026-05-28 10:32:52,750 - DEBUG - joeynmt.training - 	Tokenized hypothesis: ['But', 'this', 'under@@', 'est@@', 'im@@', 'ate', ',', 'actually', 'the', 'sever@@', 'al', 'problem', 'because', 'it', 'doesn', '&apos;t', 'show', 'the', 'di@@', 'sa@@', 'ved', 'of', 'the', 'ice', '.', '</s>']
2026-05-28 10:32:52,751 - INFO - joeynmt.training - 	Source:     Maar dit onderschat eigenlijk de ernst van dit specifieke probleem omdat het niet de dikte van het ijs laat zien .
2026-05-28 10:32:52,751 - INFO - joeynmt.training - 	Reference:  But this understates the seriousness of this particular problem because it doesn &apos;t show the thickness of the ice .
2026-05-28 10:32:52,751 - INFO - joeynmt.training - 	Hypothesis: But this underestimate , actually the several problem because it doesn &apos;t show the disaved of the ice .
2026-05-28 10:32:52,751 - INFO - joeynmt.training - Example #2
2026-05-28 10:32:52,751 - DEBUG - joeynmt.training - 	Tokenized source:     ['De', 'ij@@', 'sk@@', 'a@@', 'p', 'op', 'de', 'N@@', 'oor@@', 'd@@', 'p@@', 'ool', 'is', 'in', 'ze@@', 'kere', 'zin', 'het', 'kl@@', 'op@@', 'p@@', 'end', 'har@@', 't', 'van', 'ons', 'glob@@', 'aal', 'kli@@', 'maat@@', 'systeem', '.']
2026-05-28 10:32:52,751 - DEBUG - joeynmt.training - 	Tokenized reference:  ['The', 'ar@@', 'c@@', 'tic', 'ice', 'ca@@', 'p', 'is', ',', 'in', 'a', 'sense', ',', 'the', 'be@@', 'ating', 'heart', 'of', 'the', 'global', 'climate', 'system', '.']
2026-05-28 10:32:52,751 - DEBUG - joeynmt.training - 	Tokenized hypothesis: ['The', 'ic@@', 'y@@', 'cle', ',', 'the', 'ic@@', 'y@@', 'cle', 'of', 'the', 'Nor@@', 'th', 'P@@', 'ole', 'is', 'in', 'a', 'sense', ',', 'the', 'tr@@', 'ou@@', 'ble', 'har@@', 'm', 'of', 'our', 'global', 'climate', 'system', '.', '</s>']
2026-05-28 10:32:52,751 - INFO - joeynmt.training - 	Source:     De ijskap op de Noordpool is in zekere zin het kloppend hart van ons globaal klimaatsysteem .
2026-05-28 10:32:52,751 - INFO - joeynmt.training - 	Reference:  The arctic ice cap is , in a sense , the beating heart of the global climate system .
2026-05-28 10:32:52,751 - INFO - joeynmt.training - 	Hypothesis: The icycle , the icycle of the North Pole is in a sense , the trouble harm of our global climate system .
2026-05-28 10:32:52,751 - INFO - joeynmt.training - Example #3
2026-05-28 10:32:52,751 - DEBUG - joeynmt.training - 	Tokenized source:     ['Het', 'zet', 'uit', 'in', 'de', 'win@@', 'ter', 'en', 'k@@', 'ri@@', 'mp@@', 't', 'in', 'de', 'z@@', 'om@@', 'er', '.']
2026-05-28 10:32:52,751 - DEBUG - joeynmt.training - 	Tokenized reference:  ['It', 'exp@@', 'ands', 'in', 'win@@', 'ter', 'and', 'con@@', 'trac@@', 'ts', 'in', 'su@@', 'mmer', '.']
2026-05-28 10:32:52,751 - DEBUG - joeynmt.training - 	Tokenized hypothesis: ['It', 'pu@@', 'ts', 'in', 'the', 'win@@', 'ter', 'and', 'k@@', 'ri@@', 'mp@@', 's', 'in', 'the', 'su@@', 'mmer', '.', '</s>']
2026-05-28 10:32:52,752 - INFO - joeynmt.training - 	Source:     Het zet uit in de winter en krimpt in de zomer .
2026-05-28 10:32:52,752 - INFO - joeynmt.training - 	Reference:  It expands in winter and contracts in summer .
2026-05-28 10:32:52,752 - INFO - joeynmt.training - 	Hypothesis: It puts in the winter and krimps in the summer .
2026-05-28 10:32:52,752 - INFO - joeynmt.training - Example #4
2026-05-28 10:32:52,752 - DEBUG - joeynmt.training - 	Tokenized source:     ['De', 'volgende', 'dia', 'die', 'ik', 'laat', 'zien', 'is', 'een', 'vers@@', 'n@@', 'elde', 'ver@@', 'sie', 'van', 'wat', 'er', 'de', 'afgelopen', '25', 'jaar', 'is', 'gebeurd', '.']
2026-05-28 10:32:52,752 - DEBUG - joeynmt.training - 	Tokenized reference:  ['The', 'next', 'sli@@', 'de', 'I', 'show', 'you', 'will', 'be', 'a', 'r@@', 'ap@@', 'id', 'fa@@', 'st-@@', 'forward', 'of', 'what', '&apos;s', 'happened', 'over', 'the', 'last', '25', 'years', '.']
2026-05-28 10:32:52,752 - DEBUG - joeynmt.training - 	Tokenized hypothesis: ['The', 'next', 'sli@@', 'de', 'I', '&apos;m', 'sho@@', 'wing', 'is', 'a', 'ac@@', 'cel@@', 'er@@', 'ation', 'of', 'what', 'happened', 'over', 'the', 'last', '25', 'years', '.', '</s>']
2026-05-28 10:32:52,752 - INFO - joeynmt.training - 	Source:     De volgende dia die ik laat zien is een versnelde versie van wat er de afgelopen 25 jaar is gebeurd .
2026-05-28 10:32:52,752 - INFO - joeynmt.training - 	Reference:  The next slide I show you will be a rapid fast-forward of what &apos;s happened over the last 25 years .
2026-05-28 10:32:52,752 - INFO - joeynmt.training - 	Hypothesis: The next slide I &apos;m showing is a acceleration of what happened over the last 25 years .
2026-05-28 10:33:13,181 - INFO - joeynmt.training - Epoch   9, Step:    30600, Batch Loss:     1.395449, Batch Acc: 0.632538, Tokens per Sec:     3572, Lr: 0.000300
2026-05-28 10:33:32,838 - INFO - joeynmt.training - Epoch   9, Step:    30700, Batch Loss:     1.238203, Batch Acc: 0.635675, Tokens per Sec:     3836, Lr: 0.000300
2026-05-28 10:33:54,024 - INFO - joeynmt.training - Epoch   9, Step:    30800, Batch Loss:     1.405729, Batch Acc: 0.632476, Tokens per Sec:     3527, Lr: 0.000300
2026-05-28 10:34:13,262 - INFO - joeynmt.training - Epoch   9, Step:    30900, Batch Loss:     1.496439, Batch Acc: 0.629531, Tokens per Sec:     3806, Lr: 0.000300
2026-05-28 10:34:33,964 - INFO - joeynmt.training - Epoch   9, Step:    31000, Batch Loss:     1.247251, Batch Acc: 0.632295, Tokens per Sec:     3617, Lr: 0.000300
2026-05-28 10:34:33,965 - WARNING - joeynmt.helpers - `alpha` option is obsolete. Please use `beam_alpha`, instead.
2026-05-28 10:34:33,965 - INFO - joeynmt.prediction - Predicting 1003 example(s)... (Greedy decoding with min_output_length=1, max_output_length=-1, return_prob='none', generate_unk=True, repetition_penalty=-1, no_repeat_ngram_size=-1)
2026-05-28 10:35:14,775 - INFO - joeynmt.prediction - Evaluation result (greedy) loss:   1.80, ppl:   6.04, acc:   0.52, generation: 40.7969[sec], evaluation: 0.0000[sec]
2026-05-28 10:35:14,966 - INFO - joeynmt.helpers - delete models/tf_bpe_4000_nl_en/27500.ckpt
2026-05-28 10:35:14,974 - INFO - joeynmt.training - Example #0
2026-05-28 10:35:14,974 - DEBUG - joeynmt.training - 	Tokenized source:     ['V@@', 'or@@', 'ig', 'jaar', 'liet', 'ik', 'deze', 'twee', 'dia', '&apos;', 's', 'zien', 'om', 'aan', 'te', 'tonen', 'dat', 'de', 'p@@', 'oo@@', 'lij@@', 'sk@@', 'a@@', 'p', ',', 'die', 'de', 'afgelopen', 'drie', 'miljoen', 'jaar', 'ongeveer', 'de', 'groot@@', 'te', 'had', 'van', 'het', 'va@@', 'stel@@', 'and', 'van', 'de', 'VS', ',', 'met', '40', '%', 'ge@@', 'k@@', 'rom@@', 'pen', 'was', '.']
2026-05-28 10:35:14,974 - DEBUG - joeynmt.training - 	Tokenized reference:  ['La@@', 'st', 'year', 'I', 'sho@@', 'wed', 'these', 'two', 'sli@@', 'des', 'so', 'that', 'de@@', 'mon@@', 'str@@', 'ate', 'that', 'the', 'ar@@', 'c@@', 'tic', 'ice', 'ca@@', 'p', ',', 'which', 'for', 'most', 'of', 'the', 'last', 'three', 'million', 'years', 'has', 'been', 'the', 'size', 'of', 'the', 'lo@@', 'wer', '4@@', '8', 'st@@', 'ates', ',', 'has', 'sh@@', 'run@@', 'k', 'by', '40', 'percent', '.']
2026-05-28 10:35:14,974 - DEBUG - joeynmt.training - 	Tokenized hypothesis: ['La@@', 'st', 'year', ',', 'I', 'sho@@', 'wed', 'these', 'two', 'sli@@', 'des', 'to', 'show', 'that', 'the', 'p@@', 'oo@@', 'l@@', 'bo@@', 'x', ',', 'which', 'had', 'about', 'the', 'last', 'three', 'million', 'years', 'of', 'the', 'va@@', 'gu@@', 'e', 'of', 'the', 'va@@', 'gu@@', 'e', 'of', 'the', 'U.S.', '&apos;s', 'va@@', 'gu@@', 'e', ',', 'with', '40', 'percent', '.', '</s>']
2026-05-28 10:35:14,975 - INFO - joeynmt.training - 	Source:     Vorig jaar liet ik deze twee dia &apos; s zien om aan te tonen dat de poolijskap , die de afgelopen drie miljoen jaar ongeveer de grootte had van het vasteland van de VS , met 40 % gekrompen was .
2026-05-28 10:35:14,975 - INFO - joeynmt.training - 	Reference:  Last year I showed these two slides so that demonstrate that the arctic ice cap , which for most of the last three million years has been the size of the lower 48 states , has shrunk by 40 percent .
2026-05-28 10:35:14,975 - INFO - joeynmt.training - 	Hypothesis: Last year , I showed these two slides to show that the poolbox , which had about the last three million years of the vague of the vague of the U.S. &apos;s vague , with 40 percent .
2026-05-28 10:35:14,975 - INFO - joeynmt.training - Example #1
2026-05-28 10:35:14,975 - DEBUG - joeynmt.training - 	Tokenized source:     ['Maar', 'dit', 'onder@@', 'sch@@', 'at', 'eigenlijk', 'de', 'er@@', 'n@@', 'st', 'van', 'dit', 'specif@@', 'ieke', 'probleem', 'omdat', 'het', 'niet', 'de', 'di@@', 'kte', 'van', 'het', 'ij@@', 's', 'laat', 'zien', '.']
2026-05-28 10:35:14,975 - DEBUG - joeynmt.training - 	Tokenized reference:  ['But', 'this', 'under@@', 'st@@', 'ates', 'the', 'ser@@', 'i@@', 'ous@@', 'ness', 'of', 'this', 'particular', 'problem', 'because', 'it', 'doesn', '&apos;t', 'show', 'the', 'th@@', 'ick@@', 'ness', 'of', 'the', 'ice', '.']
2026-05-28 10:35:14,975 - DEBUG - joeynmt.training - 	Tokenized hypothesis: ['But', 'this', 'is', 'actually', 'the', 'most', 'of', 'the', 'most', 'of', 'this', 'particular', 'problem', 'because', 'it', '&apos;s', 'not', 'going', 'to', 'show', 'the', 'ice', '.', '</s>']
2026-05-28 10:35:14,975 - INFO - joeynmt.training - 	Source:     Maar dit onderschat eigenlijk de ernst van dit specifieke probleem omdat het niet de dikte van het ijs laat zien .
2026-05-28 10:35:14,975 - INFO - joeynmt.training - 	Reference:  But this understates the seriousness of this particular problem because it doesn &apos;t show the thickness of the ice .
2026-05-28 10:35:14,975 - INFO - joeynmt.training - 	Hypothesis: But this is actually the most of the most of this particular problem because it &apos;s not going to show the ice .
2026-05-28 10:35:14,975 - INFO - joeynmt.training - Example #2
2026-05-28 10:35:14,976 - DEBUG - joeynmt.training - 	Tokenized source:     ['De', 'ij@@', 'sk@@', 'a@@', 'p', 'op', 'de', 'N@@', 'oor@@', 'd@@', 'p@@', 'ool', 'is', 'in', 'ze@@', 'kere', 'zin', 'het', 'kl@@', 'op@@', 'p@@', 'end', 'har@@', 't', 'van', 'ons', 'glob@@', 'aal', 'kli@@', 'maat@@', 'systeem', '.']
2026-05-28 10:35:14,976 - DEBUG - joeynmt.training - 	Tokenized reference:  ['The', 'ar@@', 'c@@', 'tic', 'ice', 'ca@@', 'p', 'is', ',', 'in', 'a', 'sense', ',', 'the', 'be@@', 'ating', 'heart', 'of', 'the', 'global', 'climate', 'system', '.']
2026-05-28 10:35:14,976 - DEBUG - joeynmt.training - 	Tokenized hypothesis: ['The', 'ic@@', 'sk@@', 'a@@', 'p', 'on', 'the', 'Nor@@', 'th', 'P@@', 'ole', 'is', 'in', 'a', 'sense', ',', 'the', 'tr@@', 'ou@@', 'ble', 'heart', 'of', 'our', 'global', 'climate', 'system', '.', '</s>']
2026-05-28 10:35:14,976 - INFO - joeynmt.training - 	Source:     De ijskap op de Noordpool is in zekere zin het kloppend hart van ons globaal klimaatsysteem .
2026-05-28 10:35:14,976 - INFO - joeynmt.training - 	Reference:  The arctic ice cap is , in a sense , the beating heart of the global climate system .
2026-05-28 10:35:14,976 - INFO - joeynmt.training - 	Hypothesis: The icskap on the North Pole is in a sense , the trouble heart of our global climate system .
2026-05-28 10:35:14,976 - INFO - joeynmt.training - Example #3
2026-05-28 10:35:14,976 - DEBUG - joeynmt.training - 	Tokenized source:     ['Het', 'zet', 'uit', 'in', 'de', 'win@@', 'ter', 'en', 'k@@', 'ri@@', 'mp@@', 't', 'in', 'de', 'z@@', 'om@@', 'er', '.']
2026-05-28 10:35:14,976 - DEBUG - joeynmt.training - 	Tokenized reference:  ['It', 'exp@@', 'ands', 'in', 'win@@', 'ter', 'and', 'con@@', 'trac@@', 'ts', 'in', 'su@@', 'mmer', '.']
2026-05-28 10:35:14,976 - DEBUG - joeynmt.training - 	Tokenized hypothesis: ['It', '&apos;s', 'pu@@', 'tting', 'out', 'in', 'the', 'win@@', 'ter', 'and', 'k@@', 'ill', 'in', 'the', 'su@@', 'mmer', '.', '</s>']
2026-05-28 10:35:14,977 - INFO - joeynmt.training - 	Source:     Het zet uit in de winter en krimpt in de zomer .
2026-05-28 10:35:14,977 - INFO - joeynmt.training - 	Reference:  It expands in winter and contracts in summer .
2026-05-28 10:35:14,977 - INFO - joeynmt.training - 	Hypothesis: It &apos;s putting out in the winter and kill in the summer .
2026-05-28 10:35:14,977 - INFO - joeynmt.training - Example #4
2026-05-28 10:35:14,977 - DEBUG - joeynmt.training - 	Tokenized source:     ['De', 'volgende', 'dia', 'die', 'ik', 'laat', 'zien', 'is', 'een', 'vers@@', 'n@@', 'elde', 'ver@@', 'sie', 'van', 'wat', 'er', 'de', 'afgelopen', '25', 'jaar', 'is', 'gebeurd', '.']
2026-05-28 10:35:14,977 - DEBUG - joeynmt.training - 	Tokenized reference:  ['The', 'next', 'sli@@', 'de', 'I', 'show', 'you', 'will', 'be', 'a', 'r@@', 'ap@@', 'id', 'fa@@', 'st-@@', 'forward', 'of', 'what', '&apos;s', 'happened', 'over', 'the', 'last', '25', 'years', '.']
2026-05-28 10:35:14,977 - DEBUG - joeynmt.training - 	Tokenized hypothesis: ['The', 'next', 'sli@@', 'de', 'I', '&apos;m', 'sho@@', 'wing', 'is', 'a', 'ac@@', 'cel@@', 'er@@', 'ated', 'ver@@', 'sion', 'of', 'what', 'happened', 'over', 'the', 'last', '25', 'years', '.', '</s>']
2026-05-28 10:35:14,977 - INFO - joeynmt.training - 	Source:     De volgende dia die ik laat zien is een versnelde versie van wat er de afgelopen 25 jaar is gebeurd .
2026-05-28 10:35:14,977 - INFO - joeynmt.training - 	Reference:  The next slide I show you will be a rapid fast-forward of what &apos;s happened over the last 25 years .
2026-05-28 10:35:14,977 - INFO - joeynmt.training - 	Hypothesis: The next slide I &apos;m showing is a accelerated version of what happened over the last 25 years .
2026-05-28 10:35:35,953 - INFO - joeynmt.training - Epoch   9, Step:    31100, Batch Loss:     1.549893, Batch Acc: 0.636268, Tokens per Sec:     3583, Lr: 0.000300
2026-05-28 10:35:57,058 - INFO - joeynmt.training - Epoch   9, Step:    31200, Batch Loss:     1.396695, Batch Acc: 0.634678, Tokens per Sec:     3475, Lr: 0.000300
2026-05-28 10:36:18,144 - INFO - joeynmt.training - Epoch   9, Step:    31300, Batch Loss:     1.377408, Batch Acc: 0.630872, Tokens per Sec:     3479, Lr: 0.000300
2026-05-28 10:36:38,685 - INFO - joeynmt.training - Epoch   9, Step:    31400, Batch Loss:     1.351983, Batch Acc: 0.630981, Tokens per Sec:     3641, Lr: 0.000300
2026-05-28 10:36:59,765 - INFO - joeynmt.training - Epoch   9, Step:    31500, Batch Loss:     1.309846, Batch Acc: 0.632457, Tokens per Sec:     3641, Lr: 0.000300
2026-05-28 10:36:59,766 - WARNING - joeynmt.helpers - `alpha` option is obsolete. Please use `beam_alpha`, instead.
2026-05-28 10:36:59,766 - INFO - joeynmt.prediction - Predicting 1003 example(s)... (Greedy decoding with min_output_length=1, max_output_length=-1, return_prob='none', generate_unk=True, repetition_penalty=-1, no_repeat_ngram_size=-1)
2026-05-28 10:37:41,925 - INFO - joeynmt.prediction - Evaluation result (greedy) loss:   1.79, ppl:   6.01, acc:   0.52, generation: 42.1437[sec], evaluation: 0.0000[sec]
2026-05-28 10:37:41,928 - INFO - joeynmt.training - Hooray! New best validation result [ppl]!
2026-05-28 10:37:42,124 - INFO - joeynmt.helpers - delete models/tf_bpe_4000_nl_en/29500.ckpt
2026-05-28 10:37:42,129 - INFO - joeynmt.training - Example #0
2026-05-28 10:37:42,129 - DEBUG - joeynmt.training - 	Tokenized source:     ['V@@', 'or@@', 'ig', 'jaar', 'liet', 'ik', 'deze', 'twee', 'dia', '&apos;', 's', 'zien', 'om', 'aan', 'te', 'tonen', 'dat', 'de', 'p@@', 'oo@@', 'lij@@', 'sk@@', 'a@@', 'p', ',', 'die', 'de', 'afgelopen', 'drie', 'miljoen', 'jaar', 'ongeveer', 'de', 'groot@@', 'te', 'had', 'van', 'het', 'va@@', 'stel@@', 'and', 'van', 'de', 'VS', ',', 'met', '40', '%', 'ge@@', 'k@@', 'rom@@', 'pen', 'was', '.']
2026-05-28 10:37:42,129 - DEBUG - joeynmt.training - 	Tokenized reference:  ['La@@', 'st', 'year', 'I', 'sho@@', 'wed', 'these', 'two', 'sli@@', 'des', 'so', 'that', 'de@@', 'mon@@', 'str@@', 'ate', 'that', 'the', 'ar@@', 'c@@', 'tic', 'ice', 'ca@@', 'p', ',', 'which', 'for', 'most', 'of', 'the', 'last', 'three', 'million', 'years', 'has', 'been', 'the', 'size', 'of', 'the', 'lo@@', 'wer', '4@@', '8', 'st@@', 'ates', ',', 'has', 'sh@@', 'run@@', 'k', 'by', '40', 'percent', '.']
2026-05-28 10:37:42,129 - DEBUG - joeynmt.training - 	Tokenized hypothesis: ['La@@', 'st', 'year', ',', 'I', 'sho@@', 'wed', 'these', 'two', 'sli@@', 'des', 'to', 'show', 'that', 'the', 'p@@', 'oo@@', 'li@@', 'sk@@', 'p', ',', 'which', 'was', 'about', 'the', 'p@@', 'oo@@', 'li@@', 'sk@@', 'p', ',', 'which', 'was', 'about', '40', 'million', 'years', 'of', 'the', 'va@@', 'gina', 'of', 'the', 'United', 'States', ',', 'with', '40', 'percent', 'of', 'cra@@', 'w@@', 'l', '.', '</s>']
2026-05-28 10:37:42,130 - INFO - joeynmt.training - 	Source:     Vorig jaar liet ik deze twee dia &apos; s zien om aan te tonen dat de poolijskap , die de afgelopen drie miljoen jaar ongeveer de grootte had van het vasteland van de VS , met 40 % gekrompen was .
2026-05-28 10:37:42,130 - INFO - joeynmt.training - 	Reference:  Last year I showed these two slides so that demonstrate that the arctic ice cap , which for most of the last three million years has been the size of the lower 48 states , has shrunk by 40 percent .
2026-05-28 10:37:42,130 - INFO - joeynmt.training - 	Hypothesis: Last year , I showed these two slides to show that the pooliskp , which was about the pooliskp , which was about 40 million years of the vagina of the United States , with 40 percent of crawl .
2026-05-28 10:37:42,130 - INFO - joeynmt.training - Example #1
2026-05-28 10:37:42,130 - DEBUG - joeynmt.training - 	Tokenized source:     ['Maar', 'dit', 'onder@@', 'sch@@', 'at', 'eigenlijk', 'de', 'er@@', 'n@@', 'st', 'van', 'dit', 'specif@@', 'ieke', 'probleem', 'omdat', 'het', 'niet', 'de', 'di@@', 'kte', 'van', 'het', 'ij@@', 's', 'laat', 'zien', '.']
2026-05-28 10:37:42,130 - DEBUG - joeynmt.training - 	Tokenized reference:  ['But', 'this', 'under@@', 'st@@', 'ates', 'the', 'ser@@', 'i@@', 'ous@@', 'ness', 'of', 'this', 'particular', 'problem', 'because', 'it', 'doesn', '&apos;t', 'show', 'the', 'th@@', 'ick@@', 'ness', 'of', 'the', 'ice', '.']
2026-05-28 10:37:42,130 - DEBUG - joeynmt.training - 	Tokenized hypothesis: ['But', 'this', 'is', 'actually', 'the', 'most', 'of', 'the', 'most', 'of', 'this', 'particular', 'problem', 'because', 'it', 'doesn', '&apos;t', 'show', 'the', 'di@@', 'stri@@', 'bu@@', 'ted', 'of', 'the', 'ice', '.', '</s>']
2026-05-28 10:37:42,130 - INFO - joeynmt.training - 	Source:     Maar dit onderschat eigenlijk de ernst van dit specifieke probleem omdat het niet de dikte van het ijs laat zien .
2026-05-28 10:37:42,130 - INFO - joeynmt.training - 	Reference:  But this understates the seriousness of this particular problem because it doesn &apos;t show the thickness of the ice .
2026-05-28 10:37:42,131 - INFO - joeynmt.training - 	Hypothesis: But this is actually the most of the most of this particular problem because it doesn &apos;t show the distributed of the ice .
2026-05-28 10:37:42,131 - INFO - joeynmt.training - Example #2
2026-05-28 10:37:42,131 - DEBUG - joeynmt.training - 	Tokenized source:     ['De', 'ij@@', 'sk@@', 'a@@', 'p', 'op', 'de', 'N@@', 'oor@@', 'd@@', 'p@@', 'ool', 'is', 'in', 'ze@@', 'kere', 'zin', 'het', 'kl@@', 'op@@', 'p@@', 'end', 'har@@', 't', 'van', 'ons', 'glob@@', 'aal', 'kli@@', 'maat@@', 'systeem', '.']
2026-05-28 10:37:42,131 - DEBUG - joeynmt.training - 	Tokenized reference:  ['The', 'ar@@', 'c@@', 'tic', 'ice', 'ca@@', 'p', 'is', ',', 'in', 'a', 'sense', ',', 'the', 'be@@', 'ating', 'heart', 'of', 'the', 'global', 'climate', 'system', '.']
2026-05-28 10:37:42,131 - DEBUG - joeynmt.training - 	Tokenized hypothesis: ['The', 'ice', 'sk@@', 'a@@', 'p', 'on', 'the', 'Nor@@', 'th', 'P@@', 'ole', 'is', 'in', 'a', 'sense', ',', 'the', 'cli@@', 'p', 'of', 'our', 'global', 'climate', 'system', '.', '</s>']
2026-05-28 10:37:42,131 - INFO - joeynmt.training - 	Source:     De ijskap op de Noordpool is in zekere zin het kloppend hart van ons globaal klimaatsysteem .
2026-05-28 10:37:42,131 - INFO - joeynmt.training - 	Reference:  The arctic ice cap is , in a sense , the beating heart of the global climate system .
2026-05-28 10:37:42,131 - INFO - joeynmt.training - 	Hypothesis: The ice skap on the North Pole is in a sense , the clip of our global climate system .
2026-05-28 10:37:42,131 - INFO - joeynmt.training - Example #3
2026-05-28 10:37:42,131 - DEBUG - joeynmt.training - 	Tokenized source:     ['Het', 'zet', 'uit', 'in', 'de', 'win@@', 'ter', 'en', 'k@@', 'ri@@', 'mp@@', 't', 'in', 'de', 'z@@', 'om@@', 'er', '.']
2026-05-28 10:37:42,131 - DEBUG - joeynmt.training - 	Tokenized reference:  ['It', 'exp@@', 'ands', 'in', 'win@@', 'ter', 'and', 'con@@', 'trac@@', 'ts', 'in', 'su@@', 'mmer', '.']
2026-05-28 10:37:42,131 - DEBUG - joeynmt.training - 	Tokenized hypothesis: ['It', '&apos;s', 'going', 'to', 'put', 'out', 'in', 'the', 'win@@', 'ter', 'and', 'k@@', 'ri@@', 'mp@@', 's', 'in', 'the', 'su@@', 'mmer', '.', '</s>']
2026-05-28 10:37:42,132 - INFO - joeynmt.training - 	Source:     Het zet uit in de winter en krimpt in de zomer .
2026-05-28 10:37:42,132 - INFO - joeynmt.training - 	Reference:  It expands in winter and contracts in summer .
2026-05-28 10:37:42,132 - INFO - joeynmt.training - 	Hypothesis: It &apos;s going to put out in the winter and krimps in the summer .
2026-05-28 10:37:42,132 - INFO - joeynmt.training - Example #4
2026-05-28 10:37:42,132 - DEBUG - joeynmt.training - 	Tokenized source:     ['De', 'volgende', 'dia', 'die', 'ik', 'laat', 'zien', 'is', 'een', 'vers@@', 'n@@', 'elde', 'ver@@', 'sie', 'van', 'wat', 'er', 'de', 'afgelopen', '25', 'jaar', 'is', 'gebeurd', '.']
2026-05-28 10:37:42,132 - DEBUG - joeynmt.training - 	Tokenized reference:  ['The', 'next', 'sli@@', 'de', 'I', 'show', 'you', 'will', 'be', 'a', 'r@@', 'ap@@', 'id', 'fa@@', 'st-@@', 'forward', 'of', 'what', '&apos;s', 'happened', 'over', 'the', 'last', '25', 'years', '.']
2026-05-28 10:37:42,132 - DEBUG - joeynmt.training - 	Tokenized hypothesis: ['The', 'next', 'sli@@', 'de', 'I', 'show', 'you', 'is', 'a', 'ac@@', 'dic@@', 'ated', 'ver@@', 'sion', 'of', 'what', '&apos;s', 'happened', 'over', 'the', 'last', '25', 'years', '.', '</s>']
2026-05-28 10:37:42,132 - INFO - joeynmt.training - 	Source:     De volgende dia die ik laat zien is een versnelde versie van wat er de afgelopen 25 jaar is gebeurd .
2026-05-28 10:37:42,132 - INFO - joeynmt.training - 	Reference:  The next slide I show you will be a rapid fast-forward of what &apos;s happened over the last 25 years .
2026-05-28 10:37:42,132 - INFO - joeynmt.training - 	Hypothesis: The next slide I show you is a acdicated version of what &apos;s happened over the last 25 years .
2026-05-28 10:37:42,726 - INFO - joeynmt.training - Epoch   9: total training loss 4535.70
2026-05-28 10:37:42,727 - INFO - joeynmt.training - EPOCH 10
2026-05-28 10:38:03,164 - INFO - joeynmt.training - Epoch  10, Step:    31600, Batch Loss:     1.164444, Batch Acc: 0.659317, Tokens per Sec:     3577, Lr: 0.000300
2026-05-28 10:38:23,372 - INFO - joeynmt.training - Epoch  10, Step:    31700, Batch Loss:     1.236589, Batch Acc: 0.658478, Tokens per Sec:     3691, Lr: 0.000300
2026-05-28 10:38:45,728 - INFO - joeynmt.training - Epoch  10, Step:    31800, Batch Loss:     1.240432, Batch Acc: 0.652593, Tokens per Sec:     3298, Lr: 0.000300
2026-05-28 10:39:05,942 - INFO - joeynmt.training - Epoch  10, Step:    31900, Batch Loss:     1.131109, Batch Acc: 0.657289, Tokens per Sec:     3661, Lr: 0.000300
2026-05-28 10:39:28,981 - INFO - joeynmt.training - Epoch  10, Step:    32000, Batch Loss:     1.180398, Batch Acc: 0.650952, Tokens per Sec:     3292, Lr: 0.000300
2026-05-28 10:39:28,982 - WARNING - joeynmt.helpers - `alpha` option is obsolete. Please use `beam_alpha`, instead.
2026-05-28 10:39:28,982 - INFO - joeynmt.prediction - Predicting 1003 example(s)... (Greedy decoding with min_output_length=1, max_output_length=-1, return_prob='none', generate_unk=True, repetition_penalty=-1, no_repeat_ngram_size=-1)
2026-05-28 10:40:26,399 - INFO - joeynmt.prediction - Evaluation result (greedy) loss:   1.81, ppl:   6.10, acc:   0.52, generation: 57.3982[sec], evaluation: 0.0000[sec]
2026-05-28 10:40:26,403 - INFO - joeynmt.training - Example #0
2026-05-28 10:40:26,403 - DEBUG - joeynmt.training - 	Tokenized source:     ['V@@', 'or@@', 'ig', 'jaar', 'liet', 'ik', 'deze', 'twee', 'dia', '&apos;', 's', 'zien', 'om', 'aan', 'te', 'tonen', 'dat', 'de', 'p@@', 'oo@@', 'lij@@', 'sk@@', 'a@@', 'p', ',', 'die', 'de', 'afgelopen', 'drie', 'miljoen', 'jaar', 'ongeveer', 'de', 'groot@@', 'te', 'had', 'van', 'het', 'va@@', 'stel@@', 'and', 'van', 'de', 'VS', ',', 'met', '40', '%', 'ge@@', 'k@@', 'rom@@', 'pen', 'was', '.']
2026-05-28 10:40:26,403 - DEBUG - joeynmt.training - 	Tokenized reference:  ['La@@', 'st', 'year', 'I', 'sho@@', 'wed', 'these', 'two', 'sli@@', 'des', 'so', 'that', 'de@@', 'mon@@', 'str@@', 'ate', 'that', 'the', 'ar@@', 'c@@', 'tic', 'ice', 'ca@@', 'p', ',', 'which', 'for', 'most', 'of', 'the', 'last', 'three', 'million', 'years', 'has', 'been', 'the', 'size', 'of', 'the', 'lo@@', 'wer', '4@@', '8', 'st@@', 'ates', ',', 'has', 'sh@@', 'run@@', 'k', 'by', '40', 'percent', '.']
2026-05-28 10:40:26,403 - DEBUG - joeynmt.training - 	Tokenized hypothesis: ['And', 'last', 'year', ',', 'I', 'sho@@', 'wed', 'these', 'two', 'sli@@', 'des', 'to', 'show', 'that', 'the', 'p@@', 'oo@@', 'li@@', 'sk@@', 'p', ',', 'who', 'had', 'about', 'the', 'p@@', 'oo@@', 'li@@', 'sk@@', 'p', ',', 'who', 'had', 'about', 'the', 'last', 'three', 'million', 'years', 'of', 'the', 'va@@', 'gu@@', 'e', 'of', 'the', 'United', 'States', ',', 'with', '40', 'percent', 'of', 'the', 'U@@', 'p@@', 'e', '.', '</s>']
2026-05-28 10:40:26,404 - INFO - joeynmt.training - 	Source:     Vorig jaar liet ik deze twee dia &apos; s zien om aan te tonen dat de poolijskap , die de afgelopen drie miljoen jaar ongeveer de grootte had van het vasteland van de VS , met 40 % gekrompen was .
2026-05-28 10:40:26,404 - INFO - joeynmt.training - 	Reference:  Last year I showed these two slides so that demonstrate that the arctic ice cap , which for most of the last three million years has been the size of the lower 48 states , has shrunk by 40 percent .
2026-05-28 10:40:26,405 - INFO - joeynmt.training - 	Hypothesis: And last year , I showed these two slides to show that the pooliskp , who had about the pooliskp , who had about the last three million years of the vague of the United States , with 40 percent of the Upe .
2026-05-28 10:40:26,405 - INFO - joeynmt.training - Example #1
2026-05-28 10:40:26,405 - DEBUG - joeynmt.training - 	Tokenized source:     ['Maar', 'dit', 'onder@@', 'sch@@', 'at', 'eigenlijk', 'de', 'er@@', 'n@@', 'st', 'van', 'dit', 'specif@@', 'ieke', 'probleem', 'omdat', 'het', 'niet', 'de', 'di@@', 'kte', 'van', 'het', 'ij@@', 's', 'laat', 'zien', '.']
2026-05-28 10:40:26,405 - DEBUG - joeynmt.training - 	Tokenized reference:  ['But', 'this', 'under@@', 'st@@', 'ates', 'the', 'ser@@', 'i@@', 'ous@@', 'ness', 'of', 'this', 'particular', 'problem', 'because', 'it', 'doesn', '&apos;t', 'show', 'the', 'th@@', 'ick@@', 'ness', 'of', 'the', 'ice', '.']
2026-05-28 10:40:26,405 - DEBUG - joeynmt.training - 	Tokenized hypothesis: ['But', 'this', 'under@@', 'est@@', 'im@@', 'ates', 'the', 'ser@@', 'ies', 'of', 'this', 'particular', 'problem', 'because', 'it', 'doesn', '&apos;t', 'show', 'the', 'di@@', 'sa@@', 'd@@', 'ings', 'of', 'the', 'ice', '.', '</s>']
2026-05-28 10:40:26,405 - INFO - joeynmt.training - 	Source:     Maar dit onderschat eigenlijk de ernst van dit specifieke probleem omdat het niet de dikte van het ijs laat zien .
2026-05-28 10:40:26,405 - INFO - joeynmt.training - 	Reference:  But this understates the seriousness of this particular problem because it doesn &apos;t show the thickness of the ice .
2026-05-28 10:40:26,405 - INFO - joeynmt.training - 	Hypothesis: But this underestimates the series of this particular problem because it doesn &apos;t show the disadings of the ice .
2026-05-28 10:40:26,405 - INFO - joeynmt.training - Example #2
2026-05-28 10:40:26,406 - DEBUG - joeynmt.training - 	Tokenized source:     ['De', 'ij@@', 'sk@@', 'a@@', 'p', 'op', 'de', 'N@@', 'oor@@', 'd@@', 'p@@', 'ool', 'is', 'in', 'ze@@', 'kere', 'zin', 'het', 'kl@@', 'op@@', 'p@@', 'end', 'har@@', 't', 'van', 'ons', 'glob@@', 'aal', 'kli@@', 'maat@@', 'systeem', '.']
2026-05-28 10:40:26,406 - DEBUG - joeynmt.training - 	Tokenized reference:  ['The', 'ar@@', 'c@@', 'tic', 'ice', 'ca@@', 'p', 'is', ',', 'in', 'a', 'sense', ',', 'the', 'be@@', 'ating', 'heart', 'of', 'the', 'global', 'climate', 'system', '.']
2026-05-28 10:40:26,406 - DEBUG - joeynmt.training - 	Tokenized hypothesis: ['The', 'ice', 'sk@@', 'a@@', 'p', 'on', 'the', 'Nor@@', 'th', 'P@@', 'ole', 'is', 'in', 'a', 'sense', ',', 'the', 'tr@@', 'ou@@', 'ble', 'of', 'our', 'global', 'climate', 'system', '.', '</s>']
2026-05-28 10:40:26,406 - INFO - joeynmt.training - 	Source:     De ijskap op de Noordpool is in zekere zin het kloppend hart van ons globaal klimaatsysteem .
2026-05-28 10:40:26,406 - INFO - joeynmt.training - 	Reference:  The arctic ice cap is , in a sense , the beating heart of the global climate system .
2026-05-28 10:40:26,406 - INFO - joeynmt.training - 	Hypothesis: The ice skap on the North Pole is in a sense , the trouble of our global climate system .
2026-05-28 10:40:26,406 - INFO - joeynmt.training - Example #3
2026-05-28 10:40:26,406 - DEBUG - joeynmt.training - 	Tokenized source:     ['Het', 'zet', 'uit', 'in', 'de', 'win@@', 'ter', 'en', 'k@@', 'ri@@', 'mp@@', 't', 'in', 'de', 'z@@', 'om@@', 'er', '.']
2026-05-28 10:40:26,406 - DEBUG - joeynmt.training - 	Tokenized reference:  ['It', 'exp@@', 'ands', 'in', 'win@@', 'ter', 'and', 'con@@', 'trac@@', 'ts', 'in', 'su@@', 'mmer', '.']
2026-05-28 10:40:26,406 - DEBUG - joeynmt.training - 	Tokenized hypothesis: ['It', '&apos;s', 'in', 'the', 'win@@', 'ter', 'and', 'k@@', 'ri@@', 'mp@@', 's', 'in', 'the', 'su@@', 'mmer', '.', '</s>']
2026-05-28 10:40:26,407 - INFO - joeynmt.training - 	Source:     Het zet uit in de winter en krimpt in de zomer .
2026-05-28 10:40:26,407 - INFO - joeynmt.training - 	Reference:  It expands in winter and contracts in summer .
2026-05-28 10:40:26,407 - INFO - joeynmt.training - 	Hypothesis: It &apos;s in the winter and krimps in the summer .
2026-05-28 10:40:26,407 - INFO - joeynmt.training - Example #4
2026-05-28 10:40:26,407 - DEBUG - joeynmt.training - 	Tokenized source:     ['De', 'volgende', 'dia', 'die', 'ik', 'laat', 'zien', 'is', 'een', 'vers@@', 'n@@', 'elde', 'ver@@', 'sie', 'van', 'wat', 'er', 'de', 'afgelopen', '25', 'jaar', 'is', 'gebeurd', '.']
2026-05-28 10:40:26,407 - DEBUG - joeynmt.training - 	Tokenized reference:  ['The', 'next', 'sli@@', 'de', 'I', 'show', 'you', 'will', 'be', 'a', 'r@@', 'ap@@', 'id', 'fa@@', 'st-@@', 'forward', 'of', 'what', '&apos;s', 'happened', 'over', 'the', 'last', '25', 'years', '.']
2026-05-28 10:40:26,407 - DEBUG - joeynmt.training - 	Tokenized hypothesis: ['The', 'next', 'sli@@', 'de', 'I', '&apos;m', 'sho@@', 'wing', 'is', 'a', 'ac@@', 'cel@@', 'er@@', 'ated', 'ver@@', 'sion', 'of', 'what', 'happened', 'the', 'last', '25', 'years', '.', '</s>']
2026-05-28 10:40:26,407 - INFO - joeynmt.training - 	Source:     De volgende dia die ik laat zien is een versnelde versie van wat er de afgelopen 25 jaar is gebeurd .
2026-05-28 10:40:26,407 - INFO - joeynmt.training - 	Reference:  The next slide I show you will be a rapid fast-forward of what &apos;s happened over the last 25 years .
2026-05-28 10:40:26,408 - INFO - joeynmt.training - 	Hypothesis: The next slide I &apos;m showing is a accelerated version of what happened the last 25 years .
2026-05-28 10:40:47,867 - INFO - joeynmt.training - Epoch  10, Step:    32100, Batch Loss:     1.350054, Batch Acc: 0.652492, Tokens per Sec:     3481, Lr: 0.000300
2026-05-28 10:41:12,316 - INFO - joeynmt.training - Epoch  10, Step:    32200, Batch Loss:     1.189357, Batch Acc: 0.651241, Tokens per Sec:     2999, Lr: 0.000300
2026-05-28 10:41:36,436 - INFO - joeynmt.training - Epoch  10, Step:    32300, Batch Loss:     1.116140, Batch Acc: 0.651810, Tokens per Sec:     3110, Lr: 0.000300
2026-05-28 10:41:57,443 - INFO - joeynmt.training - Epoch  10, Step:    32400, Batch Loss:     1.326705, Batch Acc: 0.645177, Tokens per Sec:     3514, Lr: 0.000300
2026-05-28 10:42:18,471 - INFO - joeynmt.training - Epoch  10, Step:    32500, Batch Loss:     1.269701, Batch Acc: 0.649018, Tokens per Sec:     3568, Lr: 0.000300
2026-05-28 10:42:18,472 - WARNING - joeynmt.helpers - `alpha` option is obsolete. Please use `beam_alpha`, instead.
2026-05-28 10:42:18,473 - INFO - joeynmt.prediction - Predicting 1003 example(s)... (Greedy decoding with min_output_length=1, max_output_length=-1, return_prob='none', generate_unk=True, repetition_penalty=-1, no_repeat_ngram_size=-1)
2026-05-28 10:43:05,075 - INFO - joeynmt.prediction - Evaluation result (greedy) loss:   1.81, ppl:   6.10, acc:   0.52, generation: 46.5841[sec], evaluation: 0.0000[sec]
2026-05-28 10:43:05,080 - INFO - joeynmt.training - Example #0
2026-05-28 10:43:05,080 - DEBUG - joeynmt.training - 	Tokenized source:     ['V@@', 'or@@', 'ig', 'jaar', 'liet', 'ik', 'deze', 'twee', 'dia', '&apos;', 's', 'zien', 'om', 'aan', 'te', 'tonen', 'dat', 'de', 'p@@', 'oo@@', 'lij@@', 'sk@@', 'a@@', 'p', ',', 'die', 'de', 'afgelopen', 'drie', 'miljoen', 'jaar', 'ongeveer', 'de', 'groot@@', 'te', 'had', 'van', 'het', 'va@@', 'stel@@', 'and', 'van', 'de', 'VS', ',', 'met', '40', '%', 'ge@@', 'k@@', 'rom@@', 'pen', 'was', '.']
2026-05-28 10:43:05,080 - DEBUG - joeynmt.training - 	Tokenized reference:  ['La@@', 'st', 'year', 'I', 'sho@@', 'wed', 'these', 'two', 'sli@@', 'des', 'so', 'that', 'de@@', 'mon@@', 'str@@', 'ate', 'that', 'the', 'ar@@', 'c@@', 'tic', 'ice', 'ca@@', 'p', ',', 'which', 'for', 'most', 'of', 'the', 'last', 'three', 'million', 'years', 'has', 'been', 'the', 'size', 'of', 'the', 'lo@@', 'wer', '4@@', '8', 'st@@', 'ates', ',', 'has', 'sh@@', 'run@@', 'k', 'by', '40', 'percent', '.']
2026-05-28 10:43:05,080 - DEBUG - joeynmt.training - 	Tokenized hypothesis: ['And', 'so', ',', 'I', 'sho@@', 'wed', 'these', 'two', 'sli@@', 'des', 'to', 'show', 'that', 'the', 'p@@', 'oo@@', 'l@@', 'sk@@', 'a@@', 'p', ',', 'who', 'had', 'about', 'the', 'last', 'three', 'million', 'years', 'of', 'the', 'va@@', 'gu@@', 'e', 'of', 'the', 'va@@', 'gu@@', 'e', 'of', 'the', 'U@@', 'S', ',', 'with', '40', 'percent', 'of', 'the', 'U@@', 'S', ',', 'with', '40', 'percent', 'of', 'the', 'U@@', 'S', ',', 'with', '40', 'percent', 'of', 'the', 'U@@', 'S', ',', 'with', '40', 'percent', 'of', 'the', 'U@@', 'S', ',', 'with', '40', 'percent', 'of', 'the', 'U@@', 'S', ',', 'with', '40', 'percent', 'of', 'the', 'va@@', 'il@@', 'able', 'of']
2026-05-28 10:43:05,081 - INFO - joeynmt.training - 	Source:     Vorig jaar liet ik deze twee dia &apos; s zien om aan te tonen dat de poolijskap , die de afgelopen drie miljoen jaar ongeveer de grootte had van het vasteland van de VS , met 40 % gekrompen was .
2026-05-28 10:43:05,081 - INFO - joeynmt.training - 	Reference:  Last year I showed these two slides so that demonstrate that the arctic ice cap , which for most of the last three million years has been the size of the lower 48 states , has shrunk by 40 percent .
2026-05-28 10:43:05,081 - INFO - joeynmt.training - 	Hypothesis: And so , I showed these two slides to show that the poolskap , who had about the last three million years of the vague of the vague of the US , with 40 percent of the US , with 40 percent of the US , with 40 percent of the US , with 40 percent of the US , with 40 percent of the US , with 40 percent of the vailable of
2026-05-28 10:43:05,081 - INFO - joeynmt.training - Example #1
2026-05-28 10:43:05,081 - DEBUG - joeynmt.training - 	Tokenized source:     ['Maar', 'dit', 'onder@@', 'sch@@', 'at', 'eigenlijk', 'de', 'er@@', 'n@@', 'st', 'van', 'dit', 'specif@@', 'ieke', 'probleem', 'omdat', 'het', 'niet', 'de', 'di@@', 'kte', 'van', 'het', 'ij@@', 's', 'laat', 'zien', '.']
2026-05-28 10:43:05,082 - DEBUG - joeynmt.training - 	Tokenized reference:  ['But', 'this', 'under@@', 'st@@', 'ates', 'the', 'ser@@', 'i@@', 'ous@@', 'ness', 'of', 'this', 'particular', 'problem', 'because', 'it', 'doesn', '&apos;t', 'show', 'the', 'th@@', 'ick@@', 'ness', 'of', 'the', 'ice', '.']
2026-05-28 10:43:05,082 - DEBUG - joeynmt.training - 	Tokenized hypothesis: ['But', 'this', 'under@@', 'est@@', 'im@@', 'ated', 'the', 'ser@@', 'ies', 'of', 'this', 'particular', 'problem', 'because', 'it', 'doesn', '&apos;t', 'show', 'the', 'di@@', 'f@@', 'ied', 'of', 'the', 'ice', '.', '</s>']
2026-05-28 10:43:05,082 - INFO - joeynmt.training - 	Source:     Maar dit onderschat eigenlijk de ernst van dit specifieke probleem omdat het niet de dikte van het ijs laat zien .
2026-05-28 10:43:05,082 - INFO - joeynmt.training - 	Reference:  But this understates the seriousness of this particular problem because it doesn &apos;t show the thickness of the ice .
2026-05-28 10:43:05,082 - INFO - joeynmt.training - 	Hypothesis: But this underestimated the series of this particular problem because it doesn &apos;t show the dified of the ice .
2026-05-28 10:43:05,083 - INFO - joeynmt.training - Example #2
2026-05-28 10:43:05,083 - DEBUG - joeynmt.training - 	Tokenized source:     ['De', 'ij@@', 'sk@@', 'a@@', 'p', 'op', 'de', 'N@@', 'oor@@', 'd@@', 'p@@', 'ool', 'is', 'in', 'ze@@', 'kere', 'zin', 'het', 'kl@@', 'op@@', 'p@@', 'end', 'har@@', 't', 'van', 'ons', 'glob@@', 'aal', 'kli@@', 'maat@@', 'systeem', '.']
2026-05-28 10:43:05,083 - DEBUG - joeynmt.training - 	Tokenized reference:  ['The', 'ar@@', 'c@@', 'tic', 'ice', 'ca@@', 'p', 'is', ',', 'in', 'a', 'sense', ',', 'the', 'be@@', 'ating', 'heart', 'of', 'the', 'global', 'climate', 'system', '.']
2026-05-28 10:43:05,083 - DEBUG - joeynmt.training - 	Tokenized hypothesis: ['The', 'ir@@', 'st', 'of', 'the', 'Nor@@', 'th', 'P@@', 'ole', 'is', 'in', 'a', 'certain', 'sense', ',', 'the', 'cli@@', 'p', 'of', 'our', 'global', 'climate', 'system', '.', '</s>']
2026-05-28 10:43:05,083 - INFO - joeynmt.training - 	Source:     De ijskap op de Noordpool is in zekere zin het kloppend hart van ons globaal klimaatsysteem .
2026-05-28 10:43:05,083 - INFO - joeynmt.training - 	Reference:  The arctic ice cap is , in a sense , the beating heart of the global climate system .
2026-05-28 10:43:05,083 - INFO - joeynmt.training - 	Hypothesis: The irst of the North Pole is in a certain sense , the clip of our global climate system .
2026-05-28 10:43:05,083 - INFO - joeynmt.training - Example #3
2026-05-28 10:43:05,084 - DEBUG - joeynmt.training - 	Tokenized source:     ['Het', 'zet', 'uit', 'in', 'de', 'win@@', 'ter', 'en', 'k@@', 'ri@@', 'mp@@', 't', 'in', 'de', 'z@@', 'om@@', 'er', '.']
2026-05-28 10:43:05,084 - DEBUG - joeynmt.training - 	Tokenized reference:  ['It', 'exp@@', 'ands', 'in', 'win@@', 'ter', 'and', 'con@@', 'trac@@', 'ts', 'in', 'su@@', 'mmer', '.']
2026-05-28 10:43:05,084 - DEBUG - joeynmt.training - 	Tokenized hypothesis: ['It', '&apos;s', 'kind', 'of', 'p@@', 'in@@', 'k', 'in', 'the', 'win@@', 'ter', 'and', 'k@@', 'ri@@', 'mp@@', 's', 'in', 'the', 'su@@', 'mmer', '.', '</s>']
2026-05-28 10:43:05,084 - INFO - joeynmt.training - 	Source:     Het zet uit in de winter en krimpt in de zomer .
2026-05-28 10:43:05,084 - INFO - joeynmt.training - 	Reference:  It expands in winter and contracts in summer .
2026-05-28 10:43:05,084 - INFO - joeynmt.training - 	Hypothesis: It &apos;s kind of pink in the winter and krimps in the summer .
2026-05-28 10:43:05,085 - INFO - joeynmt.training - Example #4
2026-05-28 10:43:05,085 - DEBUG - joeynmt.training - 	Tokenized source:     ['De', 'volgende', 'dia', 'die', 'ik', 'laat', 'zien', 'is', 'een', 'vers@@', 'n@@', 'elde', 'ver@@', 'sie', 'van', 'wat', 'er', 'de', 'afgelopen', '25', 'jaar', 'is', 'gebeurd', '.']
2026-05-28 10:43:05,085 - DEBUG - joeynmt.training - 	Tokenized reference:  ['The', 'next', 'sli@@', 'de', 'I', 'show', 'you', 'will', 'be', 'a', 'r@@', 'ap@@', 'id', 'fa@@', 'st-@@', 'forward', 'of', 'what', '&apos;s', 'happened', 'over', 'the', 'last', '25', 'years', '.']
2026-05-28 10:43:05,085 - DEBUG - joeynmt.training - 	Tokenized hypothesis: ['The', 'next', 'sli@@', 'de', 'I', '&apos;m', 'sho@@', 'wing', 'is', 'a', 'ac@@', 'dic@@', 'ated', 'ver@@', 'sion', 'of', 'what', 'has', 'happened', 'over', 'the', 'last', '25', 'years', '.', '</s>']
2026-05-28 10:43:05,085 - INFO - joeynmt.training - 	Source:     De volgende dia die ik laat zien is een versnelde versie van wat er de afgelopen 25 jaar is gebeurd .
2026-05-28 10:43:05,085 - INFO - joeynmt.training - 	Reference:  The next slide I show you will be a rapid fast-forward of what &apos;s happened over the last 25 years .
2026-05-28 10:43:05,085 - INFO - joeynmt.training - 	Hypothesis: The next slide I &apos;m showing is a acdicated version of what has happened over the last 25 years .
2026-05-28 10:43:32,337 - INFO - joeynmt.training - Epoch  10, Step:    32600, Batch Loss:     1.190313, Batch Acc: 0.644319, Tokens per Sec:     2721, Lr: 0.000300
2026-05-28 10:43:55,979 - INFO - joeynmt.training - Epoch  10, Step:    32700, Batch Loss:     1.247755, Batch Acc: 0.640539, Tokens per Sec:     3079, Lr: 0.000300
2026-05-28 10:44:16,886 - INFO - joeynmt.training - Epoch  10, Step:    32800, Batch Loss:     1.152591, Batch Acc: 0.647294, Tokens per Sec:     3449, Lr: 0.000300
2026-05-28 10:44:41,207 - INFO - joeynmt.training - Epoch  10, Step:    32900, Batch Loss:     1.285770, Batch Acc: 0.647950, Tokens per Sec:     3082, Lr: 0.000300
2026-05-28 10:45:04,389 - INFO - joeynmt.training - Epoch  10, Step:    33000, Batch Loss:     1.308672, Batch Acc: 0.647236, Tokens per Sec:     3284, Lr: 0.000300
2026-05-28 10:45:04,390 - WARNING - joeynmt.helpers - `alpha` option is obsolete. Please use `beam_alpha`, instead.
2026-05-28 10:45:04,390 - INFO - joeynmt.prediction - Predicting 1003 example(s)... (Greedy decoding with min_output_length=1, max_output_length=-1, return_prob='none', generate_unk=True, repetition_penalty=-1, no_repeat_ngram_size=-1)
2026-05-28 10:45:48,076 - INFO - joeynmt.prediction - Evaluation result (greedy) loss:   1.81, ppl:   6.11, acc:   0.52, generation: 43.6408[sec], evaluation: 0.0000[sec]
2026-05-28 10:45:48,093 - INFO - joeynmt.training - Example #0
2026-05-28 10:45:48,095 - DEBUG - joeynmt.training - 	Tokenized source:     ['V@@', 'or@@', 'ig', 'jaar', 'liet', 'ik', 'deze', 'twee', 'dia', '&apos;', 's', 'zien', 'om', 'aan', 'te', 'tonen', 'dat', 'de', 'p@@', 'oo@@', 'lij@@', 'sk@@', 'a@@', 'p', ',', 'die', 'de', 'afgelopen', 'drie', 'miljoen', 'jaar', 'ongeveer', 'de', 'groot@@', 'te', 'had', 'van', 'het', 'va@@', 'stel@@', 'and', 'van', 'de', 'VS', ',', 'met', '40', '%', 'ge@@', 'k@@', 'rom@@', 'pen', 'was', '.']
2026-05-28 10:45:48,095 - DEBUG - joeynmt.training - 	Tokenized reference:  ['La@@', 'st', 'year', 'I', 'sho@@', 'wed', 'these', 'two', 'sli@@', 'des', 'so', 'that', 'de@@', 'mon@@', 'str@@', 'ate', 'that', 'the', 'ar@@', 'c@@', 'tic', 'ice', 'ca@@', 'p', ',', 'which', 'for', 'most', 'of', 'the', 'last', 'three', 'million', 'years', 'has', 'been', 'the', 'size', 'of', 'the', 'lo@@', 'wer', '4@@', '8', 'st@@', 'ates', ',', 'has', 'sh@@', 'run@@', 'k', 'by', '40', 'percent', '.']
2026-05-28 10:45:48,095 - DEBUG - joeynmt.training - 	Tokenized hypothesis: ['So', ',', 'last', 'year', ',', 'I', 'sho@@', 'wed', 'these', 'two', 'sli@@', 'des', 'to', 'show', 'that', 'the', 'p@@', 'oo@@', 'l@@', 'sk@@', 'a@@', 'p', ',', 'which', 'had', 'about', 'the', 'last', 'three', 'million', 'years', 'of', 'the', 'va@@', 'an@@', 'ing', 'of', 'the', 'U.S.', ',', 'with', '40', 'percent', 'of', 'the', 'va@@', 'gu@@', 'e', '.', '</s>']
2026-05-28 10:45:48,096 - INFO - joeynmt.training - 	Source:     Vorig jaar liet ik deze twee dia &apos; s zien om aan te tonen dat de poolijskap , die de afgelopen drie miljoen jaar ongeveer de grootte had van het vasteland van de VS , met 40 % gekrompen was .
2026-05-28 10:45:48,097 - INFO - joeynmt.training - 	Reference:  Last year I showed these two slides so that demonstrate that the arctic ice cap , which for most of the last three million years has been the size of the lower 48 states , has shrunk by 40 percent .
2026-05-28 10:45:48,097 - INFO - joeynmt.training - 	Hypothesis: So , last year , I showed these two slides to show that the poolskap , which had about the last three million years of the vaaning of the U.S. , with 40 percent of the vague .
2026-05-28 10:45:48,097 - INFO - joeynmt.training - Example #1
2026-05-28 10:45:48,101 - DEBUG - joeynmt.training - 	Tokenized source:     ['Maar', 'dit', 'onder@@', 'sch@@', 'at', 'eigenlijk', 'de', 'er@@', 'n@@', 'st', 'van', 'dit', 'specif@@', 'ieke', 'probleem', 'omdat', 'het', 'niet', 'de', 'di@@', 'kte', 'van', 'het', 'ij@@', 's', 'laat', 'zien', '.']
2026-05-28 10:45:48,101 - DEBUG - joeynmt.training - 	Tokenized reference:  ['But', 'this', 'under@@', 'st@@', 'ates', 'the', 'ser@@', 'i@@', 'ous@@', 'ness', 'of', 'this', 'particular', 'problem', 'because', 'it', 'doesn', '&apos;t', 'show', 'the', 'th@@', 'ick@@', 'ness', 'of', 'the', 'ice', '.']
2026-05-28 10:45:48,101 - DEBUG - joeynmt.training - 	Tokenized hypothesis: ['But', 'this', 'under@@', 'est@@', 'im@@', 'ated', 'the', 'ser@@', 'ies', 'of', 'particular', 'problem', 'because', 'it', 'doesn', '&apos;t', 'show', 'the', 'di@@', 'sa@@', 'd', 'of', 'the', 'ice', '.', '</s>']
2026-05-28 10:45:48,102 - INFO - joeynmt.training - 	Source:     Maar dit onderschat eigenlijk de ernst van dit specifieke probleem omdat het niet de dikte van het ijs laat zien .
2026-05-28 10:45:48,102 - INFO - joeynmt.training - 	Reference:  But this understates the seriousness of this particular problem because it doesn &apos;t show the thickness of the ice .
2026-05-28 10:45:48,102 - INFO - joeynmt.training - 	Hypothesis: But this underestimated the series of particular problem because it doesn &apos;t show the disad of the ice .
2026-05-28 10:45:48,102 - INFO - joeynmt.training - Example #2
2026-05-28 10:45:48,102 - DEBUG - joeynmt.training - 	Tokenized source:     ['De', 'ij@@', 'sk@@', 'a@@', 'p', 'op', 'de', 'N@@', 'oor@@', 'd@@', 'p@@', 'ool', 'is', 'in', 'ze@@', 'kere', 'zin', 'het', 'kl@@', 'op@@', 'p@@', 'end', 'har@@', 't', 'van', 'ons', 'glob@@', 'aal', 'kli@@', 'maat@@', 'systeem', '.']
2026-05-28 10:45:48,102 - DEBUG - joeynmt.training - 	Tokenized reference:  ['The', 'ar@@', 'c@@', 'tic', 'ice', 'ca@@', 'p', 'is', ',', 'in', 'a', 'sense', ',', 'the', 'be@@', 'ating', 'heart', 'of', 'the', 'global', 'climate', 'system', '.']
2026-05-28 10:45:48,102 - DEBUG - joeynmt.training - 	Tokenized hypothesis: ['The', 'ic@@', 'sk@@', 'a@@', 'p', 'on', 'the', 'Nor@@', 'th', 'P@@', 'ole', 'is', 'in', 'a', 'sense', ',', 'the', 'cl@@', 'op@@', 'ing', 'heart', 'of', 'our', 'glob@@', 'ally', ',', '</s>']
2026-05-28 10:45:48,103 - INFO - joeynmt.training - 	Source:     De ijskap op de Noordpool is in zekere zin het kloppend hart van ons globaal klimaatsysteem .
2026-05-28 10:45:48,103 - INFO - joeynmt.training - 	Reference:  The arctic ice cap is , in a sense , the beating heart of the global climate system .
2026-05-28 10:45:48,103 - INFO - joeynmt.training - 	Hypothesis: The icskap on the North Pole is in a sense , the cloping heart of our globally ,
2026-05-28 10:45:48,103 - INFO - joeynmt.training - Example #3
2026-05-28 10:45:48,103 - DEBUG - joeynmt.training - 	Tokenized source:     ['Het', 'zet', 'uit', 'in', 'de', 'win@@', 'ter', 'en', 'k@@', 'ri@@', 'mp@@', 't', 'in', 'de', 'z@@', 'om@@', 'er', '.']
2026-05-28 10:45:48,103 - DEBUG - joeynmt.training - 	Tokenized reference:  ['It', 'exp@@', 'ands', 'in', 'win@@', 'ter', 'and', 'con@@', 'trac@@', 'ts', 'in', 'su@@', 'mmer', '.']
2026-05-28 10:45:48,103 - DEBUG - joeynmt.training - 	Tokenized hypothesis: ['It', 'pu@@', 'ts', 'in', 'the', 'win@@', 'ter', 'and', 'k@@', 'ill', 'the', 'su@@', 'mmer', '.', '</s>']
2026-05-28 10:45:48,103 - INFO - joeynmt.training - 	Source:     Het zet uit in de winter en krimpt in de zomer .
2026-05-28 10:45:48,103 - INFO - joeynmt.training - 	Reference:  It expands in winter and contracts in summer .
2026-05-28 10:45:48,104 - INFO - joeynmt.training - 	Hypothesis: It puts in the winter and kill the summer .
2026-05-28 10:45:48,104 - INFO - joeynmt.training - Example #4
2026-05-28 10:45:48,104 - DEBUG - joeynmt.training - 	Tokenized source:     ['De', 'volgende', 'dia', 'die', 'ik', 'laat', 'zien', 'is', 'een', 'vers@@', 'n@@', 'elde', 'ver@@', 'sie', 'van', 'wat', 'er', 'de', 'afgelopen', '25', 'jaar', 'is', 'gebeurd', '.']
2026-05-28 10:45:48,104 - DEBUG - joeynmt.training - 	Tokenized reference:  ['The', 'next', 'sli@@', 'de', 'I', 'show', 'you', 'will', 'be', 'a', 'r@@', 'ap@@', 'id', 'fa@@', 'st-@@', 'forward', 'of', 'what', '&apos;s', 'happened', 'over', 'the', 'last', '25', 'years', '.']
2026-05-28 10:45:48,104 - DEBUG - joeynmt.training - 	Tokenized hypothesis: ['The', 'next', 'sli@@', 'de', 'I', '&apos;m', 'sho@@', 'wing', 'is', 'a', 'ac@@', 'cel@@', 'er@@', 'ated', 'ver@@', 'sion', 'of', 'what', '&apos;s', 'happened', 'over', 'the', 'last', '25', 'years', '.', '</s>']
2026-05-28 10:45:48,104 - INFO - joeynmt.training - 	Source:     De volgende dia die ik laat zien is een versnelde versie van wat er de afgelopen 25 jaar is gebeurd .
2026-05-28 10:45:48,104 - INFO - joeynmt.training - 	Reference:  The next slide I show you will be a rapid fast-forward of what &apos;s happened over the last 25 years .
2026-05-28 10:45:48,104 - INFO - joeynmt.training - 	Hypothesis: The next slide I &apos;m showing is a accelerated version of what &apos;s happened over the last 25 years .
2026-05-28 10:46:14,122 - INFO - joeynmt.training - Epoch  10, Step:    33100, Batch Loss:     1.324023, Batch Acc: 0.641837, Tokens per Sec:     2870, Lr: 0.000300
2026-05-28 10:46:42,665 - INFO - joeynmt.training - Epoch  10, Step:    33200, Batch Loss:     1.336709, Batch Acc: 0.646895, Tokens per Sec:     2541, Lr: 0.000300
2026-05-28 10:47:02,529 - INFO - joeynmt.training - Epoch  10, Step:    33300, Batch Loss:     1.393029, Batch Acc: 0.646742, Tokens per Sec:     3686, Lr: 0.000300
2026-05-28 10:47:30,305 - INFO - joeynmt.training - Epoch  10, Step:    33400, Batch Loss:     1.375545, Batch Acc: 0.641920, Tokens per Sec:     2669, Lr: 0.000300
2026-05-28 10:47:53,777 - INFO - joeynmt.training - Epoch  10, Step:    33500, Batch Loss:     1.352782, Batch Acc: 0.645924, Tokens per Sec:     3208, Lr: 0.000300
2026-05-28 10:47:53,778 - WARNING - joeynmt.helpers - `alpha` option is obsolete. Please use `beam_alpha`, instead.
2026-05-28 10:47:53,778 - INFO - joeynmt.prediction - Predicting 1003 example(s)... (Greedy decoding with min_output_length=1, max_output_length=-1, return_prob='none', generate_unk=True, repetition_penalty=-1, no_repeat_ngram_size=-1)
2026-05-28 10:48:42,182 - INFO - joeynmt.prediction - Evaluation result (greedy) loss:   1.79, ppl:   6.01, acc:   0.52, generation: 48.3913[sec], evaluation: 0.0000[sec]
2026-05-28 10:48:42,185 - INFO - joeynmt.training - Hooray! New best validation result [ppl]!
2026-05-28 10:48:42,417 - INFO - joeynmt.helpers - delete models/tf_bpe_4000_nl_en/30000.ckpt
2026-05-28 10:48:42,419 - INFO - joeynmt.training - Example #0
2026-05-28 10:48:42,420 - DEBUG - joeynmt.training - 	Tokenized source:     ['V@@', 'or@@', 'ig', 'jaar', 'liet', 'ik', 'deze', 'twee', 'dia', '&apos;', 's', 'zien', 'om', 'aan', 'te', 'tonen', 'dat', 'de', 'p@@', 'oo@@', 'lij@@', 'sk@@', 'a@@', 'p', ',', 'die', 'de', 'afgelopen', 'drie', 'miljoen', 'jaar', 'ongeveer', 'de', 'groot@@', 'te', 'had', 'van', 'het', 'va@@', 'stel@@', 'and', 'van', 'de', 'VS', ',', 'met', '40', '%', 'ge@@', 'k@@', 'rom@@', 'pen', 'was', '.']
2026-05-28 10:48:42,420 - DEBUG - joeynmt.training - 	Tokenized reference:  ['La@@', 'st', 'year', 'I', 'sho@@', 'wed', 'these', 'two', 'sli@@', 'des', 'so', 'that', 'de@@', 'mon@@', 'str@@', 'ate', 'that', 'the', 'ar@@', 'c@@', 'tic', 'ice', 'ca@@', 'p', ',', 'which', 'for', 'most', 'of', 'the', 'last', 'three', 'million', 'years', 'has', 'been', 'the', 'size', 'of', 'the', 'lo@@', 'wer', '4@@', '8', 'st@@', 'ates', ',', 'has', 'sh@@', 'run@@', 'k', 'by', '40', 'percent', '.']
2026-05-28 10:48:42,420 - DEBUG - joeynmt.training - 	Tokenized hypothesis: ['So', 'last', 'year', ',', 'I', 'sho@@', 'wed', 'these', 'two', 'sli@@', 'des', 'to', 'show', 'that', 'the', 'p@@', 'oo@@', 'l@@', 'bo@@', 'x', ',', 'who', 'had', 'about', 'the', 'p@@', 'oo@@', 'l@@', 'bo@@', 'x', ',', 'who', 'had', 'about', '40', 'percent', 'of', 'the', 'ma@@', 'in@@', 'land', ',', 'with', '40', 'percent', 'of', 'the', 'U.S.', ',', 'with', '40', 'percent', 'of', 'cra@@', 'w@@', 'l', 'was', '.', '</s>']
2026-05-28 10:48:42,420 - INFO - joeynmt.training - 	Source:     Vorig jaar liet ik deze twee dia &apos; s zien om aan te tonen dat de poolijskap , die de afgelopen drie miljoen jaar ongeveer de grootte had van het vasteland van de VS , met 40 % gekrompen was .
2026-05-28 10:48:42,420 - INFO - joeynmt.training - 	Reference:  Last year I showed these two slides so that demonstrate that the arctic ice cap , which for most of the last three million years has been the size of the lower 48 states , has shrunk by 40 percent .
2026-05-28 10:48:42,420 - INFO - joeynmt.training - 	Hypothesis: So last year , I showed these two slides to show that the poolbox , who had about the poolbox , who had about 40 percent of the mainland , with 40 percent of the U.S. , with 40 percent of crawl was .
2026-05-28 10:48:42,420 - INFO - joeynmt.training - Example #1
2026-05-28 10:48:42,420 - DEBUG - joeynmt.training - 	Tokenized source:     ['Maar', 'dit', 'onder@@', 'sch@@', 'at', 'eigenlijk', 'de', 'er@@', 'n@@', 'st', 'van', 'dit', 'specif@@', 'ieke', 'probleem', 'omdat', 'het', 'niet', 'de', 'di@@', 'kte', 'van', 'het', 'ij@@', 's', 'laat', 'zien', '.']
2026-05-28 10:48:42,420 - DEBUG - joeynmt.training - 	Tokenized reference:  ['But', 'this', 'under@@', 'st@@', 'ates', 'the', 'ser@@', 'i@@', 'ous@@', 'ness', 'of', 'this', 'particular', 'problem', 'because', 'it', 'doesn', '&apos;t', 'show', 'the', 'th@@', 'ick@@', 'ness', 'of', 'the', 'ice', '.']
2026-05-28 10:48:42,420 - DEBUG - joeynmt.training - 	Tokenized hypothesis: ['But', 'this', 'is', 'actually', 'the', 'most', 'of', 'the', 'problem', 'because', 'it', 'doesn', '&apos;t', 'show', 'the', 'di@@', 'sa@@', 'd@@', 'ings', 'of', 'ice', '.', '</s>']
2026-05-28 10:48:42,421 - INFO - joeynmt.training - 	Source:     Maar dit onderschat eigenlijk de ernst van dit specifieke probleem omdat het niet de dikte van het ijs laat zien .
2026-05-28 10:48:42,421 - INFO - joeynmt.training - 	Reference:  But this understates the seriousness of this particular problem because it doesn &apos;t show the thickness of the ice .
2026-05-28 10:48:42,421 - INFO - joeynmt.training - 	Hypothesis: But this is actually the most of the problem because it doesn &apos;t show the disadings of ice .
2026-05-28 10:48:42,421 - INFO - joeynmt.training - Example #2
2026-05-28 10:48:42,421 - DEBUG - joeynmt.training - 	Tokenized source:     ['De', 'ij@@', 'sk@@', 'a@@', 'p', 'op', 'de', 'N@@', 'oor@@', 'd@@', 'p@@', 'ool', 'is', 'in', 'ze@@', 'kere', 'zin', 'het', 'kl@@', 'op@@', 'p@@', 'end', 'har@@', 't', 'van', 'ons', 'glob@@', 'aal', 'kli@@', 'maat@@', 'systeem', '.']
2026-05-28 10:48:42,421 - DEBUG - joeynmt.training - 	Tokenized reference:  ['The', 'ar@@', 'c@@', 'tic', 'ice', 'ca@@', 'p', 'is', ',', 'in', 'a', 'sense', ',', 'the', 'be@@', 'ating', 'heart', 'of', 'the', 'global', 'climate', 'system', '.']
2026-05-28 10:48:42,421 - DEBUG - joeynmt.training - 	Tokenized hypothesis: ['The', 'ic@@', 'a@@', 'p', 'on', 'the', 'Nor@@', 'th', 'P@@', 'ole', 'is', 'the', 'S@@', 'an@@', 'ely', ',', 'the', 'cl@@', 'op@@', 'ing', 'heart', 'of', 'our', 'global', 'climate', 'system', '.', '</s>']
2026-05-28 10:48:42,421 - INFO - joeynmt.training - 	Source:     De ijskap op de Noordpool is in zekere zin het kloppend hart van ons globaal klimaatsysteem .
2026-05-28 10:48:42,422 - INFO - joeynmt.training - 	Reference:  The arctic ice cap is , in a sense , the beating heart of the global climate system .
2026-05-28 10:48:42,422 - INFO - joeynmt.training - 	Hypothesis: The icap on the North Pole is the Sanely , the cloping heart of our global climate system .
2026-05-28 10:48:42,422 - INFO - joeynmt.training - Example #3
2026-05-28 10:48:42,422 - DEBUG - joeynmt.training - 	Tokenized source:     ['Het', 'zet', 'uit', 'in', 'de', 'win@@', 'ter', 'en', 'k@@', 'ri@@', 'mp@@', 't', 'in', 'de', 'z@@', 'om@@', 'er', '.']
2026-05-28 10:48:42,422 - DEBUG - joeynmt.training - 	Tokenized reference:  ['It', 'exp@@', 'ands', 'in', 'win@@', 'ter', 'and', 'con@@', 'trac@@', 'ts', 'in', 'su@@', 'mmer', '.']
2026-05-28 10:48:42,422 - DEBUG - joeynmt.training - 	Tokenized hypothesis: ['It', '&apos;s', 'pu@@', 'ts', 'in', 'the', 'win@@', 'ter', 'and', 'k@@', 'ri@@', 'mp', 'in', 'the', 'su@@', 'mmer', '.', '</s>']
2026-05-28 10:48:42,422 - INFO - joeynmt.training - 	Source:     Het zet uit in de winter en krimpt in de zomer .
2026-05-28 10:48:42,422 - INFO - joeynmt.training - 	Reference:  It expands in winter and contracts in summer .
2026-05-28 10:48:42,422 - INFO - joeynmt.training - 	Hypothesis: It &apos;s puts in the winter and krimp in the summer .
2026-05-28 10:48:42,422 - INFO - joeynmt.training - Example #4
2026-05-28 10:48:42,422 - DEBUG - joeynmt.training - 	Tokenized source:     ['De', 'volgende', 'dia', 'die', 'ik', 'laat', 'zien', 'is', 'een', 'vers@@', 'n@@', 'elde', 'ver@@', 'sie', 'van', 'wat', 'er', 'de', 'afgelopen', '25', 'jaar', 'is', 'gebeurd', '.']
2026-05-28 10:48:42,422 - DEBUG - joeynmt.training - 	Tokenized reference:  ['The', 'next', 'sli@@', 'de', 'I', 'show', 'you', 'will', 'be', 'a', 'r@@', 'ap@@', 'id', 'fa@@', 'st-@@', 'forward', 'of', 'what', '&apos;s', 'happened', 'over', 'the', 'last', '25', 'years', '.']
2026-05-28 10:48:42,422 - DEBUG - joeynmt.training - 	Tokenized hypothesis: ['The', 'next', 'sli@@', 'de', 'I', 'show', 'you', 'is', 'a', 'ac@@', 'cel@@', 'er@@', 'ated', 'ver@@', 'sion', 'of', 'what', '&apos;s', 'happened', 'the', 'last', '25', 'years', '.', '</s>']
2026-05-28 10:48:42,423 - INFO - joeynmt.training - 	Source:     De volgende dia die ik laat zien is een versnelde versie van wat er de afgelopen 25 jaar is gebeurd .
2026-05-28 10:48:42,423 - INFO - joeynmt.training - 	Reference:  The next slide I show you will be a rapid fast-forward of what &apos;s happened over the last 25 years .
2026-05-28 10:48:42,423 - INFO - joeynmt.training - 	Hypothesis: The next slide I show you is a accelerated version of what &apos;s happened the last 25 years .
2026-05-28 10:49:03,031 - INFO - joeynmt.training - Epoch  10, Step:    33600, Batch Loss:     1.235833, Batch Acc: 0.639400, Tokens per Sec:     3637, Lr: 0.000300
2026-05-28 10:49:35,943 - INFO - joeynmt.training - Epoch  10, Step:    33700, Batch Loss:     1.426434, Batch Acc: 0.636837, Tokens per Sec:     2230, Lr: 0.000300
2026-05-28 10:49:58,649 - INFO - joeynmt.training - Epoch  10, Step:    33800, Batch Loss:     1.289653, Batch Acc: 0.641656, Tokens per Sec:     3248, Lr: 0.000300
2026-05-28 10:50:23,568 - INFO - joeynmt.training - Epoch  10, Step:    33900, Batch Loss:     1.281269, Batch Acc: 0.636391, Tokens per Sec:     2973, Lr: 0.000300
2026-05-28 10:50:49,245 - INFO - joeynmt.training - Epoch  10, Step:    34000, Batch Loss:     1.312468, Batch Acc: 0.641373, Tokens per Sec:     2852, Lr: 0.000300
2026-05-28 10:50:49,246 - WARNING - joeynmt.helpers - `alpha` option is obsolete. Please use `beam_alpha`, instead.
2026-05-28 10:50:49,246 - INFO - joeynmt.prediction - Predicting 1003 example(s)... (Greedy decoding with min_output_length=1, max_output_length=-1, return_prob='none', generate_unk=True, repetition_penalty=-1, no_repeat_ngram_size=-1)
2026-05-28 10:51:37,297 - INFO - joeynmt.prediction - Evaluation result (greedy) loss:   1.80, ppl:   6.07, acc:   0.52, generation: 48.0369[sec], evaluation: 0.0000[sec]
2026-05-28 10:51:37,301 - INFO - joeynmt.training - Example #0
2026-05-28 10:51:37,301 - DEBUG - joeynmt.training - 	Tokenized source:     ['V@@', 'or@@', 'ig', 'jaar', 'liet', 'ik', 'deze', 'twee', 'dia', '&apos;', 's', 'zien', 'om', 'aan', 'te', 'tonen', 'dat', 'de', 'p@@', 'oo@@', 'lij@@', 'sk@@', 'a@@', 'p', ',', 'die', 'de', 'afgelopen', 'drie', 'miljoen', 'jaar', 'ongeveer', 'de', 'groot@@', 'te', 'had', 'van', 'het', 'va@@', 'stel@@', 'and', 'van', 'de', 'VS', ',', 'met', '40', '%', 'ge@@', 'k@@', 'rom@@', 'pen', 'was', '.']
2026-05-28 10:51:37,301 - DEBUG - joeynmt.training - 	Tokenized reference:  ['La@@', 'st', 'year', 'I', 'sho@@', 'wed', 'these', 'two', 'sli@@', 'des', 'so', 'that', 'de@@', 'mon@@', 'str@@', 'ate', 'that', 'the', 'ar@@', 'c@@', 'tic', 'ice', 'ca@@', 'p', ',', 'which', 'for', 'most', 'of', 'the', 'last', 'three', 'million', 'years', 'has', 'been', 'the', 'size', 'of', 'the', 'lo@@', 'wer', '4@@', '8', 'st@@', 'ates', ',', 'has', 'sh@@', 'run@@', 'k', 'by', '40', 'percent', '.']
2026-05-28 10:51:37,302 - DEBUG - joeynmt.training - 	Tokenized hypothesis: ['La@@', 'st', 'year', ',', 'I', 'sho@@', 'wed', 'these', 'two', 'sli@@', 'des', 'to', 'show', 'that', 'the', 'p@@', 'oo@@', 'l@@', 'bo@@', 'w', ',', 'which', 'was', 'about', 'the', 'last', 'three', 'million', 'years', ',', 'had', 'about', 'the', 'size', 'of', 'the', 'ma@@', 'in@@', 'land', 'of', 'the', 'U.S.', ',', 'with', '40', 'percent', 'of', 'the', 'ma@@', 'ge@@', '-@@', 'cra@@', 'w@@', 'ling', 'had', 'been', 'sho@@', 'wing', '40', 'percent', '.', '</s>']
2026-05-28 10:51:37,302 - INFO - joeynmt.training - 	Source:     Vorig jaar liet ik deze twee dia &apos; s zien om aan te tonen dat de poolijskap , die de afgelopen drie miljoen jaar ongeveer de grootte had van het vasteland van de VS , met 40 % gekrompen was .
2026-05-28 10:51:37,302 - INFO - joeynmt.training - 	Reference:  Last year I showed these two slides so that demonstrate that the arctic ice cap , which for most of the last three million years has been the size of the lower 48 states , has shrunk by 40 percent .
2026-05-28 10:51:37,302 - INFO - joeynmt.training - 	Hypothesis: Last year , I showed these two slides to show that the poolbow , which was about the last three million years , had about the size of the mainland of the U.S. , with 40 percent of the mage-crawling had been showing 40 percent .
2026-05-28 10:51:37,302 - INFO - joeynmt.training - Example #1
2026-05-28 10:51:37,302 - DEBUG - joeynmt.training - 	Tokenized source:     ['Maar', 'dit', 'onder@@', 'sch@@', 'at', 'eigenlijk', 'de', 'er@@', 'n@@', 'st', 'van', 'dit', 'specif@@', 'ieke', 'probleem', 'omdat', 'het', 'niet', 'de', 'di@@', 'kte', 'van', 'het', 'ij@@', 's', 'laat', 'zien', '.']
2026-05-28 10:51:37,302 - DEBUG - joeynmt.training - 	Tokenized reference:  ['But', 'this', 'under@@', 'st@@', 'ates', 'the', 'ser@@', 'i@@', 'ous@@', 'ness', 'of', 'this', 'particular', 'problem', 'because', 'it', 'doesn', '&apos;t', 'show', 'the', 'th@@', 'ick@@', 'ness', 'of', 'the', 'ice', '.']
2026-05-28 10:51:37,302 - DEBUG - joeynmt.training - 	Tokenized hypothesis: ['But', 'this', 'is', 'actually', 'the', 'ser@@', 'ious', 'problem', 'because', 'it', 'doesn', '&apos;t', 'show', 'the', 'di@@', 'cul@@', 'ated', 'from', 'this', 'ice', 'problem', '.', '</s>']
2026-05-28 10:51:37,303 - INFO - joeynmt.training - 	Source:     Maar dit onderschat eigenlijk de ernst van dit specifieke probleem omdat het niet de dikte van het ijs laat zien .
2026-05-28 10:51:37,303 - INFO - joeynmt.training - 	Reference:  But this understates the seriousness of this particular problem because it doesn &apos;t show the thickness of the ice .
2026-05-28 10:51:37,303 - INFO - joeynmt.training - 	Hypothesis: But this is actually the serious problem because it doesn &apos;t show the diculated from this ice problem .
2026-05-28 10:51:37,303 - INFO - joeynmt.training - Example #2
2026-05-28 10:51:37,303 - DEBUG - joeynmt.training - 	Tokenized source:     ['De', 'ij@@', 'sk@@', 'a@@', 'p', 'op', 'de', 'N@@', 'oor@@', 'd@@', 'p@@', 'ool', 'is', 'in', 'ze@@', 'kere', 'zin', 'het', 'kl@@', 'op@@', 'p@@', 'end', 'har@@', 't', 'van', 'ons', 'glob@@', 'aal', 'kli@@', 'maat@@', 'systeem', '.']
2026-05-28 10:51:37,303 - DEBUG - joeynmt.training - 	Tokenized reference:  ['The', 'ar@@', 'c@@', 'tic', 'ice', 'ca@@', 'p', 'is', ',', 'in', 'a', 'sense', ',', 'the', 'be@@', 'ating', 'heart', 'of', 'the', 'global', 'climate', 'system', '.']
2026-05-28 10:51:37,303 - DEBUG - joeynmt.training - 	Tokenized hypothesis: ['The', 'ic@@', 'sk@@', 'a@@', 'p', 'on', 'the', 'Nor@@', 'th', 'P@@', 'ole', 'is', 'in', 'a', 'sense', ',', 'the', 'cu@@', 't@@', 't@@', 't@@', 'ter', 'of', 'our', 'global', 'climate', 'system', '.', '</s>']
2026-05-28 10:51:37,303 - INFO - joeynmt.training - 	Source:     De ijskap op de Noordpool is in zekere zin het kloppend hart van ons globaal klimaatsysteem .
2026-05-28 10:51:37,303 - INFO - joeynmt.training - 	Reference:  The arctic ice cap is , in a sense , the beating heart of the global climate system .
2026-05-28 10:51:37,303 - INFO - joeynmt.training - 	Hypothesis: The icskap on the North Pole is in a sense , the cutttter of our global climate system .
2026-05-28 10:51:37,303 - INFO - joeynmt.training - Example #3
2026-05-28 10:51:37,304 - DEBUG - joeynmt.training - 	Tokenized source:     ['Het', 'zet', 'uit', 'in', 'de', 'win@@', 'ter', 'en', 'k@@', 'ri@@', 'mp@@', 't', 'in', 'de', 'z@@', 'om@@', 'er', '.']
2026-05-28 10:51:37,304 - DEBUG - joeynmt.training - 	Tokenized reference:  ['It', 'exp@@', 'ands', 'in', 'win@@', 'ter', 'and', 'con@@', 'trac@@', 'ts', 'in', 'su@@', 'mmer', '.']
2026-05-28 10:51:37,304 - DEBUG - joeynmt.training - 	Tokenized hypothesis: ['It', '&apos;s', 'in', 'the', 'win@@', 'ter', 'and', 'it', '&apos;s', 'in', 'the', 'win@@', 'ter', 'and', 'it', '&apos;s', 'in', 'the', 'su@@', 'mmer', '.', '</s>']
2026-05-28 10:51:37,304 - INFO - joeynmt.training - 	Source:     Het zet uit in de winter en krimpt in de zomer .
2026-05-28 10:51:37,304 - INFO - joeynmt.training - 	Reference:  It expands in winter and contracts in summer .
2026-05-28 10:51:37,304 - INFO - joeynmt.training - 	Hypothesis: It &apos;s in the winter and it &apos;s in the winter and it &apos;s in the summer .
2026-05-28 10:51:37,304 - INFO - joeynmt.training - Example #4
2026-05-28 10:51:37,304 - DEBUG - joeynmt.training - 	Tokenized source:     ['De', 'volgende', 'dia', 'die', 'ik', 'laat', 'zien', 'is', 'een', 'vers@@', 'n@@', 'elde', 'ver@@', 'sie', 'van', 'wat', 'er', 'de', 'afgelopen', '25', 'jaar', 'is', 'gebeurd', '.']
2026-05-28 10:51:37,304 - DEBUG - joeynmt.training - 	Tokenized reference:  ['The', 'next', 'sli@@', 'de', 'I', 'show', 'you', 'will', 'be', 'a', 'r@@', 'ap@@', 'id', 'fa@@', 'st-@@', 'forward', 'of', 'what', '&apos;s', 'happened', 'over', 'the', 'last', '25', 'years', '.']
2026-05-28 10:51:37,304 - DEBUG - joeynmt.training - 	Tokenized hypothesis: ['The', 'next', 'sli@@', 'de', 'I', '&apos;m', 'sho@@', 'wing', 'you', 'is', 'a', 'ac@@', 'dic@@', 'ated', 'ver@@', 'sion', 'of', 'what', '&apos;s', 'happened', 'the', 'last', '25', 'years', '.', '</s>']
2026-05-28 10:51:37,305 - INFO - joeynmt.training - 	Source:     De volgende dia die ik laat zien is een versnelde versie van wat er de afgelopen 25 jaar is gebeurd .
2026-05-28 10:51:37,305 - INFO - joeynmt.training - 	Reference:  The next slide I show you will be a rapid fast-forward of what &apos;s happened over the last 25 years .
2026-05-28 10:51:37,305 - INFO - joeynmt.training - 	Hypothesis: The next slide I &apos;m showing you is a acdicated version of what &apos;s happened the last 25 years .
2026-05-28 10:52:02,782 - INFO - joeynmt.training - Epoch  10, Step:    34100, Batch Loss:     1.400631, Batch Acc: 0.634607, Tokens per Sec:     2840, Lr: 0.000300
2026-05-28 10:52:40,691 - INFO - joeynmt.training - Epoch  10, Step:    34200, Batch Loss:     1.242116, Batch Acc: 0.640736, Tokens per Sec:     2037, Lr: 0.000300
2026-05-28 10:53:09,465 - INFO - joeynmt.training - Epoch  10, Step:    34300, Batch Loss:     1.460027, Batch Acc: 0.638552, Tokens per Sec:     2586, Lr: 0.000300
2026-05-28 10:53:29,275 - INFO - joeynmt.training - Epoch  10, Step:    34400, Batch Loss:     1.296118, Batch Acc: 0.642020, Tokens per Sec:     3726, Lr: 0.000300
2026-05-28 10:53:49,546 - INFO - joeynmt.training - Epoch  10, Step:    34500, Batch Loss:     1.397293, Batch Acc: 0.638732, Tokens per Sec:     3722, Lr: 0.000300
2026-05-28 10:53:49,547 - WARNING - joeynmt.helpers - `alpha` option is obsolete. Please use `beam_alpha`, instead.
2026-05-28 10:53:49,547 - INFO - joeynmt.prediction - Predicting 1003 example(s)... (Greedy decoding with min_output_length=1, max_output_length=-1, return_prob='none', generate_unk=True, repetition_penalty=-1, no_repeat_ngram_size=-1)
2026-05-28 10:54:37,197 - INFO - joeynmt.prediction - Evaluation result (greedy) loss:   1.80, ppl:   6.04, acc:   0.52, generation: 47.6344[sec], evaluation: 0.0000[sec]
2026-05-28 10:54:37,543 - INFO - joeynmt.helpers - delete models/tf_bpe_4000_nl_en/28000.ckpt
2026-05-28 10:54:37,546 - INFO - joeynmt.training - Example #0
2026-05-28 10:54:37,547 - DEBUG - joeynmt.training - 	Tokenized source:     ['V@@', 'or@@', 'ig', 'jaar', 'liet', 'ik', 'deze', 'twee', 'dia', '&apos;', 's', 'zien', 'om', 'aan', 'te', 'tonen', 'dat', 'de', 'p@@', 'oo@@', 'lij@@', 'sk@@', 'a@@', 'p', ',', 'die', 'de', 'afgelopen', 'drie', 'miljoen', 'jaar', 'ongeveer', 'de', 'groot@@', 'te', 'had', 'van', 'het', 'va@@', 'stel@@', 'and', 'van', 'de', 'VS', ',', 'met', '40', '%', 'ge@@', 'k@@', 'rom@@', 'pen', 'was', '.']
2026-05-28 10:54:37,547 - DEBUG - joeynmt.training - 	Tokenized reference:  ['La@@', 'st', 'year', 'I', 'sho@@', 'wed', 'these', 'two', 'sli@@', 'des', 'so', 'that', 'de@@', 'mon@@', 'str@@', 'ate', 'that', 'the', 'ar@@', 'c@@', 'tic', 'ice', 'ca@@', 'p', ',', 'which', 'for', 'most', 'of', 'the', 'last', 'three', 'million', 'years', 'has', 'been', 'the', 'size', 'of', 'the', 'lo@@', 'wer', '4@@', '8', 'st@@', 'ates', ',', 'has', 'sh@@', 'run@@', 'k', 'by', '40', 'percent', '.']
2026-05-28 10:54:37,547 - DEBUG - joeynmt.training - 	Tokenized hypothesis: ['And', 'last', 'year', 'I', 'sho@@', 'wed', 'these', 'two', 'sli@@', 'des', 'to', 'show', 'that', 'the', 'p@@', 'oo@@', 'g@@', 'h@@', 'ing', 'sk@@', 'p', ',', 'which', 'was', 'about', 'the', 'last', 'three', 'million', 'years', ',', 'the', 'great', 'deal', 'of', 'the', 'United', 'States', ',', 'with', '40', 'percent', 'of', 'the', 'United', 'States', ',', 'with', '40', 'percent', 'of', 'g@@', 'ot@@', 'ten', '.', '</s>']
2026-05-28 10:54:37,547 - INFO - joeynmt.training - 	Source:     Vorig jaar liet ik deze twee dia &apos; s zien om aan te tonen dat de poolijskap , die de afgelopen drie miljoen jaar ongeveer de grootte had van het vasteland van de VS , met 40 % gekrompen was .
2026-05-28 10:54:37,547 - INFO - joeynmt.training - 	Reference:  Last year I showed these two slides so that demonstrate that the arctic ice cap , which for most of the last three million years has been the size of the lower 48 states , has shrunk by 40 percent .
2026-05-28 10:54:37,547 - INFO - joeynmt.training - 	Hypothesis: And last year I showed these two slides to show that the pooghing skp , which was about the last three million years , the great deal of the United States , with 40 percent of the United States , with 40 percent of gotten .
2026-05-28 10:54:37,547 - INFO - joeynmt.training - Example #1
2026-05-28 10:54:37,548 - DEBUG - joeynmt.training - 	Tokenized source:     ['Maar', 'dit', 'onder@@', 'sch@@', 'at', 'eigenlijk', 'de', 'er@@', 'n@@', 'st', 'van', 'dit', 'specif@@', 'ieke', 'probleem', 'omdat', 'het', 'niet', 'de', 'di@@', 'kte', 'van', 'het', 'ij@@', 's', 'laat', 'zien', '.']
2026-05-28 10:54:37,548 - DEBUG - joeynmt.training - 	Tokenized reference:  ['But', 'this', 'under@@', 'st@@', 'ates', 'the', 'ser@@', 'i@@', 'ous@@', 'ness', 'of', 'this', 'particular', 'problem', 'because', 'it', 'doesn', '&apos;t', 'show', 'the', 'th@@', 'ick@@', 'ness', 'of', 'the', 'ice', '.']
2026-05-28 10:54:37,548 - DEBUG - joeynmt.training - 	Tokenized hypothesis: ['But', 'this', 'under@@', 'est@@', 'im@@', 'ates', 'the', 'ser@@', 'ious', 'of', 'this', 'particular', 'problem', 'because', 'it', 'doesn', '&apos;t', 'show', 'the', 'di@@', 'stri@@', 'bu@@', 'ted', 'of', 'the', 'ice', '.', '</s>']
2026-05-28 10:54:37,548 - INFO - joeynmt.training - 	Source:     Maar dit onderschat eigenlijk de ernst van dit specifieke probleem omdat het niet de dikte van het ijs laat zien .
2026-05-28 10:54:37,548 - INFO - joeynmt.training - 	Reference:  But this understates the seriousness of this particular problem because it doesn &apos;t show the thickness of the ice .
2026-05-28 10:54:37,548 - INFO - joeynmt.training - 	Hypothesis: But this underestimates the serious of this particular problem because it doesn &apos;t show the distributed of the ice .
2026-05-28 10:54:37,548 - INFO - joeynmt.training - Example #2
2026-05-28 10:54:37,548 - DEBUG - joeynmt.training - 	Tokenized source:     ['De', 'ij@@', 'sk@@', 'a@@', 'p', 'op', 'de', 'N@@', 'oor@@', 'd@@', 'p@@', 'ool', 'is', 'in', 'ze@@', 'kere', 'zin', 'het', 'kl@@', 'op@@', 'p@@', 'end', 'har@@', 't', 'van', 'ons', 'glob@@', 'aal', 'kli@@', 'maat@@', 'systeem', '.']
2026-05-28 10:54:37,548 - DEBUG - joeynmt.training - 	Tokenized reference:  ['The', 'ar@@', 'c@@', 'tic', 'ice', 'ca@@', 'p', 'is', ',', 'in', 'a', 'sense', ',', 'the', 'be@@', 'ating', 'heart', 'of', 'the', 'global', 'climate', 'system', '.']
2026-05-28 10:54:37,548 - DEBUG - joeynmt.training - 	Tokenized hypothesis: ['The', 'ic@@', 'sk@@', 'a@@', 'p', 'on', 'the', 'Nor@@', 'th', 'P@@', 'ole', 'is', 'in', 'a', 'certain', 'sense', ',', 'the', 'cli@@', 'p', 'of', 'our', 'global', 'climate', 'system', '.', '</s>']
2026-05-28 10:54:37,549 - INFO - joeynmt.training - 	Source:     De ijskap op de Noordpool is in zekere zin het kloppend hart van ons globaal klimaatsysteem .
2026-05-28 10:54:37,549 - INFO - joeynmt.training - 	Reference:  The arctic ice cap is , in a sense , the beating heart of the global climate system .
2026-05-28 10:54:37,549 - INFO - joeynmt.training - 	Hypothesis: The icskap on the North Pole is in a certain sense , the clip of our global climate system .
2026-05-28 10:54:37,549 - INFO - joeynmt.training - Example #3
2026-05-28 10:54:37,549 - DEBUG - joeynmt.training - 	Tokenized source:     ['Het', 'zet', 'uit', 'in', 'de', 'win@@', 'ter', 'en', 'k@@', 'ri@@', 'mp@@', 't', 'in', 'de', 'z@@', 'om@@', 'er', '.']
2026-05-28 10:54:37,549 - DEBUG - joeynmt.training - 	Tokenized reference:  ['It', 'exp@@', 'ands', 'in', 'win@@', 'ter', 'and', 'con@@', 'trac@@', 'ts', 'in', 'su@@', 'mmer', '.']
2026-05-28 10:54:37,549 - DEBUG - joeynmt.training - 	Tokenized hypothesis: ['It', '&apos;s', 'pu@@', 'tting', 'into', 'the', 'win@@', 'ter', 'and', 'cr@@', 'os@@', 'sing', 'in', 'the', 'su@@', 'mmer', '.', '</s>']
2026-05-28 10:54:37,549 - INFO - joeynmt.training - 	Source:     Het zet uit in de winter en krimpt in de zomer .
2026-05-28 10:54:37,549 - INFO - joeynmt.training - 	Reference:  It expands in winter and contracts in summer .
2026-05-28 10:54:37,549 - INFO - joeynmt.training - 	Hypothesis: It &apos;s putting into the winter and crossing in the summer .
2026-05-28 10:54:37,550 - INFO - joeynmt.training - Example #4
2026-05-28 10:54:37,550 - DEBUG - joeynmt.training - 	Tokenized source:     ['De', 'volgende', 'dia', 'die', 'ik', 'laat', 'zien', 'is', 'een', 'vers@@', 'n@@', 'elde', 'ver@@', 'sie', 'van', 'wat', 'er', 'de', 'afgelopen', '25', 'jaar', 'is', 'gebeurd', '.']
2026-05-28 10:54:37,550 - DEBUG - joeynmt.training - 	Tokenized reference:  ['The', 'next', 'sli@@', 'de', 'I', 'show', 'you', 'will', 'be', 'a', 'r@@', 'ap@@', 'id', 'fa@@', 'st-@@', 'forward', 'of', 'what', '&apos;s', 'happened', 'over', 'the', 'last', '25', 'years', '.']
2026-05-28 10:54:37,550 - DEBUG - joeynmt.training - 	Tokenized hypothesis: ['The', 'next', 'sli@@', 'de', 'I', '&apos;m', 'sho@@', 'wing', 'you', 'a', 'ac@@', 'cel@@', 'er@@', 'ated', 'ver@@', 'sion', 'of', 'what', '&apos;s', 'happened', 'over', 'the', 'last', '25', 'years', '.', '</s>']
2026-05-28 10:54:37,550 - INFO - joeynmt.training - 	Source:     De volgende dia die ik laat zien is een versnelde versie van wat er de afgelopen 25 jaar is gebeurd .
2026-05-28 10:54:37,550 - INFO - joeynmt.training - 	Reference:  The next slide I show you will be a rapid fast-forward of what &apos;s happened over the last 25 years .
2026-05-28 10:54:37,550 - INFO - joeynmt.training - 	Hypothesis: The next slide I &apos;m showing you a accelerated version of what &apos;s happened over the last 25 years .
2026-05-28 10:55:06,937 - INFO - joeynmt.training - Epoch  10, Step:    34600, Batch Loss:     1.452970, Batch Acc: 0.639181, Tokens per Sec:     2564, Lr: 0.000300
2026-05-28 10:55:30,030 - INFO - joeynmt.training - Epoch  10, Step:    34700, Batch Loss:     1.417314, Batch Acc: 0.640260, Tokens per Sec:     3237, Lr: 0.000300
2026-05-28 10:56:04,151 - INFO - joeynmt.training - Epoch  10, Step:    34800, Batch Loss:     1.378181, Batch Acc: 0.641341, Tokens per Sec:     2250, Lr: 0.000300
2026-05-28 10:56:28,493 - INFO - joeynmt.training - Epoch  10, Step:    34900, Batch Loss:     1.287150, Batch Acc: 0.636825, Tokens per Sec:     3085, Lr: 0.000300
2026-05-28 10:56:49,191 - INFO - joeynmt.training - Epoch  10: total training loss 4438.68
2026-05-28 10:56:49,192 - INFO - joeynmt.training - Training ended after  10 epochs.
2026-05-28 10:56:49,196 - INFO - joeynmt.training - Best validation result (greedy) at step    33500:   6.01 ppl.
2026-05-28 10:56:49,281 - INFO - joeynmt.model - Building an encoder-decoder model...
2026-05-28 10:56:49,368 - INFO - joeynmt.model - Enc-dec model built.
2026-05-28 10:56:49,435 - INFO - joeynmt.helpers - Load model from /Users/annajung/Desktop/MT/exercise_4/mt-exercise-04/models/tf_bpe_4000_nl_en/33500.ckpt.
2026-05-28 10:56:49,464 - INFO - joeynmt.prediction - Model(
	encoder=TransformerEncoder(num_layers=4, num_heads=2, alpha=1.0, layer_norm="pre", activation=ReLU()),
	decoder=TransformerDecoder(num_layers=1, num_heads=2, alpha=1.0, layer_norm="post", activation=ReLU()),
	src_embed=Embeddings(embedding_dim=256, vocab_size=3993),
	trg_embed=Embeddings(embedding_dim=256, vocab_size=3993),
	loss_function=None)
2026-05-28 10:56:49,482 - INFO - joeynmt.prediction - Decoding on dev set...
2026-05-28 10:56:49,482 - WARNING - joeynmt.helpers - `alpha` option is obsolete. Please use `beam_alpha`, instead.
2026-05-28 10:56:49,482 - INFO - joeynmt.prediction - Predicting 1003 example(s)... (Beam search with beam_size=5, beam_alpha=1.0, n_best=1, min_output_length=1, max_output_length=-1, return_prob='none', generate_unk=True, repetition_penalty=-1, no_repeat_ngram_size=-1)
2026-05-28 10:57:42,444 - INFO - joeynmt.prediction - Evaluation result (beam search) , generation: 52.9473[sec], evaluation: 0.0000[sec]
2026-05-28 10:57:42,448 - INFO - joeynmt.prediction - Translations saved to: /Users/annajung/Desktop/MT/exercise_4/mt-exercise-04/models/tf_bpe_4000_nl_en/00033500.hyps.dev.
2026-05-28 10:57:42,448 - INFO - joeynmt.prediction - Decoding on test set...
2026-05-28 10:57:42,448 - WARNING - joeynmt.helpers - `alpha` option is obsolete. Please use `beam_alpha`, instead.
2026-05-28 10:57:42,448 - INFO - joeynmt.prediction - Predicting 1777 example(s)... (Beam search with beam_size=5, beam_alpha=1.0, n_best=1, min_output_length=1, max_output_length=-1, return_prob='none', generate_unk=True, repetition_penalty=-1, no_repeat_ngram_size=-1)
2026-05-28 10:58:53,930 - INFO - joeynmt.prediction - Evaluation result (beam search) , generation: 71.4616[sec], evaluation: 0.0000[sec]
2026-05-28 10:58:53,934 - INFO - joeynmt.prediction - Translations saved to: /Users/annajung/Desktop/MT/exercise_4/mt-exercise-04/models/tf_bpe_4000_nl_en/00033500.hyps.test.
